26041,07:14:01,51.163442,13.466397,174.70
26044,07:14:04,51.163433,13.466390,172.80
26047,07:14:07,51.163426,13.466389,173.60
26050,07:14:10,51.163417,13.466376,177.20
26053,07:14:13,51.163412,13.466373,179.00
26056,07:14:16,51.163417,13.466388,176.80
26059,07:14:19,51.163428,13.466408,173.60
26062,07:14:22,51.163436,13.466417,172.70
26067,07:14:28,51.163363,13.466651,172.00
26071,07:14:31,51.162873,13.467364,175.30
26080,07:14:40,51.163190,13.467257,210.30
26083,07:14:43,51.163437,13.466511,187.90
26086,07:14:46,51.163467,13.466447,183.80
26089,07:14:49,51.163478,13.466433,182.50
26092,07:14:52,51.163485,13.466427,181.20
26095,07:14:55,51.163488,13.466425,180.40
26098,07:14:58,51.163489,13.466420,179.30
26101,07:15:01,51.163487,13.466425,177.30
26104,07:15:04,51.163482,13.466439,174.70
26107,07:15:07,51.163482,13.466447,173.60
26110,07:15:10,51.163480,13.466451,172.30
26113,07:15:13,51.163479,13.466448,170.50
26116,07:15:16,51.163479,13.466443,169.80
26119,07:15:19,51.163476,13.466433,168.30
26122,07:15:22,51.163476,13.466427,167.50
26125,07:15:25,51.163475,13.466424,166.40
26128,07:15:28,51.163476,13.466426,165.10
26131,07:15:31,51.163478,13.466427,164.60
26134,07:15:34,51.163477,13.466428,164.30
26137,07:15:37,51.163478,13.466427,164.10
26140,07:15:40,51.163483,13.466425,163.60
26143,07:15:43,51.163520,13.466438,163.20
26146,07:15:46,51.163524,13.466451,163.40
26149,07:15:49,51.163530,13.466465,164.30
26152,07:15:52,51.163551,13.466468,161.80
26155,07:15:55,51.163550,13.466465,163.00
26158,07:15:58,51.163474,13.466437,168.10
26161,07:16:01,51.163466,13.466466,166.70
26164,07:16:04,51.163467,13.466487,165.70
26167,07:16:07,51.163466,13.466486,165.10
26170,07:16:10,51.163476,13.466478,164.30
26173,07:16:13,51.163477,13.466471,163.90
26176,07:16:16,51.163474,13.466461,162.80
26179,07:16:19,51.163472,13.466452,162.40
26182,07:16:22,51.163475,13.466451,162.10
26185,07:16:26,51.163478,13.466445,161.20
26188,07:16:29,51.163477,13.466440,161.40
26191,07:16:31,51.163476,13.466437,162.10
26194,07:16:35,51.163482,13.466442,161.70
26197,07:16:38,51.163500,13.466390,163.70
26200,07:16:41,51.163520,13.466382,163.30
26206,07:16:47,51.163465,13.466365,160.30
26210,07:16:50,51.163422,13.466494,161.20
26258,07:17:38,51.163568,13.466487,153.90
26261,07:17:41,51.163496,13.466454,159.10
26264,07:17:44,51.163494,13.466458,156.60
26267,07:17:47,51.163497,13.466468,156.30
26270,07:17:50,51.163491,13.466467,156.30
26273,07:17:53,51.163492,13.466464,157.60
26276,07:17:56,51.163490,13.466462,156.80
26279,07:17:59,51.163488,13.466460,156.20
26282,07:18:02,51.163487,13.466457,156.30
26285,07:18:05,51.163483,13.466451,155.30
26288,07:18:08,51.163482,13.466447,155.60
26291,07:18:11,51.163480,13.466443,156.20
26294,07:18:14,51.163480,13.466440,156.60
26297,07:18:17,51.163482,13.466438,157.40
26300,07:18:20,51.163482,13.466436,157.90
26303,07:18:23,51.163482,13.466435,158.30
26306,07:18:26,51.163485,13.466439,158.90
26309,07:18:29,51.163484,13.466439,159.20
26312,07:18:31,51.163482,13.466439,159.40
26315,07:18:35,51.163480,13.466442,159.40
26318,07:18:38,51.163471,13.466356,158.60
26321,07:18:41,51.163487,13.466308,160.40
26326,07:18:47,51.163541,13.466274,161.70
26333,07:18:53,51.163516,13.466359,174.10
26336,07:18:56,51.163521,13.466392,177.10
26339,07:18:59,51.163515,13.466402,177.40
26342,07:19:02,51.163507,13.466411,175.50
26345,07:19:05,51.163500,13.466416,175.20
26348,07:19:08,51.163496,13.466429,173.00
26351,07:19:11,51.163495,13.466433,171.70
26354,07:19:14,51.163494,13.466436,170.80
26357,07:19:17,51.163494,13.466444,168.10
26360,07:19:20,51.163494,13.466447,167.50
26363,07:19:23,51.163491,13.466459,162.90
26366,07:19:26,51.163491,13.466466,160.00
26369,07:19:29,51.163494,13.466470,159.70
26372,07:19:31,51.163496,13.466476,159.50
26375,07:19:35,51.163497,13.466480,159.40
26378,07:19:38,51.163496,13.466478,159.40
26381,07:19:41,51.163496,13.466479,159.50
26384,07:19:44,51.163495,13.466480,159.50
26387,07:19:47,51.163495,13.466480,159.70
26390,07:19:50,51.163495,13.466480,159.90
26393,07:19:53,51.163460,13.466575,169.20
26396,07:19:56,51.163454,13.466564,172.40
26399,07:19:59,51.163475,13.466541,162.30
26402,07:20:02,51.163476,13.466636,171.90
26405,07:20:05,51.163485,13.466661,177.90
26408,07:20:08,51.163491,13.466603,176.90
26411,07:20:11,51.163479,13.466576,173.10
26414,07:20:14,51.163471,13.466551,162.30
26417,07:20:17,51.163468,13.466537,159.60
26420,07:20:20,51.163463,13.466527,161.50
26423,07:20:23,51.163449,13.466515,164.30
26426,07:20:26,51.163435,13.466511,169.20
26429,07:20:29,51.163433,13.466506,169.60
26432,07:20:31,51.163444,13.466499,166.20
26435,07:20:35,51.163448,13.466495,165.30
26438,07:20:38,51.163464,13.466492,161.00
26441,07:20:41,51.163471,13.466489,159.30
26444,07:20:44,51.163483,13.466490,157.70
26447,07:20:47,51.163493,13.466498,157.90
26450,07:20:50,51.163498,13.466503,156.00
26453,07:20:53,51.163498,13.466501,153.90
26456,07:20:56,51.163498,13.466490,153.30
26459,07:20:59,51.163499,13.466485,153.00
26462,07:21:02,51.163495,13.466484,152.90
26465,07:21:05,51.163492,13.466481,154.40
26468,07:21:08,51.163528,13.466446,155.10
26471,07:21:11,51.164040,13.466020,150.40
26474,07:21:14,51.163704,13.466257,156.40
26477,07:21:17,51.163522,13.466349,162.60
26480,07:21:20,51.163444,13.466661,219.10
26483,07:21:23,51.163439,13.466678,222.30
26486,07:21:26,51.163439,13.466622,202.30
26489,07:21:29,51.163486,13.466513,182.20
26492,07:21:31,51.163495,13.466479,175.60
26495,07:21:35,51.163490,13.466472,176.00
26498,07:21:38,51.163492,13.466472,175.20
26501,07:21:41,51.163496,13.466471,172.90
26504,07:21:45,51.163495,13.466463,170.80
26507,07:21:48,51.163500,13.466473,169.80
26510,07:21:51,51.163506,13.466488,167.20
26513,07:21:54,51.163508,13.466496,164.80
26516,07:21:57,51.163511,13.466508,164.20
26519,07:22:00,51.163514,13.466517,162.50
26522,07:22:03,51.163517,13.466523,161.00
26525,07:22:06,51.163518,13.466527,160.40
26528,07:22:09,51.163513,13.466527,159.40
26531,07:22:12,51.163511,13.466523,159.50
26534,07:22:15,51.163510,13.466519,159.70
26537,07:22:18,51.163504,13.466518,160.70
26543,07:22:24,51.163503,13.466501,161.60
26547,07:22:27,51.163507,13.466461,163.30
26550,07:22:30,51.163497,13.466421,162.50
26553,07:22:33,51.163516,13.466382,169.40
26556,07:22:36,51.163528,13.466362,170.40
26559,07:22:39,51.163513,13.466380,175.20
26562,07:22:42,51.163471,13.466423,171.80
26565,07:22:45,51.163439,13.466437,171.20
26568,07:22:48,51.163491,13.466446,171.00
26571,07:22:51,51.163518,13.466478,170.60
26574,07:22:54,51.163514,13.466521,172.10
26577,07:22:57,51.163514,13.466500,170.90
26580,07:23:00,51.163520,13.466494,171.10
26585,07:23:06,51.163502,13.466426,167.00
26589,07:23:09,51.163493,13.466421,169.60
26592,07:23:12,51.163493,13.466423,171.40
26595,07:23:15,51.163492,13.466437,171.80
26598,07:23:18,51.163489,13.466438,172.80
26601,07:23:21,51.163488,13.466456,172.10
26604,07:23:24,51.163488,13.466461,171.30
26607,07:23:27,51.163487,13.466469,170.20
26610,07:23:30,51.163486,13.466477,169.90
26613,07:23:33,51.163484,13.466480,170.20
26616,07:23:36,51.163483,13.466480,170.50
26619,07:23:39,51.163484,13.466481,170.80
26622,07:23:42,51.163484,13.466483,170.30
26625,07:23:45,51.163484,13.466485,169.40
26628,07:23:48,51.163483,13.466486,168.90
26631,07:23:51,51.163482,13.466482,169.10
26634,07:23:54,51.163482,13.466475,167.90
26637,07:23:57,51.163481,13.466471,167.00
26640,07:24:00,51.163479,13.466478,166.30
26643,07:24:03,51.163481,13.466477,165.90
26646,07:24:06,51.163482,13.466463,165.20
26651,07:24:12,51.163405,13.466454,153.80
26664,07:24:24,51.163480,13.466419,167.10
26667,07:24:27,51.163487,13.466457,163.00
26670,07:24:30,51.163479,13.466450,162.00
26673,07:24:33,51.163474,13.466446,160.20
26676,07:24:36,51.163469,13.466447,158.30
26679,07:24:39,51.163459,13.466454,158.20
26682,07:24:42,51.163457,13.466445,158.70
26685,07:24:45,51.163459,13.466438,159.30
26688,07:24:48,51.163457,13.466427,159.70
26691,07:24:51,51.163459,13.466422,159.60
26694,07:24:54,51.163470,13.466443,159.50
26697,07:24:57,51.163488,13.466476,161.00
26700,07:25:00,51.163491,13.466486,161.80
26703,07:25:03,51.163489,13.466462,161.90
26706,07:25:06,51.163491,13.466458,162.30
26709,07:25:09,51.163494,13.466457,162.70
26712,07:25:12,51.163492,13.466459,162.70
26715,07:25:15,51.163493,13.466462,163.00
26718,07:25:18,51.163493,13.466465,163.50
26721,07:25:21,51.163492,13.466456,164.40
26724,07:25:24,51.163494,13.466462,164.90
26733,07:25:33,51.163508,13.466517,167.30
26736,07:25:36,51.163502,13.466470,165.10
26739,07:25:39,51.163475,13.466481,166.30
26742,07:25:42,51.163473,13.466470,165.70
26745,07:25:45,51.163477,13.466457,165.00
26748,07:25:48,51.163479,13.466449,165.50
26751,07:25:51,51.163479,13.466449,164.80
26754,07:25:54,51.163473,13.466450,163.40
26757,07:25:57,51.163469,13.466453,163.10
26760,07:26:00,51.163468,13.466455,163.10
26763,07:26:03,51.163473,13.466463,162.90
26766,07:26:06,51.163476,13.466483,162.30
26769,07:26:09,51.163468,13.466498,161.60
26772,07:26:12,51.163469,13.466496,160.40
26775,07:26:15,51.163467,13.466501,159.20
26778,07:26:18,51.163465,13.466504,158.70
26781,07:26:21,51.163468,13.466510,157.90
26784,07:26:24,51.163470,13.466511,157.80
26787,07:26:27,51.163476,13.466509,158.30
26790,07:26:30,51.163470,13.466506,159.00
26793,07:26:33,51.163469,13.466506,158.40
26796,07:26:36,51.163469,13.466506,156.80
26799,07:26:39,51.163468,13.466518,156.90
26802,07:26:43,51.163470,13.466513,156.70
26805,07:26:45,51.163496,13.466541,166.80
26836,07:27:16,51.163571,13.466293,195.80
26839,07:27:19,51.163586,13.466344,187.60
26842,07:27:22,51.163586,13.466359,187.20
26845,07:27:25,51.163579,13.466366,184.80
26848,07:27:28,51.163575,13.466367,184.40
26851,07:27:31,51.163569,13.466374,181.70
26854,07:27:34,51.163569,13.466384,180.20
26857,07:27:37,51.163568,13.466386,178.10
26860,07:27:40,51.163564,13.466397,176.80
26863,07:27:43,51.163560,13.466411,175.00
26866,07:27:46,51.163555,13.466423,173.30
26869,07:27:49,51.163550,13.466438,171.50
26872,07:27:52,51.163466,13.466276,161.10
26878,07:27:58,51.163515,13.466377,154.20
26881,07:28:01,51.163529,13.466410,153.10
26920,07:28:40,51.163454,13.466415,133.60
26923,07:28:43,51.163453,13.466433,142.60
26926,07:28:46,51.163460,13.466446,147.50
26929,07:28:49,51.163470,13.466447,150.10
26932,07:28:52,51.163468,13.466469,153.20
26935,07:28:55,51.163478,13.466476,157.10
26938,07:28:58,51.163513,13.466513,161.00
26941,07:29:01,51.163513,13.466508,161.20
26944,07:29:04,51.163520,13.466505,161.60
26947,07:29:07,51.163520,13.466503,160.30
26950,07:29:10,51.163510,13.466510,161.30
26953,07:29:13,51.163507,13.466506,161.50
26956,07:29:16,51.163502,13.466503,161.20
26959,07:29:19,51.163498,13.466502,161.00
26962,07:29:22,51.163494,13.466500,161.40
26965,07:29:25,51.163491,13.466501,161.70
26968,07:29:28,51.163488,13.466499,161.80
26971,07:29:31,51.163486,13.466503,161.70
26974,07:29:34,51.163485,13.466501,161.90
26977,07:29:37,51.163482,13.466506,161.60
26980,07:29:40,51.163469,13.466566,161.00
26983,07:29:43,51.163463,13.466563,162.80
26986,07:29:46,51.163459,13.466563,164.00
26989,07:29:49,51.163456,13.466577,166.10
26992,07:29:52,51.163448,13.466599,172.40
26995,07:29:55,51.163470,13.466545,161.70
26998,07:29:58,51.163472,13.466529,159.50
27001,07:30:01,51.163472,13.466524,159.90
27004,07:30:04,51.163471,13.466520,160.30
27007,07:30:07,51.163471,13.466517,160.80
27010,07:30:10,51.163469,13.466511,162.40
27013,07:30:13,51.163469,13.466506,164.70
27016,07:30:16,51.163468,13.466497,166.90
27019,07:30:19,51.163469,13.466489,168.70
27022,07:30:22,51.163472,13.466480,170.40
27025,07:30:25,51.163475,13.466473,171.20
27028,07:30:28,51.163480,13.466474,171.60
27031,07:30:31,51.163486,13.466474,172.00
27034,07:30:34,51.163488,13.466475,172.50
27037,07:30:37,51.163495,13.466482,172.90
27040,07:30:40,51.163497,13.466484,173.20
27043,07:30:43,51.163496,13.466485,173.30
27046,07:30:46,51.163497,13.466489,172.90
27049,07:30:49,51.163498,13.466494,172.40
27052,07:30:52,51.163497,13.466495,172.10
27064,07:31:04,51.163473,13.466476,176.80
27067,07:31:07,51.163459,13.466510,176.90
27070,07:31:10,51.163483,13.466507,175.10
27073,07:31:13,51.163482,13.466473,171.90
27076,07:31:16,51.163484,13.466416,168.30
27079,07:31:19,51.163480,13.466409,168.10
27082,07:31:22,51.163477,13.466405,168.90
27085,07:31:25,51.163479,13.466403,169.10
27088,07:31:28,51.163483,13.466408,170.10
27091,07:31:31,51.163485,13.466413,171.00
27094,07:31:34,51.163484,13.466421,170.60
27097,07:31:38,51.163483,13.466438,169.20
27100,07:31:41,51.163491,13.466449,168.20
27103,07:31:44,51.163494,13.466463,165.90
27106,07:31:47,51.163494,13.466477,164.50
27109,07:31:50,51.163494,13.466489,162.80
27112,07:31:53,51.163496,13.466499,159.50
27115,07:31:56,51.163499,13.466501,160.00
27118,07:31:59,51.163498,13.466503,160.20
27121,07:32:02,51.163495,13.466504,160.10
27124,07:32:05,51.163495,13.466499,161.20
27127,07:32:08,51.163496,13.466496,161.30
27130,07:32:11,51.163490,13.466509,165.90
27133,07:32:14,51.163503,13.466512,167.40
27149,07:32:29,51.163288,13.466739,260.20
27152,07:32:31,51.163353,13.466636,228.80
27155,07:32:35,51.163391,13.466577,213.80
27158,07:32:38,51.163415,13.466544,204.40
27161,07:32:41,51.163441,13.466509,193.90
27164,07:32:44,51.163459,13.466485,186.80
27167,07:32:47,51.163467,13.466470,184.00
27170,07:32:50,51.163468,13.466465,183.00
27173,07:32:53,51.163469,13.466458,181.40
27176,07:32:56,51.163470,13.466454,179.60
27179,07:32:59,51.163470,13.466450,178.30
27182,07:33:02,51.163469,13.466449,177.40
27185,07:33:05,51.163468,13.466451,176.50
27188,07:33:08,51.163467,13.466453,175.90
27191,07:33:11,51.163465,13.466456,175.50
27194,07:33:14,51.163465,13.466459,175.30
27197,07:33:17,51.163466,13.466464,174.70
27200,07:33:20,51.163465,13.466472,174.90
27203,07:33:23,51.163470,13.466482,174.60
27206,07:33:26,51.163463,13.466485,173.30
27209,07:33:29,51.163460,13.466486,170.80
27212,07:33:31,51.163468,13.466494,170.10
27215,07:33:35,51.163472,13.466513,170.80
27221,07:33:41,51.163501,13.466461,169.90
27224,07:33:44,51.163512,13.466455,171.10
27229,07:33:50,51.163479,13.466551,175.70
27233,07:33:53,51.163448,13.466645,180.10
27236,07:33:56,51.163433,13.466654,178.20
27239,07:33:59,51.163418,13.466663,175.90
27242,07:34:02,51.163521,13.466484,176.00
27245,07:34:05,51.163557,13.466326,173.00
27248,07:34:08,51.163537,13.466430,170.50
27251,07:34:11,51.163522,13.466471,169.90
27254,07:34:14,51.163523,13.466490,169.30
27257,07:34:17,51.163517,13.466500,168.40
27260,07:34:20,51.163512,13.466510,168.40
27263,07:34:23,51.163506,13.466521,168.50
27266,07:34:26,51.163490,13.466519,168.10
27269,07:34:29,51.163488,13.466520,167.50
27272,07:34:31,51.163483,13.466528,167.30
27275,07:34:35,51.163483,13.466528,167.30
27278,07:34:38,51.163481,13.466522,167.30
27281,07:34:41,51.163478,13.466518,167.50
27284,07:34:44,51.163477,13.466513,167.70
27287,07:34:47,51.163479,13.466513,168.10
27290,07:34:50,51.163480,13.466514,168.00
27293,07:34:53,51.163481,13.466515,167.60
27296,07:34:56,51.163481,13.466514,166.70
27299,07:34:59,51.163480,13.466511,166.30
27302,07:35:02,51.163481,13.466511,166.00
27305,07:35:05,51.163494,13.466493,163.90
27308,07:35:08,51.163473,13.466640,175.40
27311,07:35:11,51.163475,13.466712,176.70
27314,07:35:14,51.163439,13.466701,179.30
27317,07:35:17,51.163448,13.466691,181.70
27320,07:35:20,51.163455,13.466624,176.00
27323,07:35:23,51.163477,13.466541,174.60
27326,07:35:26,51.163481,13.466482,166.60
27329,07:35:29,51.163488,13.466478,164.50
27332,07:35:31,51.163489,13.466477,163.40
27335,07:35:35,51.163490,13.466477,162.50
27338,07:35:38,51.163489,13.466483,161.90
27341,07:35:41,51.163491,13.466496,162.20
27344,07:35:44,51.163492,13.466502,162.80
27347,07:35:47,51.163495,13.466510,163.20
27350,07:35:50,51.163499,13.466518,163.80
27353,07:35:53,51.163500,13.466525,163.60
27356,07:35:56,51.163499,13.466525,163.10
27359,07:35:59,51.163496,13.466524,162.40
27362,07:36:02,51.163494,13.466525,161.60
27365,07:36:05,51.163494,13.466524,160.70
27368,07:36:08,51.163493,13.466525,161.00
27371,07:36:11,51.163491,13.466527,161.30
27374,07:36:14,51.163490,13.466527,161.90
27377,07:36:17,51.163489,13.466525,162.20
27380,07:36:20,51.163488,13.466523,162.00
27383,07:36:23,51.163496,13.466527,162.10
27386,07:36:26,51.163563,13.466361,167.00
27399,07:36:39,51.163562,13.466457,169.60
27402,07:36:42,51.163532,13.466522,167.30
27405,07:36:45,51.163531,13.466535,167.20
27408,07:36:48,51.163538,13.466546,166.90
27411,07:36:51,51.163537,13.466546,166.20
27414,07:36:54,51.163535,13.466543,165.70
27417,07:36:57,51.163531,13.466542,164.90
27420,07:37:00,51.163526,13.466539,162.10
27423,07:37:03,51.163522,13.466537,161.00
27426,07:37:06,51.163520,13.466536,160.40
27429,07:37:09,51.163526,13.466541,160.90
27432,07:37:12,51.163530,13.466525,161.50
27438,07:37:18,51.163503,13.466595,162.00
27441,07:37:21,51.163448,13.466732,164.70
27444,07:37:24,51.163483,13.466646,162.30
27447,07:37:27,51.163486,13.466627,160.40
27450,07:37:30,51.163488,13.466613,159.00
27453,07:37:33,51.163491,13.466597,158.00
27456,07:37:36,51.163498,13.466587,158.00
27459,07:37:39,51.163498,13.466587,158.70
27462,07:37:42,51.163506,13.466593,159.20
27465,07:37:45,51.163569,13.466518,159.30
27468,07:37:48,51.163552,13.466525,159.70
27471,07:37:51,51.163521,13.466531,159.90
27474,07:37:54,51.163503,13.466551,161.30
27477,07:37:57,51.163494,13.466535,164.20
27480,07:38:00,51.163491,13.466525,163.30
27483,07:38:03,51.163489,13.466519,163.10
27486,07:38:06,51.163489,13.466518,163.30
27489,07:38:09,51.163491,13.466515,163.30
27492,07:38:12,51.163492,13.466511,163.50
27495,07:38:15,51.163494,13.466510,163.60
27498,07:38:18,51.163493,13.466506,163.70
27501,07:38:21,51.163492,13.466504,163.70
27504,07:38:24,51.163491,13.466502,163.70
27507,07:38:27,51.163491,13.466502,163.60
27510,07:38:30,51.163480,13.466494,163.30
27513,07:38:33,51.163483,13.466495,163.30
27516,07:38:36,51.163484,13.466497,163.60
27519,07:38:39,51.163484,13.466500,163.40
27522,07:38:42,51.163483,13.466501,163.70
27525,07:38:45,51.163484,13.466503,163.60
27528,07:38:48,51.163484,13.466502,163.00
27531,07:38:51,51.163489,13.466502,162.60
27534,07:38:54,51.163504,13.466479,160.70
27537,07:38:57,51.163508,13.466463,156.20
27540,07:39:00,51.163713,13.466289,150.80
27546,07:39:06,51.163651,13.466320,148.60
27564,07:39:24,51.163418,13.466670,156.10
27567,07:39:27,51.163307,13.466930,178.00
27570,07:39:30,51.163382,13.466772,165.20
27573,07:39:33,51.163437,13.466593,154.20
27576,07:39:36,51.163387,13.466679,161.60
27579,07:39:39,51.163483,13.466518,159.20
27582,07:39:42,51.163486,13.466507,161.40
27585,07:39:45,51.163486,13.466509,161.40
27588,07:39:48,51.163488,13.466507,162.00
27591,07:39:51,51.163502,13.466496,161.10
27594,07:39:54,51.163506,13.466502,159.50
27597,07:39:57,51.163509,13.466506,158.00
27600,07:40:00,51.163512,13.466510,157.30
27603,07:40:03,51.163514,13.466519,157.90
27606,07:40:06,51.163516,13.466513,158.50
27609,07:40:09,51.163516,13.466510,159.40
27612,07:40:12,51.163516,13.466510,160.30
27615,07:40:15,51.163516,13.466508,161.00
27618,07:40:18,51.163516,13.466506,161.70
27621,07:40:21,51.163517,13.466505,161.70
27624,07:40:24,51.163516,13.466505,161.10
27627,07:40:27,51.163515,13.466507,160.30
27630,07:40:30,51.163514,13.466511,159.10
27633,07:40:33,51.163513,13.466513,158.30
27636,07:40:36,51.163511,13.466512,158.40
27639,07:40:39,51.163512,13.466503,158.90
27642,07:40:42,51.163513,13.466506,159.30
27645,07:40:45,51.163526,13.466688,162.60
27648,07:40:48,51.163538,13.466603,162.20
27651,07:40:51,51.163543,13.466565,162.10
27654,07:40:54,51.163510,13.466530,163.70
27657,07:40:57,51.163506,13.466511,161.60
27660,07:41:00,51.163499,13.466493,162.00
27663,07:41:03,51.163494,13.466494,161.90
27666,07:41:07,51.163494,13.466498,161.60
27669,07:41:10,51.163493,13.466500,160.90
27672,07:41:13,51.163494,13.466504,160.10
27675,07:41:16,51.163495,13.466507,159.30
27678,07:41:19,51.163496,13.466511,158.70
27681,07:41:22,51.163496,13.466514,158.40
27684,07:41:25,51.163495,13.466519,158.60
27687,07:41:28,51.163495,13.466526,158.70
27690,07:41:31,51.163498,13.466533,159.00
27693,07:41:34,51.163498,13.466537,158.50
27696,07:41:37,51.163500,13.466541,157.80
27699,07:41:40,51.163500,13.466544,157.00
27702,07:41:43,51.163500,13.466546,156.10
27705,07:41:46,51.163500,13.466547,155.60
27708,07:41:49,51.163500,13.466546,155.80
27711,07:41:52,51.163500,13.466539,155.90
27714,07:41:55,51.163552,13.466418,156.40
27724,07:42:04,51.163559,13.466454,158.20
27729,07:42:10,51.163572,13.466428,164.80
27733,07:42:13,51.163516,13.466465,160.80
27736,07:42:16,51.163514,13.466459,162.40
27739,07:42:19,51.163512,13.466455,163.60
27742,07:42:22,51.163511,13.466454,164.50
27745,07:42:25,51.163512,13.466454,165.50
27748,07:42:28,51.163511,13.466455,165.60
27751,07:42:31,51.163513,13.466466,164.90
27754,07:42:34,51.163512,13.466470,164.20
27757,07:42:37,51.163513,13.466473,163.90
27760,07:42:40,51.163513,13.466477,163.20
27763,07:42:43,51.163514,13.466479,163.10
27766,07:42:46,51.163516,13.466483,163.00
27769,07:42:49,51.163517,13.466487,162.90
27772,07:42:52,51.163518,13.466492,162.70
27775,07:42:55,51.163517,13.466497,161.90
27778,07:42:58,51.163514,13.466499,161.20
27781,07:43:01,51.163513,13.466497,161.10
27784,07:43:04,51.163511,13.466496,161.20
27787,07:43:07,51.163508,13.466496,161.20
27790,07:43:10,51.163507,13.466511,162.20
27793,07:43:13,51.163504,13.466523,162.60
27799,07:43:19,51.163472,13.466531,163.50
27802,07:43:22,51.163461,13.466552,163.30
27805,07:43:25,51.163503,13.466482,162.20
27808,07:43:28,51.163483,13.466502,159.50
27811,07:43:31,51.163483,13.466497,159.80
27814,07:43:34,51.163478,13.466498,159.70
27817,07:43:37,51.163476,13.466498,159.80
27820,07:43:40,51.163474,13.466498,159.80
27823,07:43:43,51.163474,13.466496,160.00
27826,07:43:46,51.163474,13.466494,160.20
27829,07:43:49,51.163475,13.466494,160.50
27832,07:43:52,51.163476,13.466495,160.50
27835,07:43:55,51.163476,13.466497,160.30
27838,07:43:58,51.163477,13.466499,159.80
27841,07:44:01,51.163479,13.466503,159.40
27844,07:44:04,51.163486,13.466515,158.90
27847,07:44:07,51.163494,13.466526,158.70
27850,07:44:10,51.163499,13.466530,158.30
27853,07:44:13,51.163501,13.466533,157.90
27856,07:44:16,51.163503,13.466533,157.80
27859,07:44:19,51.163503,13.466533,157.70
27862,07:44:22,51.163509,13.466543,158.70
27871,07:44:31,51.163306,13.466883,162.70
27874,07:44:34,51.163406,13.466762,166.20
27877,07:44:37,51.163445,13.466706,167.30
27880,07:44:40,51.163456,13.466685,167.70
27883,07:44:43,51.163454,13.466625,167.00
27886,07:44:46,51.163469,13.466606,169.90
27889,07:44:49,51.163474,13.466606,172.10
27892,07:44:52,51.163474,13.466606,173.90
27895,07:44:55,51.163416,13.466668,183.60
27898,07:44:58,51.163399,13.466672,183.10
27901,07:45:01,51.163355,13.466643,173.60
27904,07:45:04,51.163320,13.466749,180.40
27907,07:45:07,51.163331,13.466760,182.50
27910,07:45:10,51.163426,13.466616,171.10
27913,07:45:13,51.163482,13.466557,163.40
27916,07:45:16,51.163503,13.466548,158.70
27919,07:45:19,51.163513,13.466542,157.40
27922,07:45:22,51.163521,13.466539,157.20
27925,07:45:25,51.163529,13.466537,156.90
27928,07:45:28,51.163533,13.466536,156.90
27931,07:45:31,51.163534,13.466540,156.50
27934,07:45:34,51.163534,13.466540,156.40
27937,07:45:37,51.163532,13.466542,156.10
27940,07:45:40,51.163528,13.466543,155.70
27943,07:45:43,51.163525,13.466541,155.30
27946,07:45:46,51.163523,13.466540,154.80
27949,07:45:49,51.163519,13.466539,154.20
27952,07:45:52,51.163516,13.466537,154.30
27955,07:45:55,51.163514,13.466534,155.00
27958,07:45:58,51.163514,13.466532,155.70
27961,07:46:02,51.163514,13.466528,156.30
27964,07:46:05,51.163514,13.466529,156.40
27967,07:46:08,51.163514,13.466529,156.40
27980,07:46:20,51.163551,13.466444,157.90
27983,07:46:23,51.163533,13.466463,160.90
27986,07:46:26,51.163521,13.466543,167.60
27989,07:46:29,51.163523,13.466525,165.80
27992,07:46:31,51.163522,13.466523,164.10
27995,07:46:35,51.163520,13.466521,162.30
27998,07:46:38,51.163515,13.466517,161.60
28001,07:46:41,51.163510,13.466515,161.20
28004,07:46:44,51.163509,13.466511,161.00
28007,07:46:47,51.163506,13.466507,160.50
28010,07:46:50,51.163507,13.466506,160.30
28013,07:46:53,51.163508,13.466508,160.50
28016,07:46:56,51.163507,13.466512,160.70
28019,07:46:59,51.163507,13.466514,161.30
28022,07:47:02,51.163509,13.466514,161.60
28025,07:47:05,51.163509,13.466515,161.40
28028,07:47:08,51.163509,13.466516,161.20
28031,07:47:11,51.163508,13.466516,160.90
28034,07:47:14,51.163509,13.466515,160.60
28037,07:47:17,51.163507,13.466522,160.60
28040,07:47:20,51.163506,13.466525,160.70
28043,07:47:23,51.163505,13.466524,160.70
28046,07:47:26,51.163505,13.466523,160.70
28051,07:47:31,51.163702,13.466407,175.70
28055,07:47:35,51.163681,13.466454,178.80
28058,07:47:38,51.163662,13.466453,177.80
28073,07:47:53,51.163353,13.466602,149.30
28076,07:47:56,51.163428,13.466546,153.50
28079,07:47:59,51.163451,13.466523,155.80
28082,07:48:02,51.163461,13.466515,157.40
28085,07:48:05,51.163471,13.466509,158.40
28088,07:48:08,51.163478,13.466505,159.00
28091,07:48:11,51.163483,13.466506,159.10
28094,07:48:14,51.163495,13.466498,160.60
28097,07:48:17,51.163508,13.466489,162.20
28100,07:48:20,51.163515,13.466486,162.90
28103,07:48:23,51.163521,13.466484,163.30
28106,07:48:26,51.163525,13.466484,163.40
28109,07:48:29,51.163528,13.466483,163.60
28112,07:48:31,51.163530,13.466483,163.90
28115,07:48:35,51.163531,13.466484,164.20
28118,07:48:38,51.163531,13.466484,164.10
28121,07:48:41,51.163531,13.466484,164.20
28124,07:48:44,51.163531,13.466484,164.20
28127,07:48:47,51.163529,13.466487,163.80
28130,07:48:50,51.163525,13.466490,163.30
28133,07:48:53,51.163523,13.466494,163.40
28141,07:49:02,51.163628,13.465853,158.50
28145,07:49:05,51.163584,13.466103,160.10
28148,07:49:08,51.163466,13.466259,158.60
28151,07:49:11,51.163464,13.466414,160.10
28154,07:49:14,51.163482,13.466450,160.70
28157,07:49:17,51.163485,13.466466,160.90
28160,07:49:20,51.163488,13.466473,161.10
28163,07:49:23,51.163490,13.466480,161.30
28166,07:49:26,51.163493,13.466487,161.50
28169,07:49:29,51.163497,13.466492,161.80
28172,07:49:31,51.163501,13.466496,162.10
28175,07:49:35,51.163504,13.466499,162.20
28178,07:49:38,51.163505,13.466499,162.40
28181,07:49:41,51.163507,13.466497,162.90
28184,07:49:44,51.163509,13.466494,163.50
28187,07:49:47,51.163510,13.466490,164.20
28190,07:49:50,51.163510,13.466485,164.40
28193,07:49:53,51.163513,13.466483,165.30
28196,07:49:56,51.163517,13.466535,169.00
28202,07:50:02,51.163514,13.466904,183.20
28205,07:50:05,51.163403,13.466321,155.10
28208,07:50:08,51.163395,13.466262,152.10
28211,07:50:11,51.163550,13.466881,177.00
28214,07:50:14,51.163546,13.466881,175.90
28217,07:50:17,51.163561,13.466470,157.30
28220,07:50:20,51.163577,13.465368,114.70
28228,07:50:29,51.163473,13.465833,129.60
28232,07:50:31,51.163513,13.465966,133.00
28235,07:50:35,51.163515,13.465969,130.50
28238,07:50:38,51.163506,13.466475,164.40
28241,07:50:41,51.163493,13.466477,162.20
28244,07:50:44,51.163495,13.466490,160.80
28247,07:50:48,51.163498,13.466499,159.90
28250,07:50:51,51.163499,13.466502,159.30
28253,07:50:54,51.163499,13.466502,159.20
28256,07:50:57,51.163500,13.466499,159.20
28259,07:51:00,51.163500,13.466494,159.30
28262,07:51:03,51.163499,13.466487,159.40
28265,07:51:06,51.163498,13.466484,159.40
28268,07:51:09,51.163496,13.466481,159.10
28271,07:51:12,51.163494,13.466482,158.50
28274,07:51:15,51.163493,13.466484,158.30
28277,07:51:18,51.163486,13.466490,157.90
28280,07:51:21,51.163483,13.466492,158.00
28283,07:51:24,51.163482,13.466492,158.40
28286,07:51:27,51.163482,13.466493,159.00
28289,07:51:30,51.163483,13.466495,159.40
28292,07:51:33,51.163484,13.466493,160.00
28295,07:51:36,51.163486,13.466492,160.30
28308,07:51:48,51.163527,13.466554,160.00
28314,07:51:54,51.163443,13.467012,181.30
28317,07:51:57,51.163513,13.466676,162.20
28320,07:52:00,51.163515,13.466631,162.70
28323,07:52:03,51.163509,13.466606,163.50
28326,07:52:06,51.163505,13.466585,163.70
28329,07:52:09,51.163501,13.466575,164.20
28332,07:52:12,51.163497,13.466562,164.00
28335,07:52:15,51.163496,13.466548,163.10
28338,07:52:18,51.163495,13.466537,162.30
28341,07:52:21,51.163498,13.466523,161.00
28344,07:52:24,51.163498,13.466516,160.00
28347,07:52:27,51.163499,13.466514,159.40
28350,07:52:30,51.163497,13.466515,159.00
28353,07:52:33,51.163496,13.466520,158.80
28356,07:52:36,51.163496,13.466524,158.70
28359,07:52:39,51.163497,13.466530,158.30
28362,07:52:42,51.163497,13.466534,158.00
28365,07:52:45,51.163497,13.466537,157.70
28368,07:52:48,51.163497,13.466538,157.30
28371,07:52:51,51.163497,13.466537,157.00
28374,07:52:54,51.163498,13.466542,157.00
28377,07:52:57,51.163501,13.466563,157.50
28380,07:53:00,51.163466,13.466760,167.20
28383,07:53:03,51.163471,13.466751,169.80
28392,07:53:12,51.163356,13.467030,192.60
28395,07:53:15,51.163480,13.466572,161.90
28398,07:53:18,51.163490,13.466534,157.60
28401,07:53:21,51.163489,13.466530,156.60
28404,07:53:24,51.163488,13.466530,156.10
28407,07:53:27,51.163487,13.466530,155.60
28410,07:53:30,51.163486,13.466532,155.70
28413,07:53:33,51.163487,13.466534,155.80
28416,07:53:36,51.163487,13.466537,155.50
28419,07:53:39,51.163486,13.466539,155.00
28422,07:53:42,51.163486,13.466541,154.50
28425,07:53:45,51.163486,13.466542,153.90
28428,07:53:48,51.163485,13.466544,153.40
28431,07:53:51,51.163483,13.466545,152.90
28434,07:53:54,51.163483,13.466546,152.60
28437,07:53:57,51.163483,13.466545,152.60
28440,07:54:00,51.163485,13.466541,152.80
28443,07:54:03,51.163484,13.466537,152.70
28446,07:54:06,51.163484,13.466534,152.40
28449,07:54:09,51.163485,13.466532,152.30
28458,07:54:18,51.162926,13.467430,166.70
28461,07:54:21,51.163251,13.466922,160.20
28464,07:54:24,51.163264,13.466846,160.00
28467,07:54:27,51.163408,13.466563,152.00
28470,07:54:30,51.163437,13.466546,153.30
28473,07:54:33,51.163446,13.466544,153.40
28476,07:54:36,51.163454,13.466540,154.30
28479,07:54:39,51.163458,13.466535,154.60
28482,07:54:42,51.163466,13.466530,155.70
28485,07:54:45,51.163475,13.466524,157.00
28488,07:54:48,51.163483,13.466518,158.00
28491,07:54:51,51.163489,13.466512,158.70
28494,07:54:54,51.163494,13.466505,159.40
28497,07:54:57,51.163497,13.466498,160.20
28500,07:55:00,51.163497,13.466494,161.00
28503,07:55:03,51.163497,13.466490,161.90
28506,07:55:06,51.163498,13.466486,162.60
28509,07:55:09,51.163497,13.466486,162.40
28512,07:55:12,51.163498,13.466486,162.30
28515,07:55:15,51.163500,13.466487,162.00
28518,07:55:18,51.163502,13.466489,161.80
28521,07:55:21,51.163497,13.466507,162.80
28552,07:55:52,51.163578,13.466112,123.70
28555,07:55:55,51.163539,13.466227,136.90
28558,07:55:58,51.163520,13.466306,145.80
28561,07:56:01,51.163486,13.466382,153.60
28564,07:56:04,51.163487,13.466415,157.70
28567,07:56:07,51.163476,13.466446,159.40
28570,07:56:10,51.163480,13.466500,161.20
28573,07:56:13,51.163490,13.466494,162.60
28576,07:56:16,51.163498,13.466493,163.20
28579,07:56:19,51.163502,13.466487,163.50
28582,07:56:22,51.163503,13.466488,163.40
28585,07:56:25,51.163504,13.466489,163.60
28588,07:56:28,51.163503,13.466488,163.70
28591,07:56:31,51.163502,13.466489,163.60
28594,07:56:34,51.163500,13.466490,163.10
28597,07:56:37,51.163499,13.466490,161.80
28600,07:56:40,51.163496,13.466489,160.00
28603,07:56:43,51.163496,13.466492,158.70
28606,07:56:46,51.163497,13.466496,158.20
28609,07:56:49,51.163497,13.466500,158.10
28612,07:56:52,51.163497,13.466503,158.30
28615,07:56:55,51.163491,13.466492,159.20
28618,07:56:58,51.163492,13.466489,160.70
28621,07:57:01,51.163495,13.466485,161.70
28624,07:57:04,51.163498,13.466484,162.50
28627,07:57:07,51.163499,13.466484,162.90
28630,07:57:10,51.163494,13.466495,163.00
28633,07:57:13,51.163482,13.466518,163.40
28636,07:57:16,51.163497,13.466531,166.00
28639,07:57:19,51.163509,13.466544,166.20
28644,07:57:25,51.163519,13.466546,178.20
28648,07:57:28,51.163526,13.466519,171.70
28651,07:57:31,51.163525,13.466517,169.40
28654,07:57:34,51.163526,13.466517,167.70
28657,07:57:37,51.163525,13.466521,167.70
28662,07:57:43,51.163656,13.465988,159.80
28666,07:57:46,51.163693,13.465927,155.50
28669,07:57:49,51.163674,13.466009,154.90
28672,07:57:52,51.163571,13.466419,167.40
28675,07:57:55,51.163548,13.466451,166.80
28678,07:57:58,51.163538,13.466463,166.80
28681,07:58:01,51.163534,13.466468,166.10
28684,07:58:04,51.163530,13.466470,164.50
28687,07:58:07,51.163519,13.466466,164.00
28690,07:58:10,51.163515,13.466467,163.50
28693,07:58:13,51.163511,13.466465,162.90
28696,07:58:16,51.163506,13.466464,162.30
28699,07:58:19,51.163503,13.466464,161.80
28702,07:58:22,51.163500,13.466463,161.10
28705,07:58:25,51.163501,13.466467,161.20
28708,07:58:28,51.163499,13.466484,161.40
28711,07:58:31,51.163657,13.466102,150.10
28714,07:58:34,51.163640,13.466165,150.40
28717,07:58:37,51.163613,13.466210,149.30
28720,07:58:40,51.163573,13.466361,154.10
28723,07:58:43,51.163563,13.466478,158.00
28726,07:58:46,51.163561,13.466482,157.80
28729,07:58:49,51.163556,13.466489,157.70
28732,07:58:52,51.163553,13.466498,157.00
28735,07:58:55,51.163546,13.466507,155.90
28738,07:58:58,51.163542,13.466513,154.60
28741,07:59:01,51.163527,13.466503,153.10
28744,07:59:04,51.163505,13.466513,152.20
28747,07:59:07,51.163483,13.466528,151.40
28750,07:59:10,51.163475,13.466532,151.50
28753,07:59:13,51.163469,13.466535,151.70
28756,07:59:16,51.163468,13.466537,151.80
28759,07:59:19,51.163467,13.466537,152.20
28762,07:59:22,51.163468,13.466539,151.90
28765,07:59:25,51.163466,13.466537,151.50
28768,07:59:28,51.163463,13.466534,151.50
28771,07:59:31,51.163460,13.466532,151.50
28774,07:59:34,51.163457,13.466530,151.30
28777,07:59:37,51.163455,13.466527,151.10
28780,07:59:40,51.163460,13.466530,151.40
28785,07:59:46,51.163503,13.466554,153.00
28792,07:59:52,51.163114,13.467225,172.70
28795,07:59:55,51.163191,13.467131,174.60
28798,07:59:58,51.163412,13.466614,154.50
28801,08:00:01,51.163409,13.466598,151.00
28804,08:00:04,51.163411,13.466591,150.30
28807,08:00:07,51.163415,13.466588,150.90
28810,08:00:10,51.163419,13.466589,151.60
28813,08:00:13,51.163425,13.466588,152.70
28816,08:00:16,51.163435,13.466585,154.10
28819,08:00:20,51.163444,13.466584,154.90
28822,08:00:23,51.163450,13.466586,155.30
28825,08:00:26,51.163455,13.466583,155.80
28828,08:00:29,51.163464,13.466578,156.70
28831,08:00:31,51.163469,13.466578,157.10
28834,08:00:35,51.163472,13.466560,157.10
28837,08:00:38,51.163474,13.466552,157.90
28840,08:00:41,51.163476,13.466545,158.20
28843,08:00:44,51.163479,13.466534,158.40
28846,08:00:47,51.163481,13.466527,158.10
28849,08:00:50,51.163482,13.466524,158.40
28852,08:00:53,51.163483,13.466527,159.20
28855,08:00:56,51.163487,13.466547,162.00
28858,08:00:59,51.163477,13.466559,162.40
28861,08:01:02,51.163474,13.466570,163.40
28894,08:01:35,51.163598,13.465871,118.90
28897,08:01:38,51.163563,13.466257,148.20
28900,08:01:41,51.163536,13.466369,156.20
28903,08:01:44,51.163521,13.466411,158.20
28906,08:01:47,51.163511,13.466438,159.30
28909,08:01:50,51.163505,13.466455,159.90
28912,08:01:53,51.163499,13.466459,160.30
28915,08:01:56,51.163486,13.466468,162.00
28918,08:01:59,51.163475,13.466470,163.50
28921,08:02:02,51.163472,13.466470,164.10
28924,08:02:05,51.163471,13.466472,164.50
28927,08:02:08,51.163474,13.466475,164.90
28930,08:02:11,51.163475,13.466479,165.20
28933,08:02:14,51.163478,13.466480,165.80
28936,08:02:17,51.163482,13.466482,166.40
28939,08:02:20,51.163484,13.466484,166.90
28942,08:02:23,51.163486,13.466487,167.10
28945,08:02:26,51.163488,13.466487,167.20
28948,08:02:29,51.163488,13.466487,167.10
28951,08:02:31,51.163488,13.466485,167.10
28954,08:02:35,51.163481,13.466469,166.90
28957,08:02:38,51.163478,13.466473,166.50
28976,08:02:56,51.163544,13.466503,177.00
28979,08:02:59,51.163525,13.466521,172.40
28982,08:03:02,51.163516,13.466515,172.30
28985,08:03:05,51.163509,13.466508,171.90
28988,08:03:08,51.163505,13.466506,171.80
28991,08:03:11,51.163503,13.466509,171.20
28994,08:03:14,51.163502,13.466511,170.80
28997,08:03:17,51.163501,13.466515,170.20
29000,08:03:20,51.163502,13.466522,168.80
29003,08:03:23,51.163498,13.466515,166.70
29006,08:03:26,51.163486,13.466509,165.20
29009,08:03:29,51.163480,13.466504,163.80
29012,08:03:31,51.163472,13.466498,162.40
29015,08:03:35,51.163470,13.466493,161.90
29018,08:03:38,51.163469,13.466492,161.30
29021,08:03:41,51.163468,13.466493,160.40
29024,08:03:44,51.163465,13.466494,159.30
29027,08:03:47,51.163462,13.466496,158.10
29030,08:03:50,51.163451,13.466503,157.60
29033,08:03:53,51.163449,13.466503,157.10
29036,08:03:56,51.163448,13.466476,154.80
29039,08:03:59,51.163447,13.466482,154.90
29042,08:04:02,51.163411,13.466197,151.10
29045,08:04:05,51.163430,13.466264,151.80
29050,08:04:11,51.163382,13.466372,154.10
29054,08:04:14,51.163431,13.466437,156.30
29057,08:04:17,51.163454,13.466455,156.60
29060,08:04:20,51.163465,13.466462,156.10
29063,08:04:23,51.163475,13.466464,155.80
29066,08:04:26,51.163481,13.466467,155.80
29069,08:04:29,51.163483,13.466467,156.20
29072,08:04:31,51.163483,13.466469,157.30
29075,08:04:35,51.163486,13.466472,158.50
29078,08:04:38,51.163489,13.466475,160.10
29081,08:04:41,51.163494,13.466479,161.50
29084,08:04:44,51.163499,13.466482,162.50
29087,08:04:47,51.163503,13.466486,163.20
29090,08:04:50,51.163506,13.466487,164.30
29093,08:04:53,51.163508,13.466488,164.90
29096,08:04:56,51.163509,13.466484,165.80
29099,08:04:59,51.163511,13.466482,166.90
29102,08:05:02,51.163513,13.466475,168.30
29105,08:05:06,51.163517,13.466471,169.70
29108,08:05:09,51.163523,13.466475,170.80
29111,08:05:12,51.163521,13.466487,171.10
29126,08:05:27,51.163533,13.466583,166.40
29130,08:05:30,51.163517,13.466554,163.00
29133,08:05:33,51.163517,13.466550,163.50
29136,08:05:36,51.163522,13.466545,165.60
29139,08:05:39,51.163520,13.466532,167.40
29142,08:05:42,51.163525,13.466519,169.20
29145,08:05:45,51.163528,13.466511,170.80
29148,08:05:48,51.163531,13.466506,172.00
29151,08:05:51,51.163530,13.466501,172.10
29154,08:05:54,51.163528,13.466498,171.70
29157,08:05:57,51.163523,13.466496,170.60
29160,08:06:00,51.163519,13.466504,170.20
29163,08:06:03,51.163510,13.466518,169.70
29166,08:06:06,51.163503,13.466525,168.60
29169,08:06:09,51.163498,13.466527,167.60
29172,08:06:12,51.163494,13.466530,166.70
29175,08:06:15,51.163488,13.466533,165.70
29178,08:06:18,51.163485,13.466531,166.10
29181,08:06:21,51.163484,13.466523,166.20
29184,08:06:24,51.163482,13.466523,166.30
29187,08:06:27,51.163488,13.466539,166.60
29190,08:06:30,51.163491,13.466539,166.50
29193,08:06:33,51.163495,13.466541,166.40
29196,08:06:36,51.163500,13.466549,167.20
29199,08:06:39,51.163500,13.466553,167.30
29202,08:06:42,51.163499,13.466559,167.30
29205,08:06:45,51.163493,13.466573,167.90
29208,08:06:48,51.163486,13.466596,168.80
29211,08:06:51,51.163478,13.466622,169.60
29214,08:06:54,51.163471,13.466643,170.20
29217,08:06:57,51.163448,13.466736,176.80
29220,08:07:00,51.163444,13.466737,176.50
29223,08:07:03,51.163445,13.466657,171.30
29226,08:07:06,51.163479,13.466389,153.90
29229,08:07:09,51.163459,13.466482,158.60
29232,08:07:12,51.163482,13.466512,159.90
29235,08:07:15,51.163495,13.466522,160.90
29238,08:07:18,51.163502,13.466522,161.80
29241,08:07:21,51.163507,13.466520,162.50
29244,08:07:24,51.163508,13.466518,163.40
29247,08:07:27,51.163508,13.466515,164.30
29250,08:07:30,51.163506,13.466508,164.80
29253,08:07:33,51.163504,13.466503,165.50
29256,08:07:36,51.163501,13.466506,165.70
29259,08:07:39,51.163498,13.466508,165.80
29262,08:07:42,51.163497,13.466508,165.80
29265,08:07:45,51.163500,13.466502,166.50
29268,08:07:48,51.163500,13.466496,167.00
29271,08:07:51,51.163499,13.466486,167.10
29274,08:07:54,51.163496,13.466494,168.70
29277,08:07:57,51.163532,13.466463,177.90
29282,08:08:03,51.163452,13.466793,180.50
29286,08:08:06,51.163501,13.466526,179.80
29289,08:08:09,51.163497,13.466544,180.40
29292,08:08:12,51.163509,13.466588,182.90
29295,08:08:15,51.163520,13.466617,184.40
29298,08:08:18,51.163512,13.466720,189.50
29301,08:08:21,51.163506,13.466790,191.30
29304,08:08:24,51.163527,13.466663,185.60
29307,08:08:27,51.163525,13.466452,177.00
29310,08:08:30,51.163524,13.466444,175.50
29313,08:08:33,51.163530,13.466456,173.30
29316,08:08:36,51.163527,13.466455,173.00
29319,08:08:39,51.163527,13.466456,172.80
29322,08:08:42,51.163529,13.466461,172.30
29325,08:08:45,51.163531,13.466469,171.20
29328,08:08:48,51.163530,13.466475,170.10
29331,08:08:51,51.163531,13.466479,169.40
29334,08:08:54,51.163531,13.466485,169.00
29337,08:08:57,51.163533,13.466489,168.90
29340,08:09:00,51.163536,13.466495,167.90
29343,08:09:03,51.163537,13.466495,167.90
29346,08:09:06,51.163537,13.466494,168.00
29349,08:09:09,51.163536,13.466493,168.00
29352,08:09:12,51.163535,13.466491,168.20
29355,08:09:15,51.163536,13.466490,168.30
29358,08:09:18,51.163532,13.466489,168.00
29361,08:09:21,51.163530,13.466491,167.30
29364,08:09:24,51.163531,13.466457,165.80
29367,08:09:27,51.163762,13.466265,163.20
29370,08:09:30,51.163851,13.466216,151.80
29373,08:09:33,51.163910,13.466276,152.80
29378,08:09:39,51.163591,13.466991,196.40
29382,08:09:42,51.163577,13.466707,184.50
29385,08:09:45,51.163593,13.466550,172.70
29388,08:09:49,51.163586,13.466529,170.10
29391,08:09:52,51.163582,13.466522,168.50
29394,08:09:55,51.163578,13.466521,167.40
29397,08:09:58,51.163576,13.466515,167.30
29400,08:10:01,51.163572,13.466508,167.90
29403,08:10:04,51.163567,13.466500,168.20
29406,08:10:07,51.163564,13.466494,168.20
29409,08:10:10,51.163562,13.466489,168.60
29412,08:10:13,51.163556,13.466485,169.50
29415,08:10:16,51.163553,13.466463,169.40
29418,08:10:19,51.163530,13.466454,170.70
29421,08:10:22,51.163528,13.466452,171.60
29424,08:10:25,51.163530,13.466448,172.00
29427,08:10:28,51.163530,13.466448,171.80
29430,08:10:31,51.163532,13.466445,171.90
29433,08:10:34,51.163536,13.466443,171.80
29436,08:10:37,51.163537,13.466445,171.30
29439,08:10:40,51.163536,13.466452,171.60
29442,08:10:43,51.163557,13.466510,172.80
29445,08:10:46,51.163574,13.466364,164.70
29461,08:11:01,51.163598,13.466465,163.60
29464,08:11:04,51.163562,13.466484,167.60
29467,08:11:07,51.163538,13.466496,169.30
29470,08:11:10,51.163533,13.466497,170.20
29473,08:11:13,51.163531,13.466496,170.30
29476,08:11:16,51.163526,13.466501,170.30
29479,08:11:19,51.163531,13.466497,168.90
29482,08:11:22,51.163531,13.466497,167.80
29485,08:11:25,51.163530,13.466494,166.90
29488,08:11:28,51.163526,13.466492,166.60
29491,08:11:31,51.163527,13.466484,166.60
29494,08:11:34,51.163528,13.466482,166.00
29497,08:11:37,51.163525,13.466483,165.20
29500,08:11:40,51.163516,13.466486,163.80
29503,08:11:43,51.163506,13.466491,162.30
29506,08:11:46,51.163501,13.466494,161.50
29509,08:11:49,51.163496,13.466499,160.60
29512,08:11:52,51.163487,13.466520,161.40
29566,08:12:46,51.163405,13.466657,112.60
29569,08:12:49,51.163447,13.466626,116.90
29572,08:12:52,51.163469,13.466599,121.00
29575,08:12:55,51.163485,13.466578,124.80
29578,08:12:58,51.163492,13.466552,132.70
29581,08:13:01,51.163487,13.466525,140.50
29584,08:13:04,51.163473,13.466494,148.50
29587,08:13:07,51.163468,13.466503,153.80
29590,08:13:10,51.163461,13.466502,155.90
29593,08:13:13,51.163456,13.466500,158.10
29596,08:13:16,51.163453,13.466502,159.20
29599,08:13:19,51.163448,13.466503,159.60
29602,08:13:22,51.163444,13.466503,160.60
29605,08:13:25,51.163443,13.466502,161.50
29608,08:13:28,51.163443,13.466499,162.40
29611,08:13:31,51.163442,13.466496,163.20
29614,08:13:34,51.163441,13.466496,163.50
29617,08:13:37,51.163443,13.466498,163.80
29620,08:13:40,51.163410,13.466563,158.40
29623,08:13:43,51.163416,13.466576,159.60
29626,08:13:46,51.163418,13.466587,161.90
29629,08:13:49,51.163455,13.466548,158.60
29632,08:13:52,51.163448,13.466545,159.70
29635,08:13:55,51.163427,13.466521,159.30
29638,08:13:58,51.163410,13.466556,162.30
29641,08:14:01,51.163412,13.466551,162.10
29644,08:14:04,51.163412,13.466553,162.30
29647,08:14:07,51.163414,13.466550,162.60
29650,08:14:10,51.163421,13.466542,163.10
29653,08:14:13,51.163429,13.466540,163.50
29656,08:14:16,51.163436,13.466535,164.20
29659,08:14:19,51.163440,13.466535,164.70
29662,08:14:22,51.163443,13.466535,164.60
29665,08:14:25,51.163444,13.466538,164.60
29668,08:14:28,51.163442,13.466537,164.50
29671,08:14:31,51.163443,13.466531,164.30
29674,08:14:34,51.163441,13.466528,164.50
29677,08:14:37,51.163444,13.466519,164.60
29680,08:14:40,51.163446,13.466512,164.40
29683,08:14:43,51.163449,13.466504,163.80
29686,08:14:47,51.163451,13.466491,163.30
29689,08:14:50,51.163451,13.466484,162.90
29692,08:14:53,51.163451,13.466481,162.90
29695,08:14:56,51.163474,13.466802,181.40
29711,08:15:11,51.163535,13.466458,182.00
29714,08:15:14,51.163519,13.466461,164.70
29717,08:15:17,51.163514,13.466458,164.10
29720,08:15:20,51.163505,13.466462,162.50
29723,08:15:23,51.163497,13.466477,162.50
29726,08:15:26,51.163500,13.466474,162.00
29729,08:15:29,51.163501,13.466476,160.50
29732,08:15:31,51.163502,13.466477,159.20
29735,08:15:35,51.163504,13.466473,158.90
29738,08:15:38,51.163503,13.466472,158.60
29741,08:15:41,51.163501,13.466472,158.90
29744,08:15:44,51.163497,13.466474,159.50
29747,08:15:47,51.163494,13.466476,160.00
29750,08:15:50,51.163497,13.466474,160.70
29753,08:15:53,51.163502,13.466470,161.40
29756,08:15:56,51.163500,13.466470,160.70
29759,08:15:59,51.163502,13.466468,161.00
29762,08:16:02,51.163504,13.466467,161.30
29765,08:16:05,51.163504,13.466467,161.10
29768,08:16:08,51.163506,13.466465,161.20
29771,08:16:11,51.163511,13.466451,160.80
29780,08:16:20,51.163513,13.466091,145.60
29785,08:16:26,51.163627,13.466065,149.40
29789,08:16:29,51.163605,13.466331,151.00
29792,08:16:31,51.163578,13.466370,151.60
29795,08:16:35,51.163538,13.466409,150.10
29798,08:16:38,51.163519,13.466425,149.30
29801,08:16:41,51.163511,13.466437,150.10
29804,08:16:44,51.163503,13.466442,149.90
29807,08:16:47,51.163501,13.466445,150.30
29810,08:16:50,51.163497,13.466450,150.00
29813,08:16:53,51.163502,13.466446,152.20
29816,08:16:56,51.163506,13.466444,152.10
29819,08:16:59,51.163511,13.466438,152.30
29822,08:17:02,51.163512,13.466441,153.00
29825,08:17:05,51.163511,13.466449,153.20
29828,08:17:08,51.163517,13.466448,153.80
29831,08:17:11,51.163517,13.466449,153.80
29834,08:17:14,51.163520,13.466446,153.60
29837,08:17:17,51.163521,13.466444,153.20
29840,08:17:20,51.163523,13.466444,153.30
29843,08:17:23,51.163523,13.466438,153.00
29846,08:17:26,51.163483,13.466326,152.80
29849,08:17:29,51.163557,13.466278,151.80
29852,08:17:31,51.163486,13.466203,136.20
29906,08:18:26,51.163587,13.466328,158.80
29909,08:18:29,51.163557,13.466348,157.50
29912,08:18:31,51.163541,13.466361,156.10
29915,08:18:35,51.163535,13.466371,155.00
29918,08:18:38,51.163534,13.466381,154.90
29921,08:18:41,51.163535,13.466384,156.10
29924,08:18:44,51.163534,13.466388,155.90
29927,08:18:47,51.163540,13.466375,156.30
29930,08:18:50,51.163542,13.466371,157.10
29933,08:18:53,51.163543,13.466367,157.80
29936,08:18:56,51.163544,13.466367,157.70
29939,08:18:59,51.163545,13.466368,157.90
29942,08:19:02,51.163545,13.466373,157.80
29945,08:19:05,51.163545,13.466377,157.80
29948,08:19:08,51.163541,13.466377,157.10
29951,08:19:11,51.163552,13.466355,153.80
29954,08:19:14,51.163562,13.466349,153.30
29957,08:19:17,51.163562,13.466333,150.60
29963,08:19:23,51.163421,13.466745,153.30
29966,08:19:26,51.163488,13.466535,155.30
29969,08:19:29,51.163521,13.466464,155.30
29972,08:19:31,51.163533,13.466449,156.10
29975,08:19:35,51.163533,13.466440,156.80
29978,08:19:38,51.163536,13.466439,156.90
29981,08:19:41,51.163539,13.466433,156.50
29984,08:19:45,51.163537,13.466428,156.60
29987,08:19:48,51.163537,13.466425,156.30
29990,08:19:51,51.163541,13.466426,156.00
29993,08:19:54,51.163542,13.466422,155.40
29996,08:19:57,51.163542,13.466418,155.80
29999,08:20:00,51.163541,13.466413,156.20
30002,08:20:03,51.163541,13.466406,156.80
30005,08:20:06,51.163540,13.466403,156.50
30008,08:20:09,51.163541,13.466399,156.40
30011,08:20:12,51.163544,13.466397,157.00
30014,08:20:15,51.163533,13.466295,159.50
30017,08:20:18,51.163571,13.466161,171.20
30020,08:20:21,51.163573,13.466159,190.20
30023,08:20:24,51.163583,13.465999,205.00
30026,08:20:27,51.163710,13.466009,219.50
30029,08:20:30,51.163712,13.466071,234.00
30032,08:20:33,51.163806,13.466055,245.10
30035,08:20:36,51.164012,13.466244,253.90
30038,08:20:39,51.163913,13.466603,273.30
30041,08:20:42,51.163895,13.466603,284.40
30044,08:20:45,51.163964,13.466680,298.30
30047,08:20:48,51.163955,13.466859,312.60
30050,08:20:51,51.164041,13.467018,329.30
30053,08:20:54,51.164085,13.467064,348.80
30056,08:20:57,51.164077,13.467349,366.80
30059,08:21:00,51.164164,13.467612,384.10
30062,08:21:03,51.164242,13.467661,400.30
30065,08:21:06,51.164339,13.467937,415.50
30068,08:21:09,51.164504,13.468148,430.80
30071,08:21:12,51.164604,13.468172,441.00
30074,08:21:15,51.164710,13.468348,448.90
30077,08:21:18,51.164760,13.468523,459.60
30080,08:21:21,51.164885,13.468607,470.90
30083,08:21:24,51.165057,13.468821,483.80
30086,08:21:27,51.165090,13.469067,496.00
30089,08:21:30,51.165145,13.469205,507.80
30092,08:21:33,51.165245,13.469359,521.00
30095,08:21:36,51.165301,13.469590,536.50
30098,08:21:39,51.165366,13.469883,553.50
30101,08:21:42,51.165424,13.470112,570.10
30104,08:21:45,51.165495,13.470222,585.90
30114,08:21:54,51.165988,13.471209,626.80
30117,08:21:57,51.165979,13.471268,642.20
30120,08:22:00,51.166045,13.471471,658.70
30123,08:22:03,51.166109,13.471811,673.10
30126,08:22:06,51.166159,13.472213,689.70
30129,08:22:09,51.166257,13.472424,706.60
30132,08:22:12,51.166338,13.472724,724.90
30135,08:22:15,51.166463,13.473153,739.30
30138,08:22:18,51.166601,13.473370,752.80
30141,08:22:21,51.166692,13.473569,768.10
30144,08:22:24,51.166827,13.473997,781.80
30147,08:22:27,51.167001,13.474260,796.30
30150,08:22:30,51.167090,13.474557,811.00
30153,08:22:33,51.167210,13.475010,825.60
30156,08:22:36,51.167372,13.475217,838.60
30159,08:22:39,51.167496,13.475560,851.80
30162,08:22:42,51.167583,13.476016,863.80
30165,08:22:45,51.167643,13.476241,874.10
30168,08:22:48,51.167756,13.476518,886.20
30171,08:22:51,51.167905,13.476896,899.80
30174,08:22:54,51.167999,13.477128,913.70
30177,08:22:57,51.168032,13.477344,936.20
30180,08:23:00,51.168221,13.477635,953.70
30185,08:23:06,51.168440,13.478370,988.20
30189,08:23:09,51.168576,13.478670,999.60
30192,08:23:12,51.168697,13.478867,1009.50
30195,08:23:15,51.168812,13.479143,1021.00
30198,08:23:18,51.169016,13.479418,1033.30
30201,08:23:21,51.169187,13.479720,1047.60
30204,08:23:24,51.169382,13.480078,1059.50
30207,08:23:27,51.169643,13.480405,1074.00
30210,08:23:30,51.169750,13.480872,1091.80
30213,08:23:33,51.169916,13.481245,1105.70
30216,08:23:36,51.170073,13.481685,1123.90
30219,08:23:39,51.170198,13.482098,1134.40
30222,08:23:42,51.170405,13.482404,1145.30
30225,08:23:45,51.170616,13.482753,1157.60
30228,08:23:48,51.170743,13.483036,1168.40
30231,08:23:51,51.170967,13.483293,1180.20
30234,08:23:54,51.171167,13.483660,1193.30
30237,08:23:57,51.171310,13.484000,1208.60
30240,08:24:00,51.171571,13.484281,1223.50
30243,08:24:03,51.171791,13.484543,1237.60
30246,08:24:06,51.171928,13.484860,1249.90
30249,08:24:09,51.172171,13.485257,1262.90
30252,08:24:12,51.172418,13.485555,1277.70
30255,08:24:15,51.172627,13.485840,1293.80
30258,08:24:18,51.172901,13.486162,1309.70
30261,08:24:21,51.173110,13.486508,1324.90
30264,08:24:24,51.173256,13.486873,1340.40
30267,08:24:27,51.173537,13.487113,1354.90
30270,08:24:31,51.173858,13.487620,1370.80
30273,08:24:34,51.174044,13.488008,1385.20
30276,08:24:37,51.174279,13.488264,1399.90
30279,08:24:40,51.174504,13.488633,1416.60
30282,08:24:43,51.174788,13.489152,1434.10
30285,08:24:46,51.175009,13.489502,1457.80
30288,08:24:49,51.175142,13.489862,1473.60
30291,08:24:52,51.175413,13.490191,1490.10
30294,08:24:55,51.175730,13.490530,1502.40
30297,08:24:58,51.175939,13.490829,1510.60
30300,08:25:01,51.176238,13.491132,1524.00
30303,08:25:04,51.176452,13.491539,1537.70
30306,08:25:07,51.176663,13.491878,1552.60
30309,08:25:10,51.176941,13.492204,1568.50
30312,08:25:13,51.177148,13.492517,1583.50
30315,08:25:16,51.177310,13.492873,1597.70
30318,08:25:19,51.177534,13.493347,1612.70
30321,08:25:22,51.177734,13.493751,1628.20
30324,08:25:25,51.177883,13.494096,1642.60
30327,08:25:28,51.178055,13.494496,1654.20
30330,08:25:31,51.178238,13.494813,1663.80
30333,08:25:34,51.178378,13.495241,1675.80
30336,08:25:37,51.178592,13.495679,1690.80
30339,08:25:40,51.178804,13.496061,1708.00
30342,08:25:43,51.178981,13.496491,1723.20
30345,08:25:46,51.179148,13.496799,1734.70
30348,08:25:49,51.179364,13.497194,1749.00
30351,08:25:52,51.179560,13.497694,1765.50
30354,08:25:55,51.179726,13.498076,1782.50
30357,08:25:58,51.179898,13.498448,1797.60
30360,08:26:01,51.180130,13.498806,1812.90
30363,08:26:04,51.180283,13.499236,1828.20
30366,08:26:07,51.180419,13.499709,1846.40
30369,08:26:10,51.180633,13.500264,1866.10
30372,08:26:13,51.180883,13.500623,1879.00
30375,08:26:16,51.181091,13.500936,1890.40
30378,08:26:19,51.181331,13.501267,1902.20
30381,08:26:22,51.181502,13.501625,1912.80
30384,08:26:25,51.181695,13.501934,1925.20
30387,08:26:28,51.181931,13.502330,1940.40
30390,08:26:31,51.182079,13.502744,1956.20
30393,08:26:34,51.182250,13.503093,1972.50
30396,08:26:37,51.182414,13.503486,1984.40
30399,08:26:40,51.182525,13.503908,1998.40
30402,08:26:43,51.182751,13.504304,2014.40
30405,08:26:46,51.182914,13.504807,2031.60
30408,08:26:49,51.183017,13.505263,2048.90
30411,08:26:52,51.183233,13.505726,2065.00
30414,08:26:55,51.183442,13.506272,2081.90
30417,08:26:58,51.183564,13.506690,2098.40
30420,08:27:01,51.183715,13.507215,2115.80
30423,08:27:04,51.183903,13.507822,2133.30
30426,08:27:07,51.184033,13.508270,2150.40
30429,08:27:10,51.184175,13.508760,2167.60
30432,08:27:13,51.184279,13.509398,2182.50
30435,08:27:16,51.184336,13.509975,2195.20
30438,08:27:19,51.184444,13.510510,2208.40
30441,08:27:22,51.184540,13.511101,2217.60
30447,08:27:28,51.184793,13.512153,2247.80
30451,08:27:31,51.184937,13.512737,2266.20
30454,08:27:34,51.185009,13.513292,2282.90
30457,08:27:37,51.185125,13.513813,2298.90
30460,08:27:40,51.185351,13.514272,2314.40
30463,08:27:43,51.185487,13.514877,2330.00
30466,08:27:46,51.185614,13.515460,2347.30
30469,08:27:49,51.185761,13.515876,2363.90
30472,08:27:52,51.185898,13.516441,2382.20
30475,08:27:55,51.186017,13.517034,2400.70
30478,08:27:58,51.186138,13.517470,2419.20
30481,08:28:01,51.186307,13.518009,2437.50
30484,08:28:04,51.186442,13.518652,2455.90
30487,08:28:07,51.186591,13.519116,2473.90
30490,08:28:10,51.186782,13.519538,2490.50
30493,08:28:13,51.186956,13.520021,2501.10
30496,08:28:16,51.187123,13.520406,2510.90
30499,08:28:19,51.187287,13.520883,2524.40
30502,08:28:22,51.187393,13.521373,2539.70
30505,08:28:25,51.187531,13.521938,2553.80
30514,08:28:34,51.188035,13.523327,2596.40
30517,08:28:37,51.188306,13.524157,2620.00
30520,08:28:40,51.188420,13.524579,2637.80
30523,08:28:43,51.188558,13.524953,2654.10
30526,08:28:46,51.188661,13.525445,2670.70
30529,08:28:49,51.188797,13.525925,2685.40
30532,08:28:52,51.188991,13.526365,2697.50
30535,08:28:55,51.189130,13.526773,2712.40
30538,08:28:58,51.189322,13.527189,2723.80
30541,08:29:01,51.189563,13.527676,2736.10
30547,08:29:08,51.189803,13.529327,2772.90
30551,08:29:11,51.190095,13.529819,2781.20
30554,08:29:14,51.190229,13.530339,2797.70
30557,08:29:17,51.190389,13.530959,2812.30
30560,08:29:20,51.190605,13.531491,2823.30
30563,08:29:23,51.190838,13.532030,2836.70
30566,08:29:26,51.191005,13.532477,2853.50
30569,08:29:29,51.191181,13.533037,2870.10
30572,08:29:31,51.191342,13.533436,2887.80
30575,08:29:35,51.191611,13.534175,2905.60
30578,08:29:38,51.191809,13.534547,2923.10
30581,08:29:41,51.191966,13.535027,2935.00
30584,08:29:44,51.192120,13.535498,2948.60
30587,08:29:47,51.192278,13.535984,2961.30
30590,08:29:50,51.192403,13.536584,2975.20
30593,08:29:53,51.192588,13.537053,2989.30
30596,08:29:56,51.192744,13.537489,3003.80
30599,08:29:59,51.192932,13.537949,3017.20
30602,08:30:02,51.193178,13.538365,3033.20
30605,08:30:05,51.193339,13.538945,3049.60
30608,08:30:08,51.193523,13.539526,3065.70
30611,08:30:11,51.193656,13.539998,3079.80
30614,08:30:14,51.193787,13.540461,3095.50
30617,08:30:17,51.194041,13.540934,3110.80
30620,08:30:20,51.194198,13.541459,3127.20
30623,08:30:23,51.194317,13.541947,3145.00
30626,08:30:26,51.194563,13.542322,3163.60
30641,08:30:41,51.195628,13.544329,3221.20
30644,08:30:44,51.195768,13.544699,3233.20
30647,08:30:47,51.195875,13.545157,3246.30
30650,08:30:50,51.196004,13.545646,3260.50
30653,08:30:53,51.196208,13.546092,3276.10
30656,08:30:56,51.196359,13.546499,3293.20
30659,08:30:59,51.196441,13.546967,3309.30
30662,08:31:02,51.196588,13.547532,3324.60
30665,08:31:05,51.196790,13.548039,3341.20
30668,08:31:08,51.196950,13.548438,3357.70
30671,08:31:11,51.197040,13.548914,3371.90
30674,08:31:14,51.197145,13.549471,3386.20
30677,08:31:17,51.197300,13.550005,3400.70
30680,08:31:20,51.197500,13.550502,3415.60
30683,08:31:23,51.197620,13.550912,3430.70
30686,08:31:26,51.197715,13.551438,3447.90
30689,08:31:29,51.197882,13.552007,3465.00
30692,08:31:31,51.198057,13.552433,3480.30
30695,08:31:35,51.198184,13.552805,3496.00
30698,08:31:38,51.198366,13.553287,3510.70
30701,08:31:41,51.198554,13.553815,3525.10
30704,08:31:44,51.198621,13.554341,3540.10
30707,08:31:47,51.198862,13.554731,3550.80
30710,08:31:50,51.198992,13.555134,3566.10
30713,08:31:53,51.199129,13.555731,3580.10
30716,08:31:56,51.199244,13.556265,3595.50
30719,08:31:59,51.199308,13.556783,3610.50
30722,08:32:02,51.199343,13.557346,3624.90
30725,08:32:05,51.199411,13.557714,3637.50
30728,08:32:08,51.199548,13.558145,3651.20
30731,08:32:11,51.199705,13.558681,3664.60
30734,08:32:14,51.199792,13.559196,3680.10
30737,08:32:17,51.199860,13.559652,3695.40
30740,08:32:20,51.199999,13.560046,3710.90
30743,08:32:23,51.200147,13.560568,3726.30
30746,08:32:26,51.200260,13.561181,3740.40
30749,08:32:29,51.200328,13.561658,3755.30
30752,08:32:31,51.200470,13.562123,3771.90
30755,08:32:35,51.200640,13.562734,3787.30
30758,08:32:38,51.200718,13.563317,3801.40
30761,08:32:41,51.200790,13.563806,3816.70
30764,08:32:44,51.200959,13.564298,3833.80
30767,08:32:47,51.201070,13.564777,3852.40
30770,08:32:50,51.201150,13.565414,3867.80
30773,08:32:53,51.201201,13.565948,3883.30
30776,08:32:56,51.201282,13.566355,3898.10
30779,08:32:59,51.201384,13.566996,3923.10
30782,08:33:02,51.201484,13.567543,3939.00
30785,08:33:05,51.201317,13.567713,3940.50
30788,08:33:08,51.201571,13.567920,3945.80
30791,08:33:11,51.201709,13.568397,3962.50
30794,08:33:14,51.201702,13.569120,3980.80
30800,08:33:20,51.201698,13.570103,4016.90
30803,08:33:23,51.201769,13.570519,4031.50
30806,08:33:26,51.201825,13.570991,4048.60
30809,08:33:29,51.201859,13.571457,4066.30
30812,08:33:31,51.201856,13.572019,4080.90
30815,08:33:35,51.201834,13.572537,4094.70
30818,08:33:38,51.201823,13.572942,4109.40
30821,08:33:41,51.201909,13.573355,4123.40
30824,08:33:44,51.202008,13.573861,4140.00
30827,08:33:47,51.202053,13.574344,4158.40
30830,08:33:50,51.202141,13.574773,4177.50
30833,08:33:54,51.202190,13.575413,4196.10
30836,08:33:57,51.202234,13.575957,4212.60
30839,08:34:00,51.202387,13.576443,4228.20
30842,08:34:03,51.202475,13.576825,4244.30
30845,08:34:06,51.202517,13.577313,4260.20
30848,08:34:09,51.202597,13.577887,4272.10
30851,08:34:12,51.202706,13.578519,4285.20
30854,08:34:15,51.202615,13.579361,4320.20
30857,08:34:18,51.202667,13.579702,4341.80
30860,08:34:21,51.202821,13.579989,4352.50
30863,08:34:24,51.203186,13.580194,4360.70
30866,08:34:27,51.203277,13.580447,4374.40
30869,08:34:30,51.203375,13.580867,4389.10
30872,08:34:33,51.203504,13.581260,4405.40
30875,08:34:36,51.203660,13.581609,4420.40
30878,08:34:39,51.203753,13.582019,4435.60
30881,08:34:42,51.203802,13.582513,4450.70
30884,08:34:45,51.203897,13.583014,4467.00
30887,08:34:48,51.204044,13.583443,4482.00
30890,08:34:51,51.204130,13.583813,4500.20
30893,08:34:54,51.204102,13.584221,4508.40
30896,08:34:57,51.204166,13.584659,4521.90
30899,08:35:00,51.204255,13.585072,4538.80
30902,08:35:03,51.204405,13.585474,4555.70
30905,08:35:06,51.204538,13.585790,4570.90
30908,08:35:09,51.204653,13.586093,4586.20
30911,08:35:12,51.204737,13.586430,4601.20
30914,08:35:15,51.204786,13.586877,4616.00
30917,08:35:18,51.204935,13.587343,4633.20
30920,08:35:21,51.205085,13.587679,4648.80
30923,08:35:24,51.205183,13.587965,4662.80
30927,08:35:27,51.205260,13.588293,4677.50
30930,08:35:30,51.205329,13.588706,4692.50
30933,08:35:33,51.205485,13.589133,4708.40
30936,08:35:36,51.205650,13.589437,4724.80
30939,08:35:39,51.205734,13.589713,4740.50
30942,08:35:42,51.205805,13.590058,4752.60
30945,08:35:45,51.205868,13.590371,4763.40
30948,08:35:48,51.205968,13.590627,4776.00
30951,08:35:51,51.206140,13.590960,4790.50
30954,08:35:54,51.206296,13.591382,4806.20
30957,08:35:57,51.206284,13.592007,4822.40
30960,08:36:00,51.206411,13.592385,4848.50
30963,08:36:03,51.206796,13.592346,4870.20
30966,08:36:06,51.206865,13.592818,4904.10
30969,08:36:09,51.207064,13.593201,4916.40
30972,08:36:12,51.207166,13.593605,4921.60
30975,08:36:15,51.207242,13.594007,4928.70
30978,08:36:18,51.207329,13.594333,4939.90
30981,08:36:21,51.207487,13.594656,4953.50
30984,08:36:24,51.207654,13.595102,4969.50
30987,08:36:27,51.207768,13.595584,4981.90
30990,08:36:30,51.207840,13.596042,4995.60
30993,08:36:33,51.207977,13.596438,5012.00
30996,08:36:36,51.208104,13.596767,5030.10
30999,08:36:39,51.208203,13.597144,5049.50
31002,08:36:42,51.208301,13.597476,5067.40
31005,08:36:45,51.208334,13.597715,5079.40
31008,08:36:48,51.208376,13.598119,5091.40
31011,08:36:51,51.208468,13.598590,5103.70
31014,08:36:54,51.208568,13.599073,5118.40
31017,08:36:57,51.208715,13.599545,5131.70
31020,08:37:00,51.208873,13.599907,5145.50
31023,08:37:03,51.208970,13.600260,5159.50
31026,08:37:06,51.209025,13.600654,5171.10
31029,08:37:09,51.209075,13.601180,5182.70
31034,08:37:15,51.209401,13.602111,5212.00
31038,08:37:18,51.209562,13.602555,5225.00
31041,08:37:21,51.209715,13.603084,5233.90
31044,08:37:24,51.209774,13.603731,5244.10
31047,08:37:27,51.209841,13.604254,5257.40
31050,08:37:30,51.209916,13.604708,5272.80
31053,08:37:33,51.210049,13.605117,5286.90
31056,08:37:36,51.210232,13.605591,5298.70
31059,08:37:39,51.210388,13.606129,5310.20
31062,08:37:42,51.210501,13.606691,5324.20
31065,08:37:45,51.210569,13.607191,5340.00
31068,08:37:48,51.210666,13.607613,5354.10
31071,08:37:51,51.210771,13.608014,5364.20
31074,08:37:54,51.210924,13.608434,5374.40
31077,08:37:57,51.211099,13.608940,5386.40
31080,08:38:00,51.211250,13.609511,5401.30
31083,08:38:03,51.211368,13.610055,5416.50
31086,08:38:06,51.211458,13.610501,5429.40
31089,08:38:09,51.211621,13.610904,5441.90
31092,08:38:12,51.211825,13.611382,5456.10
31095,08:38:15,51.211996,13.611948,5470.00
31098,08:38:18,51.212125,13.612513,5482.30
31101,08:38:21,51.212230,13.613043,5495.40
31104,08:38:24,51.212363,13.613455,5508.20
31107,08:38:27,51.212561,13.613864,5522.50
31110,08:38:30,51.212835,13.614331,5536.60
31113,08:38:33,51.213090,13.615017,5547.70
31116,08:38:37,51.213223,13.615699,5560.30
31119,08:38:40,51.213461,13.615890,5562.50
31122,08:38:43,51.213622,13.616410,5579.30
31125,08:38:46,51.213811,13.617015,5594.40
31128,08:38:49,51.213902,13.617567,5609.90
31131,08:38:52,51.214168,13.617602,5625.30
31134,08:38:55,51.214266,13.618184,5627.50
31137,08:38:58,51.214361,13.618915,5653.30
31140,08:39:01,51.214512,13.619516,5667.40
31143,08:39:04,51.214629,13.620121,5681.80
31146,08:39:07,51.214699,13.620659,5704.20
31149,08:39:10,51.214834,13.621066,5721.60
31152,08:39:13,51.214978,13.621480,5737.00
31155,08:39:16,51.215169,13.621892,5749.80
31158,08:39:19,51.215350,13.622297,5761.60
31161,08:39:22,51.215528,13.622840,5772.80
31164,08:39:25,51.215659,13.623358,5786.50
31167,08:39:28,51.215719,13.623861,5802.00
31170,08:39:31,51.215811,13.624263,5819.40
31173,08:39:34,51.215891,13.624650,5833.70
31176,08:39:37,51.215999,13.625027,5843.50
31179,08:39:40,51.216145,13.625455,5850.70
31182,08:39:43,51.216279,13.625961,5858.50
31185,08:39:46,51.216389,13.626499,5867.50
31188,08:39:49,51.216446,13.627038,5879.00
31191,08:39:52,51.216547,13.627542,5890.20
31194,08:39:55,51.216691,13.628029,5904.10
31197,08:39:58,51.216644,13.628503,5910.40
31200,08:40:01,51.216793,13.629026,5930.60
31203,08:40:04,51.216924,13.629484,5950.60
31206,08:40:07,51.217039,13.629819,5963.10
31209,08:40:10,51.217097,13.630236,5979.80
31212,08:40:13,51.217126,13.630690,5997.40
31215,08:40:16,51.217213,13.631199,6014.80
31222,08:40:22,51.217513,13.632088,6045.70
31225,08:40:25,51.217740,13.632351,6070.60
31228,08:40:28,51.217784,13.632704,6086.50
31231,08:40:31,51.217834,13.633090,6102.20
31234,08:40:34,51.217864,13.633475,6119.00
31237,08:40:37,51.217967,13.633812,6138.30
31240,08:40:40,51.218117,13.634288,6158.20
31243,08:40:43,51.218200,13.634839,6177.90
31246,08:40:46,51.218226,13.635359,6193.70
31249,08:40:49,51.218240,13.635789,6207.20
31252,08:40:52,51.218314,13.636160,6221.10
31255,08:40:55,51.218451,13.636578,6235.70
31258,08:40:58,51.218575,13.637054,6252.30
31261,08:41:01,51.218644,13.637606,6268.10
31264,08:41:04,51.218683,13.638140,6281.50
31267,08:41:07,51.218728,13.638675,6293.00
31270,08:41:10,51.218765,13.639090,6305.80
31273,08:41:13,51.218847,13.639442,6322.40
31276,08:41:16,51.218972,13.639862,6337.80
31279,08:41:19,51.219125,13.640291,6351.40
31282,08:41:22,51.219262,13.640810,6366.10
31285,08:41:25,51.219347,13.641397,6379.80
31291,08:41:31,51.219419,13.642392,6413.20
31300,08:41:40,51.219569,13.643974,6449.80
31303,08:41:43,51.219868,13.644208,6467.90
31306,08:41:46,51.219975,13.644626,6480.60
31309,08:41:49,51.220032,13.644999,6493.00
31312,08:41:52,51.220087,13.645370,6506.30
31315,08:41:55,51.220104,13.645812,6522.20
31318,08:41:58,51.220139,13.646263,6538.40
31321,08:42:01,51.220225,13.646807,6553.30
31324,08:42:04,51.220323,13.647311,6568.20
31327,08:42:07,51.220403,13.647882,6583.80
31330,08:42:10,51.220432,13.648436,6601.20
31333,08:42:13,51.220465,13.648852,6620.10
31336,08:42:16,51.220531,13.649278,6641.20
31339,08:42:19,51.220636,13.649744,6661.90
31342,08:42:22,51.220719,13.650325,6681.00
31345,08:42:25,51.220687,13.650878,6695.80
31348,08:42:28,51.220685,13.651398,6707.90
31351,08:42:31,51.220698,13.651841,6721.20
31354,08:42:34,51.220779,13.652264,6737.20
31357,08:42:37,51.220885,13.652831,6754.60
31360,08:42:40,51.220951,13.653415,6771.50
31363,08:42:43,51.220940,13.654006,6782.50
31366,08:42:46,51.220892,13.654409,6792.80
31377,08:42:58,51.221182,13.656452,6850.70
31381,08:43:01,51.221234,13.657051,6867.50
31384,08:43:04,51.221232,13.657650,6882.40
31387,08:43:08,51.221260,13.658282,6899.00
31390,08:43:11,51.221370,13.658741,6915.30
31393,08:43:14,51.221429,13.659300,6934.10
31396,08:43:17,51.221444,13.659911,6952.90
31399,08:43:20,51.221431,13.660416,6968.00
31402,08:43:23,51.221432,13.660910,6983.70
31405,08:43:26,51.221502,13.661570,7001.20
31408,08:43:29,51.221608,13.662159,7017.80
31411,08:43:31,51.221696,13.662520,7029.40
31414,08:43:35,51.221865,13.663292,7040.00
31417,08:43:38,51.221968,13.663908,7050.00
31420,08:43:41,51.222053,13.664557,7060.30
31423,08:43:44,51.222108,13.665152,7074.00
31426,08:43:47,51.222159,13.665730,7098.10
31429,08:43:50,51.222146,13.666220,7114.00
31432,08:43:53,51.222198,13.666609,7125.30
31435,08:43:56,51.222304,13.667058,7133.80
31438,08:43:59,51.222415,13.667576,7143.60
31441,08:44:02,51.222483,13.668029,7153.20
31444,08:44:05,51.222547,13.668528,7169.70
31447,08:44:08,51.222665,13.669169,7183.20
31450,08:44:11,51.222777,13.669828,7199.20
31453,08:44:14,51.222879,13.670324,7200.10
31456,08:44:17,51.222994,13.670806,7205.80
31459,08:44:20,51.223029,13.671279,7212.30
31462,08:44:23,51.223136,13.671752,7220.30
31465,08:44:26,51.223214,13.672349,7227.60
31468,08:44:29,51.223328,13.672869,7235.40
31471,08:44:31,51.223488,13.673398,7244.50
31474,08:44:35,51.223552,13.673913,7254.20
31477,08:44:38,51.223715,13.674310,7266.00
31480,08:44:41,51.223791,13.674818,7279.60
31483,08:44:44,51.223870,13.675211,7295.90
31486,08:44:47,51.224082,13.675671,7310.20
31489,08:44:50,51.224258,13.676243,7321.10
31492,08:44:53,51.224429,13.676719,7335.80
31495,08:44:56,51.224539,13.677181,7353.00
31498,08:44:59,51.224574,13.677629,7366.10
31501,08:45:02,51.224627,13.678064,7372.70
31504,08:45:05,51.224726,13.678512,7381.50
31507,08:45:08,51.224869,13.678971,7390.50
31510,08:45:11,51.225010,13.679432,7400.40
31513,08:45:14,51.225093,13.679993,7411.40
31516,08:45:17,51.225290,13.680776,7424.00
31519,08:45:20,51.225316,13.681490,7438.80
31528,08:45:29,51.225549,13.682310,7475.40
31532,08:45:31,51.225718,13.682656,7488.30
31535,08:45:35,51.225904,13.683071,7499.70
31538,08:45:38,51.226087,13.683599,7512.10
31541,08:45:41,51.226196,13.684129,7526.80
31544,08:45:44,51.226239,13.684567,7540.80
31547,08:45:47,51.226302,13.684947,7550.50
31550,08:45:50,51.226361,13.685302,7556.90
31553,08:45:53,51.226366,13.685843,7565.60
31556,08:45:56,51.226502,13.686400,7574.90
31559,08:45:59,51.226602,13.686787,7582.20
31562,08:46:02,51.226715,13.687265,7592.60
31565,08:46:05,51.226815,13.687872,7602.10
31568,08:46:08,51.226889,13.688376,7608.30
31571,08:46:11,51.226973,13.688910,7616.00
31574,08:46:14,51.227069,13.689338,7624.60
31577,08:46:17,51.227185,13.689722,7636.40
31580,08:46:20,51.227255,13.690210,7652.00
31583,08:46:23,51.227331,13.690612,7670.40
31586,08:46:26,51.227385,13.691132,7685.00
31589,08:46:29,51.227398,13.691622,7698.60
31592,08:46:31,51.227488,13.691978,7714.70
31595,08:46:35,51.227638,13.692543,7731.30
31598,08:46:38,51.227786,13.692984,7750.20
31601,08:46:41,51.227969,13.693476,7766.80
31604,08:46:44,51.228106,13.694112,7780.30
31607,08:46:47,51.228150,13.694571,7790.90
31610,08:46:50,51.228239,13.695085,7802.10
31613,08:46:53,51.228306,13.695464,7815.70
31616,08:46:56,51.228422,13.695856,7833.20
31619,08:46:59,51.228597,13.696309,7854.10
31631,08:47:11,51.229300,13.697721,7890.40
31634,08:47:14,51.229365,13.698217,7899.90
31637,08:47:17,51.229435,13.698592,7910.20
31640,08:47:20,51.229571,13.699003,7916.50
31643,08:47:23,51.229681,13.699380,7926.00
31646,08:47:26,51.229822,13.699852,7935.30
31649,08:47:29,51.229957,13.700391,7946.90
31652,08:47:31,51.230033,13.700812,7956.80
31655,08:47:35,51.230106,13.701324,7966.10
31658,08:47:38,51.230231,13.701799,7977.00
31661,08:47:41,51.230413,13.702214,7986.90
31664,08:47:44,51.230520,13.702782,7996.80
31667,08:47:47,51.230634,13.703311,8004.60
31670,08:47:50,51.230753,13.703841,8012.30
31673,08:47:53,51.230810,13.704311,8023.00
31676,08:47:56,51.230937,13.704760,8034.60
31679,08:47:59,51.231005,13.705237,8042.40
31682,08:48:03,51.231138,13.705820,8052.60
31685,08:48:06,51.231262,13.706407,8061.80
31688,08:48:09,51.231356,13.706857,8072.40
31691,08:48:12,51.231513,13.707285,8082.90
31694,08:48:15,51.231616,13.707713,8093.70
31697,08:48:18,51.231778,13.708178,8100.60
31704,08:48:24,51.231878,13.709338,8129.30
31707,08:48:27,51.232058,13.709818,8144.80
31710,08:48:30,51.232208,13.710447,8167.90
31713,08:48:33,51.232322,13.710962,8186.60
31716,08:48:36,51.232508,13.711622,8200.40
31719,08:48:39,51.232652,13.712272,8211.80
31722,08:48:42,51.232787,13.712846,8220.70
31725,08:48:45,51.232929,13.713441,8231.80
31728,08:48:48,51.232982,13.713911,8245.30
31731,08:48:51,51.233016,13.714508,8260.60
31734,08:48:54,51.233037,13.715013,8276.00
31737,08:48:57,51.233041,13.715538,8292.20
31740,08:49:00,51.233056,13.716166,8304.20
31749,08:49:09,51.233243,13.718014,8351.70
31752,08:49:12,51.233325,13.718570,8372.80
31755,08:49:15,51.233419,13.719095,8394.00
31758,08:49:18,51.233390,13.719576,8410.50
31761,08:49:21,51.233417,13.720255,8425.00
31764,08:49:24,51.233505,13.720949,8438.80
31767,08:49:27,51.233607,13.721536,8433.20
31770,08:49:30,51.233739,13.722190,8441.50
31773,08:49:33,51.233768,13.722854,8451.30
31776,08:49:36,51.233829,13.723484,8463.60
31779,08:49:39,51.233906,13.724412,8492.00
31782,08:49:42,51.233870,13.725061,8511.20
31785,08:49:45,51.233875,13.725614,8529.20
31788,08:49:48,51.233857,13.726158,8547.10
31791,08:49:51,51.233930,13.726692,8562.80
31794,08:49:54,51.234052,13.727308,8576.90
31797,08:49:57,51.234157,13.727949,8586.80
31800,08:50:00,51.234236,13.728654,8598.00
31803,08:50:03,51.234237,13.729351,8608.70
31806,08:50:06,51.234304,13.730025,8620.30
31809,08:50:09,51.234416,13.730685,8630.20
31812,08:50:12,51.234432,13.731330,8640.30
31815,08:50:15,51.234434,13.732008,8649.90
31818,08:50:18,51.234458,13.732656,8658.20
31821,08:50:21,51.234485,13.733335,8668.90
31824,08:50:24,51.234586,13.733980,8679.40
31827,08:50:27,51.234633,13.734570,8690.90
31830,08:50:30,51.234713,13.735207,8701.10
31833,08:50:33,51.234818,13.735790,8716.00
31836,08:50:36,51.234837,13.736462,8736.70
31839,08:50:39,51.234927,13.737106,8759.90
31842,08:50:42,51.234921,13.737696,8776.00
31845,08:50:45,51.234865,13.738349,8790.40
31851,08:50:51,51.235001,13.739759,8812.90
31854,08:50:54,51.235111,13.740408,8824.00
31857,08:50:57,51.235242,13.741297,8829.20
31875,08:51:15,51.235866,13.744869,8912.60
31878,08:51:18,51.235912,13.745413,8929.10
31881,08:51:21,51.236019,13.746216,8942.30
31884,08:51:24,51.236105,13.746940,8958.50
31887,08:51:27,51.236200,13.747700,8974.90
31890,08:51:30,51.236266,13.748405,8989.80
31893,08:51:33,51.236339,13.748936,9004.10
31896,08:51:36,51.236488,13.749627,9016.40
31899,08:51:39,51.236582,13.750218,9024.70
31902,08:51:42,51.236692,13.750804,9036.40
31905,08:51:45,51.236746,13.751542,9047.60
31908,08:51:48,51.236830,13.752236,9056.50
31911,08:51:51,51.236919,13.752952,9065.80
31914,08:51:54,51.236918,13.753639,9075.20
31917,08:51:57,51.236963,13.754264,9083.30
31920,08:52:00,51.236988,13.754936,9091.60
31923,08:52:03,51.237050,13.755544,9102.60
31926,08:52:06,51.237165,13.756263,9113.20
31929,08:52:09,51.237220,13.756893,9123.90
31932,08:52:12,51.237285,13.757489,9136.10
31935,08:52:15,51.237395,13.758268,9145.40
31938,08:52:18,51.237508,13.758881,9153.40
31941,08:52:21,51.237605,13.759549,9165.10
31944,08:52:24,51.237656,13.760141,9177.00
31947,08:52:27,51.237729,13.760708,9192.30
31950,08:52:30,51.237754,13.761396,9208.00
31956,08:52:37,51.237944,13.762717,9245.30
31959,08:52:40,51.238093,13.763364,9265.60
31962,08:52:43,51.238198,13.764096,9282.30
31965,08:52:46,51.238239,13.764847,9294.20
31968,08:52:49,51.238332,13.765545,9303.60
31971,08:52:52,51.238401,13.766152,9312.80
31974,08:52:55,51.238489,13.766713,9323.50
31977,08:52:58,51.238634,13.767413,9333.20
31980,08:53:01,51.238760,13.768019,9342.00
31983,08:53:04,51.238890,13.768650,9349.90
31986,08:53:07,51.238978,13.769296,9360.60
31989,08:53:10,51.239038,13.769804,9373.50
31992,08:53:13,51.239125,13.770434,9383.60
31995,08:53:16,51.239258,13.771093,9391.80
31998,08:53:19,51.239373,13.771717,9400.70
32001,08:53:22,51.239467,13.772298,9409.20
32004,08:53:25,51.239559,13.772855,9420.40
32007,08:53:28,51.239647,13.773585,9431.50
32010,08:53:31,51.239732,13.774181,9444.90
32013,08:53:34,51.239845,13.774817,9459.30
32016,08:53:37,51.239957,13.775583,9476.70
32019,08:53:40,51.240092,13.776183,9495.90
32022,08:53:43,51.240187,13.776917,9516.50
32025,08:53:46,51.240171,13.777554,9532.10
32038,08:53:58,51.240440,13.779711,9571.90
32041,08:54:01,51.240460,13.780391,9585.40
32044,08:54:04,51.240560,13.780973,9597.60
32047,08:54:07,51.240707,13.781620,9608.20
32050,08:54:10,51.240700,13.782246,9618.70
32053,08:54:13,51.240847,13.782897,9628.10
32056,08:54:16,51.240952,13.783530,9639.60
32059,08:54:19,51.241018,13.784006,9648.90
32062,08:54:22,51.241168,13.784562,9658.60
32065,08:54:25,51.241182,13.785093,9668.30
32068,08:54:28,51.241294,13.785657,9679.40
32071,08:54:31,51.241391,13.786354,9690.60
32074,08:54:34,51.241444,13.786889,9701.60
32077,08:54:37,51.241588,13.787543,9711.30
32080,08:54:40,51.241655,13.788185,9720.10
32083,08:54:43,51.241792,13.788699,9729.70
32086,08:54:46,51.241892,13.789354,9739.70
32089,08:54:49,51.241951,13.789841,9747.60
32092,08:54:52,51.242064,13.790417,9759.30
32095,08:54:55,51.242061,13.791055,9768.70
32098,08:54:58,51.242107,13.791585,9779.30
32101,08:55:01,51.242220,13.792316,9788.90
32104,08:55:04,51.242254,13.792958,9800.40
32107,08:55:07,51.242382,13.793511,9808.20
32110,08:55:10,51.242500,13.794177,9819.00
32113,08:55:13,51.242503,13.794681,9829.20
32116,08:55:16,51.242573,13.795220,9836.90
32119,08:55:19,51.242606,13.795802,9844.80
32122,08:55:22,51.242633,13.796387,9856.10
32125,08:55:25,51.242751,13.797054,9866.40
32128,08:55:28,51.242804,13.797666,9875.60
32131,08:55:31,51.242902,13.798183,9885.30
32134,08:55:34,51.242970,13.798836,9896.10
32137,08:55:37,51.242958,13.799352,9906.00
32140,08:55:40,51.243046,13.799963,9917.50
32143,08:55:43,51.243054,13.800649,9932.50
32146,08:55:46,51.243063,13.801119,9949.70
32149,08:55:49,51.243045,13.801752,9964.50
32152,08:55:52,51.242983,13.802208,9977.00
32155,08:55:55,51.242980,13.802751,9987.90
32158,08:55:58,51.242933,13.803436,10001.90
32161,08:56:01,51.242996,13.803972,10018.20
32164,08:56:04,51.243116,13.804680,10030.80
32167,08:56:07,51.243187,13.805291,10039.80
32173,08:56:13,51.243227,13.806381,10061.50
32188,08:56:28,51.243491,13.809340,10108.00
32191,08:56:31,51.243503,13.809791,10120.20
32194,08:56:34,51.243622,13.810282,10128.20
32197,08:56:37,51.243654,13.810751,10137.40
32200,08:56:40,51.243731,13.811154,10146.30
32203,08:56:44,51.243857,13.811983,10157.50
32206,08:56:47,51.243883,13.812597,10167.70
32209,08:56:50,51.243894,13.813054,10177.20
32212,08:56:53,51.243929,13.813693,10193.00
32215,08:56:56,51.244008,13.814294,10201.10
32218,08:56:59,51.244072,13.814827,10208.60
32221,08:57:02,51.244174,13.815295,10218.00
32224,08:57:05,51.244312,13.815902,10227.10
32227,08:57:08,51.244387,13.816459,10238.20
32230,08:57:11,51.244488,13.817065,10248.20
32233,08:57:14,51.244548,13.817592,10258.40
32236,08:57:17,51.244599,13.818004,10273.10
32239,08:57:20,51.244735,13.818566,10283.40
32242,08:57:23,51.244859,13.818992,10294.00
32245,08:57:26,51.244935,13.819544,10303.20
32248,08:57:29,51.245019,13.820151,10315.50
32251,08:57:31,51.245104,13.820538,10330.90
32254,08:57:35,51.245119,13.821115,10349.40
32257,08:57:38,51.245151,13.821630,10367.50
32260,08:57:41,51.245237,13.822233,10381.10
32263,08:57:44,51.245384,13.822867,10392.80
32266,08:57:47,51.245481,13.823385,10399.40
32269,08:57:50,51.245587,13.823922,10408.80
32272,08:57:53,51.245658,13.824342,10417.30
32275,08:57:56,51.245670,13.824783,10429.40
32278,08:57:59,51.245745,13.825199,10445.50
32281,08:58:02,51.245712,13.825485,10454.40
32284,08:58:05,51.245743,13.825826,10461.60
32287,08:58:08,51.245781,13.826204,10470.70
32290,08:58:11,51.245805,13.826719,10481.60
32293,08:58:14,51.245908,13.827187,10495.10
32296,08:58:17,51.245874,13.827618,10509.30
32299,08:58:20,51.245934,13.828192,10522.20
32302,08:58:23,51.245959,13.828705,10531.60
32305,08:58:26,51.245952,13.829177,10543.40
32308,08:58:29,51.246092,13.829590,10553.90
32311,08:58:31,51.246091,13.829975,10564.20
32314,08:58:35,51.246133,13.830398,10572.40
32317,08:58:38,51.246238,13.830778,10584.30
32320,08:58:41,51.246211,13.831281,10596.40
32323,08:58:44,51.246338,13.831816,10606.90
32326,08:58:47,51.246347,13.832268,10616.80
32329,08:58:50,51.246312,13.832761,10627.50
32332,08:58:53,51.246385,13.833252,10635.00
32335,08:58:56,51.246331,13.833721,10644.80
32338,08:58:59,51.246399,13.834195,10656.00
32341,08:59:02,51.246444,13.834605,10664.10
32344,08:59:05,51.246413,13.835010,10675.70
32347,08:59:08,51.246536,13.835504,10685.30
32350,08:59:11,51.246591,13.835954,10692.10
32357,08:59:17,51.246679,13.836979,10708.50
32360,08:59:20,51.246625,13.837427,10716.00
32363,08:59:23,51.246594,13.837920,10726.80
32368,08:59:29,51.246650,13.838738,10743.30
32372,08:59:31,51.246722,13.839246,10752.70
32375,08:59:35,51.246741,13.839676,10763.50
32378,08:59:38,51.246718,13.840230,10774.70
32381,08:59:41,51.246773,13.840658,10787.20
32384,08:59:44,51.246696,13.841028,10798.20
32387,08:59:47,51.246706,13.841503,10806.90
32390,08:59:50,51.246733,13.841860,10820.60
32393,08:59:53,51.246715,13.842413,10837.10
32396,08:59:56,51.246860,13.842852,10853.90
32399,08:59:59,51.246953,13.843251,10867.10
32402,09:00:02,51.247048,13.843660,10881.80
32405,09:00:05,51.247080,13.843982,10900.20
32408,09:00:08,51.247031,13.844485,10914.50
32411,09:00:11,51.247029,13.845014,10924.10
32414,09:00:14,51.247024,13.845455,10933.20
32417,09:00:17,51.247034,13.845800,10942.30
32420,09:00:20,51.247076,13.846179,10955.40
32423,09:00:23,51.247070,13.846543,10966.30
32426,09:00:26,51.247126,13.846834,10975.70
32429,09:00:29,51.247206,13.847300,10985.20
32432,09:00:31,51.247211,13.847578,10995.00
32435,09:00:35,51.247267,13.847994,11005.30
32438,09:00:38,51.247299,13.848452,11016.50
32441,09:00:41,51.247289,13.848738,11027.30
32444,09:00:44,51.247405,13.849270,11036.80
32447,09:00:47,51.247419,13.849586,11048.80
32450,09:00:50,51.247400,13.849982,11057.40
32453,09:00:53,51.247423,13.850475,11068.90
32456,09:00:56,51.247368,13.850806,11079.60
32459,09:00:59,51.247463,13.851370,11091.70
32462,09:01:02,51.247501,13.851724,11106.00
32465,09:01:05,51.247512,13.852198,11119.90
32468,09:01:08,51.247681,13.852642,11132.90
32471,09:01:11,51.247655,13.852956,11146.30
32474,09:01:14,51.247757,13.853495,11160.70
32477,09:01:17,51.247778,13.853747,11173.90
32480,09:01:20,51.247774,13.854314,11186.60
32483,09:01:23,51.247885,13.854633,11198.20
32486,09:01:26,51.247831,13.855038,11210.60
32489,09:01:29,51.247983,13.855520,11221.90
32492,09:01:33,51.247882,13.856019,11233.40
32495,09:01:36,51.247956,13.856410,11249.00
32498,09:01:39,51.247900,13.856652,11265.90
32501,09:01:42,51.247880,13.857112,11280.80
32504,09:01:45,51.248002,13.857369,11292.80
32507,09:01:48,51.248005,13.857851,11307.80
32510,09:01:51,51.248104,13.858312,11317.90
32513,09:01:54,51.248005,13.858701,11326.40
32516,09:01:57,51.248036,13.859246,11342.60
32519,09:02:00,51.248097,13.859593,11368.60
32522,09:02:03,51.248051,13.860241,11379.90
32525,09:02:06,51.248109,13.860788,11391.50
32528,09:02:09,51.247988,13.861164,11401.70
32531,09:02:12,51.247950,13.861716,11412.40
32534,09:02:15,51.247910,13.861983,11422.40
32537,09:02:18,51.247886,13.862385,11436.60
32540,09:02:21,51.247971,13.862807,11454.70
32543,09:02:24,51.247926,13.863061,11475.50
32546,09:02:27,51.247909,13.863419,11489.60
32549,09:02:30,51.247858,13.863589,11499.50
32552,09:02:33,51.247808,13.863958,11510.80
32555,09:02:36,51.247869,13.864360,11522.20
32558,09:02:39,51.247781,13.864761,11531.70
32561,09:02:42,51.247806,13.865255,11541.10
32564,09:02:45,51.247855,13.865634,11551.70
32567,09:02:48,51.247829,13.866204,11566.40
32570,09:02:51,51.247897,13.866613,11585.90
32573,09:02:54,51.247932,13.867093,11602.60
32576,09:02:57,51.248044,13.867535,11616.50
32579,09:03:00,51.248095,13.867792,11630.70
32582,09:03:03,51.248187,13.868254,11643.30
32585,09:03:06,51.248273,13.868585,11659.30
32588,09:03:09,51.248304,13.869067,11673.20
32591,09:03:12,51.248340,13.869687,11688.70
32594,09:03:15,51.248288,13.870138,11701.20
32597,09:03:18,51.248268,13.870757,11711.70
32600,09:03:21,51.248206,13.871188,11722.60
32603,09:03:24,51.248205,13.871674,11733.70
32606,09:03:27,51.248200,13.872204,11750.90
32609,09:03:30,51.248131,13.872640,11777.30
32612,09:03:33,51.248132,13.873231,11800.60
32615,09:03:36,51.248176,13.873465,11827.00
32618,09:03:39,51.248249,13.873860,11840.90
32621,09:03:42,51.248279,13.874182,11848.80
32624,09:03:45,51.248262,13.874520,11857.00
32627,09:03:48,51.248290,13.874973,11871.10
32630,09:03:51,51.248182,13.875442,11883.00
32633,09:03:54,51.248078,13.875940,11890.50
32637,09:03:57,51.248016,13.876395,11899.10
32640,09:04:00,51.247983,13.876826,11907.80
32643,09:04:03,51.247956,13.877221,11919.40
32646,09:04:06,51.247830,13.877648,11928.90
32649,09:04:09,51.247744,13.878110,11939.00
32652,09:04:12,51.247621,13.878459,11949.10
32655,09:04:15,51.247479,13.878872,11956.10
32658,09:04:18,51.247363,13.879232,11964.60
32661,09:04:21,51.247285,13.879642,11973.10
32664,09:04:24,51.247242,13.880029,11982.90
32667,09:04:27,51.247116,13.880316,11993.30
32670,09:04:30,51.246963,13.880650,12001.20
32673,09:04:33,51.246833,13.880925,12009.50
32676,09:04:36,51.246707,13.881241,12019.40
32679,09:04:39,51.246639,13.881488,12027.60
32682,09:04:42,51.246561,13.881816,12039.10
32685,09:04:45,51.246441,13.882280,12049.10
32688,09:04:48,51.246278,13.882681,12057.90
32691,09:04:51,51.246144,13.883119,12067.60
32694,09:04:54,51.246032,13.883429,12078.60
32697,09:04:57,51.245944,13.883681,12088.10
32700,09:05:00,51.245801,13.883977,12100.00
32703,09:05:03,51.245752,13.884198,12115.40
32706,09:05:06,51.245712,13.884535,12133.60
32709,09:05:09,51.245620,13.884754,12151.80
32712,09:05:12,51.245497,13.884942,12163.70
32715,09:05:15,51.245336,13.885279,12171.40
32718,09:05:18,51.245280,13.885654,12181.10
32721,09:05:21,51.245182,13.886098,12190.70
32724,09:05:24,51.245065,13.886389,12199.10
32727,09:05:27,51.244977,13.886825,12211.30
32730,09:05:30,51.244791,13.887301,12222.40
32733,09:05:33,51.244626,13.887709,12229.10
32736,09:05:36,51.244484,13.888200,12238.30
32739,09:05:39,51.244337,13.888538,12247.50
32742,09:05:42,51.244258,13.889027,12256.10
32745,09:05:45,51.244147,13.889445,12264.80
32748,09:05:48,51.244066,13.889764,12274.60
32751,09:05:51,51.243975,13.890204,12281.50
32754,09:05:54,51.243868,13.890491,12289.40
32757,09:05:58,51.243687,13.891093,12299.40
32760,09:06:01,51.243512,13.891489,12309.70
32763,09:06:04,51.243435,13.891793,12320.20
32766,09:06:07,51.243279,13.892235,12326.40
32769,09:06:10,51.243156,13.892549,12336.60
32772,09:06:13,51.243116,13.892984,12346.50
32775,09:06:16,51.242991,13.893447,12356.80
32778,09:06:19,51.242947,13.893736,12363.80
32781,09:06:22,51.242883,13.894153,12373.60
32784,09:06:25,51.242751,13.894447,12386.20
32787,09:06:28,51.242691,13.894728,12396.60
32790,09:06:31,51.242536,13.895200,12406.00
32793,09:06:34,51.242429,13.895492,12417.60
32796,09:06:37,51.242399,13.895950,12427.80
32799,09:06:40,51.242297,13.896318,12437.50
32802,09:06:43,51.242298,13.896572,12447.80
32805,09:06:46,51.242237,13.896972,12455.00
32808,09:06:49,51.242112,13.897226,12463.80
32811,09:06:52,51.242035,13.897630,12473.60
32814,09:06:55,51.241895,13.898110,12484.80
32817,09:06:58,51.241821,13.898422,12493.90
32820,09:07:01,51.241778,13.898924,12503.60
32823,09:07:04,51.241667,13.899325,12511.20
32826,09:07:07,51.241647,13.899640,12521.10
32829,09:07:10,51.241512,13.900089,12529.70
32832,09:07:13,51.241400,13.900396,12542.20
32835,09:07:16,51.241334,13.900903,12552.70
32838,09:07:19,51.241125,13.901309,12562.80
32841,09:07:22,51.241032,13.901707,12572.20
32844,09:07:25,51.240889,13.902259,12582.30
32847,09:07:28,51.240785,13.902564,12592.30
32850,09:07:31,51.240722,13.903105,12601.60
32853,09:07:34,51.240579,13.903498,12611.30
32856,09:07:37,51.240512,13.903785,12621.70
32859,09:07:40,51.240352,13.904328,12633.30
32862,09:07:43,51.240249,13.904665,12643.50
32865,09:07:46,51.240138,13.905137,12652.70
32868,09:07:49,51.239956,13.905585,12664.70
32871,09:07:52,51.239933,13.905943,12676.40
32874,09:07:55,51.239768,13.906417,12687.40
32877,09:07:58,51.239642,13.906688,12699.60
32880,09:08:01,51.239567,13.907096,12710.90
32883,09:08:04,51.239329,13.907464,12720.90
32886,09:08:07,51.239205,13.907760,12730.10
32889,09:08:10,51.239018,13.908218,12739.30
32892,09:08:13,51.238848,13.908590,12750.10
32895,09:08:16,51.238783,13.909045,12761.60
32899,09:08:19,51.238594,13.909453,12773.30
32902,09:08:22,51.238524,13.909760,12783.90
32905,09:08:25,51.238407,13.910197,12795.60
32908,09:08:28,51.238213,13.910458,12808.50
32911,09:08:31,51.238160,13.910883,12820.50
32914,09:08:34,51.237986,13.911402,12831.50
32917,09:08:37,51.237896,13.911763,12843.10
32920,09:08:40,51.237906,13.912233,12855.10
32923,09:08:43,51.237789,13.912633,12863.90
32926,09:08:46,51.237791,13.913005,12874.10
32929,09:08:49,51.237715,13.913413,12884.70
32932,09:08:52,51.237617,13.913691,12898.10
32935,09:08:55,51.237610,13.914002,12901.00
32938,09:08:58,51.237465,13.914372,12912.40
32941,09:09:01,51.237461,13.914737,12923.60
32944,09:09:04,51.237474,13.915219,12935.20
32947,09:09:07,51.237439,13.915508,12944.20
32950,09:09:10,51.237490,13.915912,12956.80
32953,09:09:13,51.237418,13.916301,12970.60
32956,09:09:16,51.237409,13.916617,12983.20
32959,09:09:19,51.237416,13.917158,12995.00
32962,09:09:22,51.237369,13.917443,13005.00
32965,09:09:25,51.237427,13.917860,13017.30
32968,09:09:28,51.237352,13.918305,13027.90
32971,09:09:31,51.237354,13.918574,13039.70
32974,09:09:34,51.237270,13.919107,13051.00
32977,09:09:37,51.237188,13.919498,13064.10
32980,09:09:40,51.237210,13.920054,13076.10
32983,09:09:43,51.237097,13.920568,13088.00
32986,09:09:46,51.237122,13.920983,13100.00
32989,09:09:49,51.237049,13.921594,13111.80
32992,09:09:52,51.236987,13.921965,13121.50
32995,09:09:55,51.236985,13.922466,13132.30
32998,09:09:58,51.236832,13.922947,13142.90
33001,09:10:01,51.236815,13.923411,13154.20
33004,09:10:04,51.236703,13.924069,13165.80
33007,09:10:07,51.236639,13.924529,13175.10
33010,09:10:10,51.236635,13.925109,13187.10
33013,09:10:13,51.236494,13.925572,13196.90
33016,09:10:17,51.236454,13.926256,13208.00
33019,09:10:20,51.236265,13.926798,13218.60
33022,09:10:23,51.236216,13.927254,13227.40
33025,09:10:26,51.236111,13.927829,13239.20
33028,09:10:29,51.236011,13.928185,13247.90
33031,09:10:31,51.236043,13.928469,13258.30
33034,09:10:35,51.235884,13.929079,13268.30
33037,09:10:38,51.235812,13.929450,13280.50
33040,09:10:41,51.235726,13.930010,13291.20
33043,09:10:44,51.235552,13.930323,13301.20
33046,09:10:47,51.235469,13.930821,13312.40
33049,09:10:50,51.235310,13.931283,13323.90
33052,09:10:53,51.235265,13.931636,13334.50
33055,09:10:56,51.235181,13.932153,13350.70
33058,09:10:59,51.235132,13.932441,13361.80
33061,09:11:02,51.235184,13.932863,13372.90
33064,09:11:05,51.235079,13.933221,13381.50
33067,09:11:08,51.235115,13.933569,13392.10
33070,09:11:11,51.235037,13.934072,13400.90
33073,09:11:14,51.234946,13.934419,13411.30
33076,09:11:17,51.234964,13.934969,13419.80
33079,09:11:20,51.234871,13.935410,13429.60
33082,09:11:23,51.234906,13.935841,13438.90
33085,09:11:26,51.234844,13.936449,13449.60
33088,09:11:29,51.234840,13.936839,13460.60
33091,09:11:31,51.234899,13.937432,13470.20
33094,09:11:35,51.234836,13.938042,13477.20
33097,09:11:38,51.234921,13.938567,13485.20
33100,09:11:41,51.234895,13.939225,13494.80
33103,09:11:44,51.234909,13.939756,13504.60
33106,09:11:47,51.235016,13.940347,13515.70
33109,09:11:50,51.234928,13.940912,13525.80
33112,09:11:53,51.234983,13.941455,13536.00
33115,09:11:56,51.235010,13.942167,13545.90
33118,09:11:59,51.234897,13.942707,13557.50
33121,09:12:02,51.234913,13.943404,13566.90
33124,09:12:05,51.234800,13.944102,13575.20
33127,09:12:08,51.234744,13.944754,13584.10
33130,09:12:11,51.234728,13.945556,13593.70
33133,09:12:14,51.234611,13.946158,13602.30
33136,09:12:17,51.234629,13.946825,13610.70
33139,09:12:20,51.234560,13.947553,13621.50
33142,09:12:23,51.234418,13.948110,13630.10
33145,09:12:26,51.234380,13.948806,13639.90
33148,09:12:29,51.234316,13.949535,13647.40
33151,09:12:31,51.234238,13.950275,13655.00
33154,09:12:35,51.234175,13.951032,13664.90
33157,09:12:38,51.234071,13.951655,13673.20
33164,09:12:44,51.233830,13.952957,13692.00
33167,09:12:47,51.233669,13.953620,13701.80
33170,09:12:50,51.233533,13.954101,13710.10
33173,09:12:53,51.233399,13.954763,13718.00
33179,09:12:59,51.233198,13.956153,13735.80
33182,09:13:02,51.233031,13.956806,13746.40
33185,09:13:05,51.232877,13.957296,13754.90
33188,09:13:08,51.232723,13.957906,13762.00
33191,09:13:11,51.232516,13.958517,13772.70
33194,09:13:14,51.232385,13.959044,13780.80
33197,09:13:17,51.232233,13.959753,13791.00
33200,09:13:20,51.232049,13.960324,13801.90
33203,09:13:23,51.231972,13.960825,13811.90
33206,09:13:26,51.231803,13.961390,13821.80
33209,09:13:29,51.231609,13.961820,13832.90
33212,09:13:31,51.231490,13.962390,13842.00
33215,09:13:35,51.231257,13.962922,13851.40
33218,09:13:38,51.231108,13.963348,13861.80
33221,09:13:41,51.230997,13.963962,13872.50
33224,09:13:44,51.230801,13.964348,13881.40
33227,09:13:47,51.230658,13.964747,13891.20
33230,09:13:50,51.230450,13.965207,13901.00
33233,09:13:53,51.230271,13.965456,13912.90
33236,09:13:56,51.230096,13.965906,13923.00
33239,09:13:59,51.229882,13.966330,13936.30
33242,09:14:02,51.229775,13.966693,13950.80
33245,09:14:05,51.229692,13.967265,13961.40
33248,09:14:08,51.229622,13.967687,13971.00
33251,09:14:11,51.229621,13.968061,13980.30
33254,09:14:14,51.229574,13.968476,13993.40
33257,09:14:17,51.229523,13.968686,14006.40
33260,09:14:20,51.229524,13.968937,14017.50
33263,09:14:23,51.229458,13.969207,14026.80
33266,09:14:26,51.229400,13.969454,14036.80
33269,09:14:29,51.229339,13.969874,14048.30
33272,09:14:31,51.229267,13.970391,14066.90
33275,09:14:35,51.229263,13.970804,14085.20
33280,09:14:41,51.229278,13.971931,14122.60
33284,09:14:45,51.229428,13.972642,14129.30
33287,09:14:48,51.229449,13.973145,14135.30
33290,09:14:51,51.229533,13.973595,14148.50
33293,09:14:54,51.229610,13.973988,14166.30
33296,09:14:57,51.229617,13.974407,14186.80
33299,09:15:00,51.229669,13.975029,14205.10
33302,09:15:03,51.229727,13.975706,14216.20
33305,09:15:06,51.229816,13.976315,14225.50
33308,09:15:09,51.229903,13.976992,14234.50
33311,09:15:12,51.229945,13.977547,14242.90
33314,09:15:15,51.230060,13.978144,14251.70
33317,09:15:18,51.230148,13.978618,14260.60
33320,09:15:21,51.230239,13.979158,14272.60
33323,09:15:24,51.230275,13.979811,14284.00
33326,09:15:27,51.230314,13.980354,14294.10
33329,09:15:30,51.230444,13.980972,14304.00
33332,09:15:33,51.230538,13.981449,14313.10
33335,09:15:36,51.230630,13.982072,14322.70
33338,09:15:39,51.230684,13.982779,14332.80
33341,09:15:42,51.230782,13.983338,14340.10
33344,09:15:45,51.230868,13.984017,14350.80
33347,09:15:48,51.230885,13.984595,14358.40
33350,09:15:51,51.230921,13.985086,14366.90
33353,09:15:54,51.230919,13.985713,14379.70
33356,09:15:57,51.231004,13.986275,14391.30
33359,09:16:00,51.231066,13.987004,14402.80
33362,09:16:03,51.231009,13.987674,14414.60
33365,09:16:06,51.231015,13.988389,14422.30
33368,09:16:09,51.230985,13.989131,14434.80
33371,09:16:12,51.231010,13.989740,14448.20
33374,09:16:15,51.231027,13.990498,14458.90
33377,09:16:18,51.230883,13.991241,14469.00
33380,09:16:21,51.230900,13.991952,14477.30
33383,09:16:24,51.230861,13.992664,14487.50
33386,09:16:27,51.230759,13.993264,14495.60
33389,09:16:30,51.230717,13.993832,14504.50
33392,09:16:33,51.230570,13.994491,14513.60
33395,09:16:36,51.230406,13.995089,14520.90
33398,09:16:39,51.230263,13.995708,14530.70
33401,09:16:42,51.230127,13.996385,14540.50
33404,09:16:45,51.229938,13.996967,14549.50
33407,09:16:48,51.229732,13.997515,14560.10
33410,09:16:51,51.229566,13.998137,14568.70
33413,09:16:54,51.229346,13.998719,14578.90
33416,09:16:57,51.229202,13.999290,14589.70
33423,09:17:03,51.228924,14.000212,14601.80
33432,09:17:12,51.228637,14.001066,14594.00
33435,09:17:15,51.228540,14.001984,14609.90
33438,09:17:18,51.228407,14.002678,14632.40
33441,09:17:21,51.228252,14.003243,14653.70
33444,09:17:24,51.228177,14.003851,14668.50
33447,09:17:27,51.228104,14.004370,14682.10
33450,09:17:30,51.227965,14.004872,14694.30
33453,09:17:33,51.227824,14.005338,14707.00
33456,09:17:36,51.227775,14.005825,14718.20
33459,09:17:39,51.227718,14.006267,14729.70
33462,09:17:42,51.227627,14.006640,14740.00
33465,09:17:45,51.227560,14.007022,14752.20
33468,09:17:48,51.227485,14.007485,14763.50
33471,09:17:51,51.227418,14.007906,14773.80
33474,09:17:54,51.227438,14.008292,14783.90
33477,09:17:57,51.227379,14.008736,14795.10
33480,09:18:00,51.227277,14.009128,14805.90
33483,09:18:03,51.227276,14.009533,14816.40
33486,09:18:06,51.227275,14.010043,14828.10
33489,09:18:09,51.227246,14.010383,14839.30
33492,09:18:12,51.227257,14.010698,14850.30
33495,09:18:15,51.227303,14.011164,14860.60
33498,09:18:18,51.227321,14.011571,14871.70
33501,09:18:21,51.227509,14.011987,14868.60
33534,09:18:54,51.227478,14.017830,15046.60
33537,09:18:57,51.227449,14.018560,15039.50
33540,09:19:00,51.227373,14.019246,15042.30
33543,09:19:03,51.227374,14.019938,15047.40
33546,09:19:06,51.227359,14.020673,15058.90
33549,09:19:09,51.227279,14.021282,15069.40
33552,09:19:12,51.227236,14.021795,15079.40
33555,09:19:15,51.227149,14.022497,15088.50
33558,09:19:18,51.227026,14.023255,15098.20
33561,09:19:21,51.226914,14.023890,15107.10
33564,09:19:24,51.226859,14.024590,15114.00
33567,09:19:27,51.226792,14.025253,15124.00
33570,09:19:30,51.226692,14.025840,15134.30
33573,09:19:33,51.226614,14.026355,15147.60
33576,09:19:36,51.226543,14.026998,15160.30
33579,09:19:39,51.226509,14.027688,15171.00
33582,09:19:42,51.226444,14.028206,15179.30
33585,09:19:46,51.226316,14.028914,15187.30
33588,09:19:49,51.226270,14.029435,15194.50
33591,09:19:52,51.226208,14.029962,15201.10
33594,09:19:55,51.226155,14.030460,15214.30
33597,09:19:58,51.226139,14.030930,15226.40
33600,09:20:01,51.226141,14.031356,15237.00
33603,09:20:04,51.226095,14.031921,15246.60
33606,09:20:07,51.226051,14.032430,15255.30
33609,09:20:10,51.226081,14.032863,15264.40
33612,09:20:13,51.226056,14.033340,15277.10
33615,09:20:16,51.225996,14.033922,15285.20
33618,09:20:19,51.225987,14.034494,15294.70
33621,09:20:22,51.225953,14.034945,15303.00
33624,09:20:25,51.225923,14.035439,15313.00
33627,09:20:28,51.225850,14.036062,15322.80
33630,09:20:31,51.225808,14.036554,15332.80
33633,09:20:34,51.225817,14.036972,15342.50
33636,09:20:37,51.225757,14.037445,15350.40
33639,09:20:40,51.225726,14.037834,15356.90
33642,09:20:43,51.225688,14.038248,15367.20
33645,09:20:46,51.225618,14.038723,15376.50
33648,09:20:49,51.225560,14.039224,15387.70
33651,09:20:52,51.225503,14.039588,15397.50
33654,09:20:55,51.225460,14.039977,15407.80
33657,09:20:58,51.225344,14.040487,15417.70
33660,09:21:01,51.225304,14.040885,15428.00
33663,09:21:04,51.225306,14.041290,15439.10
33666,09:21:07,51.225208,14.041754,15448.00
33669,09:21:10,51.225124,14.042199,15457.70
33672,09:21:13,51.225107,14.042675,15464.10
33675,09:21:16,51.225131,14.043115,15472.70
33678,09:21:19,51.225139,14.043643,15484.50
33681,09:21:22,51.225112,14.043970,15497.10
33684,09:21:25,51.225171,14.044639,15496.30
33687,09:21:28,51.225164,14.045031,15506.10
33690,09:21:31,51.225144,14.045418,15518.60
33693,09:21:34,51.225064,14.045866,15529.50
33696,09:21:37,51.225095,14.046299,15541.60
33699,09:21:40,51.225152,14.046725,15551.70
33702,09:21:43,51.225185,14.047228,15562.30
33705,09:21:46,51.225189,14.047722,15570.90
33708,09:21:49,51.225174,14.048243,15581.10
33711,09:21:52,51.225216,14.048723,15590.40
33714,09:21:55,51.225284,14.049197,15600.50
33717,09:21:58,51.225288,14.049584,15610.10
33720,09:22:01,51.225302,14.049932,15621.90
33723,09:22:04,51.225388,14.050427,15633.50
33726,09:22:07,51.225477,14.050898,15645.10
33729,09:22:10,51.225562,14.051391,15655.10
33732,09:22:13,51.225663,14.051901,15667.90
33735,09:22:16,51.225771,14.052348,15680.90
33738,09:22:19,51.225911,14.052918,15693.90
33741,09:22:22,51.226050,14.053364,15707.30
33744,09:22:25,51.226226,14.053845,15720.70
33747,09:22:28,51.226330,14.054396,15731.10
33760,09:22:40,51.226739,14.056661,15773.90
33763,09:22:43,51.226814,14.057044,15786.70
33766,09:22:46,51.226867,14.057402,15795.70
33769,09:22:49,51.226908,14.057908,15806.30
33772,09:22:52,51.227035,14.058368,15815.20
33775,09:22:55,51.227112,14.058887,15825.00
33778,09:22:58,51.227123,14.059387,15834.40
33781,09:23:01,51.227155,14.059763,15843.50
33784,09:23:04,51.227227,14.060208,15853.00
33787,09:23:07,51.227352,14.060570,15862.40
33790,09:23:10,51.227441,14.060986,15872.20
33793,09:23:13,51.227490,14.061331,15880.80
33796,09:23:16,51.227578,14.061724,15891.70
33799,09:23:19,51.227690,14.062219,15900.20
33802,09:23:22,51.227831,14.062678,15910.00
33805,09:23:25,51.227926,14.063113,15921.10
33808,09:23:28,51.227999,14.063494,15931.60
33811,09:23:31,51.228114,14.064003,15941.60
33814,09:23:34,51.228241,14.064567,15952.00
33817,09:23:37,51.228326,14.065034,15961.40
33820,09:23:40,51.228456,14.065602,15964.10
33823,09:23:43,51.228544,14.065930,15974.50
33826,09:23:46,51.228662,14.066462,15986.10
33829,09:23:49,51.228760,14.067068,15997.30
33832,09:23:52,51.228858,14.067603,16008.10
33835,09:23:55,51.228893,14.068212,16018.10
33838,09:23:58,51.228990,14.068799,16028.90
33841,09:24:01,51.229126,14.069413,16038.10
33844,09:24:04,51.229169,14.070052,16048.80
33847,09:24:07,51.229196,14.070602,16059.10
33850,09:24:10,51.229242,14.071174,16069.90
33853,09:24:14,51.229396,14.071854,16077.60
33856,09:24:17,51.229444,14.072378,16088.90
33859,09:24:20,51.229424,14.072933,16099.30
33862,09:24:23,51.229525,14.073401,16109.80
33865,09:24:26,51.229616,14.073910,16120.00
33868,09:24:29,51.229605,14.074433,16133.50
33871,09:24:31,51.229587,14.074773,16144.80
33874,09:24:35,51.229645,14.075463,16155.60
33877,09:24:38,51.229699,14.075940,16166.10
33880,09:24:41,51.229696,14.076444,16176.80
33883,09:24:44,51.229663,14.076911,16191.40
33886,09:24:47,51.229721,14.077409,16202.30
33889,09:24:50,51.229793,14.077884,16214.10
33892,09:24:53,51.229759,14.078387,16223.30
33895,09:24:56,51.229783,14.078872,16233.70
33898,09:24:59,51.229854,14.079269,16243.90
33901,09:25:02,51.229947,14.079671,16255.60
33904,09:25:05,51.230055,14.080125,16267.40
33907,09:25:08,51.230145,14.080545,16279.50
33910,09:25:11,51.230270,14.081064,16289.00
33913,09:25:14,51.230342,14.081614,16300.00
33916,09:25:17,51.230466,14.082040,16309.90
33919,09:25:20,51.230620,14.082498,16320.10
33922,09:25:23,51.230739,14.083061,16329.60
33925,09:25:26,51.230878,14.083657,16339.80
33928,09:25:29,51.230972,14.084178,16350.10
33931,09:25:31,51.231060,14.084599,16360.60
33934,09:25:35,51.231166,14.085187,16368.20
33937,09:25:38,51.231247,14.085799,16379.40
33940,09:25:41,51.231313,14.086237,16388.90
33943,09:25:44,51.231376,14.086734,16401.10
33946,09:25:47,51.231475,14.087383,16411.40
33949,09:25:50,51.231534,14.087986,16423.50
33952,09:25:53,51.231580,14.088434,16434.80
33955,09:25:56,51.231664,14.089028,16445.80
33958,09:25:59,51.231704,14.089730,16457.50
33961,09:26:02,51.231767,14.090221,16468.40
33964,09:26:05,51.231843,14.090764,16479.50
33967,09:26:08,51.231815,14.091391,16490.20
33970,09:26:11,51.231836,14.091979,16501.50
33973,09:26:14,51.231883,14.092683,16512.60
33976,09:26:17,51.231846,14.093257,16525.10
33979,09:26:20,51.231879,14.093732,16535.50
33982,09:26:23,51.231854,14.094323,16546.10
33985,09:26:26,51.231766,14.094890,16557.80
33988,09:26:29,51.231762,14.095484,16568.30
33991,09:26:31,51.231674,14.096113,16579.20
33994,09:26:35,51.231622,14.096605,16590.70
33997,09:26:38,51.231625,14.097231,16602.00
34000,09:26:41,51.231498,14.097821,16613.40
34003,09:26:44,51.231497,14.098278,16626.10
34006,09:26:47,51.231464,14.098865,16637.00
34009,09:26:50,51.231389,14.099144,16648.20
34012,09:26:53,51.231249,14.099766,16661.30
34015,09:26:56,51.231137,14.100017,16675.60
34019,09:26:59,51.231192,14.100657,16683.40
34022,09:27:02,51.231229,14.101353,16696.60
34025,09:27:05,51.231115,14.101873,16706.80
34028,09:27:08,51.231150,14.102352,16717.20
34031,09:27:11,51.231082,14.103012,16724.90
34034,09:27:14,51.230999,14.103494,16736.60
34037,09:27:17,51.231048,14.104153,16747.30
34040,09:27:20,51.230982,14.104786,16759.80
34043,09:27:23,51.230970,14.105172,16769.80
34046,09:27:26,51.230931,14.105757,16778.90
34049,09:27:29,51.230814,14.106289,16789.80
34052,09:27:31,51.230826,14.106818,16799.50
34055,09:27:35,51.230755,14.107489,16810.10
34058,09:27:38,51.230693,14.107945,16818.90
34061,09:27:41,51.230716,14.108431,16830.90
34064,09:27:44,51.230577,14.108925,16839.50
34067,09:27:47,51.230495,14.109302,16850.80
34070,09:27:50,51.230506,14.109838,16860.00
34073,09:27:53,51.230478,14.110313,16868.70
34076,09:27:56,51.230473,14.110691,16878.70
34079,09:27:59,51.230445,14.110957,16895.10
34082,09:28:02,51.230499,14.111192,16903.90
34085,09:28:05,51.230447,14.111662,16909.40
34093,09:28:14,51.230512,14.113376,16947.70
34097,09:28:17,51.230286,14.114028,16954.00
34100,09:28:20,51.230202,14.114508,16961.40
34103,09:28:23,51.230139,14.114985,16967.60
34106,09:28:26,51.230063,14.115478,16975.80
34109,09:28:29,51.230057,14.115963,16984.30
34112,09:28:31,51.230034,14.116520,16994.60
34115,09:28:35,51.229922,14.116967,17002.90
34118,09:28:38,51.229878,14.117368,17012.10
34121,09:28:41,51.229885,14.117855,17021.30
34124,09:28:44,51.229826,14.118273,17030.20
34127,09:28:47,51.229806,14.118683,17040.40
34130,09:28:50,51.229749,14.119160,17049.30
34133,09:28:53,51.229630,14.119667,17059.50
34136,09:28:56,51.229638,14.120072,17067.80
34139,09:29:00,51.229604,14.120594,17077.30
34142,09:29:03,51.229530,14.120957,17085.60
34145,09:29:06,51.229450,14.121357,17095.50
34148,09:29:09,51.229370,14.121862,17103.70
34151,09:29:12,51.229251,14.122243,17112.20
34158,09:29:18,51.229116,14.122927,17134.30
34161,09:29:21,51.229036,14.123216,17143.00
34164,09:29:24,51.228990,14.123553,17154.10
34167,09:29:27,51.228884,14.123942,17164.30
34170,09:29:30,51.228750,14.124286,17173.70
34173,09:29:33,51.228664,14.124596,17181.10
34176,09:29:36,51.228573,14.125034,17191.40
34179,09:29:39,51.228455,14.125350,17202.60
34182,09:29:42,51.228498,14.125073,17207.10
34185,09:29:45,51.228373,14.125634,17223.30
34188,09:29:48,51.228243,14.125947,17234.20
34191,09:29:51,51.228102,14.126277,17245.00
34194,09:29:54,51.228003,14.126767,17253.90
34197,09:29:57,51.227913,14.127224,17277.90
34200,09:30:00,51.227904,14.127498,17288.50
34203,09:30:03,51.227905,14.127741,17299.10
34206,09:30:06,51.227889,14.127973,17309.20
34209,09:30:09,51.227866,14.128212,17319.10
34212,09:30:12,51.227864,14.128467,17331.30
34215,09:30:15,51.227803,14.128841,17340.60
34218,09:30:18,51.227744,14.129200,17351.80
34221,09:30:21,51.227660,14.129416,17361.50
34224,09:30:24,51.227590,14.129642,17372.50
34227,09:30:27,51.227581,14.129913,17382.40
34230,09:30:30,51.227553,14.130236,17393.30
34233,09:30:33,51.227470,14.130427,17403.40
34236,09:30:36,51.227374,14.130588,17415.40
34239,09:30:39,51.227356,14.130905,17425.70
34242,09:30:42,51.227300,14.131191,17438.10
34245,09:30:45,51.227167,14.131339,17449.10
34248,09:30:48,51.227111,14.131564,17461.40
34251,09:30:51,51.227058,14.131900,17470.50
34254,09:30:54,51.226957,14.132230,17482.00
34257,09:30:57,51.226898,14.132428,17494.60
34260,09:31:00,51.226823,14.132604,17507.30
34263,09:31:03,51.226716,14.132919,17519.40
34266,09:31:06,51.226612,14.133169,17532.40
34272,09:31:12,51.226472,14.133495,17550.90
34275,09:31:15,51.226421,14.133689,17565.00
34278,09:31:18,51.226309,14.133915,17575.00
34281,09:31:21,51.226232,14.134071,17587.60
34284,09:31:24,51.226211,14.134297,17598.80
34287,09:31:27,51.226180,14.134544,17611.30
34290,09:31:30,51.226101,14.134673,17621.10
34293,09:31:33,51.226050,14.134810,17634.00
34296,09:31:36,51.226086,14.135000,17645.30
34299,09:31:39,51.226095,14.135267,17655.90
34302,09:31:42,51.226098,14.135441,17667.70
34305,09:31:45,51.226064,14.135593,17678.60
34308,09:31:48,51.226053,14.135892,17688.30
34311,09:31:51,51.226043,14.136169,17700.10
34314,09:31:54,51.226017,14.136409,17708.50
34317,09:31:57,51.226028,14.136726,17715.40
34320,09:32:00,51.226006,14.137016,17726.60
34323,09:32:03,51.225962,14.137221,17738.10
34326,09:32:06,51.225958,14.137318,17749.70
34329,09:32:09,51.225936,14.137556,17759.90
34332,09:32:12,51.225867,14.137828,17767.20
34335,09:32:15,51.225836,14.138010,17774.40
34338,09:32:18,51.225854,14.138174,17782.80
34343,09:32:24,51.225898,14.138491,17805.80
34347,09:32:27,51.225890,14.138544,17831.30
34350,09:32:30,51.225877,14.138803,17838.90
34353,09:32:33,51.225866,14.139103,17848.40
34356,09:32:36,51.225883,14.139347,17860.00
34359,09:32:39,51.225867,14.139537,17871.10
34362,09:32:42,51.225947,14.139714,17881.80
34365,09:32:45,51.225963,14.139836,17892.60
34368,09:32:48,51.225952,14.140121,17903.80
34371,09:32:51,51.226015,14.140356,17916.40
34374,09:32:54,51.226056,14.140597,17925.70
34377,09:32:57,51.226156,14.140857,17938.50
34380,09:33:00,51.226197,14.141022,17953.60
34383,09:33:03,51.226230,14.141259,17963.20
34386,09:33:06,51.226292,14.141496,17971.40
34389,09:33:09,51.226377,14.141719,17983.90
34392,09:33:12,51.226536,14.141986,17995.80
34395,09:33:15,51.226679,14.142216,18008.70
34398,09:33:18,51.226728,14.142458,18019.60
34401,09:33:21,51.226837,14.142724,18031.60
34404,09:33:24,51.227003,14.143022,18041.80
34407,09:33:27,51.227145,14.143286,18055.40
34410,09:33:31,51.227252,14.143577,18066.10
34413,09:33:34,51.227325,14.143845,18075.90
34416,09:33:37,51.227485,14.144185,18085.70
34419,09:33:40,51.227534,14.144547,18095.40
34422,09:33:43,51.227665,14.144675,18107.50
34425,09:33:46,51.227796,14.144989,18117.90
34428,09:33:49,51.227878,14.145321,18129.60
34431,09:33:52,51.227976,14.145725,18139.80
34434,09:33:55,51.228012,14.146066,18151.20
34437,09:33:58,51.228044,14.146290,18160.50
34440,09:34:01,51.228068,14.146608,18170.70
34443,09:34:04,51.228105,14.147040,18180.70
34446,09:34:07,51.228173,14.147426,18194.00
34449,09:34:10,51.228167,14.147738,18203.90
34452,09:34:13,51.228150,14.148005,18214.00
34455,09:34:16,51.228162,14.148381,18223.80
34458,09:34:19,51.228147,14.148794,18234.60
34461,09:34:22,51.228123,14.149092,18244.20
34464,09:34:25,51.228086,14.149387,18254.70
34467,09:34:28,51.228043,14.149809,18265.10
34470,09:34:31,51.227997,14.150229,18276.10
34473,09:34:34,51.227975,14.150546,18286.10
34476,09:34:37,51.227984,14.150863,18297.00
34479,09:34:40,51.227947,14.151286,18306.60
34482,09:34:43,51.227842,14.151592,18313.20
34485,09:34:46,51.227784,14.152043,18311.00
34488,09:34:49,51.227761,14.152337,18314.10
34491,09:34:52,51.227756,14.152722,18325.70
34494,09:34:55,51.227722,14.153271,18335.20
34507,09:35:07,51.227581,14.155096,18405.50
34510,09:35:10,51.227635,14.155474,18411.30
34513,09:35:13,51.227814,14.156011,18418.10
34516,09:35:16,51.227848,14.156316,18429.00
34519,09:35:19,51.227817,14.156584,18461.40
34522,09:35:22,51.227787,14.157123,18476.30
34525,09:35:25,51.227811,14.157681,18483.90
34528,09:35:28,51.227834,14.158152,18489.30
34531,09:35:31,51.227866,14.158634,18494.70
34534,09:35:34,51.227873,14.159132,18502.90
34537,09:35:37,51.227827,14.159723,18511.60
34540,09:35:40,51.227809,14.160179,18522.90
34543,09:35:43,51.227818,14.160592,18534.30
34546,09:35:46,51.227789,14.161208,18544.20
34549,09:35:49,51.227765,14.161791,18555.20
34552,09:35:52,51.227724,14.162296,18565.10
34555,09:35:55,51.227632,14.162843,18575.40
34558,09:35:58,51.227626,14.163332,18586.40
34561,09:36:01,51.227608,14.163955,18596.20
34564,09:36:04,51.227546,14.164530,18607.50
34567,09:36:07,51.227481,14.164961,18616.80
34570,09:36:10,51.227398,14.165492,18627.20
34573,09:36:13,51.227388,14.165977,18636.50
34576,09:36:16,51.227358,14.166510,18647.50
34579,09:36:19,51.227279,14.167058,18657.90
34582,09:36:22,51.227189,14.167557,18669.60
34585,09:36:25,51.227179,14.168138,18680.70
34588,09:36:28,51.227182,14.168655,18691.80
34591,09:36:31,51.227096,14.169254,18698.20
34596,09:36:37,51.226811,14.170653,18725.10
34600,09:36:40,51.226819,14.171110,18728.40
34603,09:36:43,51.226802,14.171456,18743.10
34606,09:36:46,51.226771,14.171901,18753.30
34609,09:36:49,51.226740,14.172302,18764.60
34612,09:36:52,51.226696,14.172573,18775.70
34615,09:36:55,51.226635,14.172975,18786.40
34618,09:36:58,51.226557,14.173419,18798.10
34621,09:37:01,51.226562,14.173761,18809.20
34624,09:37:04,51.226592,14.174107,18822.50
34627,09:37:07,51.226526,14.174482,18834.70
34630,09:37:10,51.226487,14.174902,18845.10
34633,09:37:13,51.226483,14.175318,18856.70
34636,09:37:16,51.226500,14.175643,18866.30
34639,09:37:19,51.226538,14.175969,18877.60
34642,09:37:22,51.226498,14.176317,18889.20
34645,09:37:25,51.226441,14.176649,18899.80
34648,09:37:28,51.226454,14.177001,18911.60
34651,09:37:31,51.226514,14.177326,18922.00
34654,09:37:34,51.226542,14.177663,18933.40
34657,09:37:37,51.226514,14.177982,18943.70
34660,09:37:40,51.226470,14.178302,18955.10
34663,09:37:43,51.226487,14.178736,18966.20
34666,09:37:46,51.226511,14.179160,18982.50
34672,09:37:52,51.226378,14.180104,19016.40
34675,09:37:55,51.226454,14.180410,19023.00
34678,09:37:58,51.226489,14.180680,19033.50
34681,09:38:01,51.226475,14.180876,19043.90
34684,09:38:04,51.226442,14.181062,19055.90
34687,09:38:08,51.226506,14.181442,19067.00
34690,09:38:11,51.226521,14.181710,19078.80
34693,09:38:14,51.226514,14.181857,19089.80
34696,09:38:17,51.226480,14.182049,19101.10
34699,09:38:20,51.226459,14.182318,19112.40
34702,09:38:23,51.226463,14.182577,19122.30
34705,09:38:26,51.226423,14.182782,19133.70
34708,09:38:29,51.226395,14.182898,19142.90
34711,09:38:31,51.226366,14.183029,19154.40
34714,09:38:35,51.226270,14.183374,19164.60
34717,09:38:38,51.226203,14.183650,19175.60
34720,09:38:41,51.226151,14.183808,19186.20
34723,09:38:44,51.226071,14.183999,19198.60
34726,09:38:47,51.225937,14.184322,19212.90
34729,09:38:50,51.225842,14.184596,19225.10
34732,09:38:53,51.225805,14.184844,19235.30
34735,09:38:56,51.225725,14.185174,19246.30
34738,09:38:59,51.225591,14.185567,19257.40
34741,09:39:02,51.225488,14.185864,19269.40
34744,09:39:05,51.225393,14.186051,19282.60
34747,09:39:08,51.225240,14.186278,19297.00
34750,09:39:11,51.225094,14.186646,19306.10
34753,09:39:14,51.224975,14.186944,19318.10
34756,09:39:17,51.224878,14.187167,19326.60
34759,09:39:20,51.224759,14.187465,19337.90
34762,09:39:23,51.224598,14.187859,19347.90
34765,09:39:26,51.224447,14.188205,19359.70
34768,09:39:29,51.224311,14.188420,19370.70
34771,09:39:31,51.224157,14.188712,19382.90
34774,09:39:35,51.223978,14.189094,19393.20
34777,09:39:38,51.223806,14.189324,19404.40
34780,09:39:41,51.223649,14.189490,19414.70
34783,09:39:44,51.223557,14.189674,19425.00
34786,09:39:47,51.223456,14.189849,19437.30
34789,09:39:50,51.223341,14.190094,19448.10
34792,09:39:53,51.223241,14.190386,19458.50
34795,09:39:56,51.223123,14.190584,19470.50
34798,09:39:59,51.223073,14.190686,19480.10
34801,09:40:02,51.223002,14.190805,19491.70
34804,09:40:05,51.222895,14.191062,19501.90
34807,09:40:08,51.222853,14.191285,19513.70
34810,09:40:11,51.222812,14.191367,19524.20
34813,09:40:14,51.222769,14.191386,19535.60
34820,09:40:20,51.222745,14.192061,19556.90
34823,09:40:23,51.222754,14.192310,19568.30
34826,09:40:26,51.222733,14.192467,19578.50
34829,09:40:29,51.222746,14.192815,19595.60
34832,09:40:31,51.222717,14.193254,19611.30
34835,09:40:35,51.222690,14.193557,19625.50
34838,09:40:38,51.222725,14.193750,19635.00
34841,09:40:41,51.222692,14.193981,19647.00
34844,09:40:44,51.222645,14.194197,19657.00
34847,09:40:47,51.222616,14.194421,19670.60
34856,09:40:56,51.222840,14.194190,19694.70
34859,09:40:59,51.222943,14.194381,19706.00
34862,09:41:02,51.222996,14.194852,19717.00
34865,09:41:05,51.222980,14.195179,19724.40
34868,09:41:08,51.223037,14.195405,19735.30
34871,09:41:11,51.223143,14.195639,19743.30
34874,09:41:14,51.223212,14.195864,19753.90
34877,09:41:17,51.223245,14.196164,19763.70
34880,09:41:20,51.223242,14.196400,19774.20
34883,09:41:23,51.223278,14.196628,19785.30
34886,09:41:26,51.223297,14.196907,19797.80
34889,09:41:29,51.223309,14.197069,19808.80
34892,09:41:31,51.223354,14.197227,19819.80
34895,09:41:35,51.223307,14.197460,19831.60
34898,09:41:38,51.223242,14.197723,19843.40
34901,09:41:41,51.223218,14.197969,19855.10
34904,09:41:44,51.223204,14.198131,19864.50
34907,09:41:47,51.223200,14.198354,19876.80
34910,09:41:50,51.223132,14.198615,19888.30
34913,09:41:53,51.223044,14.198877,19900.50
34916,09:41:56,51.222970,14.199060,19912.20
34919,09:41:59,51.222891,14.199205,19924.20
34922,09:42:02,51.222848,14.199434,19936.80
34925,09:42:05,51.222777,14.199690,19949.50
34928,09:42:08,51.222660,14.199979,19961.70
34934,09:42:14,51.222391,14.200323,19991.30
34937,09:42:17,51.222346,14.200517,20001.50
34940,09:42:20,51.222293,14.200774,20012.80
34943,09:42:23,51.222203,14.201059,20022.20
34946,09:42:26,51.222105,14.201412,20031.90
34949,09:42:29,51.222019,14.201659,20043.50
34952,09:42:31,51.221952,14.201796,20053.30
34955,09:42:35,51.221921,14.201949,20065.80
34958,09:42:38,51.221862,14.202190,20078.30
34961,09:42:41,51.221838,14.202475,20091.00
34964,09:42:44,51.221816,14.202626,20102.20
34967,09:42:48,51.221772,14.202766,20112.50
34970,09:42:51,51.221736,14.202989,20123.90
34973,09:42:54,51.221662,14.203244,20133.60
34976,09:42:57,51.221655,14.203478,20145.40
34979,09:43:00,51.221630,14.203572,20155.00
34982,09:43:03,51.221631,14.203716,20167.00
34985,09:43:06,51.221679,14.203974,20179.10
34988,09:43:09,51.221704,14.204236,20189.90
34991,09:43:12,51.221724,14.204432,20202.10
34994,09:43:15,51.221695,14.204560,20211.90
34997,09:43:18,51.221699,14.204755,20223.80
35000,09:43:21,51.221742,14.205063,20234.30
35003,09:43:24,51.221728,14.205295,20250.40
35006,09:43:27,51.221695,14.205426,20260.80
35009,09:43:30,51.221669,14.205631,20272.20
35012,09:43:33,51.221697,14.205918,20282.60
35015,09:43:36,51.221730,14.206194,20295.60
35018,09:43:39,51.221717,14.206407,20307.00
35021,09:43:42,51.221714,14.206586,20318.00
35024,09:43:45,51.221731,14.206850,20329.70
35027,09:43:48,51.221781,14.207151,20339.50
35030,09:43:51,51.221798,14.207382,20351.30
35033,09:43:54,51.221721,14.207551,20361.30
35036,09:43:57,51.221693,14.207745,20373.60
35039,09:44:00,51.221740,14.207990,20384.60
35042,09:44:03,51.221740,14.208173,20396.60
35045,09:44:06,51.221677,14.208245,20406.40
35048,09:44:09,51.221641,14.208336,20417.70
35051,09:44:12,51.221640,14.208490,20428.40
35054,09:44:15,51.221627,14.208709,20439.50
35057,09:44:18,51.221578,14.208828,20450.10
35060,09:44:21,51.221472,14.208851,20460.90
35063,09:44:24,51.221408,14.208994,20471.00
35066,09:44:27,51.221378,14.209122,20481.10
35069,09:44:30,51.221275,14.209212,20492.30
35072,09:44:33,51.221138,14.209249,20503.00
35075,09:44:36,51.221035,14.209324,20514.90
35078,09:44:39,51.221000,14.209441,20525.00
35081,09:44:42,51.220928,14.209513,20537.40
35091,09:44:51,51.220535,14.209841,20571.10
35094,09:44:54,51.220497,14.210024,20580.70
35097,09:44:57,51.220380,14.210307,20583.30
35100,09:45:00,51.220223,14.210335,20599.50
35103,09:45:03,51.220107,14.210418,20612.30
35106,09:45:06,51.220042,14.210532,20623.20
35109,09:45:09,51.219993,14.210670,20633.70
35112,09:45:12,51.219880,14.210780,20645.10
35115,09:45:15,51.219701,14.210845,20656.50
35118,09:45:18,51.219606,14.210977,20667.90
35121,09:45:21,51.219563,14.211144,20679.20
35124,09:45:24,51.219437,14.211247,20690.30
35127,09:45:27,51.219308,14.211334,20701.30
35130,09:45:30,51.219256,14.211419,20712.50
35133,09:45:33,51.219248,14.211525,20722.50
35136,09:45:36,51.219218,14.211636,20734.20
35139,09:45:39,51.219108,14.211675,20744.80
35142,09:45:42,51.219060,14.211776,20757.10
35145,09:45:45,51.219106,14.211905,20768.20
35148,09:45:48,51.219071,14.211993,20779.80
35151,09:45:51,51.218992,14.212085,20790.50
35154,09:45:54,51.218982,14.212170,20802.40
35157,09:45:57,51.219028,14.212287,20813.30
35160,09:46:00,51.219015,14.212410,20824.50
35163,09:46:03,51.218949,14.212499,20835.10
35166,09:46:06,51.218932,14.212609,20846.90
35169,09:46:09,51.218968,14.212779,20856.80
35172,09:46:12,51.218991,14.212921,20868.80
35175,09:46:15,51.218926,14.212982,20881.40
35178,09:46:18,51.218885,14.213060,20893.70
35181,09:46:21,51.218919,14.213214,20905.40
35184,09:46:24,51.218963,14.213426,20915.90
35187,09:46:27,51.218950,14.213554,20927.10
35190,09:46:30,51.218896,14.213643,20938.20
35193,09:46:33,51.218899,14.213769,20951.60
35196,09:46:36,51.218921,14.213938,20965.80
35199,09:46:39,51.218883,14.214042,20979.00
35202,09:46:42,51.218819,14.214093,20989.60
35205,09:46:45,51.218823,14.214264,20999.70
35208,09:46:48,51.218813,14.214431,21011.00
35211,09:46:51,51.218712,14.214494,21021.20
35214,09:46:54,51.218625,14.214537,21033.10
35217,09:46:57,51.218599,14.214648,21043.70
35220,09:47:00,51.218605,14.214758,21054.30
35223,09:47:03,51.218581,14.214821,21066.10
35226,09:47:06,51.218503,14.214875,21077.00
35229,09:47:09,51.218492,14.214953,21089.10
35232,09:47:12,51.218535,14.215098,21100.10
35235,09:47:15,51.218549,14.215198,21111.70
35238,09:47:19,51.218574,14.215310,21123.90
35241,09:47:22,51.218539,14.215355,21136.50
35244,09:47:25,51.218529,14.215362,21148.60
35247,09:47:28,51.218590,14.215478,21161.70
35250,09:47:31,51.218664,14.215507,21172.90
35253,09:47:34,51.218752,14.215563,21184.30
35256,09:47:37,51.218751,14.215671,21195.90
35259,09:47:40,51.218775,14.215744,21208.20
35262,09:47:43,51.218794,14.215895,21220.60
35265,09:47:46,51.218786,14.216037,21229.60
35268,09:47:49,51.218747,14.216108,21245.70
35271,09:47:52,51.218764,14.216172,21264.70
35274,09:47:55,51.218768,14.216226,21273.80
35277,09:47:58,51.218745,14.216495,21284.60
35280,09:48:01,51.218735,14.216681,21297.10
35283,09:48:04,51.218789,14.216803,21307.90
35286,09:48:07,51.218851,14.216949,21318.90
35289,09:48:10,51.218873,14.217077,21330.70
35292,09:48:13,51.218862,14.217305,21340.20
35295,09:48:16,51.218789,14.217499,21350.50
35298,09:48:19,51.218754,14.217588,21361.80
35301,09:48:22,51.218726,14.217656,21371.00
35304,09:48:25,51.218680,14.217714,21382.40
35307,09:48:28,51.218631,14.217889,21394.00
35310,09:48:31,51.218565,14.218115,21404.70
35313,09:48:34,51.218510,14.218233,21416.30
35316,09:48:37,51.218458,14.218261,21426.80
35319,09:48:40,51.218405,14.218372,21438.70
35322,09:48:43,51.218355,14.218599,21449.80
35325,09:48:46,51.218325,14.218701,21461.90
35328,09:48:49,51.218300,14.218712,21473.10
35331,09:48:52,51.218258,14.218832,21485.00
35334,09:48:55,51.218213,14.219036,21495.40
35337,09:48:58,51.218151,14.219169,21510.50
35340,09:49:01,51.218134,14.219167,21521.90
35343,09:49:04,51.218109,14.219227,21534.20
35346,09:49:07,51.218053,14.219418,21545.00
35349,09:49:10,51.218009,14.219560,21558.00
35352,09:49:13,51.217974,14.219591,21568.20
35355,09:49:16,51.217956,14.219576,21579.30
35359,09:49:19,51.217939,14.219663,21590.90
35362,09:49:22,51.217915,14.219809,21602.50
35365,09:49:25,51.217911,14.219827,21614.60
35368,09:49:28,51.217905,14.219748,21625.30
35371,09:49:31,51.217895,14.219761,21637.60
35374,09:49:34,51.217847,14.219803,21649.00
35377,09:49:37,51.217815,14.219798,21661.70
35380,09:49:40,51.217840,14.219673,21672.70
35383,09:49:43,51.217850,14.219553,21684.90
35386,09:49:46,51.217822,14.219512,21696.80
35389,09:49:49,51.217796,14.219482,21709.80
35392,09:49:52,51.217833,14.219364,21721.00
35395,09:49:55,51.217873,14.219185,21732.70
35398,09:49:58,51.217871,14.219130,21744.70
35401,09:50:01,51.217833,14.219092,21756.20
35404,09:50:04,51.217816,14.218953,21769.00
35407,09:50:07,51.217845,14.218740,21779.70
35410,09:50:10,51.217872,14.218558,21792.40
35413,09:50:13,51.217889,14.218510,21804.60
35416,09:50:16,51.217925,14.218465,21818.30
35419,09:50:19,51.217993,14.218343,21830.40
35422,09:50:22,51.218095,14.218211,21839.60
35425,09:50:25,51.218203,14.218125,21849.20
35428,09:50:28,51.218308,14.218083,21862.00
35431,09:50:31,51.218414,14.218085,21874.10
35434,09:50:34,51.218488,14.217984,21891.10
35437,09:50:37,51.218524,14.217775,21915.00
35440,09:50:40,51.218653,14.217784,21927.40
35443,09:50:43,51.218770,14.217816,21936.00
35446,09:50:46,51.218888,14.217886,21944.20
35449,09:50:49,51.219042,14.217909,21955.00
35452,09:50:52,51.219220,14.217862,21965.00
35455,09:50:55,51.219390,14.217866,21976.10
35458,09:50:58,51.219493,14.217878,21987.70
35461,09:51:01,51.219555,14.217891,21998.60
35464,09:51:04,51.219674,14.217928,22011.40
35467,09:51:07,51.219847,14.217918,22022.30
35470,09:51:10,51.220046,14.217953,22033.50
35473,09:51:13,51.220187,14.218025,22046.30
35476,09:51:16,51.220259,14.218053,22057.10
35479,09:51:19,51.220332,14.218138,22069.40
35482,09:51:22,51.220458,14.218248,22081.30
35485,09:51:25,51.220632,14.218367,22091.50
35488,09:51:28,51.220751,14.218504,22105.50
35491,09:51:31,51.220806,14.218622,22117.50
35494,09:51:34,51.220867,14.218792,22129.70
35497,09:51:37,51.221075,14.219030,22138.10
35500,09:51:40,51.221196,14.219216,22150.10
35503,09:51:43,51.221238,14.219360,22159.80
35506,09:51:47,51.221348,14.219566,22168.80
35509,09:51:50,51.221374,14.219756,22182.70
35512,09:51:53,51.221429,14.219934,22195.30
35515,09:51:56,51.221407,14.220050,22208.00
35518,09:51:59,51.221364,14.220105,22219.40
35521,09:52:02,51.221414,14.220250,22231.90
35524,09:52:05,51.221470,14.220391,22244.20
35527,09:52:08,51.221464,14.220407,22256.30
35530,09:52:11,51.221411,14.220419,22268.40
35533,09:52:14,51.221409,14.220501,22284.80
35536,09:52:17,51.221468,14.220605,22300.80
35539,09:52:20,51.221509,14.220638,22313.80
35542,09:52:23,51.221510,14.220598,22325.60
35545,09:52:26,51.221508,14.220654,22337.50
35548,09:52:29,51.221513,14.220782,22348.70
35551,09:52:31,51.221522,14.220959,22359.30
35554,09:52:35,51.221515,14.221052,22371.90
35557,09:52:38,51.221494,14.221067,22383.00
35560,09:52:41,51.221457,14.221091,22394.80
35563,09:52:44,51.221417,14.221201,22407.10
35566,09:52:47,51.221365,14.221400,22417.40
35569,09:52:50,51.221307,14.221553,22430.10
35572,09:52:53,51.221267,14.221615,22442.00
35575,09:52:56,51.221250,14.221649,22452.80
35578,09:52:59,51.221262,14.221774,22464.80
35581,09:53:02,51.221285,14.222020,22476.10
35584,09:53:05,51.221307,14.222228,22488.30
35587,09:53:08,51.221332,14.222362,22500.10
35590,09:53:11,51.221343,14.222500,22510.30
35593,09:53:14,51.221333,14.222628,22522.50
35596,09:53:17,51.221289,14.222922,22534.10
35599,09:53:20,51.221233,14.223230,22545.10
35602,09:53:23,51.221178,14.223437,22556.30
35605,09:53:26,51.221149,14.223573,22564.80
35608,09:53:29,51.221083,14.223649,22576.40
35611,09:53:31,51.220953,14.223837,22587.50
35614,09:53:35,51.220810,14.224035,22598.40
35617,09:53:38,51.220699,14.224218,22609.50
35620,09:53:41,51.220651,14.224380,22620.40
35624,09:53:44,51.220605,14.224432,22633.40
35627,09:53:47,51.220500,14.224520,22648.80
35630,09:53:50,51.220390,14.224696,22662.40
35633,09:53:53,51.220262,14.224794,22673.00
35636,09:53:56,51.220128,14.224865,22684.90
35639,09:53:59,51.219986,14.224837,22697.40
35642,09:54:02,51.219853,14.224709,22709.10
35645,09:54:05,51.219720,14.224685,22721.50
35648,09:54:08,51.219563,14.224687,22732.50
35651,09:54:11,51.219451,14.224736,22743.60
35654,09:54:14,51.219330,14.224699,22756.20
35657,09:54:17,51.219205,14.224515,22766.50
35660,09:54:20,51.219115,14.224384,22779.10
35663,09:54:23,51.219007,14.224384,22790.40
35666,09:54:26,51.218937,14.224316,22802.90
35669,09:54:29,51.218877,14.224150,22815.00
35672,09:54:31,51.218842,14.224015,22820.90
35675,09:54:35,51.218807,14.223728,22836.50
35678,09:54:38,51.218777,14.223626,22847.90
35681,09:54:41,51.218783,14.223565,22860.70
35684,09:54:44,51.218802,14.223394,22871.00
35687,09:54:47,51.218840,14.223190,22881.50
35690,09:54:50,51.218913,14.223020,22892.60
35693,09:54:53,51.218951,14.222931,22903.70
35696,09:54:56,51.218986,14.222919,22915.50
35699,09:54:59,51.219027,14.222803,22928.80
35702,09:55:02,51.219071,14.222618,22940.40
35705,09:55:05,51.219121,14.222487,22953.60
35708,09:55:08,51.219172,14.222492,22965.80
35711,09:55:11,51.219223,14.222526,22979.20
35714,09:55:14,51.219292,14.222474,22991.60
35717,09:55:17,51.219359,14.222420,23002.70
35720,09:55:20,51.219394,14.222332,23015.30
35723,09:55:23,51.219391,14.222368,23027.60
35726,09:55:26,51.219375,14.222467,23040.00
35729,09:55:29,51.219405,14.222479,23053.60
35732,09:55:31,51.219467,14.222499,23064.90
35735,09:55:35,51.219512,14.222544,23077.40
35738,09:55:38,51.219515,14.222691,23089.70
35741,09:55:41,51.219473,14.222877,23101.70
35744,09:55:44,51.219451,14.223012,23115.00
35747,09:55:47,51.219456,14.223113,23127.00
35750,09:55:50,51.219449,14.223237,23140.40
35753,09:55:53,51.219436,14.223430,23153.60
35756,09:55:56,51.219372,14.223601,23165.60
35759,09:55:59,51.219316,14.223662,23177.90
35762,09:56:02,51.219303,14.223688,23190.10
35765,09:56:05,51.219304,14.223740,23201.40
35768,09:56:08,51.219324,14.223895,23213.00
35771,09:56:11,51.219307,14.224075,23225.80
35774,09:56:14,51.219227,14.224235,23237.10
35777,09:56:17,51.219160,14.224361,23249.70
35780,09:56:20,51.219130,14.224402,23261.50
35783,09:56:23,51.219124,14.224482,23272.80
35786,09:56:26,51.219111,14.224611,23285.30
35789,09:56:30,51.219036,14.224883,23295.90
35792,09:56:33,51.218954,14.225056,23308.10
35795,09:56:36,51.218887,14.225109,23321.00
35798,09:56:39,51.218818,14.225141,23332.90
35801,09:56:42,51.218739,14.225252,23346.00
35804,09:56:45,51.218668,14.225462,23357.40
35807,09:56:48,51.218610,14.225616,23370.10
35810,09:56:51,51.218551,14.225630,23382.20
35813,09:56:54,51.218509,14.225701,23394.70
35816,09:56:57,51.218445,14.225901,23405.50
35819,09:57:00,51.218381,14.225997,23418.30
35826,09:57:06,51.218375,14.226035,23449.40
35829,09:57:09,51.218360,14.226077,23461.80
35832,09:57:12,51.218282,14.226165,23472.00
35835,09:57:15,51.218219,14.226209,23485.50
35838,09:57:18,51.218214,14.226279,23502.90
35841,09:57:21,51.218231,14.226278,23515.60
35844,09:57:24,51.218174,14.226334,23527.40
35847,09:57:27,51.218097,14.226399,23539.70
35850,09:57:30,51.218036,14.226425,23552.40
35853,09:57:33,51.217955,14.226432,23563.00
35856,09:57:36,51.217916,14.226347,23573.20
35859,09:57:39,51.217841,14.226386,23579.10
35862,09:57:42,51.217719,14.226453,23590.90
35865,09:57:45,51.217640,14.226508,23604.90
35868,09:57:48,51.217548,14.226470,23617.50
35871,09:57:51,51.217461,14.226413,23630.60
35874,09:57:54,51.217367,14.226442,23643.40
35877,09:57:57,51.217214,14.226470,23654.80
35880,09:58:00,51.217101,14.226500,23668.50
35883,09:58:03,51.217044,14.226448,23680.40
35886,09:58:06,51.216968,14.226336,23692.50
35889,09:58:09,51.216857,14.226296,23704.70
35892,09:58:12,51.216705,14.226257,23714.90
35895,09:58:15,51.216575,14.226207,23728.00
35898,09:58:18,51.216497,14.226123,23738.90
35901,09:58:21,51.216441,14.226003,23750.60
35904,09:58:24,51.216352,14.225952,23763.40
35907,09:58:27,51.216257,14.225946,23772.80
35910,09:58:30,51.216172,14.225940,23783.10
35913,09:58:33,51.216123,14.225889,23797.50
35916,09:58:36,51.216105,14.225808,23809.60
35919,09:58:39,51.216103,14.225663,23822.30
35922,09:58:42,51.216053,14.225653,23834.60
35925,09:58:45,51.215943,14.225679,23848.20
35928,09:58:48,51.215922,14.225663,23858.40
35931,09:58:51,51.215944,14.225647,23866.90
35934,09:58:54,51.215862,14.225670,23876.00
35937,09:58:57,51.215727,14.225520,23889.30
35940,09:59:00,51.215613,14.225393,23903.70
35943,09:59:03,51.215558,14.225289,23915.50
35946,09:59:06,51.215529,14.225195,23928.10
35949,09:59:09,51.215424,14.225064,23941.60
35952,09:59:12,51.215275,14.224901,23953.40
35955,09:59:15,51.215180,14.224718,23966.40
35958,09:59:18,51.215138,14.224540,23978.60
35961,09:59:21,51.215027,14.224375,23991.40
35964,09:59:24,51.214868,14.224178,24004.00
35967,09:59:27,51.214670,14.224034,24015.50
35970,09:59:30,51.214485,14.223859,24029.00
35973,09:59:33,51.214317,14.223684,24043.50
35976,09:59:36,51.214140,14.223554,24055.90
35979,09:59:39,51.214044,14.223406,24064.30
35982,09:59:42,51.213910,14.223284,24076.40
35985,09:59:45,51.213742,14.223152,24089.70
35988,09:59:48,51.213580,14.223009,24101.00
35991,09:59:51,51.213411,14.222896,24114.20
35994,09:59:54,51.213371,14.222792,24126.10
35997,09:59:57,51.213299,14.222676,24140.00
36000,10:00:00,51.213144,14.222573,24152.70
36003,10:00:03,51.213028,14.222480,24163.90
36006,10:00:06,51.212957,14.222425,24176.40
36009,10:00:09,51.212950,14.222382,24187.40
36012,10:00:12,51.212927,14.222333,24199.60
36015,10:00:15,51.212872,14.222319,24213.40
36018,10:00:18,51.212808,14.222279,24226.10
36021,10:00:21,51.212715,14.222231,24239.70
36024,10:00:24,51.212700,14.222183,24254.00
36027,10:00:27,51.212714,14.222061,24265.40
36030,10:00:30,51.212733,14.222025,24277.60
36033,10:00:33,51.212728,14.222075,24289.80
36036,10:00:36,51.212649,14.222102,24301.60
36039,10:00:39,51.212652,14.222122,24315.40
36042,10:00:42,51.212669,14.222033,24326.60
36045,10:00:45,51.212659,14.221975,24337.50
36048,10:00:48,51.212644,14.222034,24351.70
36051,10:00:51,51.212586,14.222120,24363.80
36054,10:00:55,51.212714,14.222199,24377.70
36057,10:00:58,51.212716,14.222152,24386.80
36060,10:01:01,51.212680,14.222219,24400.90
36063,10:01:04,51.212619,14.222409,24413.70
36066,10:01:07,51.212576,14.222594,24427.50
36069,10:01:10,51.212591,14.222733,24440.90
36072,10:01:13,51.212621,14.222814,24451.50
36075,10:01:16,51.212634,14.222931,24463.40
36078,10:01:19,51.212582,14.223158,24477.10
36081,10:01:22,51.212524,14.223383,24490.30
36084,10:01:25,51.212513,14.223489,24503.10
36087,10:01:28,51.212498,14.223612,24515.10
36091,10:01:31,51.212435,14.223803,24530.00
36094,10:01:34,51.212351,14.224009,24547.60
36097,10:01:37,51.212304,14.224108,24561.00
36100,10:01:40,51.212289,14.224122,24572.40
36103,10:01:43,51.212227,14.224170,24584.90
36106,10:01:46,51.212170,14.224273,24597.30
36109,10:01:49,51.212114,14.224460,24607.90
36112,10:01:52,51.212055,14.224584,24620.60
36115,10:01:55,51.212044,14.224622,24632.20
36118,10:01:58,51.212003,14.224610,24643.50
36121,10:02:01,51.211977,14.224674,24656.20
36124,10:02:04,51.211938,14.224835,24668.40
36127,10:02:07,51.211840,14.224967,24681.10
36130,10:02:10,51.211785,14.225014,24694.70
36133,10:02:13,51.211688,14.224996,24707.80
36136,10:02:16,51.211547,14.225087,24722.20
36139,10:02:19,51.211419,14.225283,24735.10
36142,10:02:22,51.211282,14.225321,24747.40
36145,10:02:25,51.211161,14.225304,24761.40
36148,10:02:28,51.211077,14.225286,24774.80
36151,10:02:31,51.211022,14.225338,24788.70
36154,10:02:34,51.210949,14.225532,24799.10
36157,10:02:37,51.210945,14.225753,24806.80
36160,10:02:40,51.210876,14.225773,24819.30
36163,10:02:43,51.210786,14.225740,24829.90
36166,10:02:46,51.210730,14.225704,24842.60
36169,10:02:49,51.210695,14.225782,24854.80
36172,10:02:52,51.210620,14.225856,24866.80
36175,10:02:55,51.210550,14.225794,24879.20
36178,10:02:58,51.210428,14.225685,24891.50
36181,10:03:01,51.210307,14.225646,24904.90
36184,10:03:04,51.210153,14.225648,24916.40
36187,10:03:07,51.209963,14.225646,24928.80
36190,10:03:10,51.209826,14.225601,24941.40
36193,10:03:13,51.209659,14.225482,24953.80
36196,10:03:16,51.209515,14.225378,24965.40
36199,10:03:19,51.209391,14.225316,24978.50
36202,10:03:22,51.209221,14.225278,24989.70
36205,10:03:25,51.209057,14.225310,25000.10
36208,10:03:28,51.208878,14.225243,25012.40
36211,10:03:31,51.208709,14.225058,25023.30
36214,10:03:34,51.208581,14.224896,25036.10
36217,10:03:37,51.208392,14.224807,25048.00
36220,10:03:40,51.208237,14.224787,25059.10
36223,10:03:43,51.208112,14.224731,25071.60
36226,10:03:46,51.207990,14.224598,25082.80
36229,10:03:49,51.207920,14.224436,25094.00
36232,10:03:52,51.207760,14.224291,25106.70
36235,10:03:55,51.207558,14.224199,25118.00
36238,10:03:58,51.207413,14.224046,25131.20
36241,10:04:01,51.207328,14.223804,25143.80
36244,10:04:04,51.207233,14.223637,25156.90
36247,10:04:07,51.207066,14.223510,25167.80
36250,10:04:10,51.206939,14.223402,25180.10
36253,10:04:13,51.206883,14.223278,25192.40
36256,10:04:16,51.206848,14.223128,25205.50
36259,10:04:19,51.206778,14.223068,25218.80
36262,10:04:22,51.206651,14.223044,25229.30
36265,10:04:25,51.206558,14.223041,25240.50
36268,10:04:28,51.206516,14.223030,25252.10
36271,10:04:31,51.206483,14.222991,25263.60
36274,10:04:34,51.206420,14.222988,25276.60
36277,10:04:37,51.206278,14.222948,25287.90
36280,10:04:40,51.206122,14.222898,25299.90
36283,10:04:43,51.206047,14.222879,25312.70
36286,10:04:46,51.206007,14.222836,25323.90
36289,10:04:49,51.205972,14.222783,25335.20
36292,10:04:52,51.205886,14.222671,25346.90
36295,10:04:55,51.205754,14.222536,25358.80
36298,10:04:58,51.205664,14.222439,25372.20
36301,10:05:01,51.205627,14.222310,25384.60
36304,10:05:04,51.205610,14.222190,25396.60
36307,10:05:07,51.205569,14.222090,25410.30
36310,10:05:10,51.205471,14.221935,25421.90
36313,10:05:13,51.205361,14.221775,25434.20
36316,10:05:16,51.205335,14.221617,25447.00
36319,10:05:19,51.205348,14.221473,25459.00
36322,10:05:22,51.205308,14.221362,25472.30
36325,10:05:26,51.205187,14.221192,25483.90
36328,10:05:29,51.205136,14.221163,25497.60
36331,10:05:31,51.205134,14.221158,25511.10
36334,10:05:35,51.205118,14.221111,25524.00
36337,10:05:38,51.205051,14.221044,25532.00
36340,10:05:41,51.204945,14.220952,25550.50
36343,10:05:44,51.204918,14.220928,25563.30
36346,10:05:47,51.204941,14.220929,25575.40
36349,10:05:50,51.204890,14.220873,25589.10
36352,10:05:53,51.204782,14.220809,25601.10
36355,10:05:56,51.204735,14.220757,25614.50
36359,10:05:59,51.204754,14.220724,25627.40
36362,10:06:02,51.204752,14.220716,25645.20
36365,10:06:05,51.204672,14.220714,25658.10
36368,10:06:08,51.204575,14.220711,25671.00
36371,10:06:11,51.204535,14.220679,25684.80
36374,10:06:14,51.204536,14.220577,25696.50
36377,10:06:17,51.204527,14.220498,25709.50
36380,10:06:20,51.204488,14.220436,25722.90
36383,10:06:23,51.204421,14.220412,25734.00
36386,10:06:26,51.204361,14.220391,25747.60
36389,10:06:29,51.204339,14.220284,25761.30
36392,10:06:31,51.204344,14.220158,25774.00
36395,10:06:35,51.204295,14.220071,25788.00
36398,10:06:38,51.204192,14.220007,25801.20
36401,10:06:41,51.204141,14.219941,25815.00
36404,10:06:44,51.204132,14.219806,25828.20
36407,10:06:47,51.204141,14.219597,25839.90
36410,10:06:50,51.204131,14.219463,25853.90
36413,10:06:53,51.204064,14.219354,25866.70
36416,10:06:56,51.203995,14.219241,25879.30
36419,10:06:59,51.203985,14.219110,25893.40
36422,10:07:02,51.204022,14.218880,25905.60
36425,10:07:05,51.204026,14.218684,25918.90
36428,10:07:08,51.203958,14.218542,25930.70
36431,10:07:11,51.203905,14.218319,25944.30
36434,10:07:14,51.203944,14.218067,25956.50
36437,10:07:17,51.203984,14.217785,25969.10
36440,10:07:20,51.203950,14.217501,25983.30
36443,10:07:23,51.203893,14.217306,25996.00
36446,10:07:26,51.203829,14.217069,26009.00
36449,10:07:29,51.203804,14.216832,26022.80
36452,10:07:31,51.203849,14.216622,26034.80
36455,10:07:35,51.203908,14.216315,26047.90
36458,10:07:38,51.203901,14.216110,26060.60
36461,10:07:41,51.203878,14.215929,26072.50
36464,10:07:44,51.203908,14.215696,26085.20
36467,10:07:47,51.203979,14.215539,26096.40
36470,10:07:50,51.204084,14.215297,26108.90
36473,10:07:53,51.204142,14.215092,26122.60
36476,10:07:56,51.204158,14.214974,26133.50
36479,10:07:59,51.204220,14.214782,26146.00
36482,10:08:02,51.204330,14.214623,26159.50
36485,10:08:05,51.204484,14.214446,26172.00
36488,10:08:08,51.204636,14.214276,26185.90
36491,10:08:11,51.204704,14.214195,26198.40
36494,10:08:14,51.204794,14.214100,26212.00
36497,10:08:17,51.204969,14.214014,26224.20
36500,10:08:20,51.205141,14.213958,26236.70
36503,10:08:23,51.205260,14.213933,26250.20
36506,10:08:26,51.205342,14.213974,26260.30
36509,10:08:29,51.205447,14.214006,26275.00
36512,10:08:31,51.205613,14.214051,26287.30
36515,10:08:35,51.205780,14.214111,26299.70
36518,10:08:38,51.205917,14.214217,26313.60
36521,10:08:41,51.206016,14.214393,26326.70
36524,10:08:44,51.206056,14.214547,26339.60
36527,10:08:47,51.206140,14.214657,26353.60
36530,10:08:50,51.206249,14.214773,26366.70
36533,10:08:53,51.206397,14.214880,26377.60
36536,10:08:56,51.206525,14.215088,26391.00
36539,10:08:59,51.206564,14.215314,26403.10
36542,10:09:02,51.206583,14.215528,26414.40
36545,10:09:05,51.206639,14.215748,26427.60
36548,10:09:08,51.206683,14.215835,26439.10
36551,10:09:11,51.206752,14.215910,26451.30
36554,10:09:14,51.206792,14.216067,26464.40
36557,10:09:17,51.206779,14.216225,26475.40
36560,10:09:20,51.206803,14.216441,26487.80
36563,10:09:23,51.206816,14.216551,26500.60
36566,10:09:26,51.206827,14.216582,26512.10
36569,10:09:29,51.206815,14.216737,26525.20
36572,10:09:31,51.206738,14.216962,26537.20
36575,10:09:35,51.206708,14.217237,26549.60
36578,10:09:38,51.206709,14.217446,26562.70
36581,10:09:41,51.206749,14.217586,26573.80
36584,10:09:44,51.206807,14.217758,26586.00
36587,10:09:47,51.206798,14.217948,26596.60
36590,10:09:50,51.206811,14.218200,26609.20
36593,10:09:53,51.206868,14.218425,26623.40
36596,10:09:57,51.206995,14.218609,26636.10
36599,10:10:00,51.207089,14.218719,26648.30
36602,10:10:03,51.207115,14.218831,26662.70
36605,10:10:06,51.207130,14.218966,26676.40
36608,10:10:09,51.207137,14.219114,26689.60
36611,10:10:12,51.207194,14.219251,26704.10
36614,10:10:15,51.207298,14.219329,26718.30
36617,10:10:18,51.207399,14.219335,26731.00
36620,10:10:21,51.207474,14.219397,26745.50
36623,10:10:24,51.207516,14.219391,26760.30
36626,10:10:27,51.207532,14.219355,26774.10
36629,10:10:30,51.207583,14.219476,26789.40
36633,10:10:33,51.207670,14.219613,26804.60
36636,10:10:36,51.207761,14.219791,26822.60
36639,10:10:39,51.207828,14.219997,26837.10
36642,10:10:42,51.207855,14.220149,26851.40
36645,10:10:45,51.207842,14.220321,26864.00
36648,10:10:48,51.207858,14.220498,26878.50
36651,10:10:51,51.207921,14.220736,26891.90
36654,10:10:54,51.208002,14.221027,26904.30
36657,10:10:57,51.208038,14.221217,26918.90
36660,10:11:00,51.207992,14.221390,26931.00
36663,10:11:03,51.207957,14.221593,26944.50
36666,10:11:06,51.207973,14.221842,26958.30
36669,10:11:09,51.208016,14.222145,26970.10
36672,10:11:12,51.208025,14.222394,26984.40
36675,10:11:15,51.207970,14.222601,26998.30
36678,10:11:18,51.207926,14.222795,27013.10
36681,10:11:21,51.207796,14.222840,27020.10
36684,10:11:24,51.207934,14.223072,27032.70
36687,10:11:27,51.208053,14.223331,27048.20
36690,10:11:30,51.208045,14.223599,27062.90
36693,10:11:33,51.207998,14.223916,27075.20
36696,10:11:36,51.207982,14.224161,27089.40
36699,10:11:39,51.208007,14.224406,27101.50
36702,10:11:42,51.208037,14.224661,27114.00
36705,10:11:45,51.208013,14.224939,27128.00
36708,10:11:48,51.207929,14.225287,27139.60
36711,10:11:51,51.207856,14.225615,27152.90
36714,10:11:54,51.207866,14.225868,27165.50
36717,10:11:57,51.207895,14.226100,27179.00
36720,10:12:00,51.207875,14.226370,27192.70
36723,10:12:03,51.207830,14.226648,27204.40
36726,10:12:06,51.207803,14.226863,27217.00
36729,10:12:09,51.207796,14.227013,27230.30
36732,10:12:12,51.207844,14.227092,27241.30
36735,10:12:15,51.207887,14.227156,27253.20
36738,10:12:18,51.207866,14.227224,27266.40
36741,10:12:21,51.207846,14.227348,27277.40
36744,10:12:24,51.207815,14.227501,27289.80
36747,10:12:27,51.207838,14.227600,27302.40
36750,10:12:30,51.207922,14.227735,27311.10
36753,10:12:33,51.207958,14.227876,27323.40
36756,10:12:36,51.207924,14.228030,27334.40
36759,10:12:39,51.207897,14.228229,27345.20
36762,10:12:42,51.207906,14.228379,27358.60
36765,10:12:45,51.207958,14.228511,27371.50
36768,10:12:48,51.208031,14.228604,27382.80
36771,10:12:51,51.208064,14.228762,27396.00
36774,10:12:54,51.208048,14.228986,27407.50
36777,10:12:57,51.208004,14.229187,27419.30
36780,10:13:00,51.208033,14.229354,27431.90
36783,10:13:03,51.208099,14.229453,27442.70
36786,10:13:06,51.208127,14.229529,27454.40
36789,10:13:09,51.208130,14.229644,27467.10
36792,10:13:12,51.208062,14.229750,27477.40
36795,10:13:15,51.207993,14.229864,27488.90
36798,10:13:18,51.207972,14.229966,27501.50
36801,10:13:21,51.207970,14.230045,27512.10
36804,10:13:24,51.207938,14.230161,27527.80
36807,10:13:27,51.207847,14.230292,27543.10
36810,10:13:30,51.207744,14.230469,27553.40
36813,10:13:33,51.207704,14.230647,27566.00
36816,10:13:36,51.207724,14.230733,27576.00
36819,10:13:39,51.207735,14.230893,27584.50
36822,10:13:42,51.207728,14.231085,27595.60
36825,10:13:45,51.207679,14.231307,27601.80
36828,10:13:48,51.207652,14.231555,27611.10
36831,10:13:51,51.207651,14.231744,27624.20
36834,10:13:54,51.207693,14.231891,27635.40
36837,10:13:57,51.207776,14.231989,27645.90
36840,10:14:00,51.207795,14.232152,27658.20
36843,10:14:03,51.207765,14.232400,27670.40
36846,10:14:06,51.207719,14.232618,27682.70
36849,10:14:09,51.207683,14.232836,27694.90
36852,10:14:12,51.207623,14.233069,27708.20
36855,10:14:15,51.207539,14.233232,27721.70
36858,10:14:18,51.207431,14.233395,27734.20
36861,10:14:21,51.207298,14.233609,27748.30
36864,10:14:24,51.207176,14.233852,27763.20
36867,10:14:27,51.207057,14.234176,27775.10
36870,10:14:30,51.206917,14.234485,27787.90
36873,10:14:33,51.206741,14.234721,27800.60
36876,10:14:36,51.206513,14.234927,27811.80
36879,10:14:40,51.206277,14.235212,27824.60
36882,10:14:43,51.206148,14.235474,27837.30
36885,10:14:46,51.206035,14.235751,27849.40
36888,10:14:49,51.205883,14.236033,27862.60
36891,10:14:52,51.205689,14.236348,27875.90
36894,10:14:55,51.205467,14.236627,27888.20
36897,10:14:58,51.205280,14.236870,27901.30
36900,10:15:01,51.205134,14.237088,27914.70
36903,10:15:04,51.205002,14.237268,27927.30
36906,10:15:07,51.204873,14.237509,27940.50
36910,10:15:10,51.204708,14.237777,27954.10
36913,10:15:13,51.204492,14.238003,27967.40
36916,10:15:16,51.204272,14.238183,27980.50
36919,10:15:19,51.204085,14.238277,27997.90
36922,10:15:22,51.203935,14.238362,28010.10
36925,10:15:25,51.203800,14.238501,28022.50
36928,10:15:28,51.203642,14.238666,28035.90
36931,10:15:31,51.203457,14.238868,28048.40
36934,10:15:34,51.203221,14.239021,28060.20
36937,10:15:37,51.202997,14.239103,28073.20
36940,10:15:40,51.202817,14.239127,28085.10
36943,10:15:43,51.202623,14.239147,28097.00
36946,10:15:46,51.202461,14.239221,28109.70
36949,10:15:49,51.202315,14.239308,28123.30
36952,10:15:52,51.202134,14.239430,28136.40
36955,10:15:55,51.201991,14.239540,28150.50
36958,10:15:58,51.201846,14.239585,28165.50
36961,10:16:01,51.201688,14.239588,28178.70
36964,10:16:04,51.201572,14.239536,28191.10
36967,10:16:07,51.201451,14.239547,28205.30
36970,10:16:10,51.201346,14.239628,28218.70
36973,10:16:13,51.201260,14.239742,28231.00
36976,10:16:16,51.201151,14.239819,28244.10
36979,10:16:19,51.201059,14.239836,28258.40
36982,10:16:22,51.200960,14.239795,28270.90
36985,10:16:25,51.200858,14.239761,28284.00
36988,10:16:28,51.200793,14.239812,28294.20
36991,10:16:31,51.200725,14.239926,28306.60
36994,10:16:34,51.200665,14.240047,28319.10
36997,10:16:37,51.200613,14.240116,28333.50
37000,10:16:40,51.200553,14.240111,28345.70
37003,10:16:43,51.200514,14.240082,28358.50
37006,10:16:46,51.200473,14.240159,28373.40
37009,10:16:49,51.200451,14.240327,28385.40
37012,10:16:52,51.200425,14.240495,28397.80
37015,10:16:55,51.200367,14.240614,28411.70
37018,10:16:58,51.200280,14.240694,28424.20
37021,10:17:01,51.200188,14.240793,28437.00
37024,10:17:04,51.200113,14.240948,28450.70
37027,10:17:07,51.200051,14.241115,28464.20
37030,10:17:10,51.200021,14.241299,28477.30
37033,10:17:13,51.199985,14.241450,28491.50
37036,10:17:16,51.199914,14.241573,28506.10
37039,10:17:19,51.199815,14.241693,28519.80
37042,10:17:22,51.199699,14.241783,28533.00
37045,10:17:25,51.199612,14.241892,28547.40
37048,10:17:28,51.199548,14.242009,28562.20
37051,10:17:31,51.199503,14.242130,28575.50
37054,10:17:34,51.199471,14.242297,28589.00
37057,10:17:37,51.199390,14.242439,28603.50
37060,10:17:40,51.199256,14.242554,28617.10
37063,10:17:43,51.199091,14.242641,28627.50
37066,10:17:46,51.198953,14.242699,28638.70
37069,10:17:49,51.198842,14.242769,28651.60
37072,10:17:52,51.198769,14.242874,28663.30
37075,10:17:55,51.198727,14.243033,28674.20
37078,10:17:58,51.198600,14.243011,28692.50
37081,10:18:01,51.198449,14.243303,28704.30
37084,10:18:04,51.198277,14.243491,28717.00
37087,10:18:07,51.198099,14.243601,28728.60
37090,10:18:10,51.197956,14.243708,28741.40
37093,10:18:13,51.197837,14.243822,28754.20
37096,10:18:16,51.197759,14.243959,28766.10
37099,10:18:19,51.197656,14.244096,28780.20
37102,10:18:22,51.197489,14.244197,28792.70
37105,10:18:25,51.197328,14.244297,28804.90
37108,10:18:28,51.197190,14.244400,28819.10
37111,10:18:31,51.197074,14.244480,28831.30
37114,10:18:34,51.197003,14.244558,28843.30
37117,10:18:37,51.196882,14.244636,28857.50
37120,10:18:40,51.196731,14.244697,28871.30
37123,10:18:43,51.196536,14.244774,28883.20
37126,10:18:46,51.196351,14.244808,28896.20
37129,10:18:49,51.196200,14.244824,28910.80
37132,10:18:52,51.196085,14.244881,28922.80
37135,10:18:55,51.196005,14.244944,28934.80
37138,10:18:58,51.195872,14.245011,28948.80
37141,10:19:01,51.195725,14.245122,28963.50
37144,10:19:04,51.195553,14.245190,28974.50
37147,10:19:07,51.195399,14.245251,28986.80
37150,10:19:11,51.195293,14.245336,29015.60
37153,10:19:14,51.195222,14.245414,29027.80
37156,10:19:17,51.195136,14.245465,29054.30
37160,10:19:20,51.195012,14.245507,29083.20
37165,10:19:26,51.194731,14.245739,29110.60
37169,10:19:29,51.194572,14.245812,29121.30
37172,10:19:31,51.194603,14.245896,29140.40
37175,10:19:35,51.194595,14.245983,29150.20
37178,10:19:38,51.194547,14.246063,29161.70
37181,10:19:41,51.194465,14.246158,29174.70
37184,10:19:44,51.194333,14.246221,29180.30
37187,10:19:47,51.194234,14.246232,29188.70
37190,10:19:50,51.194187,14.246216,29196.70
37193,10:19:53,51.194190,14.246178,29205.90
37196,10:19:56,51.194202,14.246187,29218.00
37199,10:19:59,51.194209,14.246244,29230.20
37202,10:20:02,51.194179,14.246360,29242.00
37205,10:20:05,51.194148,14.246492,29254.40
37208,10:20:08,51.194167,14.246600,29268.20
37211,10:20:11,51.194209,14.246710,29281.50
37214,10:20:14,51.194269,14.246782,29293.80
37217,10:20:17,51.194300,14.246872,29307.10
37220,10:20:20,51.194305,14.246992,29321.60
37223,10:20:23,51.194266,14.247145,29333.80
37226,10:20:26,51.194207,14.247354,29346.00
37229,10:20:29,51.194203,14.247518,29360.30
37232,10:20:31,51.194225,14.247656,29372.50
37235,10:20:35,51.194255,14.247801,29385.20
37238,10:20:38,51.194244,14.247952,29399.50
37241,10:20:41,51.194185,14.248147,29412.30
37244,10:20:44,51.194140,14.248330,29425.40
37247,10:20:47,51.194127,14.248532,29438.40
37250,10:20:50,51.194202,14.248776,29455.80
37253,10:20:53,51.194161,14.249037,29461.00
37256,10:20:56,51.194067,14.249241,29466.90
37259,10:20:59,51.194113,14.249417,29482.30
37262,10:21:02,51.194072,14.249581,29498.60
37265,10:21:05,51.194069,14.249772,29515.30
37268,10:21:08,51.194116,14.249955,29529.80
37271,10:21:11,51.194113,14.250129,29544.70
37274,10:21:14,51.194061,14.250300,29558.50
37277,10:21:17,51.193986,14.250460,29572.30
37280,10:21:20,51.193945,14.250629,29586.90
37283,10:21:23,51.193970,14.250780,29601.20
37286,10:21:26,51.194011,14.250887,29616.10
37289,10:21:29,51.193967,14.250999,29630.30
37292,10:21:31,51.193866,14.251112,29642.10
37295,10:21:35,51.193751,14.251247,29655.10
37298,10:21:38,51.193671,14.251376,29669.50
37301,10:21:41,51.193627,14.251517,29682.00
37304,10:21:44,51.193581,14.251703,29695.00
37307,10:21:47,51.193485,14.251903,29708.70
37310,10:21:50,51.193333,14.252130,29720.40
37313,10:21:53,51.193195,14.252353,29732.90
37316,10:21:56,51.193095,14.252576,29746.40
37319,10:21:59,51.193034,14.252780,29758.70
37322,10:22:02,51.192991,14.252965,29771.10
37325,10:22:05,51.192911,14.253209,29783.80
37328,10:22:08,51.192807,14.253477,29795.50
37334,10:22:14,51.192560,14.254041,29820.20
37337,10:22:17,51.192432,14.254257,29832.30
37340,10:22:20,51.192306,14.254454,29844.80
37343,10:22:23,51.192243,14.254672,29856.80
37346,10:22:26,51.192177,14.254924,29869.50
37349,10:22:29,51.192072,14.255252,29880.90
37352,10:22:31,51.191950,14.255599,29891.90
37355,10:22:35,51.191787,14.255878,29904.40
37358,10:22:38,51.191635,14.256101,29916.50
37361,10:22:41,51.191505,14.256263,29928.40
37364,10:22:44,51.191376,14.256454,29941.00
37367,10:22:47,51.191264,14.256651,29954.40
37370,10:22:50,51.191155,14.256844,29967.90
37373,10:22:53,51.191047,14.257124,29978.70
37376,10:22:56,51.190934,14.257383,29989.80
37379,10:22:59,51.190783,14.257590,30003.50
37382,10:23:02,51.190587,14.257750,30015.80
37385,10:23:05,51.190378,14.257830,30027.70
37388,10:23:08,51.190185,14.257988,30041.50
37391,10:23:11,51.190004,14.258190,30054.30
37394,10:23:14,51.189850,14.258395,30065.30
37397,10:23:17,51.189654,14.258574,30078.60
37400,10:23:21,51.189335,14.258671,30090.90
37403,10:23:24,51.189103,14.258748,30103.70
37406,10:23:27,51.188896,14.258855,30117.90
37409,10:23:30,51.188724,14.258990,30129.90
37412,10:23:33,51.188544,14.259098,30143.10
37415,10:23:36,51.188337,14.259146,30157.10
37418,10:23:39,51.188082,14.259151,30170.20
37421,10:23:42,51.187822,14.259119,30182.40
37424,10:23:45,51.187617,14.259084,30195.60
37427,10:23:48,51.187424,14.259054,30209.80
37430,10:23:51,51.187263,14.259058,30222.90
37433,10:23:54,51.187093,14.259066,30239.20
37436,10:23:57,51.186895,14.259049,30252.70
37439,10:24:00,51.186675,14.259022,30266.50
37442,10:24:03,51.186405,14.258932,30278.90
37445,10:24:06,51.186182,14.258836,30292.60
37448,10:24:09,51.186020,14.258772,30306.70
37451,10:24:12,51.185901,14.258698,30318.80
37454,10:24:15,51.185785,14.258643,30331.80
37457,10:24:18,51.185653,14.258601,30346.30
37460,10:24:21,51.185492,14.258567,30359.30
37463,10:24:24,51.185323,14.258578,30371.40
37466,10:24:27,51.185205,14.258620,30384.40
37469,10:24:30,51.185113,14.258673,30397.50
37472,10:24:33,51.185068,14.258678,30410.90
37475,10:24:36,51.185025,14.258643,30423.50
37478,10:24:39,51.184954,14.258615,30436.80
37481,10:24:42,51.184890,14.258572,30450.60
37484,10:24:45,51.184773,14.258517,30462.00
37487,10:24:48,51.184650,14.258487,30473.60
37490,10:24:51,51.184591,14.258450,30487.80
37493,10:24:54,51.184551,14.258428,30500.20
37496,10:24:57,51.184565,14.258427,30512.00
37499,10:25:00,51.184549,14.258415,30525.80
37502,10:25:03,51.184508,14.258380,30539.20
37505,10:25:06,51.184470,14.258344,30551.60
37508,10:25:09,51.184441,14.258331,30564.60
37511,10:25:12,51.184475,14.258397,30578.20
37514,10:25:15,51.184591,14.258518,30591.80
37517,10:25:18,51.184655,14.258650,30604.80
37520,10:25:21,51.184716,14.258787,30619.30
37523,10:25:24,51.184765,14.258939,30632.40
37526,10:25:27,51.184792,14.259138,30645.00
37529,10:25:30,51.184868,14.259404,30656.70
37532,10:25:33,51.184951,14.259670,30669.20
37535,10:25:36,51.185038,14.259894,30682.10
37538,10:25:39,51.185151,14.260069,30693.80
37541,10:25:42,51.185218,14.260192,30705.20
37544,10:25:45,51.185269,14.260364,30718.30
37547,10:25:48,51.185307,14.260590,30731.40
37550,10:25:51,51.185301,14.260852,30743.50
37553,10:25:54,51.185340,14.261149,30756.00
37556,10:25:57,51.185398,14.261434,30769.30
37559,10:26:00,51.185465,14.261686,30781.60
37562,10:26:03,51.185553,14.261933,30793.20
37565,10:26:06,51.185584,14.262154,30805.30
37568,10:26:09,51.185605,14.262367,30818.30
37571,10:26:12,51.185586,14.262661,30830.10
37574,10:26:15,51.185532,14.263007,30840.70
37577,10:26:18,51.185530,14.263334,30852.10
37580,10:26:21,51.185533,14.263665,30864.70
37583,10:26:24,51.185575,14.263928,30874.10
37586,10:26:27,51.185635,14.264203,30887.60
37589,10:26:30,51.185638,14.264468,30899.70
37592,10:26:33,51.185617,14.264696,30911.20
37595,10:26:36,51.185551,14.264952,30921.50
37598,10:26:39,51.185519,14.265147,30932.30
37601,10:26:42,51.185510,14.265336,30944.60
37604,10:26:45,51.185535,14.265545,30955.50
37608,10:26:48,51.185561,14.265732,30966.60
37611,10:26:51,51.185538,14.265973,30979.00
37614,10:26:54,51.185498,14.266252,30991.50
37617,10:26:57,51.185404,14.266510,31001.90
37620,10:27:00,51.185331,14.266779,31012.40
37623,10:27:03,51.185281,14.267039,31024.20
37626,10:27:06,51.185218,14.267278,31036.60
37629,10:27:09,51.185219,14.267507,31047.80
37632,10:27:12,51.185195,14.267705,31059.20
37635,10:27:15,51.185148,14.267888,31071.70
37638,10:27:18,51.185112,14.268100,31084.10
37641,10:27:21,51.184999,14.268321,31094.60
37644,10:27:24,51.184913,14.268513,31105.70
37647,10:27:27,51.184871,14.268680,31117.90
37650,10:27:30,51.184861,14.268815,31128.00
37653,10:27:33,51.184885,14.268958,31140.00
37656,10:27:36,51.184867,14.269126,31152.90
37659,10:27:39,51.184756,14.269302,31172.60
37662,10:27:42,51.184688,14.269571,31182.80
37665,10:27:45,51.184614,14.269842,31193.90
37668,10:27:49,51.184598,14.270202,31205.50
37671,10:27:52,51.184593,14.270456,31216.50
37674,10:27:55,51.184573,14.270745,31227.50
37677,10:27:58,51.184552,14.271069,31237.90
37680,10:28:01,51.184515,14.271332,31248.80
37683,10:28:04,51.184447,14.271574,31259.90
37686,10:28:07,51.184380,14.271735,31269.90
37689,10:28:10,51.184339,14.271858,31280.00
37692,10:28:13,51.184323,14.272023,31291.30
37695,10:28:16,51.184356,14.272154,31302.30
37698,10:28:19,51.184401,14.272312,31312.50
37701,10:28:22,51.184426,14.272467,31324.50
37704,10:28:25,51.184446,14.272574,31337.00
37707,10:28:28,51.184440,14.272666,31351.00
37710,10:28:31,51.184457,14.272721,31361.60
37713,10:28:34,51.184514,14.272779,31373.70
37716,10:28:37,51.184592,14.272852,31384.80
37719,10:28:40,51.184706,14.272939,31395.30
37722,10:28:43,51.184797,14.273032,31407.40
37725,10:28:46,51.184859,14.273176,31418.80
37728,10:28:49,51.184911,14.273264,31430.10
37731,10:28:52,51.184974,14.273303,31441.90
37734,10:28:55,51.185038,14.273409,31454.30
37737,10:28:58,51.185136,14.273580,31465.60
37740,10:29:01,51.185254,14.273778,31475.60
37743,10:29:04,51.185331,14.273987,31486.70
37746,10:29:07,51.185414,14.274202,31498.60
37749,10:29:10,51.185466,14.274381,31509.70
37752,10:29:13,51.185507,14.274567,31521.00
37755,10:29:16,51.185589,14.274777,31532.60
37758,10:29:19,51.185676,14.274973,31545.10
37761,10:29:22,51.185850,14.275177,31556.30
37764,10:29:25,51.186017,14.275403,31568.20
37767,10:29:28,51.186156,14.275629,31580.70
37770,10:29:31,51.186301,14.275863,31592.80
37773,10:29:34,51.186381,14.276108,31604.10
37776,10:29:37,51.186497,14.276375,31615.70
37779,10:29:40,51.186620,14.276674,31628.40
37782,10:29:43,51.186755,14.276983,31640.20
37785,10:29:46,51.186938,14.277310,31650.70
37788,10:29:49,51.187070,14.277664,31661.80
37791,10:29:52,51.187203,14.278010,31673.80
37794,10:29:55,51.187312,14.278350,31685.80
37797,10:29:58,51.187368,14.278685,31697.10
37800,10:30:01,51.187473,14.279031,31708.60
37803,10:30:04,51.187576,14.279403,31721.60
37806,10:30:07,51.187710,14.279799,31732.80
37809,10:30:10,51.187830,14.280200,31743.10
37812,10:30:13,51.187936,14.280660,31753.80
37815,10:30:16,51.188045,14.281137,31764.20
37818,10:30:19,51.188100,14.281621,31774.80
37821,10:30:22,51.188139,14.282125,31785.60
37824,10:30:25,51.188221,14.282643,31797.10
37827,10:30:28,51.188263,14.283133,31809.60
37830,10:30:31,51.188361,14.283594,31820.00
37833,10:30:34,51.188490,14.284031,31829.20
37836,10:30:37,51.188562,14.284484,31839.20
37839,10:30:40,51.188634,14.284942,31850.60
37842,10:30:43,51.188690,14.285409,31864.30
37845,10:30:46,51.188710,14.285890,31876.70
37848,10:30:49,51.188755,14.286325,31888.30
37851,10:30:52,51.188770,14.286710,31899.60
37854,10:30:55,51.188815,14.287067,31910.20
37857,10:30:58,51.188851,14.287440,31921.50
37860,10:31:01,51.188832,14.287833,31933.20
37863,10:31:04,51.188830,14.288281,31943.00
37866,10:31:07,51.188806,14.288767,31952.70
37869,10:31:10,51.188785,14.289203,31963.30
37872,10:31:13,51.188798,14.289626,31975.10
37876,10:31:16,51.188811,14.289956,31985.10
37879,10:31:19,51.188842,14.290247,31995.10
37882,10:31:22,51.188876,14.290594,32006.00
37885,10:31:25,51.188944,14.290668,32005.70
37888,10:31:28,51.188989,14.291001,32015.90
37891,10:31:31,51.189033,14.291423,32026.40
37894,10:31:34,51.188992,14.291811,32024.10
37897,10:31:37,51.189076,14.292315,32038.20
37900,10:31:40,51.189114,14.292683,32054.30
37903,10:31:43,51.189138,14.292924,32065.70
37906,10:31:46,51.189139,14.293175,32075.80
37909,10:31:49,51.189137,14.293424,32086.10
37912,10:31:52,51.189117,14.293689,32096.30
37915,10:31:55,51.189089,14.293997,32109.50
37918,10:31:58,51.189082,14.294377,32122.40
37921,10:32:01,51.189091,14.294806,32135.30
37924,10:32:04,51.189088,14.295181,32147.00
37927,10:32:07,51.189096,14.295525,32159.30
37930,10:32:10,51.189099,14.295812,32170.00
37933,10:32:14,51.189088,14.296149,32179.10
37936,10:32:17,51.189078,14.296471,32189.30
37939,10:32:20,51.189055,14.296843,32200.50
37942,10:32:23,51.189032,14.297303,32210.20
37945,10:32:26,51.189003,14.297732,32220.60
37948,10:32:29,51.188970,14.298123,32231.70
37951,10:32:31,51.188958,14.298357,32241.60
37954,10:32:35,51.188948,14.298768,32250.70
37957,10:32:38,51.188953,14.299116,32260.60
37960,10:32:41,51.188970,14.299458,32271.80
37963,10:32:44,51.188990,14.299874,32282.20
37966,10:32:47,51.189028,14.300318,32291.20
37969,10:32:50,51.189081,14.300696,32300.40
37972,10:32:53,51.189142,14.301079,32313.90
37975,10:32:56,51.189205,14.301366,32323.10
37978,10:32:59,51.189263,14.301633,32332.60
37981,10:33:02,51.189321,14.301943,32342.90
37984,10:33:05,51.189356,14.302206,32353.30
37987,10:33:08,51.189366,14.302554,32363.30
37990,10:33:11,51.189358,14.302909,32372.90
37993,10:33:14,51.189343,14.303206,32382.90
37996,10:33:17,51.189340,14.303533,32394.40
37999,10:33:20,51.189335,14.303757,32403.70
38002,10:33:23,51.189334,14.303946,32412.60
38005,10:33:26,51.189327,14.304198,32422.70
38008,10:33:29,51.189326,14.304402,32434.00
38011,10:33:31,51.189333,14.304696,32444.80
38014,10:33:35,51.189358,14.305034,32454.30
38017,10:33:38,51.189407,14.305284,32464.10
38020,10:33:41,51.189455,14.305554,32475.30
38023,10:33:44,51.189497,14.305722,32485.20
38026,10:33:47,51.189544,14.305865,32495.00
38029,10:33:50,51.189594,14.306077,32505.90
38032,10:33:53,51.189653,14.306248,32517.00
38035,10:33:56,51.189718,14.306514,32526.80
38038,10:33:59,51.189778,14.306767,32536.80
38041,10:34:02,51.189847,14.306947,32548.10
38044,10:34:05,51.189906,14.307163,32559.60
38047,10:34:08,51.189939,14.307257,32569.40
38050,10:34:11,51.189988,14.307373,32579.20
38053,10:34:14,51.190034,14.307518,32589.60
38056,10:34:17,51.190088,14.307593,32600.50
38059,10:34:20,51.190186,14.307788,32610.60
38062,10:34:23,51.190293,14.307981,32619.90
38065,10:34:26,51.190402,14.308120,32629.70
38068,10:34:29,51.190517,14.308341,32641.30
38071,10:34:31,51.190588,14.308469,32650.20
38074,10:34:35,51.190658,14.308559,32661.40
38077,10:34:38,51.190742,14.308694,32672.10
38080,10:34:41,51.190840,14.308764,32683.20
38083,10:34:44,51.190966,14.308886,32694.80
38086,10:34:47,51.191124,14.309038,32705.80
38089,10:34:50,51.191286,14.309157,32716.10
38092,10:34:53,51.191437,14.309321,32726.70
38095,10:34:56,51.191581,14.309461,32738.10
38098,10:34:59,51.191708,14.309578,32750.20
38101,10:35:02,51.191825,14.309727,32762.60
38104,10:35:05,51.191922,14.309806,32774.00
38107,10:35:08,51.192023,14.309854,32785.10
38110,10:35:11,51.192166,14.309914,32796.70
38113,10:35:14,51.192338,14.309952,32807.90
38116,10:35:17,51.192545,14.310047,32818.50
38119,10:35:20,51.192757,14.310179,32829.10
38122,10:35:23,51.192958,14.310312,32840.10
38125,10:35:26,51.193161,14.310503,32851.00
38128,10:35:29,51.193336,14.310693,32861.80
38131,10:35:31,51.193497,14.310873,32872.80
38134,10:35:35,51.193660,14.311042,32883.90
38137,10:35:38,51.193803,14.311154,32893.90
38140,10:35:41,51.193948,14.311258,32903.70
38144,10:35:44,51.194145,14.311443,32916.70
38147,10:35:47,51.194374,14.311646,32931.10
38150,10:35:50,51.194566,14.311906,32938.40
38153,10:35:53,51.194757,14.312170,32947.90
38156,10:35:56,51.194942,14.312418,32957.30
38159,10:35:59,51.195140,14.312691,32968.90
38162,10:36:02,51.195307,14.312887,32979.20
38165,10:36:05,51.195475,14.313090,32989.10
38168,10:36:08,51.195644,14.313349,32999.70
38171,10:36:11,51.195794,14.313603,33011.00
38174,10:36:14,51.195985,14.313953,33022.30
38177,10:36:17,51.196160,14.314317,33032.20
38180,10:36:20,51.196324,14.314654,33042.40
38183,10:36:23,51.196500,14.315034,33053.20
38186,10:36:26,51.196644,14.315355,33064.20
38189,10:36:29,51.196779,14.315652,33075.50
38192,10:36:31,51.196910,14.315985,33086.40
38195,10:36:35,51.197018,14.316306,33096.90
38198,10:36:38,51.197136,14.316687,33107.40
38201,10:36:41,51.197250,14.317129,33117.80
38204,10:36:44,51.197366,14.317562,33128.10
38207,10:36:48,51.197541,14.318176,33138.40
38210,10:36:51,51.197656,14.318605,33149.60
38213,10:36:54,51.197781,14.319020,33160.80
38216,10:36:57,51.197881,14.319442,33172.20
38219,10:37:00,51.197943,14.319830,33183.20
38222,10:37:03,51.198005,14.320255,33194.30
38225,10:37:06,51.198046,14.320729,33206.10
38228,10:37:09,51.198078,14.321232,33217.90
38231,10:37:12,51.198115,14.321813,33228.60
38234,10:37:15,51.198127,14.322401,33238.70
38237,10:37:18,51.198143,14.322967,33251.80
38240,10:37:21,51.198169,14.323509,33262.30
38243,10:37:24,51.198200,14.323952,33272.40
38246,10:37:27,51.198249,14.324349,33281.70
38249,10:37:30,51.198303,14.324768,33291.30
38252,10:37:33,51.198354,14.325145,33302.20
38255,10:37:36,51.198413,14.325545,33313.80
38258,10:37:39,51.198467,14.325945,33325.30
38261,10:37:42,51.198523,14.326297,33336.60
38264,10:37:45,51.198572,14.326681,33347.70
38267,10:37:48,51.198587,14.327047,33357.00
38270,10:37:51,51.198605,14.327394,33365.50
38273,10:37:54,51.198635,14.327781,33374.50
38276,10:37:57,51.198660,14.328130,33384.10
38279,10:38:00,51.198714,14.328485,33394.80
38282,10:38:03,51.198800,14.328860,33404.30
38285,10:38:06,51.198887,14.329198,33412.20
38288,10:38:09,51.198972,14.329559,33420.80
38291,10:38:12,51.199056,14.329917,33430.80
38294,10:38:15,51.199101,14.330256,33441.00
38297,10:38:18,51.199115,14.330649,33450.40
38300,10:38:21,51.199127,14.331032,33459.40
38303,10:38:24,51.199127,14.331414,33469.60
38306,10:38:27,51.199127,14.331829,33480.70
38309,10:38:30,51.199146,14.332207,33491.90
38312,10:38:33,51.199151,14.332588,33502.20
38315,10:38:36,51.199152,14.332958,33509.00
38318,10:38:39,51.199146,14.333252,33516.20
38321,10:38:42,51.199117,14.333578,33525.00
38324,10:38:45,51.199080,14.333877,33532.20
38327,10:38:48,51.199036,14.334198,33541.50
38330,10:38:51,51.198978,14.334584,33551.90
38333,10:38:54,51.198911,14.334957,33561.60
38336,10:38:57,51.198818,14.335345,33570.80
38339,10:39:00,51.198718,14.335721,33580.20
38342,10:39:03,51.198613,14.336053,33590.00
38345,10:39:06,51.198495,14.336369,33599.80
38348,10:39:09,51.198389,14.336659,33609.30
38351,10:39:12,51.198276,14.336947,33618.20
38354,10:39:15,51.198148,14.337234,33627.20
38357,10:39:18,51.198022,14.337507,33636.50
38360,10:39:21,51.197877,14.337804,33646.10
38363,10:39:24,51.197724,14.338105,33656.10
38366,10:39:27,51.197580,14.338402,33666.50
38369,10:39:30,51.197434,14.338711,33676.80
38372,10:39:33,51.197314,14.339003,33687.70
38375,10:39:36,51.197230,14.339277,33698.00
38378,10:39:39,51.197159,14.339534,33707.20
38381,10:39:42,51.197098,14.339761,33715.60
38384,10:39:45,51.197111,14.340028,33732.30
38387,10:39:48,51.197076,14.340217,33750.10
38390,10:39:51,51.196987,14.340391,33758.30
38397,10:39:57,51.196723,14.340706,33772.50
38400,10:40:00,51.196578,14.340879,33781.10
38403,10:40:03,51.196453,14.341062,33789.40
38406,10:40:06,51.196353,14.341252,33798.00
38409,10:40:09,51.196270,14.341460,33807.10
38412,10:40:12,51.196215,14.341677,33815.70
38415,10:40:15,51.196180,14.341876,33824.10
38418,10:40:18,51.196149,14.342056,33832.10
38421,10:40:21,51.196123,14.342217,33840.40
38424,10:40:24,51.196086,14.342346,33849.00
38427,10:40:27,51.196038,14.342459,33857.50
38430,10:40:30,51.195987,14.342574,33865.90
38433,10:40:33,51.195927,14.342692,33874.60
38436,10:40:36,51.195865,14.342833,33883.70
38439,10:40:39,51.195808,14.343012,33892.80
38442,10:40:42,51.195755,14.343209,33901.70
38445,10:40:45,51.195715,14.343402,33910.70
38448,10:40:48,51.195686,14.343588,33920.00
38451,10:40:51,51.195662,14.343760,33929.20
38454,10:40:54,51.195637,14.343898,33938.60
38457,10:40:57,51.195601,14.344000,33947.60
38460,10:41:00,51.195549,14.344066,33955.80
38463,10:41:03,51.195491,14.344134,33964.20
38466,10:41:06,51.195425,14.344227,33973.30
38469,10:41:09,51.195351,14.344349,33982.60
38472,10:41:13,51.195245,14.344591,33991.40
38475,10:41:16,51.195171,14.344789,34000.20
38478,10:41:19,51.195106,14.344983,34008.70
38481,10:41:22,51.195043,14.345189,34017.50
38484,10:41:25,51.194990,14.345356,34026.70
38487,10:41:28,51.194948,14.345494,34036.00
38490,10:41:31,51.194904,14.345608,34044.60
38493,10:41:34,51.194858,14.345693,34053.30
38496,10:41:37,51.194814,14.345794,34062.20
38499,10:41:40,51.194771,14.345915,34071.10
38502,10:41:43,51.194717,14.346049,34085.00
38505,10:41:46,51.194643,14.346209,34095.10
38508,10:41:49,51.194549,14.346393,34104.60
38511,10:41:52,51.194447,14.346583,34113.60
38514,10:41:55,51.194347,14.346794,34123.20
38517,10:41:58,51.194278,14.347031,34134.90
38520,10:42:01,51.194208,14.347265,34145.20
38523,10:42:04,51.194095,14.347495,34154.90
38526,10:42:07,51.193967,14.347712,34164.80
38529,10:42:10,51.193833,14.347927,34174.20
38532,10:42:13,51.193694,14.348139,34182.70
38535,10:42:16,51.193556,14.348325,34190.80
38538,10:42:19,51.193429,14.348506,34199.20
38541,10:42:22,51.193312,14.348685,34208.50
38544,10:42:25,51.193210,14.348856,34218.90
38547,10:42:28,51.193137,14.349034,34229.60
38550,10:42:31,51.193089,14.349202,34239.60
38553,10:42:34,51.193061,14.349360,34249.00
38556,10:42:37,51.193036,14.349521,34258.20
38559,10:42:40,51.193007,14.349668,34268.00
38562,10:42:43,51.192976,14.349816,34278.30
38565,10:42:46,51.192935,14.349968,34288.70
38568,10:42:49,51.192901,14.350112,34298.80
38571,10:42:52,51.192868,14.350267,34308.90
38574,10:42:55,51.192829,14.350440,34319.00
38577,10:42:58,51.192785,14.350636,34328.30
38580,10:43:01,51.192766,14.350869,34337.70
38583,10:43:04,51.192754,14.351102,34346.90
38586,10:43:07,51.192763,14.351320,34356.50
38589,10:43:10,51.192791,14.351522,34366.20
38592,10:43:13,51.192839,14.351681,34375.00
38595,10:43:16,51.192898,14.351836,34383.10
38598,10:43:19,51.192953,14.351995,34391.10
38601,10:43:22,51.193016,14.352141,34399.80
38604,10:43:25,51.193070,14.352321,34409.50
38607,10:43:28,51.193110,14.352525,34419.20
38610,10:43:31,51.193151,14.352741,34428.00
38613,10:43:34,51.193190,14.352968,34436.10
38616,10:43:37,51.193233,14.353178,34444.50
38619,10:43:40,51.193287,14.353391,34453.60
38622,10:43:43,51.193346,14.353600,34463.10
38625,10:43:46,51.193419,14.353766,34472.70
38628,10:43:49,51.193501,14.353918,34481.80
38631,10:43:52,51.193578,14.354064,34490.00
38634,10:43:55,51.193654,14.354203,34498.00
38637,10:43:58,51.193729,14.354360,34506.50
38640,10:44:01,51.193799,14.354518,34515.90
38643,10:44:04,51.193867,14.354686,34525.80
38646,10:44:07,51.193930,14.354890,34535.70
38649,10:44:10,51.193985,14.355125,34545.20
38652,10:44:13,51.194040,14.355394,34553.80
38655,10:44:16,51.194086,14.355680,34561.50
38659,10:44:19,51.194147,14.355954,34569.70
38662,10:44:22,51.194217,14.356234,34578.90
38665,10:44:25,51.194302,14.356493,34588.10
38668,10:44:28,51.194403,14.356728,34596.90
38671,10:44:31,51.194513,14.356950,34604.80
38674,10:44:34,51.194621,14.357154,34612.60
38677,10:44:37,51.194729,14.357354,34620.80
38680,10:44:40,51.194833,14.357552,34629.70
38683,10:44:43,51.194926,14.357738,34638.80
38686,10:44:46,51.195007,14.357930,34648.20
38689,10:44:49,51.195077,14.358123,34657.40
38692,10:44:52,51.195140,14.358320,34666.70
38695,10:44:55,51.195201,14.358529,34676.20
38698,10:44:58,51.195258,14.358730,34685.70
38701,10:45:01,51.195316,14.358930,34695.40
38704,10:45:04,51.195375,14.359132,34705.10
38707,10:45:07,51.195433,14.359318,34714.70
38710,10:45:10,51.195498,14.359491,34724.40
38713,10:45:13,51.195572,14.359638,34733.20
38716,10:45:16,51.195647,14.359743,34738.10
38719,10:45:19,51.195729,14.359865,34744.80
38722,10:45:22,51.195811,14.359989,34753.70
38725,10:45:25,51.195892,14.360111,34762.90
38728,10:45:28,51.195947,14.360140,34763.20
38731,10:45:31,51.196009,14.360329,34772.90
38734,10:45:34,51.196084,14.360600,34787.20
38737,10:45:38,51.196167,14.360905,34796.00
38740,10:45:41,51.196236,14.361125,34805.20
38743,10:45:44,51.196311,14.361354,34814.40
38746,10:45:47,51.196399,14.361562,34824.10
38749,10:45:50,51.196499,14.361754,34833.60
38752,10:45:53,51.196589,14.361937,34842.90
38755,10:45:56,51.196666,14.362095,34851.60
38758,10:45:59,51.196733,14.362253,34859.60
38761,10:46:02,51.196787,14.362413,34867.50
38764,10:46:05,51.196838,14.362572,34875.50
38767,10:46:08,51.196885,14.362763,34884.30
38770,10:46:11,51.196931,14.362987,34893.40
38773,10:46:14,51.196978,14.363250,34902.50
38776,10:46:17,51.197025,14.363538,34913.60
38779,10:46:20,51.197074,14.363825,34921.90
38782,10:46:23,51.197127,14.364128,34930.60
38785,10:46:26,51.197181,14.364433,34939.30
38788,10:46:29,51.197236,14.364731,34948.50
38791,10:46:31,51.197297,14.365048,34957.70
38794,10:46:35,51.197364,14.365358,34966.50
38797,10:46:38,51.197440,14.365675,34975.00
38800,10:46:41,51.197525,14.366002,34982.70
38803,10:46:44,51.197610,14.366321,34989.70
38806,10:46:47,51.197696,14.366640,34996.40
38809,10:46:50,51.197776,14.366965,35003.30
38812,10:46:53,51.197854,14.367280,35011.70
38815,10:46:56,51.197833,14.367619,35030.70
38818,10:46:59,51.197904,14.367966,35039.70
38821,10:47:02,51.197957,14.368319,35048.10
38824,10:47:05,51.197998,14.368688,35055.90
38827,10:47:08,51.198027,14.369044,35063.30
38830,10:47:11,51.198059,14.369414,35070.70
38833,10:47:14,51.198108,14.369801,35074.00
38836,10:47:17,51.198165,14.370197,35079.00
38839,10:47:20,51.198210,14.370618,35085.90
38842,10:47:23,51.198251,14.371052,35093.50
38845,10:47:26,51.198293,14.371486,35101.10
38848,10:47:29,51.198341,14.371932,35108.30
38851,10:47:31,51.198394,14.372374,35115.40
38854,10:47:35,51.198453,14.372817,35122.00
38857,10:47:38,51.198517,14.373267,35128.40
38860,10:47:41,51.198579,14.373711,35134.80
38863,10:47:44,51.198644,14.374157,35141.70
38866,10:47:47,51.198710,14.374607,35148.70
38869,10:47:50,51.198768,14.375047,35155.90
38872,10:47:53,51.198814,14.375488,35162.70
38875,10:47:56,51.198847,14.375934,35168.60
38878,10:47:59,51.198876,14.376386,35173.80
38881,10:48:02,51.198906,14.376857,35178.80
38884,10:48:05,51.198930,14.377335,35184.20
38887,10:48:08,51.198955,14.377826,35190.20
38890,10:48:11,51.198985,14.378343,35196.70
38893,10:48:14,51.199016,14.378875,35203.50
38896,10:48:17,51.199054,14.379440,35214.20
38899,10:48:20,51.199084,14.379996,35219.80
38902,10:48:23,51.199100,14.380535,35225.60
38905,10:48:26,51.199118,14.381062,35231.80
38908,10:48:29,51.199116,14.381560,35237.50
38911,10:48:31,51.199116,14.382031,35242.00
38914,10:48:35,51.199112,14.382484,35245.60
38917,10:48:38,51.199091,14.382916,35249.60
38920,10:48:41,51.199075,14.383339,35254.30
38923,10:48:44,51.199054,14.383751,35259.60
38926,10:48:47,51.199027,14.384146,35265.10
38929,10:48:50,51.199001,14.384538,35270.60
38933,10:48:53,51.198965,14.384918,35276.00
38936,10:48:56,51.198922,14.385286,35281.80
38939,10:48:59,51.198879,14.385654,35287.30
38942,10:49:02,51.198824,14.386010,35292.30
38945,10:49:05,51.198763,14.386358,35297.30
38948,10:49:08,51.198697,14.386701,35302.10
38951,10:49:11,51.198621,14.387028,35306.90
38954,10:49:14,51.198545,14.387354,35311.70
38957,10:49:17,51.198464,14.387678,35316.60
38960,10:49:20,51.198377,14.387999,35321.60
38963,10:49:23,51.198293,14.388334,35326.80
38966,10:49:26,51.198206,14.388675,35332.20
38969,10:49:29,51.198114,14.389025,35337.40
38972,10:49:31,51.198024,14.389391,35340.90
38975,10:49:35,51.197928,14.389757,35345.00
38978,10:49:38,51.197826,14.390105,35348.00
38981,10:49:41,51.197713,14.390466,35355.00
38984,10:49:44,51.197626,14.390882,35360.00
38987,10:49:47,51.197498,14.391216,35365.80
38990,10:49:50,51.197374,14.391559,35371.70
38993,10:49:53,51.197243,14.391891,35377.40
38996,10:49:56,51.197113,14.392228,35383.30
38999,10:49:59,51.196978,14.392555,35388.90
39002,10:50:02,51.196840,14.392873,35394.80
39005,10:50:05,51.196704,14.393204,35400.40
39008,10:50:09,51.196520,14.393646,35406.60
39011,10:50:12,51.196389,14.393994,35413.00
39014,10:50:15,51.196259,14.394359,35419.70
39017,10:50:18,51.196130,14.394733,35426.50
39020,10:50:21,51.196005,14.395132,35433.50
39023,10:50:24,51.195877,14.395539,35440.10
39026,10:50:27,51.195745,14.395949,35446.70
39029,10:50:30,51.195614,14.396370,35452.90
39032,10:50:33,51.195477,14.396784,35459.00
39035,10:50:36,51.195346,14.397194,35465.50
39038,10:50:39,51.195220,14.397608,35472.20
39041,10:50:42,51.195098,14.398007,35479.40
39044,10:50:45,51.194989,14.398402,35486.70
39047,10:50:48,51.194887,14.398792,35495.90
39050,10:50:51,51.194788,14.399171,35502.20
39053,10:50:54,51.194703,14.399518,35497.90
39056,10:50:57,51.194615,14.399907,35504.50
39059,10:51:00,51.194526,14.400305,35511.80
39062,10:51:03,51.194445,14.400744,35521.60
39065,10:51:06,51.194361,14.401138,35530.10
39068,10:51:09,51.194286,14.401541,35537.90
39071,10:51:12,51.194218,14.401959,35545.00
39074,10:51:15,51.194156,14.402374,35552.00
39077,10:51:18,51.194105,14.402795,35558.70
39080,10:51:21,51.194061,14.403217,35565.10
39083,10:51:24,51.194022,14.403630,35571.80
39086,10:51:27,51.193990,14.404047,35578.40
39089,10:51:30,51.193959,14.404462,35584.90
39092,10:51:33,51.193931,14.404875,35591.40
39095,10:51:36,51.193911,14.405295,35598.00
39098,10:51:39,51.193893,14.405712,35604.70
39101,10:51:42,51.193878,14.406127,35611.20
39104,10:51:45,51.193868,14.406548,35617.90
39107,10:51:48,51.193858,14.406959,35624.30
39110,10:51:51,51.193854,14.407372,35630.60
39113,10:51:54,51.193856,14.407787,35636.80
39116,10:51:57,51.193860,14.408194,35643.00
39119,10:52:00,51.193999,14.408738,35647.00
39122,10:52:03,51.194020,14.409149,35650.40
39125,10:52:06,51.194018,14.409527,35656.60
39128,10:52:09,51.194027,14.409918,35662.90
39131,10:52:12,51.194024,14.410295,35669.40
39134,10:52:15,51.194051,14.410695,35675.50
39137,10:52:18,51.194089,14.411100,35681.60
39140,10:52:21,51.194165,14.411547,35684.00
39143,10:52:24,51.194223,14.411978,35689.30
39146,10:52:27,51.194282,14.412393,35695.10
39149,10:52:30,51.194324,14.412742,35701.00
39152,10:52:33,51.194372,14.413087,35707.30
39155,10:52:36,51.194429,14.413433,35713.30
39158,10:52:39,51.194495,14.413785,35718.20
39161,10:52:42,51.194558,14.414142,35720.80
39164,10:52:45,51.194621,14.414465,35725.30
39167,10:52:48,51.194684,14.414813,35731.30
39170,10:52:51,51.194746,14.415175,35737.00
39173,10:52:54,51.194810,14.415536,35743.10
39176,10:52:57,51.194885,14.415909,35750.60
39179,10:53:00,51.194966,14.416294,35756.60
39182,10:53:03,51.195029,14.416665,35762.70
39185,10:53:06,51.195093,14.417037,35768.10
39188,10:53:09,51.195154,14.417407,35772.60
39191,10:53:12,51.195213,14.417771,35776.80
39194,10:53:15,51.195274,14.418136,35780.60
39197,10:53:18,51.195335,14.418498,35784.90
39200,10:53:21,51.195398,14.418854,35789.40
39204,10:53:24,51.195464,14.419210,35793.90
39207,10:53:27,51.195530,14.419555,35798.90
39210,10:53:30,51.195601,14.419892,35804.30
39213,10:53:33,51.195677,14.420225,35809.80
39216,10:53:36,51.195753,14.420544,35815.00
39219,10:53:39,51.195837,14.420856,35820.00
39222,10:53:42,51.195922,14.421161,35824.90
39225,10:53:45,51.196005,14.421460,35829.30
39228,10:53:48,51.196090,14.421760,35833.50
39231,10:53:51,51.196175,14.422055,35837.70
39234,10:53:54,51.196260,14.422349,35841.60
39237,10:53:57,51.196349,14.422647,35845.80
39246,10:54:06,51.196662,14.423647,35859.10
39249,10:54:09,51.197005,14.423916,35843.10
39252,10:54:12,51.196971,14.424158,35851.50
39255,10:54:15,51.196929,14.424452,35867.10
39258,10:54:18,51.196980,14.424747,35873.70
39261,10:54:21,51.197044,14.425047,35879.20
39264,10:54:24,51.197094,14.425346,35885.00
39267,10:54:27,51.197131,14.425637,35890.10
39270,10:54:30,51.197161,14.425920,35894.30
39273,10:54:33,51.197184,14.426189,35898.30
39276,10:54:36,51.197205,14.426455,35902.00
39279,10:54:39,51.197224,14.426722,35905.70
39282,10:54:42,51.197238,14.426985,35909.70
39285,10:54:45,51.197253,14.427251,35914.00
39288,10:54:49,51.197269,14.427603,35918.60
39291,10:54:52,51.197277,14.427868,35923.20
39294,10:54:55,51.197286,14.428138,35927.80
39297,10:54:58,51.197294,14.428403,35932.60
39300,10:55:01,51.197299,14.428671,35937.30
39303,10:55:04,51.197302,14.428938,35941.60
39306,10:55:07,51.197300,14.429198,35945.90
39309,10:55:10,51.197297,14.429458,35949.90
39312,10:55:13,51.197292,14.429716,35954.30
39315,10:55:16,51.197291,14.429980,35958.10
39321,10:55:22,51.197257,14.430487,35963.50
39325,10:55:25,51.197234,14.430742,35969.10
39328,10:55:28,51.197208,14.431004,35974.90
39331,10:55:31,51.197187,14.431279,35981.20
39334,10:55:34,51.197161,14.431560,35987.10
39337,10:55:37,51.197131,14.431844,35993.20
39340,10:55:40,51.197099,14.432124,35998.90
39343,10:55:43,51.197069,14.432408,36004.00
39346,10:55:46,51.197040,14.432693,36009.10
39349,10:55:49,51.197009,14.432979,36013.90
39352,10:55:52,51.196977,14.433268,36019.00
39355,10:55:55,51.196945,14.433559,36024.10
39358,10:55:58,51.196909,14.433856,36029.30
39361,10:56:01,51.196874,14.434161,36034.50
39364,10:56:04,51.196835,14.434469,36039.30
39367,10:56:07,51.196793,14.434782,36043.80
39370,10:56:10,51.196748,14.435100,36048.10
39373,10:56:13,51.196697,14.435421,36052.20
39376,10:56:16,51.196644,14.435746,36056.00
39379,10:56:19,51.196587,14.436072,36059.80
39382,10:56:22,51.196526,14.436400,36064.10
39385,10:56:25,51.196466,14.436732,36068.40
39388,10:56:28,51.196403,14.437067,36072.90
39394,10:56:34,51.196267,14.437746,36082.90
39397,10:56:37,51.196197,14.438090,36087.70
39400,10:56:40,51.196123,14.438441,36092.50
39403,10:56:43,51.196045,14.438792,36098.00
39406,10:56:46,51.195969,14.439151,36102.20
39409,10:56:49,51.195886,14.439517,36106.70
39412,10:56:52,51.195796,14.439878,36110.80
39415,10:56:55,51.195703,14.440240,36114.90
39418,10:56:58,51.195608,14.440605,36118.70
39421,10:57:01,51.195511,14.440968,36122.60
39424,10:57:04,51.195412,14.441332,36126.40
39427,10:57:07,51.195311,14.441699,36130.00
39430,10:57:10,51.195208,14.442065,36133.40
39433,10:57:13,51.195101,14.442434,36136.60
39436,10:57:16,51.194994,14.442805,36139.90
39439,10:57:19,51.194884,14.443174,36143.30
39442,10:57:22,51.194771,14.443544,36146.40
39445,10:57:25,51.194658,14.443913,36149.60
39448,10:57:28,51.194544,14.444280,36152.80
39451,10:57:31,51.194430,14.444643,36156.20
39454,10:57:34,51.194316,14.444999,36159.30
39457,10:57:37,51.194201,14.445350,36162.20
39460,10:57:40,51.194086,14.445697,36164.90
39463,10:57:43,51.193966,14.446031,36168.10
39466,10:57:46,51.193847,14.446367,36171.00
39469,10:57:49,51.193734,14.446689,36173.80
39472,10:57:52,51.193627,14.446999,36177.20
39475,10:57:55,51.193518,14.447285,36181.00
39478,10:57:58,51.193424,14.447584,36183.70
39481,10:58:01,51.193332,14.447878,36185.90
39484,10:58:04,51.193241,14.448175,36188.20
39487,10:58:07,51.193156,14.448470,36190.80
39490,10:58:10,51.193080,14.448755,36192.90
39493,10:58:13,51.193005,14.449039,36195.50
39496,10:58:16,51.192933,14.449312,36199.30
39499,10:58:19,51.192844,14.449564,36204.90
39502,10:58:22,51.192745,14.449812,36210.20
39505,10:58:25,51.192685,14.450083,36212.70
39508,10:58:28,51.192633,14.450363,36214.20
39511,10:58:31,51.192583,14.450633,36215.90
39514,10:58:34,51.192532,14.450901,36219.10
39517,10:58:37,51.192482,14.451157,36222.20
39520,10:58:40,51.192432,14.451410,36225.10
39523,10:58:43,51.192385,14.451659,36227.60
39526,10:58:46,51.192342,14.451905,36230.40
39529,10:58:49,51.192301,14.452150,36232.90
39532,10:58:52,51.192263,14.452393,36235.50
39535,10:58:55,51.192230,14.452633,36238.30
39538,10:58:58,51.192199,14.452870,36241.00
39541,10:59:01,51.192175,14.453105,36243.60
39544,10:59:04,51.192153,14.453341,36245.70
39547,10:59:07,51.192133,14.453576,36247.80
39550,10:59:10,51.192117,14.453811,36250.10
39553,10:59:13,51.192104,14.454045,36252.50
39556,10:59:16,51.192093,14.454278,36255.10
39559,10:59:19,51.192085,14.454511,36257.90
39562,10:59:22,51.192079,14.454743,36260.90
39565,10:59:25,51.192076,14.454975,36264.20
39568,10:59:28,51.192073,14.455204,36267.40
39571,10:59:31,51.192072,14.455433,36270.20
39574,10:59:35,51.192073,14.455736,36273.40
39577,10:59:38,51.192073,14.455972,36281.10
39580,10:59:41,51.192078,14.456197,36285.50
39583,10:59:44,51.192088,14.456422,36287.80
39586,10:59:47,51.192100,14.456650,36290.40
39589,10:59:50,51.192116,14.456883,36292.50
39592,10:59:53,51.192132,14.457121,36294.90
39595,10:59:56,51.192148,14.457363,36297.30
39598,10:59:59,51.192167,14.457608,36299.60
39601,11:00:02,51.192188,14.457859,36301.80
39604,11:00:05,51.192212,14.458113,36304.50
39607,11:00:08,51.192239,14.458372,36306.40
39610,11:00:11,51.192270,14.458629,36308.60
39613,11:00:14,51.192303,14.458883,36311.00
39616,11:00:17,51.192340,14.459134,36313.50
39619,11:00:20,51.192381,14.459382,36316.10
39622,11:00:23,51.192426,14.459626,36318.70
39625,11:00:26,51.192476,14.459867,36321.30
39628,11:00:29,51.192526,14.460104,36323.70
39631,11:00:31,51.192577,14.460337,36326.10
39634,11:00:35,51.192629,14.460567,36328.30
39637,11:00:38,51.192682,14.460794,36330.60
39640,11:00:41,51.192737,14.461017,36332.90
39643,11:00:44,51.192792,14.461234,36334.70
39646,11:00:47,51.192847,14.461447,36337.20
39649,11:00:50,51.192906,14.461656,36339.50
39652,11:00:53,51.192966,14.461857,36341.70
39655,11:00:56,51.193028,14.462055,36344.30
39658,11:00:59,51.193092,14.462251,36346.90
39661,11:01:02,51.193159,14.462451,36349.50
39665,11:01:05,51.193226,14.462644,36351.60
39668,11:01:08,51.193294,14.462833,36354.00
39671,11:01:11,51.193364,14.463017,36356.60
39674,11:01:14,51.193435,14.463196,36359.30
39677,11:01:17,51.193508,14.463370,36362.00
39680,11:01:20,51.193582,14.463539,36364.70
39683,11:01:23,51.193656,14.463706,36367.00
39686,11:01:26,51.193734,14.463869,36369.10
39689,11:01:29,51.193815,14.464031,36371.40
39692,11:01:31,51.193898,14.464193,36373.80
39695,11:01:35,51.193982,14.464358,36375.90
39698,11:01:38,51.194069,14.464528,36378.20
39701,11:01:41,51.194159,14.464701,36380.40
39704,11:01:44,51.194249,14.464876,36382.80
39707,11:01:47,51.194340,14.465058,36385.00
39710,11:01:50,51.194433,14.465245,36386.90
39713,11:01:53,51.194527,14.465440,36389.00
39716,11:01:56,51.194625,14.465641,36391.10
39719,11:01:59,51.194723,14.465850,36393.30
39722,11:02:02,51.194823,14.466069,36395.80
39725,11:02:05,51.194926,14.466290,36398.00
39728,11:02:08,51.195028,14.466517,36400.60
39731,11:02:11,51.195134,14.466748,36402.60
39734,11:02:14,51.195240,14.466989,36404.70
39737,11:02:17,51.195344,14.467237,36406.80
39740,11:02:20,51.195450,14.467488,36408.60
39743,11:02:23,51.195560,14.467739,36410.40
39746,11:02:26,51.195667,14.467997,36412.20
39749,11:02:29,51.195771,14.468255,36413.80
39752,11:02:31,51.195874,14.468528,36415.30
39755,11:02:35,51.195984,14.468798,36417.10
39758,11:02:38,51.196091,14.469065,36418.80
39761,11:02:41,51.196197,14.469333,36420.80
39764,11:02:44,51.196304,14.469604,36422.90
39767,11:02:47,51.196416,14.469878,36424.90
39770,11:02:50,51.196528,14.470151,36427.20
39773,11:02:53,51.196637,14.470424,36429.60
39776,11:02:56,51.196748,14.470699,36431.70
39779,11:02:59,51.196860,14.470976,36433.80
39782,11:03:02,51.196973,14.471255,36436.20
39785,11:03:05,51.197087,14.471535,36438.80
39788,11:03:08,51.197201,14.471816,36441.40
39791,11:03:11,51.197315,14.472099,36444.10
39794,11:03:14,51.197431,14.472382,36446.70
39797,11:03:17,51.197553,14.472639,36446.80
39800,11:03:20,51.197682,14.472862,36445.90
39803,11:03:23,51.197803,14.473132,36448.50
39806,11:03:26,51.197930,14.473392,36448.80
39809,11:03:29,51.198059,14.473654,36451.50
39812,11:03:31,51.198183,14.473933,36453.90
39815,11:03:35,51.198310,14.474226,36456.70
39818,11:03:39,51.198479,14.474615,36459.40
39821,11:03:42,51.198611,14.474895,36462.40
39824,11:03:45,51.198738,14.475179,36464.70
39827,11:03:48,51.198888,14.475467,36466.80
39830,11:03:51,51.199015,14.475751,36469.20
39833,11:03:54,51.199181,14.476082,36465.40
39836,11:03:57,51.199296,14.476361,36469.10
39839,11:04:00,51.199412,14.476641,36472.20
39842,11:04:03,51.199542,14.476938,36476.90
39845,11:04:06,51.199672,14.477247,36480.60
39848,11:04:09,51.199805,14.477562,36483.90
39851,11:04:12,51.199939,14.477882,36486.70
39854,11:04:15,51.200072,14.478208,36489.30
39857,11:04:18,51.200209,14.478535,36492.40
39860,11:04:21,51.200349,14.478863,36495.00
39863,11:04:24,51.200489,14.479193,36497.80
39866,11:04:27,51.200631,14.479522,36500.20
39869,11:04:30,51.200774,14.479853,36502.40
39872,11:04:33,51.200921,14.480189,36505.10
39875,11:04:36,51.201069,14.480526,36507.90
39878,11:04:39,51.201217,14.480861,36510.70
39881,11:04:42,51.201366,14.481196,36513.20
39884,11:04:45,51.201517,14.481530,36515.40
39887,11:04:48,51.201668,14.481863,36517.70
39890,11:04:51,51.201820,14.482197,36520.10
39893,11:04:54,51.201972,14.482531,36522.50
39896,11:04:57,51.202125,14.482865,36524.70
39899,11:05:00,51.202277,14.483201,36526.80
39902,11:05:03,51.202429,14.483536,36529.30
39906,11:05:06,51.202581,14.483875,36531.90
39909,11:05:09,51.202734,14.484213,36534.70
39912,11:05:12,51.202889,14.484568,36543.20
39915,11:05:15,51.203043,14.484914,36545.10
39918,11:05:18,51.203201,14.485259,36546.70
39921,11:05:21,51.203357,14.485610,36548.80
39924,11:05:24,51.203515,14.485962,36550.50
39927,11:05:27,51.203671,14.486316,36552.10
39930,11:05:30,51.203828,14.486674,36553.80
39933,11:05:33,51.203984,14.487032,36555.60
39936,11:05:36,51.204140,14.487393,36557.40
39939,11:05:39,51.204296,14.487755,36559.40
39942,11:05:42,51.204453,14.488119,36561.40
39945,11:05:45,51.204611,14.488485,36563.40
39948,11:05:48,51.204768,14.488849,36565.70
39951,11:05:51,51.204927,14.489216,36568.10
39954,11:05:54,51.205085,14.489582,36570.70
39957,11:05:57,51.205243,14.489949,36573.50
39960,11:06:00,51.205401,14.490316,36576.00
39963,11:06:03,51.205559,14.490685,36578.50
39966,11:06:06,51.205717,14.491055,36581.20
39969,11:06:09,51.205877,14.491425,36583.70
39972,11:06:12,51.206034,14.491795,36586.20
39975,11:06:15,51.206192,14.492166,36589.10
39978,11:06:18,51.206348,14.492540,36592.20
39981,11:06:21,51.206508,14.492906,36595.60
39984,11:06:24,51.206666,14.493271,36596.20
39987,11:06:27,51.206824,14.493648,36599.60
39990,11:06:30,51.206970,14.494044,36602.60
39993,11:06:33,51.207130,14.494430,36605.10
39996,11:06:36,51.207290,14.494812,36607.60
39999,11:06:39,51.207449,14.495197,36610.50
40002,11:06:42,51.207606,14.495582,36612.60
40005,11:06:45,51.207760,14.495967,36614.70
40008,11:06:48,51.207913,14.496352,36616.60
40011,11:06:51,51.208065,14.496739,36618.80
40014,11:06:54,51.208216,14.497128,36620.70
40017,11:06:57,51.208370,14.497518,36622.80
40020,11:07:00,51.208524,14.497908,36625.00
40023,11:07:03,51.208678,14.498300,36627.20
40026,11:07:06,51.208831,14.498693,36629.40
40029,11:07:09,51.208984,14.499088,36631.60
40032,11:07:12,51.209136,14.499485,36633.60
40035,11:07:15,51.209289,14.499882,36635.40
40038,11:07:18,51.209441,14.500281,36637.00
40041,11:07:21,51.209593,14.500682,36638.60
40044,11:07:24,51.209744,14.501083,36640.30
40047,11:07:27,51.209895,14.501486,36641.70
40050,11:07:30,51.210045,14.501892,36643.50
40053,11:07:33,51.210195,14.502298,36645.70
40056,11:07:36,51.210346,14.502707,36648.90
40059,11:07:39,51.210467,14.503107,36644.60
40062,11:07:42,51.210604,14.503516,36646.70
40065,11:07:45,51.210761,14.503929,36649.70
40068,11:07:48,51.210931,14.504336,36650.00
40071,11:07:51,51.211089,14.504748,36651.60
40074,11:07:54,51.211242,14.505165,36653.20
40077,11:07:57,51.211393,14.505585,36655.00
40080,11:08:00,51.211545,14.506004,36656.60
40083,11:08:03,51.211696,14.506424,36658.20
40086,11:08:06,51.211847,14.506845,36659.80
40089,11:08:09,51.211997,14.507267,36661.40
40092,11:08:12,51.212149,14.507688,36663.30
40095,11:08:15,51.212298,14.508109,36665.00
40098,11:08:19,51.212496,14.508674,36667.10
40101,11:08:22,51.212622,14.509085,36667.20
40104,11:08:25,51.212736,14.509462,36600.70
40107,11:08:28,51.212782,14.509690,36469.20
40110,11:08:31,51.212885,14.509984,36302.80
40113,11:08:34,51.212936,14.510234,36097.20
40116,11:08:37,51.212961,14.510544,35864.30
40119,11:08:40,51.212992,14.510830,35617.50
40122,11:08:43,51.213004,14.511183,35372.30
40125,11:08:46,51.213023,14.511563,35138.70
40132,11:08:52,51.213186,14.512335,34622.00
40141,11:09:01,51.213338,14.513200,33999.50
40144,11:09:04,51.213412,14.513541,33789.70
40150,11:09:10,51.213400,14.514065,33411.60
40153,11:09:13,51.213294,14.514317,33218.20
40156,11:09:16,51.213234,14.514646,33026.80
40159,11:09:19,51.213236,14.515049,32839.30
40162,11:09:22,51.213326,14.515414,32654.40
40165,11:09:25,51.213434,14.515733,32473.00
40168,11:09:28,51.213501,14.515990,32288.90
40171,11:09:31,51.213558,14.516298,32102.90
40174,11:09:34,51.213594,14.516655,31926.70
40177,11:09:37,51.213599,14.516999,31750.60
40180,11:09:40,51.213611,14.517434,31577.60
40183,11:09:43,51.213672,14.517819,31406.80
40186,11:09:46,51.213749,14.518117,31239.20
40189,11:09:49,51.213805,14.518372,31076.50
40192,11:09:52,51.213836,14.518583,30914.80
40195,11:09:55,51.213863,14.518797,30755.80
40198,11:09:58,51.213911,14.519053,30597.90
40201,11:10:01,51.213996,14.519253,30443.10
40204,11:10:04,51.214059,14.519339,30290.30
40207,11:10:07,51.214038,14.519373,30140.20
40210,11:10:10,51.213946,14.519388,29994.30
40213,11:10:13,51.213837,14.519467,29850.10
40216,11:10:16,51.213735,14.519608,29705.30
40219,11:10:19,51.213651,14.519789,29562.10
40222,11:10:22,51.213601,14.520030,29420.00
40225,11:10:25,51.213577,14.520248,29281.20
40228,11:10:28,51.213566,14.520409,29145.20
40231,11:10:31,51.213506,14.520559,29008.80
40234,11:10:34,51.213425,14.520671,28874.40
40237,11:10:37,51.213314,14.520822,28739.40
40240,11:10:40,51.213195,14.520940,28607.10
40243,11:10:43,51.213119,14.521232,28471.30
40246,11:10:46,51.213049,14.521316,28336.30
40249,11:10:49,51.213003,14.521428,28206.90
40252,11:10:52,51.212965,14.521494,28082.10
40255,11:10:55,51.212831,14.521537,27956.60
40258,11:10:58,51.212650,14.521541,27831.60
40261,11:11:01,51.212439,14.521593,27708.40
40264,11:11:04,51.212216,14.521712,27586.20
40267,11:11:07,51.212045,14.521914,27464.90
40270,11:11:10,51.211954,14.522085,27347.40
40273,11:11:13,51.211860,14.522226,27231.70
40276,11:11:16,51.211809,14.522426,27116.90
40279,11:11:19,51.211775,14.522559,27000.30
40282,11:11:22,51.211697,14.522766,26883.40
40285,11:11:25,51.211586,14.523008,26767.10
40288,11:11:28,51.211513,14.523250,26649.40
40291,11:11:31,51.211492,14.523389,26534.90
40294,11:11:34,51.211409,14.523599,26420.40
40297,11:11:37,51.211351,14.523832,26308.90
40300,11:11:40,51.211339,14.524017,26200.00
40303,11:11:43,51.211404,14.524180,26093.70
40306,11:11:46,51.211474,14.524221,25992.30
40309,11:11:49,51.211523,14.524126,25890.30
40312,11:11:52,51.211573,14.524062,25789.80
40315,11:11:55,51.211587,14.524026,25690.40
40318,11:11:58,51.211567,14.524001,25595.80
40321,11:12:01,51.211577,14.523978,25495.30
40324,11:12:04,51.211602,14.523944,25394.30
40327,11:12:07,51.211595,14.523885,25298.30
40330,11:12:10,51.211549,14.523848,25203.70
40333,11:12:13,51.211489,14.523666,25109.50
40336,11:12:16,51.211411,14.523475,25017.80
40339,11:12:19,51.211334,14.523343,24924.50
40342,11:12:22,51.211255,14.523272,24834.90
40345,11:12:25,51.211172,14.523253,24747.00
40348,11:12:28,51.211068,14.523304,24656.50
40351,11:12:31,51.210977,14.523349,24568.20
40354,11:12:34,51.210908,14.523423,24479.50
40359,11:12:40,51.210757,14.523501,24316.20
40363,11:12:44,51.211053,14.524054,24316.20
40366,11:12:47,51.210855,14.523798,24111.00
40369,11:12:50,51.210792,14.523661,24025.40
40372,11:12:53,51.210701,14.523447,23941.50
40375,11:12:56,51.210668,14.523284,23859.30
40378,11:12:59,51.210679,14.523172,23777.10
40381,11:13:02,51.210739,14.523067,23697.50
40384,11:13:05,51.210731,14.523032,23616.30
40387,11:13:08,51.210666,14.522997,23562.60
40390,11:13:11,51.210607,14.523030,23456.10
40393,11:13:14,51.210578,14.523491,23369.70
40396,11:13:17,51.210512,14.523325,23266.10
40399,11:13:20,51.210447,14.523407,23189.30
40402,11:13:23,51.210426,14.523558,23114.70
40405,11:13:26,51.210402,14.523718,23039.30
40408,11:13:29,51.210434,14.523845,22963.80
40411,11:13:31,51.210499,14.523907,22889.80
40414,11:13:35,51.210564,14.523874,22815.30
40417,11:13:38,51.210574,14.523798,22741.50
40420,11:13:41,51.210503,14.523741,22670.10
40423,11:13:44,51.210409,14.523766,22599.00
40426,11:13:47,51.210338,14.523923,22528.50
40429,11:13:50,51.210315,14.524118,22458.20
40432,11:13:53,51.210279,14.524220,22389.10
40435,11:13:56,51.210296,14.524303,22320.40
40438,11:13:59,51.210297,14.524430,22250.20
40441,11:14:02,51.210317,14.524616,22180.50
40444,11:14:05,51.210433,14.524799,22111.60
40447,11:14:08,51.210584,14.524928,22043.60
40450,11:14:11,51.210738,14.525029,21976.40
40453,11:14:14,51.210876,14.525022,21909.90
40456,11:14:17,51.211175,14.525142,21837.90
40459,11:14:20,51.211182,14.525093,21772.80
40462,11:14:23,51.211177,14.525152,21707.50
40469,11:14:29,51.211159,14.525195,21575.40
40472,11:14:31,51.211198,14.525584,21500.40
40475,11:14:35,51.211092,14.525609,21439.50
40478,11:14:38,51.210978,14.525365,21371.90
40481,11:14:41,51.211019,14.525509,21311.80
40484,11:14:44,51.211072,14.525643,21248.90
40487,11:14:47,51.211140,14.525738,21181.00
40490,11:14:50,51.211148,14.525819,21120.20
40493,11:14:53,51.211142,14.525964,21059.00
40496,11:14:56,51.211151,14.526143,20996.60
40499,11:14:59,51.211198,14.526355,20934.00
40502,11:15:02,51.211207,14.526564,20875.30
40505,11:15:05,51.211178,14.526709,20815.00
40508,11:15:08,51.211081,14.526836,20756.20
40511,11:15:11,51.210962,14.526930,20697.30
40514,11:15:14,51.210876,14.527017,20639.50
40517,11:15:17,51.210790,14.527131,20582.00
40520,11:15:20,51.210767,14.527199,20525.20
40523,11:15:23,51.210726,14.527263,20467.80
40526,11:15:26,51.210654,14.527404,20411.40
40529,11:15:29,51.210614,14.527576,20356.20
40532,11:15:31,51.210591,14.527793,20301.20
40535,11:15:35,51.210557,14.528100,20244.80
40538,11:15:38,51.210545,14.528356,20189.90
40541,11:15:41,51.210531,14.528579,20135.20
40544,11:15:44,51.210485,14.528793,20080.70
40547,11:15:47,51.210431,14.528985,20025.00
40550,11:15:50,51.210334,14.529215,19968.90
40553,11:15:53,51.210252,14.529438,19914.70
40556,11:15:56,51.210223,14.529657,19859.70
40559,11:15:59,51.210205,14.529988,19806.00
40562,11:16:02,51.210350,14.530468,19740.80
40565,11:16:05,51.210387,14.530653,19685.00
40568,11:16:08,51.210427,14.530966,19622.00
40571,11:16:11,51.210527,14.531265,19561.40
40574,11:16:14,51.210592,14.531481,19498.60
40577,11:16:17,51.210589,14.531742,19439.20
40580,11:16:20,51.210564,14.532013,19377.40
40583,11:16:23,51.210568,14.532181,19320.90
40586,11:16:26,51.210503,14.532318,19267.00
40589,11:16:29,51.210401,14.532486,19216.10
40592,11:16:31,51.210262,14.532689,19165.20
40595,11:16:35,51.210112,14.532898,19115.70
40598,11:16:38,51.210007,14.533105,19065.40
40601,11:16:41,51.209909,14.533311,19015.40
40604,11:16:44,51.209842,14.533561,18965.80
40607,11:16:47,51.209794,14.533867,18916.20
40610,11:16:50,51.209760,14.534214,18867.20
40613,11:16:53,51.209726,14.534586,18819.10
40616,11:16:56,51.209690,14.534960,18772.10
40619,11:16:59,51.209639,14.535339,18724.20
40622,11:17:02,51.209549,14.535775,18676.70
40625,11:17:05,51.209458,14.536177,18628.70
40628,11:17:08,51.209341,14.536588,18582.00
40631,11:17:12,51.209194,14.537065,18534.80
40634,11:17:15,51.209144,14.537364,18465.90
40653,11:17:33,51.208873,14.539822,18182.50
40656,11:17:36,51.208901,14.540269,18143.00
40659,11:17:39,51.208988,14.540667,18100.50
40662,11:17:42,51.209094,14.541056,18057.80
40665,11:17:45,51.209175,14.541401,18013.30
40668,11:17:48,51.209256,14.541663,17953.40
40671,11:17:51,51.209311,14.541914,17911.50
40674,11:17:54,51.209338,14.542160,17868.70
40677,11:17:57,51.209369,14.542355,17825.40
40680,11:18:00,51.209362,14.542556,17782.10
40683,11:18:03,51.209314,14.542849,17738.60
40686,11:18:06,51.209275,14.543171,17696.50
40689,11:18:09,51.209288,14.543473,17653.20
40692,11:18:12,51.209321,14.543790,17611.00
40695,11:18:15,51.209355,14.544123,17568.10
40698,11:18:18,51.209345,14.544434,17525.60
40701,11:18:21,51.209289,14.544701,17483.20
40704,11:18:24,51.209208,14.544960,17440.30
40707,11:18:27,51.209101,14.545215,17396.70
40710,11:18:30,51.209029,14.545507,17353.30
40713,11:18:33,51.208993,14.545803,17315.20
40728,11:18:48,51.208753,14.547464,17105.40
40731,11:18:51,51.208772,14.547922,17058.20
40734,11:18:54,51.208766,14.548390,17013.00
40737,11:18:57,51.208767,14.548782,16968.40
40740,11:19:00,51.208768,14.549225,16923.70
40743,11:19:03,51.208810,14.549663,16881.00
40746,11:19:06,51.208869,14.550063,16839.50
40749,11:19:09,51.208891,14.550458,16797.50
40752,11:19:12,51.208907,14.550863,16754.50
40755,11:19:15,51.208883,14.551322,16712.30
40758,11:19:18,51.208859,14.551849,16670.40
40761,11:19:21,51.208863,14.552363,16628.30
40764,11:19:24,51.208890,14.552888,16586.40
40767,11:19:27,51.208919,14.553360,16543.90
40770,11:19:30,51.208959,14.553811,16502.90
40773,11:19:33,51.208953,14.554289,16461.20
40776,11:19:36,51.208935,14.554866,16419.50
40779,11:19:39,51.208970,14.555483,16374.50
40782,11:19:42,51.208977,14.556217,16333.60
40785,11:19:45,51.208966,14.556859,16291.20
40788,11:19:48,51.209017,14.557526,16249.80
40791,11:19:51,51.209120,14.558219,16214.80
40794,11:19:54,51.209158,14.558762,16174.40
40803,11:20:03,51.209179,14.560631,16037.30
40806,11:20:06,51.209209,14.561113,15997.40
40809,11:20:09,51.209275,14.561742,15962.80
40812,11:20:12,51.209347,14.562367,15920.40
40815,11:20:15,51.209400,14.563001,15877.20
40818,11:20:18,51.209483,14.563451,15836.20
40821,11:20:21,51.209536,14.563678,15760.40
40824,11:20:24,51.209541,14.564342,15726.70
40827,11:20:27,51.209531,14.564958,15694.10
40830,11:20:30,51.209547,14.565507,15665.40
40833,11:20:33,51.209637,14.566102,15637.20
40836,11:20:36,51.209713,14.566655,15604.00
40839,11:20:39,51.209789,14.567146,15568.60
40842,11:20:42,51.209836,14.567619,15532.80
40845,11:20:45,51.209862,14.568088,15497.00
40848,11:20:48,51.209890,14.568544,15460.80
40851,11:20:51,51.209896,14.569007,15425.00
40854,11:20:54,51.209891,14.569492,15390.50
40857,11:20:57,51.209885,14.570008,15353.60
40860,11:21:00,51.209887,14.570520,15317.40
40863,11:21:03,51.209911,14.571031,15282.00
40866,11:21:06,51.209948,14.571525,15246.50
40869,11:21:09,51.210024,14.572008,15209.10
40872,11:21:12,51.210057,14.572491,15172.40
40875,11:21:15,51.210032,14.572966,15134.40
40878,11:21:18,51.209993,14.573476,15097.70
40881,11:21:21,51.209894,14.574047,15060.20
40884,11:21:24,51.209816,14.574656,15021.80
40887,11:21:27,51.209834,14.575241,14983.90
40890,11:21:30,51.210107,14.576011,14943.60
40893,11:21:33,51.210148,14.576586,14906.00
40896,11:21:36,51.210145,14.577098,14870.50
40899,11:21:39,51.210143,14.577548,14836.00
40902,11:21:42,51.210230,14.578029,14805.00
40905,11:21:45,51.210371,14.578581,14770.60
40908,11:21:48,51.210503,14.579123,14738.30
40911,11:21:51,51.210596,14.579549,14702.00
40914,11:21:54,51.210653,14.580009,14666.90
40917,11:21:57,51.210656,14.580447,14632.90
40920,11:22:00,51.210651,14.580817,14596.50
40923,11:22:04,51.210572,14.581407,14560.00
40926,11:22:07,51.210488,14.581848,14524.80
40929,11:22:10,51.210385,14.582294,14491.30
40932,11:22:13,51.210248,14.582812,14456.60
40935,11:22:16,51.210125,14.583381,14421.00
40938,11:22:19,51.210039,14.583966,14388.40
40941,11:22:22,51.209956,14.584616,14355.50
40944,11:22:25,51.209928,14.585282,14320.40
40947,11:22:28,51.209908,14.586050,14286.20
40950,11:22:31,51.209948,14.586712,14252.00
40953,11:22:34,51.209997,14.587424,14215.10
40956,11:22:37,51.209980,14.588028,14165.20
40959,11:22:40,51.210133,14.588628,14126.20
40962,11:22:43,51.210246,14.589335,14080.30
40965,11:22:46,51.210309,14.589767,14044.00
40968,11:22:49,51.210360,14.590325,14016.10
40974,11:22:55,51.210425,14.591050,13947.90
40978,11:22:58,51.210355,14.591345,13925.10
40981,11:23:01,51.210298,14.591675,13890.70
40984,11:23:04,51.210127,14.591874,13862.40
40987,11:23:07,51.209933,14.592291,13828.80
40990,11:23:10,51.209886,14.592821,13794.50
40993,11:23:13,51.209890,14.593428,13762.90
40996,11:23:16,51.209843,14.594018,13720.10
40999,11:23:19,51.209807,14.594595,13682.80
41002,11:23:22,51.209783,14.595121,13650.30
41005,11:23:25,51.209737,14.595739,13617.20
41008,11:23:28,51.209702,14.596343,13585.00
41011,11:23:31,51.209695,14.596827,13552.90
41014,11:23:34,51.209733,14.597331,13519.90
41017,11:23:37,51.209763,14.597809,13487.60
41020,11:23:40,51.209806,14.598278,13455.20
41023,11:23:43,51.209859,14.598640,13423.70
41026,11:23:46,51.209834,14.598998,13393.60
41029,11:23:49,51.209770,14.599336,13361.20
41032,11:23:52,51.209706,14.599708,13330.80
41035,11:23:55,51.209650,14.600050,13300.50
41038,11:23:58,51.209559,14.600429,13270.80
41041,11:24:01,51.209478,14.600833,13241.20
41044,11:24:04,51.209427,14.601221,13212.20
41047,11:24:07,51.209376,14.601616,13182.30
41050,11:24:10,51.209345,14.602008,13152.30
41053,11:24:13,51.209308,14.602374,13123.50
41056,11:24:16,51.209312,14.602683,13092.00
41059,11:24:19,51.209188,14.602858,13062.30
41065,11:24:25,51.209114,14.603495,13012.20
41068,11:24:28,51.209044,14.603922,12973.90
41071,11:24:31,51.209224,14.604256,12933.80
41074,11:24:34,51.209138,14.604211,12888.90
41077,11:24:37,51.209117,14.604541,12854.80
41080,11:24:40,51.209078,14.604676,12825.60
41083,11:24:43,51.208999,14.604883,12794.50
41086,11:24:46,51.208961,14.605035,12762.10
41089,11:24:49,51.208832,14.605080,12726.50
41092,11:24:52,51.208770,14.605534,12688.70
41095,11:24:55,51.208641,14.605663,12651.80
41098,11:24:58,51.208587,14.605901,12620.30
41101,11:25:01,51.208517,14.606241,12585.90
41104,11:25:04,51.208467,14.606303,12552.00
41107,11:25:07,51.208329,14.606850,12511.00
41110,11:25:10,51.208190,14.607145,12473.70
41113,11:25:13,51.208194,14.607565,12437.20
41116,11:25:16,51.208002,14.607843,12402.70
41119,11:25:19,51.207861,14.608161,12368.00
41122,11:25:22,51.207656,14.608478,12331.70
41125,11:25:25,51.207487,14.608839,12311.00
41134,11:25:34,51.207465,14.610266,12229.30
41149,11:25:49,51.207352,14.612347,12068.50
41152,11:25:52,51.207285,14.612588,12043.80
41155,11:25:55,51.207161,14.612964,12024.60
41158,11:25:58,51.207172,14.613298,11988.90
41161,11:26:01,51.206962,14.613571,11950.50
41164,11:26:04,51.206895,14.613810,11913.70
41167,11:26:07,51.206765,14.614378,11880.10
41170,11:26:10,51.206782,14.614471,11845.50
41173,11:26:13,51.206722,14.614881,11811.20
41176,11:26:16,51.206634,14.615228,11778.70
41179,11:26:19,51.206666,14.615747,11745.60
41182,11:26:22,51.206670,14.615923,11712.20
41185,11:26:25,51.206595,14.616377,11677.30
41188,11:26:28,51.206716,14.616864,11643.90
41191,11:26:31,51.206584,14.617299,11606.20
41194,11:26:34,51.206690,14.617729,11569.50
41197,11:26:37,51.206600,14.617995,11533.10
41200,11:26:40,51.206678,14.618575,11498.40
41203,11:26:43,51.206592,14.618777,11461.60
41206,11:26:46,51.206643,14.619228,11432.30
41209,11:26:50,51.206674,14.619666,11400.40
41212,11:26:53,51.206698,14.620162,11369.50
41215,11:26:56,51.206866,14.620493,11337.50
41218,11:26:59,51.206784,14.620791,11302.90
41221,11:27:02,51.206922,14.620964,11265.30
41234,11:27:14,51.207315,14.622736,11152.00
41237,11:27:17,51.207416,14.623199,11124.30
41240,11:27:20,51.207540,14.623486,11094.50
41243,11:27:23,51.207629,14.623931,11058.80
41246,11:27:26,51.207730,14.624278,11030.30
41249,11:27:29,51.207851,14.624689,11004.20
41252,11:27:31,51.207950,14.625084,10978.70
41255,11:27:35,51.208054,14.625452,10953.40
41258,11:27:38,51.208182,14.625854,10928.50
41261,11:27:41,51.208317,14.626205,10902.40
41264,11:27:44,51.208456,14.626557,10877.80
41267,11:27:47,51.208570,14.626937,10852.30
41270,11:27:50,51.208707,14.627287,10825.80
41273,11:27:53,51.208831,14.627645,10800.40
41276,11:27:56,51.208950,14.628005,10775.10
41279,11:27:59,51.209066,14.628358,10749.30
41282,11:28:02,51.209178,14.628657,10720.40
41285,11:28:05,51.209289,14.629220,10691.10
41288,11:28:08,51.209429,14.629438,10660.00
41291,11:28:11,51.209540,14.629839,10632.10
41294,11:28:14,51.209657,14.630247,10607.10
41297,11:28:17,51.209781,14.630570,10580.10
41300,11:28:20,51.209856,14.630978,10553.30
41303,11:28:23,51.209927,14.631157,10520.50
41306,11:28:26,51.210086,14.631784,10495.80
41312,11:28:31,51.210090,14.632377,10445.30
41315,11:28:35,51.210385,14.632806,10417.00
41318,11:28:38,51.210436,14.633321,10387.90
41321,11:28:41,51.210615,14.633667,10361.30
41324,11:28:44,51.210725,14.634099,10335.50
41327,11:28:47,51.210874,14.634561,10309.30
41330,11:28:50,51.210970,14.634941,10283.20
41333,11:28:53,51.211093,14.635421,10259.60
41336,11:28:56,51.211231,14.635916,10235.50
41339,11:28:59,51.211321,14.636367,10210.10
41342,11:29:02,51.211439,14.636887,10184.80
41345,11:29:05,51.211552,14.637389,10159.20
41348,11:29:08,51.211650,14.637920,10134.10
41351,11:29:11,51.211770,14.638447,10108.40
41354,11:29:14,51.211857,14.638987,10082.80
41357,11:29:17,51.211954,14.639516,10058.20
41360,11:29:20,51.212063,14.640087,10033.90
41363,11:29:23,51.212165,14.640629,10009.60
41366,11:29:26,51.212272,14.641191,9984.50
41369,11:29:29,51.212398,14.641776,9960.10
41372,11:29:31,51.212513,14.642312,9936.70
41375,11:29:35,51.212623,14.642880,9912.60
41378,11:29:38,51.212734,14.643418,9888.00
41381,11:29:41,51.212840,14.643956,9863.30
41384,11:29:44,51.212900,14.644523,9839.10
41387,11:29:47,51.212977,14.645083,9814.00
41390,11:29:50,51.213075,14.645617,9786.20
41393,11:29:53,51.213076,14.646129,9756.20
41396,11:29:56,51.213221,14.646596,9727.10
41399,11:29:59,51.213341,14.647218,9697.00
41402,11:30:02,51.213367,14.647718,9671.40
41405,11:30:05,51.213504,14.648274,9646.90
41408,11:30:08,51.213608,14.648836,9620.90
41411,11:30:11,51.213741,14.649365,9595.30
41414,11:30:14,51.213852,14.649966,9568.50
41417,11:30:17,51.214001,14.650553,9542.10
41420,11:30:20,51.214107,14.651075,9516.00
41423,11:30:23,51.214210,14.651617,9491.30
41426,11:30:26,51.214349,14.652190,9465.60
41429,11:30:29,51.214503,14.652725,9439.60
41432,11:30:31,51.214616,14.653348,9411.70
41435,11:30:35,51.214748,14.653894,9386.00
41438,11:30:38,51.214856,14.654484,9360.80
41441,11:30:41,51.214981,14.655043,9335.40
41446,11:30:47,51.215510,14.656414,9280.40
41453,11:30:53,51.215587,14.657362,9229.50
41456,11:30:56,51.215686,14.657886,9204.90
41459,11:30:59,51.215777,14.658494,9178.50
41462,11:31:02,51.215900,14.659057,9154.30
41465,11:31:05,51.215960,14.659700,9124.60
41468,11:31:08,51.216091,14.660231,9099.50
41471,11:31:11,51.216311,14.661025,9074.00
41474,11:31:14,51.216388,14.661565,9044.60
41477,11:31:17,51.216602,14.662121,9015.30
41480,11:31:20,51.216808,14.662956,8991.30
41483,11:31:23,51.216876,14.663279,8967.10
41486,11:31:26,51.216924,14.663763,8942.60
41489,11:31:29,51.217023,14.664168,8917.90
41492,11:31:33,51.217123,14.664751,8890.00
41495,11:31:36,51.217211,14.665261,8864.10
41498,11:31:39,51.217320,14.665816,8839.00
41501,11:31:42,51.217428,14.666299,8814.10
41504,11:31:45,51.217528,14.666809,8789.10
41507,11:31:48,51.217629,14.667310,8764.20
41510,11:31:51,51.217713,14.667809,8738.20
41513,11:31:54,51.217816,14.668311,8713.50
41516,11:31:57,51.217896,14.668794,8689.40
41519,11:32:00,51.217976,14.669312,8665.30
41522,11:32:03,51.218072,14.669820,8640.50
41525,11:32:06,51.218117,14.670307,8615.20
41528,11:32:09,51.218227,14.670848,8589.80
41531,11:32:12,51.218265,14.671304,8553.00
41534,11:32:15,51.218259,14.671784,8525.50
41537,11:32:18,51.218386,14.672349,8500.20
41540,11:32:21,51.218454,14.672829,8475.90
41543,11:32:24,51.218535,14.673340,8451.50
41546,11:32:27,51.218635,14.673821,8427.90
41549,11:32:30,51.218712,14.674284,8404.40
41552,11:32:33,51.218814,14.674856,8379.40
41555,11:32:36,51.218906,14.675346,8354.20
41558,11:32:39,51.218990,14.675811,8329.90
41561,11:32:42,51.219076,14.676246,8308.90
41564,11:32:45,51.219182,14.676708,8286.20
41567,11:32:48,51.219291,14.677194,8259.90
41570,11:32:51,51.219392,14.677639,8236.10
41573,11:32:54,51.219509,14.678122,8212.90
41576,11:32:57,51.219614,14.678567,8188.60
41579,11:33:00,51.219807,14.679125,8162.50
41582,11:33:03,51.219838,14.679663,8135.60
41585,11:33:06,51.219938,14.679935,8108.70
41588,11:33:09,51.220056,14.680523,8083.90
41591,11:33:12,51.220122,14.680863,8059.10
41594,11:33:15,51.220237,14.681342,8033.30
41597,11:33:18,51.220370,14.681831,8010.30
41600,11:33:21,51.220506,14.682276,7988.20
41603,11:33:24,51.220671,14.682738,7966.00
41606,11:33:27,51.220779,14.683186,7943.80
41609,11:33:30,51.220941,14.683673,7920.60
41612,11:33:33,51.221090,14.684129,7899.10
41615,11:33:36,51.221226,14.684622,7876.60
41618,11:33:39,51.221376,14.685083,7854.20
41621,11:33:42,51.221515,14.685516,7832.80
41624,11:33:45,51.221744,14.686141,7798.10
41627,11:33:48,51.221866,14.686550,7776.00
41643,11:34:03,51.222557,14.688836,7668.90
41646,11:34:06,51.222668,14.689327,7647.90
41649,11:34:09,51.222782,14.689753,7628.30
41652,11:34:12,51.222911,14.690263,7607.60
41655,11:34:15,51.223068,14.690774,7586.60
41658,11:34:18,51.223220,14.691221,7564.80
41661,11:34:21,51.223346,14.691699,7543.00
41664,11:34:24,51.223492,14.692213,7521.80
41667,11:34:27,51.223652,14.692734,7499.80
41670,11:34:30,51.223804,14.693244,7478.40
41673,11:34:33,51.223959,14.693762,7456.40
41676,11:34:36,51.224069,14.694301,7434.10
41679,11:34:39,51.224202,14.694964,7410.60
41682,11:34:42,51.224260,14.695315,7384.70
41685,11:34:45,51.224405,14.695883,7361.90
41688,11:34:48,51.224538,14.696379,7336.30
41691,11:34:51,51.224649,14.696763,7309.90
41694,11:34:54,51.224788,14.697385,7287.10
41697,11:34:57,51.224857,14.697860,7265.40
41700,11:35:00,51.225033,14.698442,7241.60
41703,11:35:03,51.225083,14.698914,7219.40
41706,11:35:06,51.225084,14.699193,7199.20
41709,11:35:09,51.225218,14.699790,7177.80
41712,11:35:12,51.225426,14.700046,7150.20
41717,11:35:18,51.225554,14.701294,7105.10
41721,11:35:21,51.225704,14.701857,7087.00
41724,11:35:24,51.225836,14.702354,7066.80
41727,11:35:27,51.225950,14.702843,7045.60
41730,11:35:30,51.226078,14.703351,7024.20
41733,11:35:33,51.226174,14.703838,7003.70
41736,11:35:36,51.226279,14.704315,6982.30
41739,11:35:39,51.226372,14.704797,6961.50
41742,11:35:42,51.226489,14.705282,6940.20
41745,11:35:45,51.226596,14.705747,6919.20
41748,11:35:48,51.226713,14.706229,6896.90
41751,11:35:51,51.226830,14.706690,6875.70
41754,11:35:54,51.227014,14.707141,6851.80
41757,11:35:57,51.227125,14.707621,6830.40
41760,11:36:00,51.227251,14.708065,6809.00
41763,11:36:03,51.227390,14.708528,6788.20
41766,11:36:06,51.227531,14.708954,6767.00
41769,11:36:09,51.227661,14.709396,6746.30
41772,11:36:12,51.227814,14.709843,6725.90
41775,11:36:15,51.227950,14.710240,6707.80
41806,11:36:46,51.229485,14.714908,6502.80
41809,11:36:49,51.229563,14.715502,6482.40
41812,11:36:52,51.229760,14.716072,6471.40
41815,11:36:55,51.229891,14.716515,6449.50
41818,11:36:58,51.230004,14.716954,6427.10
41821,11:37:01,51.230149,14.717414,6395.00
41824,11:37:04,51.230302,14.717934,6367.40
41827,11:37:07,51.230423,14.718421,6343.30
41830,11:37:10,51.230548,14.718959,6321.90
41833,11:37:13,51.230701,14.719428,6299.70
41836,11:37:16,51.230848,14.719886,6276.90
41839,11:37:19,51.230998,14.720400,6254.10
41842,11:37:22,51.231169,14.720917,6233.10
41845,11:37:25,51.231308,14.721395,6213.00
41848,11:37:28,51.231465,14.721891,6193.60
41851,11:37:31,51.231602,14.722378,6171.80
41854,11:37:34,51.231769,14.722872,6151.50
41857,11:37:37,51.231904,14.723351,6131.70
41860,11:37:40,51.232047,14.723851,6111.80
41863,11:37:43,51.232182,14.724389,6091.40
41866,11:37:46,51.232272,14.724884,6070.30
41869,11:37:49,51.232401,14.725416,6050.80
41872,11:37:52,51.232503,14.725889,6030.10
41875,11:37:55,51.232626,14.726437,6009.90
41878,11:37:58,51.232746,14.726979,5991.30
41887,11:38:07,51.233282,14.728979,5928.80
41890,11:38:10,51.232830,14.728610,5908.70
41896,11:38:16,51.233211,14.729914,5884.30
41899,11:38:19,51.233377,14.730622,5857.70
41902,11:38:22,51.233484,14.731181,5833.80
41905,11:38:25,51.233631,14.731773,5810.60
41908,11:38:28,51.233737,14.732337,5789.50
41911,11:38:31,51.233845,14.732938,5767.90
41914,11:38:34,51.233966,14.733527,5747.10
41917,11:38:37,51.234076,14.734094,5726.30
41920,11:38:40,51.234197,14.734680,5705.50
41923,11:38:43,51.234331,14.735301,5684.50
41926,11:38:46,51.234466,14.735925,5663.40
41929,11:38:49,51.234561,14.736532,5641.50
41932,11:38:52,51.234656,14.737179,5620.70
41935,11:38:55,51.234761,14.737809,5600.10
41938,11:38:58,51.234860,14.738495,5578.30
41941,11:39:01,51.235062,14.738987,5555.90
41944,11:39:04,51.235089,14.739605,5532.80
41947,11:39:07,51.235230,14.740397,5510.00
41950,11:39:10,51.235406,14.740808,5486.70
41953,11:39:13,51.235430,14.741465,5462.90
41956,11:39:16,51.235633,14.742070,5437.20
41959,11:39:19,51.235597,14.742672,5414.70
41962,11:39:22,51.235841,14.743393,5392.80
41965,11:39:25,51.235915,14.743780,5368.30
41968,11:39:28,51.236056,14.744533,5343.10
41971,11:39:31,51.236128,14.744973,5323.50
41974,11:39:34,51.236325,14.745614,5292.90
41977,11:39:37,51.236535,14.745962,5265.40
41980,11:39:40,51.236635,14.746650,5238.40
41983,11:39:43,51.236860,14.747018,5212.00
41986,11:39:46,51.236872,14.747622,5186.60
41989,11:39:49,51.237113,14.748125,5161.60
41992,11:39:52,51.237121,14.748539,5134.80
41995,11:39:55,51.237372,14.748999,5108.50
41998,11:39:58,51.237482,14.749244,5085.60
42001,11:40:01,51.237737,14.749788,5059.80
42004,11:40:04,51.237872,14.750033,5034.60
42007,11:40:07,51.238139,14.750485,5009.40
42010,11:40:10,51.238266,14.750704,4984.50
42013,11:40:13,51.238479,14.751288,4960.00
42016,11:40:16,51.238744,14.751464,4935.40
42019,11:40:19,51.238898,14.751928,4910.50
42022,11:40:22,51.239118,14.752145,4884.90
42025,11:40:25,51.239252,14.752688,4860.40
42028,11:40:28,51.239592,14.753014,4836.90
42031,11:40:31,51.239665,14.753325,4812.50
42034,11:40:34,51.239952,14.753730,4787.60
42037,11:40:37,51.240065,14.753942,4758.40
42040,11:40:40,51.240309,14.754480,4735.40
42043,11:40:43,51.240479,14.754704,4711.00
42046,11:40:46,51.240741,14.755170,4686.40
42049,11:40:50,51.240983,14.755518,4667.10
42052,11:40:53,51.241202,14.756044,4642.40
42055,11:40:56,51.241383,14.756213,4618.30
42058,11:40:59,51.241504,14.756777,4594.50
42061,11:41:02,51.241791,14.757015,4570.90
42064,11:41:05,51.241838,14.757382,4547.60
42067,11:41:08,51.242098,14.757936,4523.40
42070,11:41:11,51.242205,14.758228,4500.80
42073,11:41:14,51.242362,14.758855,4477.70
42076,11:41:17,51.242593,14.759098,4454.00
42079,11:41:20,51.242697,14.759647,4431.10
42082,11:41:23,51.242912,14.759959,4406.40
42085,11:41:26,51.242966,14.760517,4381.60
42088,11:41:29,51.243259,14.760920,4350.20
42091,11:41:31,51.243290,14.761327,4325.90
42094,11:41:35,51.243564,14.761853,4302.60
42097,11:41:38,51.243690,14.762117,4280.10
42100,11:41:41,51.243857,14.762781,4256.10
42103,11:41:44,51.244074,14.763051,4232.40
42106,11:41:47,51.244181,14.763646,4209.10
42112,11:41:53,51.244564,14.764437,4163.00
42116,11:41:56,51.244763,14.765054,4145.90
42119,11:41:59,51.244974,14.765358,4125.30
42122,11:42:02,51.245080,14.765984,4101.40
42125,11:42:05,51.245330,14.766345,4078.40
42128,11:42:08,51.245359,14.766889,4054.80
42131,11:42:11,51.245634,14.767391,4032.40
42140,11:42:20,51.246055,14.768716,3965.50
42143,11:42:23,51.246304,14.769476,3922.50
42146,11:42:26,51.246578,14.769749,3906.90
42149,11:42:29,51.246636,14.770280,3886.10
42152,11:42:31,51.246872,14.770959,3873.30
42155,11:42:35,51.247039,14.771289,3849.90
42158,11:42:38,51.247205,14.771950,3827.50
42161,11:42:41,51.247473,14.772284,3802.70
42164,11:42:44,51.247544,14.772853,3780.90
42167,11:42:47,51.247868,14.773316,3755.90
42170,11:42:50,51.247964,14.773767,3731.90
42173,11:42:53,51.248290,14.774409,3709.70
42176,11:42:56,51.248506,14.774688,3686.60
42179,11:42:59,51.248685,14.775344,3664.50
42182,11:43:02,51.248995,14.775662,3641.30
42185,11:43:05,51.249076,14.776174,3618.90
42188,11:43:08,51.249385,14.776816,3596.70
42191,11:43:11,51.249565,14.777112,3576.70
42194,11:43:14,51.249624,14.777689,3548.20
42205,11:43:26,51.250766,14.779789,3462.10
42209,11:43:29,51.250941,14.780276,3443.60
42212,11:43:31,51.251162,14.780617,3422.60
42218,11:43:38,51.251581,14.781741,3380.50
42221,11:43:41,51.251873,14.782263,3374.30
42224,11:43:44,51.252039,14.783148,3376.30
42227,11:43:47,51.252276,14.783463,3342.60
42230,11:43:50,51.252617,14.784057,3314.50
42233,11:43:53,51.252677,14.784608,3288.30
42236,11:43:56,51.252902,14.784935,3267.50
42239,11:43:59,51.253175,14.785564,3246.20
42242,11:44:02,51.253308,14.785970,3223.20
42245,11:44:05,51.253591,14.786592,3200.10
42248,11:44:08,51.253731,14.787038,3177.40
42251,11:44:11,51.253934,14.787738,3155.50
42254,11:44:14,51.254011,14.788160,3134.10
42257,11:44:17,51.254309,14.788647,3115.70
42260,11:44:20,51.254476,14.789315,3097.80
42263,11:44:23,51.254556,14.789813,3078.60
42266,11:44:26,51.254678,14.790539,3057.70
42269,11:44:29,51.254736,14.790954,3035.10
42272,11:44:31,51.254961,14.791627,3014.00
42275,11:44:35,51.254924,14.792224,2993.10
42278,11:44:38,51.255065,14.792594,2975.60
42281,11:44:41,51.255203,14.793252,2957.80
42284,11:44:44,51.255175,14.793875,2938.40
42287,11:44:47,51.255367,14.794570,2923.20
42290,11:44:50,51.255321,14.795265,2902.30
42293,11:44:53,51.255488,14.795612,2880.30
42296,11:44:56,51.255851,14.796357,2850.40
42299,11:44:59,51.255993,14.796850,2825.90
42302,11:45:02,51.255881,14.797618,2807.80
42305,11:45:05,51.255618,14.798319,2790.90
42308,11:45:08,51.255680,14.798776,2775.40
42311,11:45:11,51.255620,14.799419,2756.80
42314,11:45:14,51.255732,14.800042,2737.20
42317,11:45:17,51.255705,14.800804,2716.50
42320,11:45:20,51.255804,14.801265,2695.30
42323,11:45:23,51.255908,14.802089,2677.60
42326,11:45:26,51.255806,14.802658,2659.40
42329,11:45:29,51.255796,14.803275,2642.10
42332,11:45:31,51.255788,14.804057,2624.50
42335,11:45:35,51.255768,14.804460,2605.00
42338,11:45:39,51.255781,14.805454,2585.30
42341,11:45:42,51.255935,14.805995,2566.40
42344,11:45:45,51.255903,14.806410,2547.30
42347,11:45:48,51.255916,14.807135,2530.20
42350,11:45:51,51.256064,14.807656,2510.20
42353,11:45:54,51.255996,14.808248,2489.60
42356,11:45:57,51.256132,14.808950,2468.90
42359,11:46:00,51.256102,14.809411,2447.90
42366,11:46:06,51.256221,14.810514,2406.20
42369,11:46:09,51.256373,14.811421,2392.50
42372,11:46:12,51.256486,14.811995,2370.60
42375,11:46:15,51.256368,14.812496,2342.80
42378,11:46:18,51.256417,14.813299,2325.40
42381,11:46:21,51.256507,14.813782,2301.30
42384,11:46:24,51.256431,14.814420,2279.70
42387,11:46:27,51.256615,14.815130,2258.20
42390,11:46:30,51.256622,14.815547,2235.40
42393,11:46:33,51.256698,14.816332,2213.20
42396,11:46:36,51.256846,14.816751,2191.40
42399,11:46:39,51.256793,14.817418,2170.80
42402,11:46:42,51.257001,14.818116,2151.70
42405,11:46:45,51.257166,14.818540,2135.40
42408,11:46:48,51.257343,14.819244,2115.90
42411,11:46:51,51.257377,14.819974,2097.60
42414,11:46:54,51.257437,14.820413,2078.60
42417,11:46:57,51.257647,14.821086,2057.60
42420,11:47:00,51.257631,14.821667,2036.10
42423,11:47:03,51.257848,14.822119,2015.00
42426,11:47:06,51.257914,14.822862,1993.90
42429,11:47:09,51.257981,14.823233,1974.70
42432,11:47:12,51.258246,14.823801,1955.40
42435,11:47:15,51.258304,14.824461,1937.80
42438,11:47:18,51.258463,14.824738,1917.80
42441,11:47:21,51.258714,14.825332,1899.00
42444,11:47:24,51.258741,14.825793,1879.70
42447,11:47:27,51.259023,14.826457,1875.60
42450,11:47:30,51.259189,14.826976,1853.40
42455,11:47:36,51.259542,14.827651,1811.40
42459,11:47:39,51.259633,14.828214,1792.30
42462,11:47:42,51.259803,14.828376,1774.00
42465,11:47:45,51.260069,14.828874,1753.20
42468,11:47:48,51.260105,14.829272,1734.80
42471,11:47:51,51.260348,14.829498,1711.00
42474,11:47:54,51.260514,14.830090,1691.00
42477,11:47:57,51.260556,14.830379,1663.80
42480,11:48:00,51.260828,14.830726,1642.50
42483,11:48:03,51.260952,14.831391,1624.20
42486,11:48:06,51.260990,14.831748,1607.30
42489,11:48:09,51.261126,14.831987,1590.00
42492,11:48:12,51.261353,14.832405,1571.10
42495,11:48:15,51.261416,14.832842,1550.80
42498,11:48:18,51.261633,14.833195,1528.80
42501,11:48:21,51.261676,14.833773,1507.10
42504,11:48:24,51.261752,14.834022,1489.00
42507,11:48:27,51.262005,14.834464,1469.10
42510,11:48:30,51.262072,14.835004,1448.00
42513,11:48:33,51.262200,14.835248,1427.30
42516,11:48:36,51.262368,14.835843,1404.50
42519,11:48:39,51.262372,14.836176,1383.60
42522,11:48:42,51.262587,14.836576,1361.80
42525,11:48:45,51.262590,14.837038,1339.80
42528,11:48:48,51.262758,14.837303,1318.30
42531,11:48:51,51.262813,14.837839,1297.10
42534,11:48:54,51.262890,14.838018,1274.40
42537,11:48:57,51.263017,14.838512,1252.20
42540,11:49:00,51.262998,14.838764,1231.60
42543,11:49:03,51.263192,14.839138,1209.90
42546,11:49:06,51.263209,14.839433,1190.80
42555,11:49:15,51.263638,14.840524,1128.00
42558,11:49:18,51.263704,14.840651,1103.10
42561,11:49:21,51.263899,14.841062,1078.70
42564,11:49:24,51.263963,14.841268,1055.80
42567,11:49:27,51.264179,14.841652,1035.10
42570,11:49:30,51.264212,14.841900,1015.50
42573,11:49:33,51.264420,14.842235,996.00
42576,11:49:36,51.264468,14.842485,975.90
42579,11:49:39,51.264711,14.842776,955.80
42582,11:49:42,51.264746,14.843003,935.70
42585,11:49:45,51.264975,14.843216,917.00
42588,11:49:48,51.265011,14.843412,899.40
42591,11:49:51,51.265258,14.843515,881.80
42594,11:49:54,51.265345,14.843793,863.00
42597,11:49:57,51.265539,14.843801,842.00
42600,11:50:00,51.265666,14.844068,819.50
42603,11:50:03,51.265829,14.844032,799.80
42606,11:50:06,51.265963,14.844318,779.30
42609,11:50:09,51.266155,14.844388,757.90
42612,11:50:12,51.266218,14.844653,736.50
42615,11:50:15,51.266408,14.844679,716.30
42620,11:50:21,51.266575,14.845132,674.90
42624,11:50:24,51.266603,14.845225,651.70
42629,11:50:30,51.266871,14.845550,600.60
42633,11:50:33,51.267136,14.845742,579.00
42636,11:50:36,51.267345,14.845699,558.00
42639,11:50:40,51.267442,14.845737,536.40
42642,11:50:43,51.267655,14.846025,515.90
42645,11:50:46,51.267780,14.845985,496.10
42648,11:50:49,51.267894,14.846240,476.20
42651,11:50:52,51.268147,14.846203,456.80
42654,11:50:55,51.268298,14.846260,441.10
42657,11:50:58,51.268406,14.846499,422.10
42660,11:51:01,51.268615,14.846466,402.70
42663,11:51:04,51.268736,14.846723,382.10
42666,11:51:07,51.268870,14.846640,359.40
42669,11:51:10,51.268984,14.846871,337.10
42672,11:51:13,51.269072,14.846813,315.40
42675,11:51:16,51.269244,14.847026,292.90
42678,11:51:19,51.269369,14.846986,261.60
42681,11:51:22,51.269487,14.847192,238.00
42684,11:51:25,51.269598,14.847051,214.20
42687,11:51:28,51.269740,14.847235,189.70
42690,11:51:31,51.269713,14.847271,179.20
42693,11:51:34,51.269714,14.847272,179.20
42696,11:51:37,51.269715,14.847272,179.30
42699,11:51:40,51.269717,14.847273,179.20
42702,11:51:43,51.269717,14.847274,179.20
42705,11:51:46,51.269719,14.847274,179.40
42708,11:51:49,51.269720,14.847274,179.50
42711,11:51:52,51.269721,14.847275,179.60
42714,11:51:55,51.269723,14.847277,179.60
42717,11:51:58,51.269724,14.847277,179.70
42720,11:52:01,51.269725,14.847278,179.80
42723,11:52:04,51.269726,14.847279,179.90
42726,11:52:07,51.269727,14.847280,180.00
42729,11:52:10,51.269727,14.847281,180.00
42732,11:52:13,51.269728,14.847282,180.00
42735,11:52:16,51.269729,14.847282,180.00
42738,11:52:19,51.269729,14.847283,179.90
42741,11:52:22,51.269730,14.847283,179.90
42744,11:52:25,51.269730,14.847283,180.00
42747,11:52:28,51.269731,14.847284,180.00
42750,11:52:31,51.269731,14.847284,180.00
42753,11:52:34,51.269731,14.847285,180.00
42756,11:52:37,51.269731,14.847285,179.90
42759,11:52:40,51.269731,14.847285,180.00
42762,11:52:43,51.269731,14.847286,180.00
42765,11:52:46,51.269732,14.847288,180.00
42768,11:52:49,51.269732,14.847288,180.00
42771,11:52:52,51.269733,14.847289,180.10
42774,11:52:55,51.269733,14.847290,180.10
42777,11:52:58,51.269734,14.847290,180.20
42780,11:53:01,51.269734,14.847290,180.20
42783,11:53:04,51.269735,14.847291,180.20
42786,11:53:07,51.269735,14.847291,180.30
42789,11:53:10,51.269736,14.847291,180.30
42792,11:53:13,51.269736,14.847291,180.20
42795,11:53:16,51.269736,14.847292,180.30
42798,11:53:19,51.269736,14.847293,180.40
42801,11:53:22,51.269736,14.847293,180.40
42804,11:53:25,51.269737,14.847293,180.50
42807,11:53:28,51.269737,14.847294,180.50
42810,11:53:31,51.269737,14.847295,180.50
42813,11:53:34,51.269737,14.847295,180.40
42816,11:53:37,51.269737,14.847295,180.50
42819,11:53:40,51.269737,14.847296,180.50
42822,11:53:43,51.269737,14.847295,180.40
42825,11:53:46,51.269738,14.847295,180.60
42828,11:53:49,51.269738,14.847295,180.70
42831,11:53:52,51.269738,14.847295,180.90
42834,11:53:55,51.269738,14.847295,181.00
42837,11:53:58,51.269738,14.847295,181.00
42840,11:54:01,51.269739,14.847295,181.00
42843,11:54:04,51.269739,14.847295,181.00
42846,11:54:07,51.269739,14.847295,181.00
42849,11:54:10,51.269739,14.847294,181.10
42852,11:54:13,51.269739,14.847294,181.00
42855,11:54:16,51.269739,14.847294,181.10
42858,11:54:19,51.269738,14.847295,181.10
42861,11:54:22,51.269738,14.847294,181.00
42864,11:54:25,51.269739,14.847294,180.90
42867,11:54:28,51.269739,14.847294,180.90
42870,11:54:30,51.269739,14.847293,181.00
42873,11:54:34,51.269740,14.847293,181.10
42876,11:54:37,51.269740,14.847293,181.10
42879,11:54:40,51.269740,14.847293,181.10
42882,11:54:43,51.269740,14.847294,181.10
42885,11:54:46,51.269740,14.847294,181.10
42888,11:54:49,51.269740,14.847295,181.00
42891,11:54:52,51.269740,14.847295,180.90
42894,11:54:55,51.269740,14.847295,180.80
42897,11:54:58,51.269741,14.847295,180.70
42900,11:55:01,51.269741,14.847297,180.60
42903,11:55:04,51.269741,14.847297,180.50
42906,11:55:07,51.269741,14.847297,180.50
42909,11:55:10,51.269741,14.847297,180.40
42912,11:55:13,51.269741,14.847297,180.40
42915,11:55:16,51.269740,14.847297,180.50
42918,11:55:19,51.269740,14.847298,180.50
42921,11:55:22,51.269740,14.847299,180.40
42924,11:55:25,51.269740,14.847300,180.40
42927,11:55:28,51.269739,14.847300,180.40
42930,11:55:30,51.269738,14.847301,180.40
42934,11:55:34,51.269739,14.847303,180.40
42937,11:55:37,51.269739,14.847306,180.40
42940,11:55:40,51.269740,14.847307,180.40
42943,11:55:43,51.269740,14.847306,180.50
42946,11:55:47,51.269740,14.847306,180.50
42949,11:55:50,51.269740,14.847305,180.60
42952,11:55:53,51.269739,14.847304,180.60
42955,11:55:56,51.269740,14.847304,180.70
42958,11:55:59,51.269739,14.847304,180.80
42961,11:56:02,51.269739,14.847303,180.80
42964,11:56:05,51.269739,14.847303,180.70
42967,11:56:08,51.269739,14.847302,180.70
42970,11:56:11,51.269739,14.847302,180.70
42973,11:56:14,51.269739,14.847302,180.70
42976,11:56:17,51.269739,14.847302,180.70
42979,11:56:20,51.269740,14.847301,180.70
42982,11:56:23,51.269739,14.847300,180.70
42985,11:56:26,51.269740,14.847300,180.70
42988,11:56:29,51.269740,14.847300,180.70
42991,11:56:32,51.269740,14.847300,180.80
42994,11:56:35,51.269740,14.847300,180.80
42997,11:56:38,51.269740,14.847300,180.80
43000,11:56:41,51.269740,14.847299,180.90
43003,11:56:44,51.269741,14.847299,180.90
43006,11:56:47,51.269741,14.847299,180.90
43009,11:56:50,51.269741,14.847299,180.80
43012,11:56:53,51.269740,14.847299,180.90
43015,11:56:56,51.269740,14.847299,180.80
43018,11:56:59,51.269740,14.847299,180.70
43021,11:57:02,51.269740,14.847298,180.80
43024,11:57:05,51.269740,14.847298,180.80
43027,11:57:08,51.269739,14.847298,180.80
43030,11:57:11,51.269739,14.847297,180.90
43033,11:57:14,51.269739,14.847297,180.90
43036,11:57:17,51.269739,14.847296,181.00
43039,11:57:20,51.269739,14.847295,181.10
43042,11:57:23,51.269739,14.847295,181.20
43045,11:57:26,51.269739,14.847295,181.20
43048,11:57:29,51.269739,14.847295,181.20
43051,11:57:32,51.269738,14.847295,181.50
43054,11:57:35,51.269738,14.847294,181.50
43057,11:57:38,51.269737,14.847293,181.50
43060,11:57:41,51.269737,14.847292,181.50
43063,11:57:44,51.269737,14.847292,181.50
43066,11:57:47,51.269737,14.847290,181.50
43069,11:57:50,51.269736,14.847289,181.40
43072,11:57:53,51.269736,14.847288,181.40
43075,11:57:56,51.269736,14.847287,181.40
43078,11:57:59,51.269735,14.847285,181.50
43081,11:58:02,51.269735,14.847284,181.50
43084,11:58:05,51.269735,14.847283,181.50
43087,11:58:08,51.269734,14.847283,181.40
43090,11:58:11,51.269734,14.847283,181.30
43093,11:58:14,51.269734,14.847282,181.20
43096,11:58:17,51.269733,14.847283,181.20
43099,11:58:20,51.269733,14.847284,181.30
43102,11:58:23,51.269734,14.847285,181.40
43105,11:58:26,51.269735,14.847287,181.50
43108,11:58:29,51.269736,14.847288,181.60
43111,11:58:32,51.269736,14.847289,181.50
43114,11:58:35,51.269736,14.847291,181.50
43117,11:58:38,51.269736,14.847292,181.50
43120,11:58:41,51.269737,14.847293,181.50
43123,11:58:44,51.269737,14.847294,181.60
43126,11:58:47,51.269738,14.847295,181.80
43129,11:58:50,51.269739,14.847294,182.00
43132,11:58:53,51.269739,14.847294,182.20
43135,11:58:56,51.269740,14.847294,182.30
43138,11:58:59,51.269740,14.847294,182.50
43141,11:59:02,51.269740,14.847294,182.60
43144,11:59:05,51.269740,14.847294,182.70
43147,11:59:08,51.269741,14.847295,182.70
43150,11:59:11,51.269742,14.847295,182.90
43153,11:59:14,51.269742,14.847295,182.90
43156,11:59:17,51.269742,14.847294,182.90
43159,11:59:20,51.269743,14.847294,182.90
43162,11:59:23,51.269743,14.847295,182.90
43165,11:59:26,51.269743,14.847295,182.90
43168,11:59:29,51.269743,14.847296,182.90
43171,11:59:32,51.269743,14.847296,182.90
43174,11:59:35,51.269744,14.847297,182.80
43177,11:59:38,51.269745,14.847298,182.80
43180,11:59:41,51.269745,14.847299,182.60
43183,11:59:44,51.269745,14.847299,182.60
43186,11:59:47,51.269745,14.847299,182.60
43189,11:59:50,51.269745,14.847299,182.60
43192,11:59:53,51.269744,14.847299,182.60
43195,11:59:56,51.269744,14.847299,182.50
43198,11:59:59,51.269744,14.847300,182.60
43201,12:00:02,51.269744,14.847301,182.50
43204,12:00:05,51.269744,14.847302,182.40
43207,12:00:08,51.269744,14.847303,182.30
43210,12:00:11,51.269744,14.847304,182.20
43213,12:00:14,51.269744,14.847304,182.20
43216,12:00:17,51.269744,14.847304,182.20
43219,12:00:20,51.269744,14.847305,182.20
43222,12:00:23,51.269744,14.847305,182.30
43225,12:00:26,51.269745,14.847305,182.40
43228,12:00:29,51.269745,14.847305,182.70
43232,12:00:32,51.269745,14.847305,182.70
43235,12:00:35,51.269745,14.847305,182.80
43238,12:00:38,51.269745,14.847305,182.80
43241,12:00:41,51.269746,14.847304,182.90
43244,12:00:45,51.269746,14.847304,182.90
43247,12:00:48,51.269746,14.847304,182.80
43250,12:00:51,51.269746,14.847304,182.80
43253,12:00:54,51.269746,14.847304,182.80
43256,12:00:57,51.269746,14.847303,183.00
43259,12:01:00,51.269745,14.847303,183.00
43262,12:01:03,51.269745,14.847302,183.00
43265,12:01:06,51.269745,14.847302,183.20
43268,12:01:09,51.269746,14.847303,183.20
43271,12:01:12,51.269746,14.847303,183.30
43274,12:01:15,51.269747,14.847302,183.30
43277,12:01:18,51.269747,14.847303,183.30
43280,12:01:21,51.269748,14.847304,183.40
43283,12:01:24,51.269748,14.847302,183.40
43286,12:01:27,51.269748,14.847303,183.50
43289,12:01:30,51.269748,14.847304,183.40
43292,12:01:33,51.269748,14.847304,183.40
43295,12:01:36,51.269748,14.847304,183.30
43298,12:01:39,51.269748,14.847303,183.30
43301,12:01:42,51.269747,14.847303,183.20
43304,12:01:45,51.269748,14.847303,183.30
43307,12:01:48,51.269748,14.847303,183.30
43310,12:01:51,51.269748,14.847303,183.30
43313,12:01:54,51.269748,14.847304,183.30
43316,12:01:57,51.269749,14.847304,183.30
43319,12:02:00,51.269749,14.847304,183.30
43322,12:02:03,51.269749,14.847304,183.20
43325,12:02:06,51.269749,14.847303,183.10
43328,12:02:09,51.269748,14.847303,183.00
43331,12:02:12,51.269749,14.847303,183.10
43334,12:02:15,51.269749,14.847302,183.20
43337,12:02:18,51.269749,14.847303,183.20
43340,12:02:21,51.269749,14.847303,183.20
43343,12:02:24,51.269748,14.847304,183.10
43346,12:02:27,51.269748,14.847305,183.10
43349,12:02:30,51.269748,14.847305,183.00
43352,12:02:33,51.269747,14.847306,182.80
43355,12:02:36,51.269747,14.847306,182.90
43358,12:02:39,51.269746,14.847305,183.00
43361,12:02:42,51.269746,14.847305,183.10
43364,12:02:45,51.269746,14.847304,183.30
43367,12:02:48,51.269746,14.847304,183.50
43370,12:02:51,51.269747,14.847302,183.70
43373,12:02:54,51.269747,14.847302,183.70
43376,12:02:57,51.269747,14.847302,183.70
43379,12:03:00,51.269747,14.847302,183.80
43382,12:03:03,51.269746,14.847303,183.80
43385,12:03:06,51.269745,14.847303,183.70
43388,12:03:09,51.269745,14.847303,183.70
43391,12:03:12,51.269745,14.847304,183.80
43394,12:03:15,51.269745,14.847303,183.80
43397,12:03:18,51.269745,14.847303,183.70
43400,12:03:21,51.269746,14.847302,183.80
43403,12:03:24,51.269746,14.847302,183.90
43406,12:03:27,51.269746,14.847301,183.90
43409,12:03:30,51.269746,14.847301,184.00
43412,12:03:33,51.269746,14.847302,184.00
43415,12:03:36,51.269746,14.847301,184.10
43418,12:03:39,51.269746,14.847301,184.20
43421,12:03:42,51.269747,14.847300,184.20
43424,12:03:45,51.269747,14.847301,184.10
43427,12:03:48,51.269746,14.847302,184.00
43430,12:03:51,51.269746,14.847302,183.90
43433,12:03:54,51.269745,14.847303,183.80
43436,12:03:57,51.269745,14.847304,183.70
43439,12:04:00,51.269745,14.847305,183.60
43442,12:04:03,51.269746,14.847304,183.70
43445,12:04:06,51.269746,14.847303,183.80
43448,12:04:09,51.269745,14.847303,183.80
43451,12:04:12,51.269745,14.847304,183.70
43454,12:04:15,51.269744,14.847305,183.50
43457,12:04:18,51.269743,14.847304,183.40
43460,12:04:21,51.269743,14.847304,183.20
43463,12:04:24,51.269743,14.847305,183.10
43466,12:04:27,51.269743,14.847305,183.10
43469,12:04:30,51.269743,14.847305,183.00
43472,12:04:33,51.269743,14.847305,183.00
43475,12:04:36,51.269743,14.847305,183.10
43478,12:04:39,51.269743,14.847304,183.10
43481,12:04:42,51.269743,14.847304,183.10
43484,12:04:45,51.269743,14.847305,183.10
43487,12:04:48,51.269743,14.847305,183.10
43490,12:04:51,51.269743,14.847305,183.10
43493,12:04:54,51.269743,14.847305,183.10
43496,12:04:57,51.269744,14.847306,183.10
43499,12:05:00,51.269743,14.847305,183.10
43502,12:05:03,51.269743,14.847306,183.00
43505,12:05:06,51.269743,14.847306,183.00
43508,12:05:09,51.269743,14.847307,182.80
43511,12:05:12,51.269743,14.847309,182.90
43514,12:05:15,51.269743,14.847309,182.90
43517,12:05:18,51.269743,14.847309,182.90
43520,12:05:21,51.269743,14.847310,182.90
43523,12:05:24,51.269743,14.847310,182.90
43526,12:05:27,51.269744,14.847310,183.00
43529,12:05:30,51.269743,14.847310,183.10
43533,12:05:33,51.269744,14.847310,183.20
43536,12:05:36,51.269744,14.847310,183.20
43539,12:05:39,51.269744,14.847310,183.20
43542,12:05:42,51.269745,14.847309,183.30
43545,12:05:45,51.269745,14.847310,183.10
43548,12:05:49,51.269744,14.847310,183.00
43551,12:05:52,51.269743,14.847311,182.90
43554,12:05:55,51.269744,14.847310,182.90
43557,12:05:58,51.269744,14.847310,183.00
43560,12:06:01,51.269745,14.847310,182.90
43563,12:06:04,51.269745,14.847310,183.00
43566,12:06:07,51.269745,14.847309,183.00
43569,12:06:10,51.269746,14.847309,183.00
43572,12:06:13,51.269746,14.847309,183.00
43575,12:06:16,51.269746,14.847309,182.90
43578,12:06:19,51.269747,14.847309,182.90
43581,12:06:22,51.269747,14.847309,182.80
43584,12:06:25,51.269747,14.847309,182.80
43587,12:06:28,51.269747,14.847309,182.60
43590,12:06:30,51.269748,14.847310,182.60
43593,12:06:34,51.269748,14.847310,182.60
43596,12:06:37,51.269748,14.847311,182.50
43599,12:06:40,51.269749,14.847312,182.50
43602,12:06:43,51.269748,14.847312,182.40
43605,12:06:46,51.269749,14.847313,182.30
43608,12:06:49,51.269749,14.847313,182.30
43611,12:06:52,51.269749,14.847314,182.30
43614,12:06:55,51.269749,14.847314,182.30
43617,12:06:58,51.269750,14.847315,182.50
43620,12:07:01,51.269750,14.847315,182.50
43623,12:07:04,51.269750,14.847316,182.60
43626,12:07:07,51.269750,14.847316,182.60
43629,12:07:10,51.269750,14.847315,182.60
43632,12:07:13,51.269750,14.847315,182.70
43635,12:07:16,51.269750,14.847314,182.80
43638,12:07:19,51.269750,14.847313,182.70
43641,12:07:22,51.269750,14.847314,182.60
43644,12:07:25,51.269749,14.847314,182.60
43647,12:07:28,51.269749,14.847315,182.60
43650,12:07:30,51.269748,14.847316,182.60
43653,12:07:34,51.269749,14.847315,182.70
43656,12:07:37,51.269749,14.847314,182.70
43659,12:07:40,51.269750,14.847314,182.70
43662,12:07:43,51.269750,14.847314,182.70
43665,12:07:46,51.269750,14.847314,182.90
43668,12:07:49,51.269751,14.847314,183.00
43671,12:07:52,51.269751,14.847313,183.10
43674,12:07:55,51.269751,14.847314,183.10
43677,12:07:58,51.269750,14.847313,183.10
43680,12:08:01,51.269750,14.847312,183.10
43683,12:08:04,51.269750,14.847312,183.00
43686,12:08:07,51.269750,14.847311,183.00
43689,12:08:10,51.269750,14.847310,183.00
43692,12:08:13,51.269750,14.847309,183.10
43695,12:08:16,51.269750,14.847308,183.00
43698,12:08:19,51.269750,14.847307,183.00
43701,12:08:22,51.269750,14.847307,183.10
43704,12:08:25,51.269750,14.847306,183.20
43707,12:08:28,51.269750,14.847306,183.20
43710,12:08:30,51.269750,14.847306,183.30
43713,12:08:34,51.269750,14.847306,183.40
43716,12:08:37,51.269751,14.847306,183.40
43719,12:08:40,51.269750,14.847307,183.20
43722,12:08:43,51.269751,14.847306,183.30
43725,12:08:46,51.269750,14.847306,183.30
43728,12:08:49,51.269750,14.847306,183.20
43731,12:08:52,51.269750,14.847306,183.20
43734,12:08:55,51.269751,14.847307,183.40
43737,12:08:58,51.269750,14.847308,183.30
43740,12:09:01,51.269750,14.847308,183.40
43743,12:09:04,51.269750,14.847308,183.30
43746,12:09:07,51.269749,14.847308,183.30
43749,12:09:10,51.269749,14.847308,183.30
43752,12:09:13,51.269749,14.847309,183.10
43755,12:09:16,51.269750,14.847309,183.20
43758,12:09:19,51.269750,14.847308,183.20
43761,12:09:22,51.269751,14.847307,183.20
43764,12:09:25,51.269751,14.847307,183.20
43767,12:09:28,51.269751,14.847307,183.20
43770,12:09:30,51.269750,14.847306,183.30
43773,12:09:34,51.269750,14.847307,183.30
43776,12:09:37,51.269750,14.847306,183.30
43779,12:09:40,51.269750,14.847306,183.30
43782,12:09:43,51.269751,14.847306,183.30
43785,12:09:46,51.269751,14.847305,183.30
43788,12:09:49,51.269750,14.847305,183.30
43791,12:09:52,51.269750,14.847305,183.30
43794,12:09:55,51.269751,14.847306,183.30
43797,12:09:58,51.269751,14.847307,183.10
43800,12:10:01,51.269751,14.847309,183.00
43803,12:10:04,51.269750,14.847309,182.90
43806,12:10:07,51.269750,14.847309,182.90
43809,12:10:10,51.269750,14.847310,183.00
43812,12:10:13,51.269750,14.847311,183.00
43815,12:10:16,51.269750,14.847311,182.90
43818,12:10:19,51.269751,14.847310,183.00
43821,12:10:22,51.269751,14.847311,182.90
43824,12:10:25,51.269751,14.847313,182.80
43827,12:10:28,51.269751,14.847313,182.70
43831,12:10:30,51.269751,14.847313,182.60
43834,12:10:34,51.269751,14.847314,182.90
43837,12:10:37,51.269751,14.847315,182.80
43840,12:10:40,51.269751,14.847314,182.90
43843,12:10:43,51.269751,14.847314,182.90
43846,12:10:46,51.269751,14.847314,183.00
43849,12:10:50,51.269751,14.847314,183.00
43852,12:10:53,51.269752,14.847315,183.00
43855,12:10:56,51.269751,14.847315,182.70
43858,12:10:59,51.269751,14.847314,182.70
43861,12:11:02,51.269751,14.847315,182.70
43864,12:11:05,51.269751,14.847315,182.70
43867,12:11:08,51.269750,14.847316,182.60
43870,12:11:11,51.269750,14.847316,182.60
43873,12:11:14,51.269750,14.847316,182.60
43876,12:11:17,51.269751,14.847315,182.60
43879,12:11:20,51.269751,14.847316,182.70
43882,12:11:23,51.269752,14.847316,182.60
43885,12:11:26,51.269752,14.847316,182.70
43888,12:11:29,51.269752,14.847316,182.60
43891,12:11:32,51.269752,14.847315,182.70
43894,12:11:35,51.269751,14.847315,182.70
43897,12:11:38,51.269751,14.847314,182.60
43900,12:11:41,51.269750,14.847311,182.90
43903,12:11:44,51.269750,14.847311,182.90
43906,12:11:47,51.269749,14.847312,182.90
43909,12:11:50,51.269749,14.847312,182.80
43912,12:11:53,51.269749,14.847312,182.80
43915,12:11:56,51.269750,14.847312,182.90
43918,12:11:59,51.269749,14.847312,183.00
43921,12:12:02,51.269750,14.847312,183.00
43924,12:12:05,51.269749,14.847312,183.10
43927,12:12:08,51.269749,14.847311,183.20
43930,12:12:11,51.269749,14.847311,183.20
43933,12:12:14,51.269749,14.847310,183.20
43936,12:12:17,51.269750,14.847311,183.30
43939,12:12:20,51.269750,14.847311,183.30
43942,12:12:23,51.269749,14.847310,183.30
43945,12:12:26,51.269749,14.847311,183.20
43948,12:12:29,51.269749,14.847311,183.20
43951,12:12:32,51.269749,14.847312,183.20
43954,12:12:35,51.269749,14.847314,183.10
43957,12:12:38,51.269749,14.847315,183.10
43960,12:12:41,51.269749,14.847316,183.00
43963,12:12:44,51.269749,14.847315,182.80
43966,12:12:47,51.269750,14.847315,182.80
43969,12:12:50,51.269750,14.847315,182.80
43972,12:12:53,51.269750,14.847315,182.90
43975,12:12:56,51.269750,14.847314,183.00
43978,12:12:59,51.269749,14.847316,183.00
43981,12:13:02,51.269748,14.847316,182.90
43984,12:13:05,51.269748,14.847316,183.10
43987,12:13:08,51.269748,14.847314,183.20
43990,12:13:11,51.269752,14.847316,183.50
43993,12:13:14,51.269754,14.847317,182.90
43996,12:13:17,51.269756,14.847316,182.80
43999,12:13:20,51.269757,14.847316,182.70
44002,12:13:23,51.269757,14.847315,182.50
44005,12:13:26,51.269757,14.847313,182.30
44008,12:13:29,51.269757,14.847312,182.10
44011,12:13:32,51.269757,14.847311,182.10
44014,12:13:35,51.269758,14.847310,182.00
44017,12:13:38,51.269758,14.847308,182.10
44020,12:13:41,51.269758,14.847307,182.10
44023,12:13:44,51.269758,14.847307,182.10
44026,12:13:47,51.269759,14.847307,182.10
44029,12:13:50,51.269759,14.847307,181.90
44032,12:13:53,51.269759,14.847305,181.90
44035,12:13:56,51.269759,14.847305,182.00
44038,12:13:59,51.269759,14.847305,182.20
44041,12:14:02,51.269758,14.847304,182.00
44044,12:14:05,51.269757,14.847303,182.00
44047,12:14:08,51.269758,14.847303,182.00
44050,12:14:11,51.269757,14.847304,181.80
44053,12:14:14,51.269756,14.847304,181.70
44056,12:14:17,51.269756,14.847304,181.60
44059,12:14:20,51.269756,14.847303,181.70
44062,12:14:23,51.269756,14.847303,181.70
44065,12:14:26,51.269757,14.847303,181.90
44068,12:14:29,51.269757,14.847303,182.00
44071,12:14:32,51.269758,14.847304,181.80
44074,12:14:35,51.269758,14.847303,181.70
44077,12:14:38,51.269758,14.847303,181.80
44080,12:14:41,51.269758,14.847304,181.70
44083,12:14:44,51.269758,14.847304,181.70
44086,12:14:47,51.269758,14.847304,181.80
44089,12:14:50,51.269759,14.847304,181.90
44092,12:14:53,51.269759,14.847305,182.10
44095,12:14:56,51.269759,14.847305,182.10
44098,12:14:59,51.269759,14.847304,182.30
44101,12:15:02,51.269759,14.847304,182.30
44104,12:15:05,51.269759,14.847303,182.20
44107,12:15:08,51.269759,14.847302,182.10
44110,12:15:11,51.269759,14.847300,182.10
44113,12:15:14,51.269759,14.847300,182.20
44116,12:15:17,51.269760,14.847302,182.30
44119,12:15:20,51.269760,14.847303,182.30
44123,12:15:23,51.269760,14.847303,182.40
44126,12:15:26,51.269759,14.847305,182.30
44129,12:15:29,51.269759,14.847306,182.40
44132,12:15:32,51.269759,14.847307,182.30
44135,12:15:35,51.269759,14.847308,182.10
44138,12:15:38,51.269759,14.847308,182.10
44141,12:15:41,51.269759,14.847307,182.00
44144,12:15:45,51.269760,14.847307,182.10
44147,12:15:48,51.269759,14.847307,181.90
44150,12:15:51,51.269759,14.847306,181.70
44153,12:15:54,51.269759,14.847305,181.70
44156,12:15:57,51.269758,14.847306,181.60
44159,12:16:00,51.269758,14.847307,181.50
44162,12:16:03,51.269757,14.847307,181.50
44165,12:16:06,51.269757,14.847306,181.60
44168,12:16:09,51.269756,14.847305,181.70
44171,12:16:12,51.269756,14.847305,181.70
44174,12:16:15,51.269756,14.847305,181.80
44177,12:16:18,51.269755,14.847305,181.80
44180,12:16:21,51.269754,14.847304,181.80
44183,12:16:24,51.269754,14.847304,181.70
44186,12:16:27,51.269754,14.847303,181.70
44189,12:16:30,51.269755,14.847302,181.90
44192,12:16:33,51.269756,14.847303,182.10
44195,12:16:36,51.269755,14.847305,182.20
44198,12:16:39,51.269754,14.847305,182.20
44201,12:16:42,51.269754,14.847304,182.20
44204,12:16:45,51.269754,14.847305,182.30
44207,12:16:48,51.269755,14.847305,182.40
44210,12:16:51,51.269756,14.847304,182.60
44213,12:16:54,51.269756,14.847305,182.60
44216,12:16:57,51.269755,14.847306,182.40
44219,12:17:00,51.269754,14.847306,182.30
44222,12:17:03,51.269753,14.847307,182.30
44225,12:17:06,51.269754,14.847307,182.20
44228,12:17:09,51.269754,14.847307,182.20
44231,12:17:12,51.269754,14.847307,182.10
44234,12:17:15,51.269756,14.847307,182.20
44237,12:17:18,51.269756,14.847307,182.30
44240,12:17:21,51.269757,14.847307,182.30
44243,12:17:24,51.269757,14.847308,182.20
44246,12:17:27,51.269757,14.847309,182.00
44249,12:17:30,51.269757,14.847309,181.90
44252,12:17:33,51.269757,14.847307,181.80
44255,12:17:36,51.269756,14.847306,181.80
44258,12:17:39,51.269757,14.847306,181.90
44261,12:17:42,51.269757,14.847306,181.90
44264,12:17:45,51.269756,14.847307,182.00
44267,12:17:48,51.269756,14.847307,182.20
44270,12:17:51,51.269757,14.847309,182.30
44273,12:17:54,51.269756,14.847310,182.40
44276,12:17:57,51.269757,14.847311,182.40
44279,12:18:00,51.269757,14.847311,182.20
44282,12:18:03,51.269757,14.847312,182.20
44285,12:18:06,51.269757,14.847314,182.00
44288,12:18:09,51.269759,14.847316,181.90
44291,12:18:12,51.269760,14.847316,181.80
44294,12:18:15,51.269760,14.847316,181.80
44297,12:18:18,51.269761,14.847316,181.80
44300,12:18:21,51.269761,14.847316,181.90
44303,12:18:24,51.269762,14.847317,182.00
44306,12:18:27,51.269762,14.847317,182.10
44309,12:18:30,51.269762,14.847317,182.00
44312,12:18:33,51.269762,14.847317,182.00
44315,12:18:36,51.269761,14.847317,181.90
44318,12:18:39,51.269761,14.847317,181.70
44321,12:18:42,51.269761,14.847317,181.50
44324,12:18:45,51.269762,14.847317,181.60
44327,12:18:48,51.269762,14.847318,181.60
44330,12:18:51,51.269763,14.847317,181.60
44333,12:18:54,51.269763,14.847318,181.80
44336,12:18:57,51.269763,14.847317,181.90
44339,12:19:00,51.269764,14.847316,182.10
44342,12:19:03,51.269763,14.847315,182.20
44345,12:19:06,51.269763,14.847315,182.20
44348,12:19:09,51.269763,14.847314,182.20
44351,12:19:12,51.269762,14.847316,182.10
44354,12:19:15,51.269762,14.847317,182.00
44357,12:19:18,51.269763,14.847318,181.80
44360,12:19:21,51.269762,14.847318,181.60
44363,12:19:24,51.269763,14.847318,181.50
44366,12:19:27,51.269762,14.847319,181.50
44369,12:19:30,51.269762,14.847319,181.50
44372,12:19:33,51.269762,14.847319,181.60
44375,12:19:36,51.269764,14.847319,181.80
44378,12:19:39,51.269765,14.847319,181.90
44381,12:19:42,51.269765,14.847319,181.80
44384,12:19:45,51.269765,14.847320,181.70
44387,12:19:48,51.269765,14.847320,181.70
44390,12:19:51,51.269765,14.847320,181.70
44393,12:19:54,51.269765,14.847319,181.90
44396,12:19:57,51.269765,14.847317,182.00
44399,12:20:00,51.269765,14.847317,182.10
44402,12:20:03,51.269764,14.847317,182.20
44405,12:20:06,51.269764,14.847317,182.40
44408,12:20:09,51.269764,14.847318,182.50
44411,12:20:12,51.269764,14.847318,182.60
44414,12:20:15,51.269764,14.847317,182.70
44418,12:20:18,51.269764,14.847316,182.60
44421,12:20:21,51.269763,14.847315,182.50
44424,12:20:24,51.269762,14.847314,182.50
44427,12:20:27,51.269762,14.847314,182.50
44430,12:20:30,51.269762,14.847315,182.30
44433,12:20:33,51.269761,14.847315,182.30
44436,12:20:36,51.269762,14.847316,182.20
44439,12:20:40,51.269762,14.847317,182.20
44442,12:20:43,51.269762,14.847317,182.20
44445,12:20:46,51.269762,14.847317,182.10
44448,12:20:49,51.269762,14.847317,182.00
44451,12:20:52,51.269761,14.847317,181.90
44454,12:20:55,51.269762,14.847316,181.80
44457,12:20:58,51.269763,14.847317,181.70
44460,12:21:01,51.269763,14.847317,181.70
44463,12:21:04,51.269764,14.847318,181.90
44466,12:21:07,51.269764,14.847318,182.10
44469,12:21:10,51.269764,14.847318,182.20
44472,12:21:13,51.269764,14.847317,182.20
44475,12:21:16,51.269764,14.847316,182.00
44478,12:21:19,51.269764,14.847316,182.00
44481,12:21:22,51.269765,14.847316,182.20
44484,12:21:25,51.269765,14.847316,182.30
44487,12:21:28,51.269766,14.847316,182.20
44490,12:21:30,51.269766,14.847316,182.10
44493,12:21:34,51.269765,14.847316,182.10
44496,12:21:37,51.269765,14.847316,182.00
44499,12:21:40,51.269764,14.847316,181.80
44502,12:21:43,51.269764,14.847316,181.70
44505,12:21:46,51.269764,14.847314,181.80
44508,12:21:49,51.269765,14.847313,181.70
44511,12:21:52,51.269765,14.847313,181.60
44514,12:21:55,51.269765,14.847311,181.60
44517,12:21:58,51.269765,14.847311,181.50
44520,12:22:01,51.269764,14.847311,181.30
44523,12:22:04,51.269763,14.847311,181.20
44526,12:22:07,51.269763,14.847311,181.20
44529,12:22:10,51.269763,14.847311,181.20
44532,12:22:13,51.269763,14.847311,181.30
44535,12:22:16,51.269763,14.847311,181.30
44538,12:22:19,51.269763,14.847312,181.30
44541,12:22:22,51.269763,14.847313,181.30
44544,12:22:25,51.269763,14.847311,181.30
44547,12:22:28,51.269764,14.847310,181.40
44550,12:22:30,51.269764,14.847310,181.50
44553,12:22:34,51.269764,14.847310,181.40
44556,12:22:37,51.269765,14.847311,181.30
44559,12:22:40,51.269765,14.847311,181.40
44562,12:22:43,51.269766,14.847311,181.60
44565,12:22:46,51.269766,14.847309,181.60
44568,12:22:49,51.269767,14.847309,181.70
44571,12:22:52,51.269769,14.847311,181.80
44574,12:22:55,51.269769,14.847312,181.80
44577,12:22:58,51.269769,14.847313,181.80
44580,12:23:01,51.269769,14.847313,181.90
44583,12:23:04,51.269770,14.847314,182.20
44586,12:23:07,51.269771,14.847313,182.20
44589,12:23:10,51.269770,14.847313,182.10
44592,12:23:13,51.269769,14.847313,182.10
44595,12:23:16,51.269769,14.847312,181.90
44598,12:23:19,51.269769,14.847312,182.00
44601,12:23:22,51.269770,14.847312,182.10
44604,12:23:25,51.269770,14.847312,182.30
44607,12:23:28,51.269770,14.847313,182.20
44610,12:23:30,51.269770,14.847314,182.30
44613,12:23:34,51.269770,14.847314,182.60
44616,12:23:37,51.269771,14.847314,182.80
44619,12:23:40,51.269771,14.847314,183.00
44622,12:23:43,51.269771,14.847313,183.00
44625,12:23:46,51.269771,14.847313,182.90
44628,12:23:49,51.269772,14.847312,182.90
44631,12:23:52,51.269772,14.847312,183.00
44634,12:23:55,51.269773,14.847311,183.10
44637,12:23:58,51.269773,14.847310,183.10
44640,12:24:01,51.269772,14.847310,183.00
44643,12:24:04,51.269772,14.847309,183.00
44646,12:24:07,51.269771,14.847307,183.10
44649,12:24:10,51.269770,14.847306,183.00
44652,12:24:13,51.269769,14.847305,183.00
44655,12:24:16,51.269769,14.847304,183.00
44658,12:24:19,51.269769,14.847304,182.90
44661,12:24:22,51.269769,14.847304,182.80
44664,12:24:25,51.269770,14.847303,182.80
44667,12:24:28,51.269770,14.847304,182.70
44670,12:24:30,51.269771,14.847304,182.80
44673,12:24:34,51.269771,14.847305,183.00
44676,12:24:37,51.269771,14.847305,183.00
44679,12:24:40,51.269772,14.847305,183.00
44682,12:24:43,51.269771,14.847306,182.90
44685,12:24:46,51.269772,14.847307,182.80
44688,12:24:49,51.269772,14.847307,182.90
44691,12:24:52,51.269772,14.847306,182.90
44694,12:24:55,51.269772,14.847305,183.00
44697,12:24:58,51.269773,14.847304,183.20
44700,12:25:01,51.269773,14.847303,183.40
44703,12:25:04,51.269773,14.847302,183.50
44706,12:25:07,51.269774,14.847300,183.70
44709,12:25:10,51.269774,14.847300,183.40
44712,12:25:13,51.269773,14.847300,183.30
44715,12:25:16,51.269773,14.847302,183.20
44719,12:25:19,51.269773,14.847302,183.00
44722,12:25:22,51.269773,14.847303,183.00
44725,12:25:25,51.269774,14.847305,183.00
44728,12:25:28,51.269774,14.847306,183.00
44731,12:25:30,51.269775,14.847305,183.00
44734,12:25:34,51.269775,14.847305,183.00
44737,12:25:37,51.269775,14.847305,182.90
44740,12:25:40,51.269774,14.847305,182.80
44743,12:25:44,51.269774,14.847306,182.90
44746,12:25:47,51.269773,14.847306,182.90
44749,12:25:50,51.269774,14.847307,183.00
44752,12:25:53,51.269774,14.847306,183.20
44755,12:25:56,51.269773,14.847305,183.10
44758,12:25:59,51.269773,14.847305,183.00
44761,12:26:02,51.269773,14.847305,182.90
44764,12:26:05,51.269773,14.847304,182.90
44767,12:26:08,51.269773,14.847303,182.90
44770,12:26:11,51.269774,14.847303,182.80
44773,12:26:14,51.269774,14.847304,182.80
44776,12:26:17,51.269774,14.847305,182.80
44779,12:26:20,51.269774,14.847307,182.80
44782,12:26:23,51.269775,14.847308,182.90
44785,12:26:26,51.269775,14.847309,182.90
44788,12:26:29,51.269774,14.847310,182.80
44791,12:26:32,51.269774,14.847311,182.70
44794,12:26:35,51.269774,14.847312,182.50
44797,12:26:38,51.269773,14.847312,182.30
44800,12:26:41,51.269773,14.847312,182.20
44803,12:26:44,51.269773,14.847313,182.30
44806,12:26:47,51.269773,14.847312,182.20
44809,12:26:50,51.269773,14.847311,182.30
44812,12:26:53,51.269773,14.847311,182.40
44815,12:26:56,51.269773,14.847311,182.20
44818,12:26:59,51.269773,14.847312,182.20
44821,12:27:02,51.269771,14.847312,182.40
44824,12:27:05,51.269771,14.847312,182.50
44827,12:27:08,51.269771,14.847312,182.50
44830,12:27:11,51.269770,14.847312,182.60
44833,12:27:14,51.269770,14.847313,182.60
44836,12:27:17,51.269770,14.847312,182.80
44839,12:27:20,51.269769,14.847312,182.60
44842,12:27:23,51.269770,14.847313,182.50
44845,12:27:26,51.269770,14.847313,182.50
44848,12:27:29,51.269769,14.847312,182.50
44851,12:27:32,51.269769,14.847312,182.60
44854,12:27:35,51.269770,14.847313,182.70
44857,12:27:38,51.269770,14.847314,182.90
44860,12:27:41,51.269770,14.847313,183.00
44863,12:27:44,51.269770,14.847312,183.00
44866,12:27:47,51.269770,14.847312,183.00
44869,12:27:50,51.269770,14.847313,183.00
44872,12:27:53,51.269770,14.847314,182.90
44875,12:27:56,51.269771,14.847313,182.90
44878,12:27:59,51.269772,14.847313,182.90
44881,12:28:02,51.269772,14.847312,182.80
44884,12:28:05,51.269773,14.847312,182.80
44887,12:28:08,51.269772,14.847312,182.80
44890,12:28:11,51.269773,14.847313,182.90
44893,12:28:14,51.269773,14.847313,182.90
44896,12:28:17,51.269772,14.847312,182.90
44899,12:28:20,51.269771,14.847313,182.70
44902,12:28:23,51.269770,14.847313,182.80
44905,12:28:26,51.269770,14.847312,182.80
44908,12:28:29,51.269770,14.847313,182.80
44911,12:28:32,51.269769,14.847313,183.00
44914,12:28:35,51.269769,14.847314,183.10
44917,12:28:38,51.269768,14.847314,183.00
44920,12:28:41,51.269768,14.847314,183.20
44923,12:28:44,51.269768,14.847314,183.20
44926,12:28:47,51.269768,14.847313,183.40
44929,12:28:50,51.269768,14.847313,183.60
44932,12:28:53,51.269767,14.847312,183.40
44935,12:28:56,51.269767,14.847312,183.10
44938,12:28:59,51.269767,14.847313,183.00
44941,12:29:02,51.269768,14.847315,183.00
44944,12:29:05,51.269768,14.847316,183.00
44947,12:29:08,51.269769,14.847317,182.80
44950,12:29:11,51.269769,14.847317,182.60
44953,12:29:14,51.269768,14.847317,182.40
44956,12:29:17,51.269768,14.847317,182.10
44959,12:29:20,51.269767,14.847316,181.90
44962,12:29:23,51.269767,14.847316,181.90
44965,12:29:26,51.269767,14.847315,182.00
44968,12:29:29,51.269767,14.847315,182.10
44971,12:29:32,51.269767,14.847314,182.40
44974,12:29:35,51.269766,14.847314,182.60
44977,12:29:38,51.269767,14.847313,182.70
44980,12:29:41,51.269767,14.847313,182.90
44983,12:29:44,51.269767,14.847312,183.10
44986,12:29:47,51.269766,14.847311,183.10
44989,12:29:50,51.269765,14.847311,183.20
44992,12:29:53,51.269766,14.847310,183.30
44995,12:29:56,51.269766,14.847309,183.30
44998,12:29:59,51.269766,14.847310,183.30
45001,12:30:02,51.269765,14.847310,183.10
45004,12:30:05,51.269767,14.847309,183.60
45007,12:30:08,51.269768,14.847308,183.80
45010,12:30:11,51.269769,14.847307,184.00
45013,12:30:14,51.269769,14.847307,184.10
45016,12:30:17,51.269769,14.847305,184.00
45020,12:30:20,51.269769,14.847305,183.90
45023,12:30:23,51.269768,14.847305,183.80
45026,12:30:26,51.269769,14.847306,183.80
45029,12:30:29,51.269769,14.847306,183.80
45032,12:30:32,51.269768,14.847306,183.80
45035,12:30:35,51.269768,14.847307,183.90
45038,12:30:38,51.269769,14.847307,184.00
45041,12:30:41,51.269768,14.847306,184.10
45044,12:30:44,51.269768,14.847305,184.10
45047,12:30:48,51.269768,14.847306,184.10
45050,12:30:51,51.269767,14.847307,184.00
45053,12:30:54,51.269767,14.847308,184.00
45056,12:30:57,51.269767,14.847308,183.90
45059,12:31:00,51.269767,14.847309,183.80
45062,12:31:03,51.269767,14.847309,183.80
45065,12:31:06,51.269767,14.847310,184.10
45068,12:31:09,51.269767,14.847311,184.10
45071,12:31:12,51.269766,14.847311,184.00
45074,12:31:15,51.269766,14.847309,183.90
45077,12:31:18,51.269766,14.847309,184.10
45080,12:31:21,51.269767,14.847309,184.20
45083,12:31:24,51.269767,14.847309,184.40
45086,12:31:27,51.269768,14.847308,184.40
45089,12:31:30,51.269768,14.847307,184.50
45092,12:31:33,51.269768,14.847307,184.50
45095,12:31:36,51.269768,14.847308,184.60
45098,12:31:39,51.269768,14.847307,184.60
45101,12:31:42,51.269768,14.847307,184.50
45104,12:31:45,51.269768,14.847307,184.40
45107,12:31:48,51.269768,14.847307,184.20
45110,12:31:51,51.269768,14.847308,184.10
45113,12:31:54,51.269768,14.847307,184.40
45116,12:31:57,51.269768,14.847307,184.50
45119,12:32:00,51.269767,14.847309,184.40
45122,12:32:03,51.269767,14.847308,184.40
45125,12:32:06,51.269767,14.847307,184.40
45128,12:32:09,51.269767,14.847307,184.50
45131,12:32:12,51.269767,14.847307,184.50
45134,12:32:15,51.269768,14.847307,184.60
45137,12:32:18,51.269767,14.847307,184.40
45140,12:32:21,51.269767,14.847309,184.30
45143,12:32:24,51.269767,14.847310,184.30
45146,12:32:27,51.269768,14.847310,184.60
45149,12:32:30,51.269769,14.847311,184.80
45152,12:32:33,51.269769,14.847311,184.90
45155,12:32:36,51.269768,14.847311,184.90
45158,12:32:39,51.269768,14.847310,184.80
45161,12:32:42,51.269768,14.847311,184.70
45164,12:32:45,51.269768,14.847311,184.50
45167,12:32:48,51.269768,14.847311,184.30
45170,12:32:51,51.269767,14.847312,184.30
45173,12:32:54,51.269767,14.847313,184.40
45176,12:32:57,51.269767,14.847313,184.40
45179,12:33:00,51.269767,14.847314,184.40
45182,12:33:03,51.269767,14.847314,184.40
45185,12:33:06,51.269767,14.847314,184.40
45188,12:33:09,51.269766,14.847314,184.40
45191,12:33:12,51.269767,14.847314,184.40
45194,12:33:15,51.269767,14.847313,184.30
45197,12:33:18,51.269768,14.847313,184.40
45200,12:33:21,51.269768,14.847313,184.50
45203,12:33:24,51.269767,14.847313,184.40
45206,12:33:27,51.269768,14.847313,184.40
45209,12:33:30,51.269768,14.847314,184.30
45212,12:33:33,51.269765,14.847313,183.90
45215,12:33:36,51.269764,14.847313,183.70
45218,12:33:39,51.269764,14.847312,183.60
45221,12:33:42,51.269764,14.847312,183.50
45224,12:33:45,51.269764,14.847312,183.50
45227,12:33:48,51.269763,14.847311,183.40
45230,12:33:51,51.269760,14.847311,183.10
45233,12:33:54,51.269759,14.847310,183.00
45236,12:33:57,51.269758,14.847308,183.00
45239,12:34:00,51.269760,14.847307,183.20
45242,12:34:03,51.269760,14.847308,183.40
45245,12:34:06,51.269761,14.847309,183.50
45248,12:34:09,51.269761,14.847306,183.40
45251,12:34:12,51.269761,14.847306,183.50
45254,12:34:15,51.269761,14.847307,183.50
45257,12:34:18,51.269762,14.847308,183.50
45260,12:34:21,51.269762,14.847308,183.70
45263,12:34:24,51.269763,14.847309,183.80
45266,12:34:27,51.269763,14.847310,183.80
45269,12:34:30,51.269762,14.847311,184.00
45272,12:34:33,51.269762,14.847313,184.30
45275,12:34:36,51.269762,14.847317,184.40
45278,12:34:39,51.269764,14.847319,184.50
45281,12:34:42,51.269764,14.847322,184.60
45284,12:34:45,51.269763,14.847321,184.80
45287,12:34:48,51.269762,14.847319,184.70
45290,12:34:51,51.269762,14.847320,184.40
45293,12:34:54,51.269760,14.847319,184.30
45296,12:34:57,51.269758,14.847316,184.20
45299,12:35:00,51.269757,14.847313,183.90
45302,12:35:03,51.269758,14.847312,183.80
45305,12:35:06,51.269759,14.847313,183.90
45308,12:35:09,51.269757,14.847312,184.10
45311,12:35:12,51.269760,14.847311,183.60
45314,12:35:15,51.269754,14.847313,184.40
45317,12:35:18,51.269752,14.847311,184.80
45321,12:35:21,51.269752,14.847312,184.70
45324,12:35:24,51.269752,14.847312,184.80
45327,12:35:27,51.269751,14.847311,185.10
45330,12:35:30,51.269752,14.847314,185.40
45333,12:35:33,51.269753,14.847315,185.80
45336,12:35:36,51.269753,14.847317,185.90
45339,12:35:39,51.269753,14.847315,186.00
45342,12:35:42,51.269752,14.847314,186.10
45345,12:35:45,51.269752,14.847316,186.20
45348,12:35:49,51.269751,14.847317,186.30
45351,12:35:52,51.269750,14.847312,186.20
45354,12:35:55,51.269749,14.847312,186.00
45357,12:35:58,51.269746,14.847307,186.00
45360,12:36:01,51.269744,14.847308,185.20
45363,12:36:04,51.269741,14.847307,184.90
45366,12:36:07,51.269739,14.847312,184.90
45369,12:36:10,51.269737,14.847312,184.60
45372,12:36:13,51.269734,14.847312,184.30
45375,12:36:16,51.269732,14.847309,184.00
45378,12:36:19,51.269729,14.847311,183.80
45381,12:36:22,51.269731,14.847307,184.10
45384,12:36:25,51.269731,14.847308,185.30
45387,12:36:28,51.269734,14.847309,186.30
45390,12:36:30,51.269741,14.847310,186.10
45393,12:36:34,51.269751,14.847313,186.00
45396,12:36:37,51.269759,14.847319,186.10
45399,12:36:40,51.269756,14.847327,185.50
45402,12:36:43,51.269764,14.847321,185.20
45405,12:36:46,51.269765,14.847318,185.70
45408,12:36:49,51.269766,14.847317,186.20
45411,12:36:52,51.269762,14.847314,186.00
45414,12:36:55,51.269758,14.847312,185.80
45417,12:36:58,51.269750,14.847299,185.70
45420,12:37:01,51.269744,14.847297,185.30
45423,12:37:04,51.269737,14.847289,184.30
45426,12:37:07,51.269734,14.847285,184.20
45429,12:37:10,51.269733,14.847290,184.10
45432,12:37:13,51.269734,14.847292,184.60
45435,12:37:16,51.269738,14.847292,185.10
45438,12:37:19,51.269738,14.847293,185.20
45441,12:37:22,51.269740,14.847293,185.20
45444,12:37:25,51.269741,14.847293,185.50
45447,12:37:28,51.269740,14.847297,185.60
45450,12:37:30,51.269742,14.847297,185.80
45453,12:37:34,51.269743,14.847297,185.90
45456,12:37:37,51.269743,14.847301,185.80
45459,12:37:40,51.269745,14.847303,185.70
45462,12:37:43,51.269745,14.847303,185.90
45465,12:37:46,51.269746,14.847305,185.80
45468,12:37:49,51.269745,14.847305,185.90
45471,12:37:52,51.269745,14.847307,186.20
45474,12:37:55,51.269745,14.847309,186.10
45477,12:37:58,51.269743,14.847308,186.00
45480,12:38:01,51.269743,14.847305,185.80
45483,12:38:04,51.269743,14.847305,185.50
45486,12:38:07,51.269744,14.847307,185.50
