24303,0.1440,1.4453,24.2060
24304,0.1440,1.4453,24.2060
24305,0.1440,1.4453,24.2060
24306,0.1440,1.4453,24.2060
24307,0.1440,1.4453,24.2060
24308,0.1440,1.4453,24.2060
24309,0.1440,1.4453,24.2060
24311,0.1440,1.4455,24.2251
24312,0.1440,1.4453,24.2060
24313,0.1440,1.4455,24.2251
24314,0.1440,1.4455,24.2251
24315,0.1440,1.4455,24.2251
24316,0.1440,1.4451,24.1869
24317,0.1440,1.4455,24.2251
24318,0.1440,1.4455,24.2251
24319,0.1440,1.4455,24.2251
24320,0.1440,1.4455,24.2251
24321,0.1440,1.4455,24.2251
24322,0.1440,1.4455,24.2251
24323,0.1440,1.4455,24.2251
24324,0.1440,1.4455,24.2251
24325,0.1440,1.4455,24.2251
24326,0.1440,1.4451,24.1869
24327,0.1440,1.4455,24.2251
24328,0.1440,1.4455,24.2251
24329,0.1440,1.4457,24.2442
24330,0.1440,1.4457,24.2442
24332,0.1442,1.4457,24.2442
24333,0.1440,1.4457,24.2442
24334,0.1440,1.4457,24.2442
24335,0.1442,1.4457,24.2442
24336,0.1442,1.4457,24.2442
24337,0.1442,1.4457,24.2442
24338,0.1440,1.4459,24.2633
24339,0.1440,1.4459,24.2633
24340,0.1440,1.4459,24.2633
24341,0.1440,1.4459,24.2633
24342,0.1442,1.4459,24.2633
24343,0.1442,1.4459,24.2633
24344,0.1442,1.4459,24.2633
24345,0.1440,1.4459,24.2633
24346,0.1442,1.4457,24.2442
24347,0.1440,1.4460,24.2824
24348,0.1442,1.4460,24.2824
24349,0.1442,1.4460,24.2824
24350,0.1442,1.4460,24.2824
24352,0.1442,1.4460,24.2824
24353,0.1440,1.4459,24.2633
24354,0.1442,1.4460,24.2824
24355,0.1442,1.4460,24.2824
24356,0.1442,1.4459,24.2633
24357,0.1442,1.4457,24.2442
24358,0.1442,1.4460,24.2824
24359,0.1442,1.4460,24.2824
24360,0.1442,1.4460,24.2824
24361,0.1442,1.4460,24.2824
24362,0.1442,1.4460,24.2824
24364,0.1442,1.4460,24.2824
24365,0.1442,1.4460,24.2824
24366,0.1442,1.4460,24.2824
24367,0.1442,1.4460,24.2824
24368,0.1442,1.4457,24.2442
24369,0.1442,1.4460,24.2824
24370,0.1440,1.4460,24.2824
24371,0.1440,1.4460,24.2824
24372,0.1442,1.4460,24.2824
24374,0.1442,1.4460,24.2824
24375,0.1442,1.4460,24.2824
24376,0.1442,1.4460,24.2824
24377,0.1442,1.4459,24.2633
24378,0.1442,1.4460,24.2824
24379,0.1442,1.4457,24.2442
24380,0.1442,1.4460,24.2824
24381,0.1442,1.4460,24.2824
24382,0.1442,1.4460,24.2824
24383,0.1442,1.4460,24.2824
24384,0.1440,1.4460,24.2824
24385,0.1442,1.4460,24.2824
24386,0.1442,1.4460,24.2824
24387,0.1442,1.4460,24.2824
24388,0.1442,1.4460,24.2824
24389,0.1440,1.4457,24.2442
24390,0.1442,1.4460,24.2824
24391,0.1440,1.4460,24.2824
24392,0.1442,1.4462,24.3016
24393,0.1442,1.4460,24.2824
24395,0.1442,1.4462,24.3016
24396,0.1442,1.4462,24.3016
24397,0.1442,1.4462,24.3016
24398,0.1442,1.4462,24.3016
24399,0.1442,1.4462,24.3016
24400,0.1442,1.4459,24.2633
24401,0.1442,1.4462,24.3016
24402,0.1442,1.4462,24.3016
24403,0.1442,1.4462,24.3016
24404,0.1442,1.4462,24.3016
24405,0.1442,1.4462,24.3016
24406,0.1442,1.4462,24.3016
24407,0.1442,1.4462,24.3016
24408,0.1442,1.4462,24.3016
24409,0.1442,1.4462,24.3016
24410,0.1442,1.4459,24.2633
24411,0.1442,1.4462,24.3016
24412,0.1442,1.4462,24.3016
24413,0.1442,1.4462,24.3016
24414,0.1442,1.4462,24.3016
24416,0.1442,1.4462,24.3016
24417,0.1442,1.4462,24.3016
24418,0.1442,1.4462,24.3016
24419,0.1442,1.4462,24.3016
24420,0.1442,1.4462,24.3016
24421,0.1442,1.4459,24.2633
24422,0.1442,1.4462,24.3016
24423,0.1442,1.4462,24.3016
24425,0.1442,1.4462,24.3016
24426,0.1442,1.4462,24.3016
24427,0.1442,1.4462,24.3016
24428,0.1442,1.4462,24.3016
24429,0.1442,1.4464,24.3207
24430,0.1442,1.4462,24.3016
24431,0.1442,1.4464,24.3207
24432,0.1442,1.4460,24.2824
24433,0.1442,1.4462,24.3016
24434,0.1442,1.4462,24.3016
24435,0.1440,1.4462,24.3016
24437,0.1442,1.4464,24.3207
24438,0.1442,1.4462,24.3016
24439,0.1442,1.4462,24.3016
24440,0.1442,1.4464,24.3207
24441,0.1442,1.4462,24.3016
24442,0.1442,1.4464,24.3207
24443,0.1442,1.4464,24.3207
24444,0.1442,1.4464,24.3207
24445,0.1442,1.4464,24.3207
24446,0.1442,1.4464,24.3207
24447,0.1442,1.4464,24.3207
24448,0.1442,1.4464,24.3207
24449,0.1442,1.4464,24.3207
24450,0.1442,1.4464,24.3207
24451,0.1442,1.4466,24.3398
24452,0.1442,1.4464,24.3207
24453,0.1442,1.4466,24.3398
24454,0.1442,1.4466,24.3398
24455,0.1442,1.4466,24.3398
24457,0.1442,1.4466,24.3398
24458,0.1442,1.4466,24.3398
24459,0.1442,1.4466,24.3398
24460,0.1442,1.4466,24.3398
24461,0.1442,1.4466,24.3398
24462,0.1442,1.4466,24.3398
24463,0.1442,1.4464,24.3207
24464,0.1442,1.4466,24.3398
24465,0.1442,1.4466,24.3398
24466,0.1442,1.4466,24.3398
24467,0.1442,1.4466,24.3398
24468,0.1442,1.4468,24.3589
24469,0.1442,1.4466,24.3398
24470,0.1442,1.4468,24.3589
24471,0.1442,1.4466,24.3398
24472,0.1442,1.4466,24.3398
24473,0.1442,1.4468,24.3589
24474,0.1442,1.4468,24.3589
24475,0.1442,1.4468,24.3589
24477,0.1442,1.4468,24.3589
24478,0.1442,1.4468,24.3589
24479,0.1442,1.4468,24.3589
24480,0.1442,1.4468,24.3589
24481,0.1442,1.4468,24.3589
24482,0.1442,1.4468,24.3589
24483,0.1442,1.4466,24.3398
24484,0.1442,1.4468,24.3589
24485,0.1442,1.4468,24.3589
24486,0.1442,1.4468,24.3589
24487,0.1442,1.4468,24.3589
24488,0.1442,1.4466,24.3398
24489,0.1442,1.4466,24.3398
24490,0.1442,1.4468,24.3589
24491,0.1442,1.4468,24.3589
24492,0.1442,1.4468,24.3589
24493,0.1442,1.4464,24.3207
24494,0.1442,1.4466,24.3398
24495,0.1442,1.4468,24.3589
24496,0.1442,1.4466,24.3398
24498,0.1442,1.4468,24.3589
24499,0.1442,1.4466,24.3398
24500,0.1442,1.4468,24.3589
24501,0.1442,1.4468,24.3589
24502,0.1442,1.4468,24.3589
24503,0.1442,1.4470,24.3780
24504,0.1442,1.4470,24.3780
24505,0.1442,1.4470,24.3780
24506,0.1442,1.4470,24.3780
24507,0.1442,1.4472,24.3971
24508,0.1442,1.4472,24.3971
24509,0.1442,1.4472,24.3971
24510,0.1442,1.4472,24.3971
24511,0.1442,1.4472,24.3971
24512,0.1442,1.4472,24.3971
24513,0.1442,1.4472,24.3971
24514,0.1442,1.4472,24.3971
24515,0.1442,1.4472,24.3971
24516,0.1442,1.4472,24.3971
24518,0.1442,1.4470,24.3780
24519,0.1442,1.4472,24.3971
24520,0.1442,1.4472,24.3971
24521,0.1442,1.4472,24.3971
24522,0.1442,1.4472,24.3971
24523,0.1442,1.4472,24.3971
24524,0.1442,1.4468,24.3589
24525,0.1442,1.4472,24.3971
24526,0.1442,1.4472,24.3971
24527,0.1442,1.4472,24.3971
24528,0.1442,1.4472,24.3971
24529,0.1442,1.4472,24.3971
24530,0.1442,1.4472,24.3971
24531,0.1442,1.4472,24.3971
24532,0.1442,1.4472,24.3971
24533,0.1442,1.4472,24.3971
24534,0.1442,1.4468,24.3589
24535,0.1442,1.4472,24.3971
24536,0.1442,1.4472,24.3971
24537,0.1444,1.4472,24.3971
24539,0.1442,1.4472,24.3971
24540,0.1442,1.4472,24.3971
24541,0.1442,1.4472,24.3971
24542,0.1442,1.4472,24.3971
24602,0.1442,1.4475,24.4354
24603,0.1444,1.4477,24.4545
24604,0.1442,1.4475,24.4354
24605,0.1442,1.4477,24.4545
24606,0.1444,1.4477,24.4545
24607,0.1442,1.4477,24.4545
24608,0.1442,1.4477,24.4545
24610,0.1444,1.4477,24.4545
24611,0.1444,1.4477,24.4545
24612,0.1444,1.4477,24.4545
24613,0.1444,1.4477,24.4545
24614,0.1444,1.4477,24.4545
24615,0.1442,1.4477,24.4545
24616,0.1444,1.4477,24.4545
24617,0.1444,1.4477,24.4545
24618,0.1444,1.4477,24.4545
24619,0.1444,1.4477,24.4545
24620,0.1444,1.4479,24.4736
24621,0.1444,1.4479,24.4736
24622,0.1444,1.4479,24.4736
24623,0.1444,1.4479,24.4736
24624,0.1442,1.4479,24.4736
24625,0.1442,1.4479,24.4736
24626,0.1444,1.4479,24.4736
24627,0.1444,1.4479,24.4736
24628,0.1444,1.4479,24.4736
24629,0.1444,1.4479,24.4736
24631,0.1444,1.4479,24.4736
24632,0.1442,1.4481,24.4927
24633,0.1444,1.4479,24.4736
24634,0.1444,1.4479,24.4736
24635,0.1442,1.4481,24.4927
24636,0.1444,1.4481,24.4927
24637,0.1444,1.4479,24.4736
24638,0.1444,1.4479,24.4736
24639,0.1444,1.4479,24.4736
24640,0.1444,1.4479,24.4736
24641,0.1444,1.4479,24.4736
24642,0.1444,1.4479,24.4736
24643,0.1444,1.4481,24.4927
24644,0.1444,1.4479,24.4736
24645,0.1444,1.4475,24.4354
24646,0.1444,1.4479,24.4736
24647,0.1442,1.4479,24.4736
24648,0.1444,1.4479,24.4736
24650,0.1444,1.4479,24.4736
24651,0.1444,1.4479,24.4736
24652,0.1444,1.4479,24.4736
24653,0.1444,1.4479,24.4736
24654,0.1444,1.4479,24.4736
24655,0.1444,1.4477,24.4545
24656,0.1444,1.4479,24.4736
24657,0.1442,1.4481,24.4927
24658,0.1444,1.4481,24.4927
24659,0.1444,1.4479,24.4736
24660,0.1444,1.4479,24.4736
24661,0.1444,1.4479,24.4736
24662,0.1444,1.4481,24.4927
24663,0.1444,1.4481,24.4927
24664,0.1444,1.4479,24.4736
24665,0.1444,1.4475,24.4354
24666,0.1444,1.4481,24.4927
24667,0.1444,1.4481,24.4927
24668,0.1444,1.4481,24.4927
24669,0.1444,1.4479,24.4736
24671,0.1444,1.4479,24.4736
24672,0.1444,1.4481,24.4927
24673,0.1442,1.4479,24.4736
24674,0.1444,1.4479,24.4736
24675,0.1444,1.4481,24.4927
24676,0.1444,1.4477,24.4545
24677,0.1444,1.4479,24.4736
24678,0.1444,1.4479,24.4736
24679,0.1444,1.4479,24.4736
24680,0.1444,1.4479,24.4736
24681,0.1444,1.4479,24.4736
24682,0.1444,1.4479,24.4736
24683,0.1444,1.4481,24.4927
24684,0.1444,1.4481,24.4927
24685,0.1444,1.4481,24.4927
24686,0.1444,1.4477,24.4545
24687,0.1444,1.4479,24.4736
24688,0.1444,1.4481,24.4927
24689,0.1444,1.4481,24.4927
24690,0.1444,1.4481,24.4927
24692,0.1444,1.4481,24.4927
24693,0.1444,1.4481,24.4927
24694,0.1444,1.4481,24.4927
24695,0.1444,1.4481,24.4927
24696,0.1444,1.4481,24.4927
24697,0.1444,1.4479,24.4736
24698,0.1444,1.4481,24.4927
24699,0.1444,1.4481,24.4927
24700,0.1444,1.4483,24.5119
24701,0.1444,1.4483,24.5119
24702,0.1444,1.4483,24.5119
24703,0.1444,1.4483,24.5119
24704,0.1444,1.4483,24.5119
24705,0.1444,1.4483,24.5119
24706,0.1444,1.4483,24.5119
24707,0.1444,1.4481,24.4927
24708,0.1444,1.4483,24.5119
24709,0.1444,1.4483,24.5119
24710,0.1444,1.4483,24.5119
24711,0.1444,1.4483,24.5119
24713,0.1444,1.4483,24.5119
24714,0.1444,1.4483,24.5119
24715,0.1444,1.4483,24.5119
24716,0.1444,1.4483,24.5119
24717,0.1444,1.4483,24.5119
24718,0.1444,1.4481,24.4927
24719,0.1444,1.4485,24.5310
24720,0.1444,1.4489,24.5692
24721,0.1444,1.4489,24.5692
24722,0.1444,1.4489,24.5692
24723,0.1444,1.4490,24.5884
24724,0.1444,1.4489,24.5692
24725,0.1444,1.4489,24.5692
24726,0.1444,1.4489,24.5692
24727,0.1444,1.4489,24.5692
24728,0.1444,1.4485,24.5310
24729,0.1444,1.4489,24.5692
24730,0.1444,1.4489,24.5692
24731,0.1444,1.4489,24.5692
24732,0.1444,1.4487,24.5501
24734,0.1444,1.4489,24.5692
24735,0.1444,1.4487,24.5501
24736,0.1444,1.4487,24.5501
24737,0.1444,1.4487,24.5501
24738,0.1444,1.4487,24.5501
24739,0.1444,1.4485,24.5310
24740,0.1444,1.4487,24.5501
24741,0.1444,1.4487,24.5501
24742,0.1444,1.4487,24.5501
24743,0.1444,1.4485,24.5310
24744,0.1444,1.4487,24.5501
24745,0.1444,1.4485,24.5310
24746,0.1444,1.4487,24.5501
24747,0.1444,1.4487,24.5501
24748,0.1444,1.4485,24.5310
24749,0.1444,1.4485,24.5310
24750,0.1444,1.4485,24.5310
24751,0.1444,1.4487,24.5501
24753,0.1444,1.4485,24.5310
24754,0.1444,1.4485,24.5310
24755,0.1444,1.4485,24.5310
24756,0.1444,1.4485,24.5310
24757,0.1444,1.4485,24.5310
24758,0.1444,1.4485,24.5310
24759,0.1444,1.4487,24.5501
24760,0.1444,1.4487,24.5501
24761,0.1444,1.4487,24.5501
24762,0.1444,1.4489,24.5692
24763,0.1444,1.4489,24.5692
24764,0.1444,1.4489,24.5692
24765,0.1444,1.4489,24.5692
24766,0.1444,1.4489,24.5692
24767,0.1444,1.4490,24.5884
24768,0.1444,1.4492,24.6075
24769,0.1444,1.4492,24.6075
24770,0.1444,1.4492,24.6075
24771,0.1444,1.4494,24.6266
24772,0.1444,1.4494,24.6266
24774,0.1444,1.4494,24.6266
24775,0.1444,1.4496,24.6458
24776,0.1444,1.4496,24.6458
24777,0.1446,1.4496,24.6458
24778,0.1446,1.4498,24.6649
24779,0.1446,1.4496,24.6458
24780,0.1446,1.4498,24.6649
24781,0.1446,1.4500,24.6840
24782,0.1446,1.4500,24.6840
24783,0.1446,1.4502,24.7032
24784,0.1446,1.4500,24.6840
24785,0.1446,1.4502,24.7032
24786,0.1446,1.4504,24.7223
24787,0.1446,1.4502,24.7032
24788,0.1446,1.4504,24.7223
24789,0.1446,1.4502,24.7032
24790,0.1446,1.4504,24.7223
24791,0.1446,1.4504,24.7223
24792,0.1446,1.4504,24.7223
24793,0.1446,1.4504,24.7223
24795,0.1446,1.4505,24.7414
24796,0.1446,1.4505,24.7414
24797,0.1446,1.4504,24.7223
24798,0.1446,1.4505,24.7414
24799,0.1446,1.4505,24.7414
24800,0.1446,1.4502,24.7032
24801,0.1446,1.4505,24.7414
24802,0.1446,1.4505,24.7414
24803,0.1446,1.4505,24.7414
24804,0.1446,1.4505,24.7414
24805,0.1446,1.4505,24.7414
24806,0.1446,1.4505,24.7414
24807,0.1446,1.4507,24.7606
24808,0.1446,1.4505,24.7414
24809,0.1446,1.4505,24.7414
24810,1.4505,0.1446,-86.6545
24811,0.1446,1.4507,24.7606
24812,0.1446,1.4509,24.7797
24813,0.1446,1.4509,24.7797
24815,0.1446,1.4511,24.7988
24816,0.1446,1.4511,24.7988
24817,0.1446,1.4511,24.7988
24818,0.1446,1.4513,24.8180
24819,0.1448,1.4513,24.8180
24820,0.1446,1.4511,24.7988
24821,0.1446,1.4513,24.8180
24822,0.1446,1.4515,24.8371
24823,0.1446,1.4515,24.8371
24824,0.1446,1.4517,24.8562
24825,0.1446,1.4517,24.8562
24826,0.1446,1.4517,24.8562
24827,0.1448,1.4517,24.8562
24828,0.1448,1.4517,24.8562
24829,0.1446,1.4517,24.8562
24830,0.1446,1.4513,24.8180
24831,0.1448,1.4519,24.8754
24832,0.1446,1.4519,24.8754
24833,0.1446,1.4519,24.8754
24835,0.1448,1.4519,24.8754
24836,0.1448,1.4519,24.8754
24837,0.1448,1.4519,24.8754
24838,0.1446,1.4519,24.8754
24839,0.1448,1.4520,24.8945
24840,0.1448,1.4520,24.8945
24841,0.1448,1.4522,24.9137
24842,0.1448,1.4522,24.9137
24843,0.1448,1.4522,24.9137
24844,0.1448,1.4522,24.9137
24845,0.1448,1.4524,24.9328
24846,0.1448,1.4524,24.9328
24847,0.1448,1.4524,24.9328
24848,0.1448,1.4526,24.9520
24849,0.1448,1.4528,24.9711
24850,0.1448,1.4530,24.9903
24851,0.1449,1.4534,25.0285
24852,0.1448,1.4535,25.0477
24853,0.1449,1.4539,25.0860
24855,0.1449,1.4543,25.1243
24856,0.1449,1.4549,25.1818
24857,0.1449,1.4550,25.2009
24858,0.1451,1.4556,25.2584
24859,0.1451,1.4560,25.2967
24860,0.1451,1.4562,25.3159
24861,0.1451,1.4565,25.3542
24862,0.1451,1.4567,25.3734
24863,0.1451,1.4569,25.3925
24864,0.1451,1.4573,25.4309
24865,0.1451,1.4573,25.4309
24866,0.1453,1.4575,25.4500
24867,0.1453,1.4577,25.4692
24868,0.1453,1.4579,25.4884
24869,0.1453,1.4579,25.4884
24870,0.1453,1.4577,25.4692
24871,0.1453,1.4580,25.5075
24872,0.1453,1.4580,25.5075
24873,0.1453,1.4582,25.5267
24875,0.1453,1.4582,25.5267
24876,0.1453,1.4582,25.5267
24877,0.1453,1.4582,25.5267
24878,0.1453,1.4582,25.5267
24879,0.1453,1.4582,25.5267
24880,0.1453,1.4595,25.6609
24881,0.1457,1.4612,25.8336
24882,0.1457,1.4627,25.9871
24883,0.1459,1.4631,26.0255
24884,0.1459,1.4635,26.0639
24885,0.1459,1.4637,26.0831
24886,0.1459,1.4637,26.0831
24887,0.1459,1.4639,26.1023
24888,0.1459,1.4639,26.1023
24889,0.1459,1.4639,26.1023
24890,0.1459,1.4640,26.1215
24891,0.1459,1.4637,26.0831
24892,0.1459,1.4640,26.1215
24893,0.1459,1.4640,26.1215
24894,0.1459,1.4642,26.1407
24896,0.1459,1.4642,26.1407
24897,0.1459,1.4642,26.1407
24898,0.1459,1.4640,26.1215
24899,0.1459,1.4640,26.1215
24900,0.1459,1.4640,26.1215
24901,0.1459,1.4639,26.1023
24902,0.1459,1.4640,26.1215
24903,0.1459,1.4644,26.1599
24904,0.1459,1.4654,26.2559
24905,0.1461,1.4657,26.2943
24906,0.1461,1.4661,26.3327
24907,0.1461,1.4663,26.3519
24908,0.1461,1.4665,26.3712
24909,0.1461,1.4665,26.3712
24910,0.1461,1.4667,26.3904
24911,0.1461,1.4663,26.3519
24912,0.1461,1.4665,26.3712
24913,0.1461,1.4667,26.3904
24914,0.1461,1.4667,26.3904
24916,0.1461,1.4667,26.3904
24917,0.1461,1.4667,26.3904
24918,0.1463,1.4667,26.3904
24919,0.1461,1.4667,26.3904
24920,0.1461,1.4667,26.3904
24921,0.1461,1.4667,26.3904
24922,0.1461,1.4661,26.3327
24923,0.1461,1.4665,26.3712
24924,0.1461,1.4665,26.3712
24925,0.1461,1.4667,26.3904
24926,0.1461,1.4667,26.3904
24927,0.1461,1.4667,26.3904
24928,0.1461,1.4667,26.3904
24929,0.1461,1.4667,26.3904
24930,0.1461,1.4667,26.3904
24931,0.1461,1.4665,26.3712
24932,0.1461,1.4661,26.3327
24933,0.1461,1.4663,26.3519
24934,0.1461,1.4663,26.3519
24935,0.1461,1.4663,26.3519
24937,0.1461,1.4663,26.3519
24938,0.1461,1.4665,26.3712
24939,0.1461,1.4663,26.3519
24940,0.1461,1.4665,26.3712
24941,0.1461,1.4665,26.3712
24942,0.1461,1.4663,26.3519
24943,0.1461,1.4663,26.3519
24944,0.1461,1.4661,26.3327
24945,0.1461,1.4661,26.3327
24946,0.1461,1.4659,26.3135
24947,0.1461,1.4659,26.3135
24948,0.1461,1.4659,26.3135
24949,0.1461,1.4659,26.3135
24950,0.1461,1.4659,26.3135
24951,0.1461,1.4659,26.3135
24952,0.1461,1.4659,26.3135
24953,0.1461,1.4659,26.3135
24954,0.1461,1.4657,26.2943
24955,0.1461,1.4657,26.2943
24956,0.1461,1.4657,26.2943
24958,0.1461,1.4655,26.2751
24959,0.1461,1.4655,26.2751
24960,0.1461,1.4655,26.2751
24961,0.1461,1.4654,26.2559
24962,0.1461,1.4654,26.2559
24963,0.1459,1.4652,26.2367
24964,0.1461,1.4652,26.2367
24965,0.1459,1.4652,26.2367
24966,0.1459,1.4650,26.2175
24967,0.1461,1.4650,26.2175
24968,0.1459,1.4652,26.2367
24969,0.1461,1.4652,26.2367
24970,0.1461,1.4650,26.2175
24971,0.1459,1.4650,26.2175
24972,0.1459,1.4648,26.1983
24973,0.1459,1.4644,26.1599
24974,0.1459,1.4646,26.1791
24975,0.1459,1.4646,26.1791
24976,0.1459,1.4644,26.1599
24978,0.1459,1.4644,26.1599
24979,0.1459,1.4642,26.1407
24980,0.1459,1.4642,26.1407
24981,0.1459,1.4642,26.1407
24982,0.1459,1.4642,26.1407
24983,0.1459,1.4639,26.1023
24984,0.1459,1.4639,26.1023
24985,0.1459,1.4639,26.1023
24986,0.1459,1.4639,26.1023
24987,0.1459,1.4637,26.0831
24988,0.1459,1.4637,26.0831
24989,0.1459,1.4637,26.0831
24990,0.1459,1.4637,26.0831
24991,0.1459,1.4635,26.0639
24992,0.1457,1.4635,26.0639
24993,0.1457,1.4633,26.0447
24994,0.1459,1.4633,26.0447
24995,0.1459,1.4633,26.0447
24996,0.1459,1.4633,26.0447
24998,0.1457,1.4633,26.0447
24999,0.1459,1.4631,26.0255
25000,0.1459,1.4631,26.0255
25001,0.1457,1.4631,26.0255
25002,0.1457,1.4629,26.0063
25003,0.1457,1.4627,25.9871
25004,0.1457,1.4627,25.9871
25005,0.1457,1.4625,25.9679
25006,0.1457,1.4625,25.9679
25007,0.1457,1.4625,25.9679
25008,0.1457,1.4624,25.9487
25009,0.1457,1.4624,25.9487
25010,0.1457,1.4622,25.9295
25011,0.1457,1.4622,25.9295
25012,0.1457,1.4620,25.9103
25013,0.1457,1.4616,25.8720
25014,0.1457,1.4618,25.8911
25015,0.1457,1.4618,25.8911
25016,0.1455,1.4616,25.8720
25018,0.1457,1.4614,25.8528
25019,0.1457,1.4614,25.8528
25020,0.1457,1.4612,25.8336
25021,0.1457,1.4610,25.8144
25022,0.1455,1.4610,25.8144
25023,0.1457,1.4610,25.8144
25024,0.1455,1.4609,25.7952
25025,0.1455,1.4609,25.7952
25026,0.1455,1.4607,25.7760
25027,0.1455,1.4605,25.7568
25028,0.1455,1.4603,25.7377
25029,0.1455,1.4603,25.7377
25030,0.1455,1.4603,25.7377
25031,0.1455,1.4601,25.7185
25032,0.1455,1.4601,25.7185
25033,0.1455,1.4599,25.6993
25034,0.1455,1.4599,25.6993
25035,0.1455,1.4599,25.6993
25036,0.1455,1.4597,25.6801
25038,0.1455,1.4595,25.6609
25039,0.1455,1.4595,25.6609
25040,0.1455,1.4594,25.6418
25041,0.1453,1.4594,25.6418
25042,0.1455,1.4592,25.6226
25043,0.1453,1.4592,25.6226
25044,0.1453,1.4586,25.5651
25045,0.1453,1.4590,25.6034
25046,0.1453,1.4590,25.6034
25047,0.1453,1.4588,25.5842
25048,0.1453,1.4588,25.5842
25049,0.1453,1.4586,25.5651
25050,0.1453,1.4586,25.5651
25051,0.1453,1.4586,25.5651
25052,0.1453,1.4586,25.5651
25053,0.1453,1.4584,25.5459
25054,0.1453,1.4580,25.5075
25055,0.1453,1.4582,25.5267
25056,0.1453,1.4582,25.5267
25057,0.1453,1.4582,25.5267
25059,0.1453,1.4582,25.5267
25060,0.1453,1.4582,25.5267
25061,0.1453,1.4580,25.5075
25062,0.1453,1.4580,25.5075
25063,0.1453,1.4579,25.4884
25064,0.1453,1.4579,25.4884
25065,0.1453,1.4575,25.4500
25066,0.1453,1.4579,25.4884
25067,0.1453,1.4579,25.4884
25068,0.1453,1.4577,25.4692
25069,0.1453,1.4577,25.4692
25070,0.1453,1.4577,25.4692
25071,0.1453,1.4577,25.4692
25072,0.1453,1.4577,25.4692
25073,0.1451,1.4575,25.4500
25074,0.1453,1.4571,25.4117
25075,0.1451,1.4575,25.4500
25076,0.1453,1.4575,25.4500
25077,0.1453,1.4573,25.4309
25079,0.1451,1.4573,25.4309
25080,0.1453,1.4573,25.4309
25081,0.1451,1.4573,25.4309
25082,0.1451,1.4573,25.4309
25083,0.1451,1.4573,25.4309
25084,0.1451,1.4571,25.4117
25085,0.1453,1.4567,25.3734
25086,0.1453,1.4571,25.4117
25087,0.1451,1.4571,25.4117
25088,0.1451,1.4571,25.4117
25089,0.1451,1.4569,25.3925
25090,0.1451,1.4569,25.3925
25091,0.1451,1.4569,25.3925
25092,0.1451,1.4569,25.3925
25093,0.1451,1.4567,25.3734
25094,0.1451,1.4565,25.3542
25095,0.1451,1.4562,25.3159
25096,0.1451,1.4565,25.3542
25097,0.1451,1.4564,25.3350
25098,0.1451,1.4564,25.3350
25100,0.1451,1.4562,25.3159
25101,0.1451,1.4562,25.3159
25102,0.1451,1.4560,25.2967
25103,0.1451,1.4560,25.2967
25104,0.1451,1.4558,25.2776
25105,0.1451,1.4558,25.2776
25106,0.1451,1.4554,25.2392
25107,0.1451,1.4556,25.2584
25108,0.1451,1.4556,25.2584
25109,0.1449,1.4554,25.2392
25110,0.1451,1.4554,25.2392
25111,0.1449,1.4554,25.2392
25112,0.1449,1.4554,25.2392
25113,0.1451,1.4552,25.2201
25114,0.1449,1.4552,25.2201
25115,0.1449,1.4552,25.2201
25116,0.1449,1.4549,25.1818
25117,0.1449,1.4550,25.2009
25118,0.1449,1.4550,25.2009
25119,0.1449,1.4550,25.2009
25121,0.1449,1.4549,25.1818
25122,0.1449,1.4549,25.1818
25123,0.1449,1.4547,25.1626
25124,0.1449,1.4547,25.1626
25125,0.1449,1.4545,25.1435
25126,0.1449,1.4545,25.1435
25127,0.1449,1.4541,25.1051
25128,0.1449,1.4543,25.1243
25129,0.1449,1.4543,25.1243
25130,0.1449,1.4543,25.1243
25131,0.1449,1.4541,25.1051
25132,0.1449,1.4541,25.1051
25133,0.1449,1.4539,25.0860
25134,0.1449,1.4539,25.0860
25135,0.1449,1.4539,25.0860
25136,0.1449,1.4537,25.0668
25137,0.1449,1.4535,25.0477
25138,0.1449,1.4537,25.0668
25139,0.1449,1.4539,25.0860
25141,0.1449,1.4539,25.0860
25142,0.1449,1.4539,25.0860
25143,0.1449,1.4537,25.0668
25144,0.1449,1.4539,25.0860
25145,0.1449,1.4539,25.0860
25146,0.1449,1.4539,25.0860
25147,0.1449,1.4539,25.0860
25148,0.1449,1.4537,25.0668
25149,0.1449,1.4541,25.1051
25150,0.1449,1.4543,25.1243
25151,0.1449,1.4543,25.1243
25152,0.1449,1.4543,25.1243
25153,0.1449,1.4545,25.1435
25154,0.1449,1.4545,25.1435
25155,0.1449,1.4545,25.1435
25156,0.1449,1.4545,25.1435
25157,0.1449,1.4547,25.1626
25158,0.1449,1.4543,25.1243
25159,0.1449,1.4549,25.1818
25160,0.1449,1.4549,25.1818
25162,0.1449,1.4549,25.1818
25163,0.1449,1.4549,25.1818
25164,0.1449,1.4549,25.1818
25165,0.1449,1.4549,25.1818
25166,0.1449,1.4550,25.2009
25167,0.1451,1.4550,25.2009
25168,0.1449,1.4549,25.1818
25169,0.1449,1.4547,25.1626
25170,0.1449,1.4550,25.2009
25171,0.1449,1.4550,25.2009
25172,0.1449,1.4550,25.2009
25173,0.1449,1.4550,25.2009
25174,0.1449,1.4550,25.2009
25175,0.1449,1.4550,25.2009
25176,0.1449,1.4558,25.2776
25177,0.1451,1.4562,25.3159
25178,0.1451,1.4564,25.3350
25179,0.1451,1.4562,25.3159
25180,0.1451,1.4565,25.3542
25181,0.1451,1.4565,25.3542
25183,0.1451,1.4565,25.3542
25184,0.1451,1.4567,25.3734
25185,0.1451,1.4571,25.4117
25186,0.1451,1.4573,25.4309
25187,0.1451,1.4575,25.4500
25188,0.1453,1.4577,25.4692
25189,0.1453,1.4577,25.4692
25190,0.1453,1.4579,25.4884
25191,0.1453,1.4579,25.4884
25192,0.1453,1.4579,25.4884
25193,0.1453,1.4579,25.4884
25194,0.1453,1.4577,25.4692
25195,0.1453,1.4577,25.4692
25196,0.1453,1.4579,25.4884
25197,0.1451,1.4577,25.4692
25198,0.1453,1.4577,25.4692
25199,0.1453,1.4577,25.4692
25200,0.1453,1.4577,25.4692
25201,0.1453,1.4577,25.4692
25203,0.1453,1.4577,25.4692
25205,0.1451,1.4579,25.4884
25206,0.1453,1.4577,25.4692
25207,0.1453,1.4577,25.4692
25208,0.1453,1.4577,25.4692
25209,0.1451,1.4577,25.4692
25210,0.1453,1.4577,25.4692
25211,0.1453,1.4573,25.4309
25212,0.1453,1.4575,25.4500
25213,0.1453,1.4573,25.4309
25214,0.1453,1.4575,25.4500
25215,0.1453,1.4573,25.4309
25216,0.1451,1.4573,25.4309
25217,0.1451,1.4573,25.4309
25218,0.1451,1.4573,25.4309
25219,0.1451,1.4573,25.4309
25220,0.1451,1.4573,25.4309
25221,0.1451,1.4571,25.4117
25222,0.1451,1.4573,25.4309
25223,0.1451,1.4573,25.4309
25225,0.1451,1.4573,25.4309
25226,0.1451,1.4573,25.4309
25227,0.1451,1.4571,25.4117
25228,0.1451,1.4571,25.4117
25229,0.1451,1.4571,25.4117
25230,0.1451,1.4571,25.4117
25231,0.1451,1.4571,25.4117
25232,0.1451,1.4571,25.4117
25233,0.1451,1.4571,25.4117
25234,0.1451,1.4571,25.4117
25235,0.1451,1.4571,25.4117
25236,0.1451,1.4571,25.4117
25237,0.1451,1.4571,25.4117
25238,0.1451,1.4571,25.4117
25239,0.1451,1.4565,25.3542
25240,0.1451,1.4569,25.3925
25241,0.1451,1.4569,25.3925
25242,0.1451,1.4569,25.3925
25243,0.1451,1.4569,25.3925
25245,0.1451,1.4569,25.3925
25246,0.1451,1.4569,25.3925
25247,0.1451,1.4569,25.3925
25248,0.1451,1.4573,25.4309
25249,0.1451,1.4573,25.4309
25250,0.1451,1.4573,25.4309
25251,0.1451,1.4575,25.4500
25252,0.1453,1.4575,25.4500
25253,0.1453,1.4577,25.4692
25254,0.1451,1.4577,25.4692
25255,0.1451,1.4579,25.4884
25256,0.1453,1.4579,25.4884
25257,0.1453,1.4579,25.4884
25258,0.1453,1.4579,25.4884
25259,0.1453,1.4579,25.4884
25260,0.1453,1.4577,25.4692
25261,0.1451,1.4577,25.4692
25262,0.1453,1.4577,25.4692
25263,0.1453,1.4577,25.4692
25265,0.1453,1.4577,25.4692
25266,0.1451,1.4577,25.4692
25267,0.1453,1.4575,25.4500
25268,0.1451,1.4575,25.4500
25269,0.1453,1.4575,25.4500
25270,0.1451,1.4575,25.4500
25271,0.1453,1.4575,25.4500
25272,0.1453,1.4575,25.4500
25273,0.1453,1.4575,25.4500
25274,0.1451,1.4577,25.4692
25275,0.1453,1.4575,25.4500
25276,0.1453,1.4577,25.4692
25277,0.1453,1.4575,25.4500
25278,0.1453,1.4575,25.4500
25279,0.1453,1.4577,25.4692
25280,0.1453,1.4575,25.4500
25281,0.1451,1.4575,25.4500
25282,0.1451,1.4577,25.4692
25283,0.1451,1.4575,25.4500
25285,0.1453,1.4575,25.4500
25286,0.1453,1.4575,25.4500
25287,0.1453,1.4577,25.4692
25288,0.1453,1.4577,25.4692
25289,0.1453,1.4577,25.4692
25290,0.1453,1.4577,25.4692
25291,0.1453,1.4577,25.4692
25292,0.1451,1.4577,25.4692
25293,0.1453,1.4575,25.4500
25294,0.1451,1.4575,25.4500
25295,0.1453,1.4575,25.4500
25296,0.1451,1.4575,25.4500
25297,0.1451,1.4573,25.4309
25298,0.1453,1.4573,25.4309
25299,0.1451,1.4573,25.4309
25300,0.1451,1.4573,25.4309
25301,0.1451,1.4571,25.4117
25302,0.1451,1.4571,25.4117
25303,0.1451,1.4571,25.4117
25304,0.1451,1.4571,25.4117
25306,0.1451,1.4569,25.3925
25307,0.1451,1.4569,25.3925
25308,0.1451,1.4569,25.3925
25309,0.1451,1.4567,25.3734
25310,0.1451,1.4567,25.3734
25311,0.1451,1.4565,25.3542
25312,0.1451,1.4564,25.3350
25313,0.1451,1.4565,25.3542
25314,0.1451,1.4565,25.3542
25315,0.1451,1.4565,25.3542
25316,0.1451,1.4565,25.3542
25317,0.1451,1.4564,25.3350
25318,0.1451,1.4564,25.3350
25319,0.1451,1.4564,25.3350
25320,0.1451,1.4564,25.3350
25321,0.1451,1.4564,25.3350
25322,0.1451,1.4564,25.3350
25323,0.1451,1.4562,25.3159
25324,0.1449,1.4562,25.3159
25326,0.1451,1.4562,25.3159
25327,0.1451,1.4562,25.3159
25328,0.1451,1.4560,25.2967
25329,0.1451,1.4560,25.2967
25330,0.1451,1.4560,25.2967
25331,0.1451,1.4560,25.2967
25332,0.1451,1.4560,25.2967
25333,0.1451,1.4560,25.2967
25334,0.1451,1.4560,25.2967
25335,0.1451,1.4560,25.2967
25336,0.1451,1.4560,25.2967
25337,0.1451,1.4560,25.2967
25338,0.1451,1.4558,25.2776
25339,0.1451,1.4560,25.2967
25340,0.1451,1.4558,25.2776
25341,0.1451,1.4558,25.2776
25342,0.1451,1.4560,25.2967
25343,0.1451,1.4560,25.2967
25344,0.1451,1.4560,25.2967
25346,0.1451,1.4560,25.2967
25347,0.1451,1.4560,25.2967
25348,0.1451,1.4560,25.2967
25349,0.1451,1.4560,25.2967
25350,0.1451,1.4560,25.2967
25351,0.1451,1.4560,25.2967
25352,0.1451,1.4560,25.2967
25353,0.1451,1.4560,25.2967
25354,0.1451,1.4560,25.2967
25355,0.1451,1.4560,25.2967
25356,0.1451,1.4560,25.2967
25357,0.1451,1.4560,25.2967
25358,0.1451,1.4560,25.2967
25359,0.1451,1.4560,25.2967
25360,0.1451,1.4560,25.2967
25361,0.1451,1.4560,25.2967
25362,0.1451,1.4556,25.2584
25363,0.1451,1.4560,25.2967
25364,0.1451,1.4560,25.2967
25365,0.1451,1.4560,25.2967
25367,0.1451,1.4560,25.2967
25368,0.1451,1.4560,25.2967
25369,0.1451,1.4560,25.2967
25370,0.1451,1.4560,25.2967
25371,0.1451,1.4558,25.2776
25372,0.1451,1.4560,25.2967
25373,0.1451,1.4560,25.2967
25374,0.1451,1.4558,25.2776
25375,0.1451,1.4558,25.2776
25376,0.1451,1.4558,25.2776
25377,0.1451,1.4558,25.2776
25378,0.1449,1.4558,25.2776
25379,0.1451,1.4558,25.2776
25380,0.1451,1.4558,25.2776
25381,0.1451,1.4558,25.2776
25382,0.1451,1.4558,25.2776
25383,0.1451,1.4558,25.2776
25384,0.1451,1.4558,25.2776
25386,0.1451,1.4558,25.2776
25387,0.1451,1.4558,25.2776
25388,0.1451,1.4556,25.2584
25389,0.1451,1.4556,25.2584
25390,0.1451,1.4556,25.2584
25391,0.1449,1.4556,25.2584
25392,0.1451,1.4554,25.2392
25393,0.1451,1.4552,25.2201
25394,0.1451,1.4554,25.2392
25395,0.1449,1.4554,25.2392
25396,0.1451,1.4554,25.2392
25397,0.1451,1.4554,25.2392
25398,0.1451,1.4554,25.2392
25399,0.1449,1.4554,25.2392
25400,0.1451,1.4552,25.2201
25401,0.1449,1.4552,25.2201
25402,0.1449,1.4552,25.2201
25403,0.1449,1.4549,25.1818
25404,0.1449,1.4552,25.2201
25405,0.1449,1.4552,25.2201
25407,0.1449,1.4552,25.2201
25408,0.1449,1.4552,25.2201
25409,0.1449,1.4552,25.2201
25410,0.1449,1.4552,25.2201
25411,0.1449,1.4552,25.2201
25412,0.1449,1.4552,25.2201
25413,0.1449,1.4552,25.2201
25414,0.1449,1.4552,25.2201
25415,0.1449,1.4552,25.2201
25416,0.1449,1.4552,25.2201
25417,0.1449,1.4550,25.2009
25418,0.1449,1.4550,25.2009
25419,0.1449,1.4552,25.2201
25420,0.1449,1.4550,25.2009
25421,0.1449,1.4550,25.2009
25422,0.1449,1.4550,25.2009
25423,0.1449,1.4550,25.2009
25424,0.1449,1.4552,25.2201
25425,0.1451,1.4550,25.2009
25427,0.1451,1.4552,25.2201
25428,0.1449,1.4552,25.2201
25429,0.1449,1.4552,25.2201
25430,0.1451,1.4552,25.2201
25431,0.1449,1.4552,25.2201
25432,0.1451,1.4552,25.2201
25433,0.1451,1.4552,25.2201
25434,0.1449,1.4549,25.1818
25435,0.1449,1.4552,25.2201
25436,0.1449,1.4552,25.2201
25437,0.1449,1.4550,25.2009
25438,0.1449,1.4550,25.2009
25439,0.1449,1.4550,25.2009
25440,0.1449,1.4550,25.2009
25441,0.1449,1.4550,25.2009
25442,0.1449,1.4549,25.1818
25443,0.1449,1.4547,25.1626
25444,0.1449,1.4547,25.1626
25445,0.1449,1.4549,25.1818
25447,0.1449,1.4549,25.1818
25448,0.1449,1.4549,25.1818
25449,0.1449,1.4549,25.1818
25450,0.1449,1.4549,25.1818
25451,0.1449,1.4549,25.1818
25452,0.1449,1.4549,25.1818
25453,0.1449,1.4549,25.1818
25454,0.1449,1.4547,25.1626
25455,0.1449,1.4549,25.1818
25456,0.1449,1.4549,25.1818
25457,0.1449,1.4549,25.1818
25458,0.1449,1.4549,25.1818
25459,0.1449,1.4549,25.1818
25460,0.1449,1.4549,25.1818
25461,0.1449,1.4549,25.1818
25462,0.1449,1.4549,25.1818
25463,0.1449,1.4549,25.1818
25464,0.1449,1.4545,25.1435
25465,0.1449,1.4549,25.1818
25466,0.1449,1.4549,25.1818
25468,0.1449,1.4549,25.1818
25469,0.1449,1.4549,25.1818
25470,0.1449,1.4547,25.1626
25471,0.1449,1.4549,25.1818
25472,0.1449,1.4549,25.1818
25473,0.1449,1.4549,25.1818
25474,0.1449,1.4549,25.1818
25475,0.1449,1.4545,25.1435
25476,0.1449,1.4549,25.1818
25477,0.1449,1.4549,25.1818
25478,0.1449,1.4549,25.1818
25479,0.1449,1.4549,25.1818
25480,0.1449,1.4549,25.1818
25481,0.1449,1.4549,25.1818
25482,0.1449,1.4549,25.1818
25483,0.1449,1.4549,25.1818
25484,0.1449,1.4547,25.1626
25485,0.1449,1.4545,25.1435
25486,0.1449,1.4547,25.1626
25488,0.1449,1.4545,25.1435
25489,0.1449,1.4547,25.1626
25490,0.1449,1.4545,25.1435
25491,0.1449,1.4545,25.1435
25492,0.1449,1.4545,25.1435
25493,0.1449,1.4545,25.1435
25494,0.1449,1.4545,25.1435
25495,0.1449,1.4541,25.1051
25496,0.1449,1.4545,25.1435
25497,0.1449,1.4545,25.1435
25498,0.1449,1.4543,25.1243
25499,0.1449,1.4543,25.1243
25500,0.1449,1.4543,25.1243
25501,0.1449,1.4543,25.1243
25502,0.1449,1.4543,25.1243
25503,0.1449,1.4543,25.1243
25504,0.1449,1.4541,25.1051
25505,0.1449,1.4541,25.1051
25507,0.1449,1.4543,25.1243
25508,0.1449,1.4541,25.1051
25509,0.1449,1.4541,25.1051
25510,0.1449,1.4541,25.1051
25511,0.1449,1.4541,25.1051
25512,0.1449,1.4541,25.1051
25513,0.1449,1.4539,25.0860
25514,0.1449,1.4539,25.0860
25515,0.1449,1.4535,25.0477
25516,0.1449,1.4537,25.0668
25517,0.1448,1.4537,25.0668
25518,0.1449,1.4537,25.0668
25519,0.1449,1.4537,25.0668
25520,0.1449,1.4537,25.0668
25521,0.1449,1.4537,25.0668
25522,0.1449,1.4537,25.0668
25523,0.1449,1.4537,25.0668
25524,0.1448,1.4537,25.0668
25525,0.1448,1.4534,25.0285
25526,0.1448,1.4537,25.0668
25528,0.1448,1.4535,25.0477
25529,0.1449,1.4535,25.0477
25951,0.1425,1.4288,22.5278
25952,0.1423,1.4286,22.5088
25953,0.1425,1.4284,22.4898
25954,0.1423,1.4284,22.4898
25955,0.1423,1.4280,22.4517
25956,0.1423,1.4280,22.4517
25957,0.1423,1.4277,22.4137
25959,0.1423,1.4277,22.4137
25960,0.1423,1.4275,22.3946
25961,0.1423,1.4275,22.3946
25962,0.1423,1.4275,22.3946
25963,0.1423,1.4273,22.3756
25964,0.1423,1.4271,22.3566
25965,0.1423,1.4269,22.3376
25966,0.1423,1.4269,22.3376
25967,0.1423,1.4269,22.3376
25968,0.1423,1.4271,22.3566
25969,0.1423,1.4271,22.3566
25970,0.1423,1.4271,22.3566
25971,0.1423,1.4271,22.3566
25972,0.1423,1.4271,22.3566
25973,0.1423,1.4271,22.3566
25974,0.1423,1.4271,22.3566
25975,0.1423,1.4269,22.3376
25976,0.1423,1.4269,22.3376
25977,0.1423,1.4267,22.3185
25979,0.1421,1.4264,22.2805
25980,0.1421,1.4265,22.2995
25981,0.1421,1.4265,22.2995
25982,0.1421,1.4264,22.2805
25983,0.1421,1.4262,22.2615
25984,0.1421,1.4260,22.2425
25985,0.1421,1.4258,22.2235
25986,0.1421,1.4256,22.2044
25987,0.1421,1.4254,22.1854
25988,0.1421,1.4252,22.1664
25989,0.1421,1.4245,22.0904
25990,0.1421,1.4247,22.1094
25991,0.1419,1.4245,22.0904
25992,0.1419,1.4245,22.0904
25993,0.1419,1.4241,22.0523
25994,0.1419,1.4241,22.0523
25995,0.1419,1.4239,22.0333
25996,0.1419,1.4239,22.0333
25997,0.1419,1.4239,22.0333
25998,0.1419,1.4239,22.0333
26000,0.1419,1.4235,21.9953
26001,0.1419,1.4239,22.0333
26002,0.1419,1.4239,22.0333
26003,0.1419,1.4239,22.0333
26004,0.1419,1.4237,22.0143
26005,0.1419,1.4239,22.0333
26006,0.1419,1.4237,22.0143
26007,0.1419,1.4239,22.0333
26008,0.1419,1.4235,21.9953
26009,0.1419,1.4239,22.0333
26010,0.1419,1.4237,22.0143
26011,0.1419,1.4241,22.0523
26012,0.1419,1.4239,22.0333
26013,0.1419,1.4239,22.0333
26014,0.1419,1.4239,22.0333
26015,0.1419,1.4237,22.0143
26016,0.1419,1.4235,21.9953
26017,0.1419,1.4234,21.9763
26018,0.1419,1.4234,21.9763
26019,0.1419,1.4234,21.9763
26021,0.1419,1.4235,21.9953
26022,0.1419,1.4243,22.0714
26023,0.1419,1.4245,22.0904
26024,0.1419,1.4245,22.0904
26025,0.1419,1.4245,22.0904
26026,0.1419,1.4245,22.0904
26027,0.1419,1.4241,22.0523
26028,0.1419,1.4245,22.0904
26029,0.1419,1.4243,22.0714
26030,0.1419,1.4243,22.0714
26031,0.1419,1.4239,22.0333
26032,0.1419,1.4241,22.0523
26033,0.1419,1.4239,22.0333
26034,0.1419,1.4239,22.0333
26035,0.1419,1.4239,22.0333
26036,0.1419,1.4235,21.9953
26037,0.1419,1.4235,21.9953
26038,0.1419,1.4232,21.9573
26039,0.1419,1.4232,21.9573
26040,0.1418,1.4230,21.9383
26042,0.1419,1.4224,21.8813
26043,0.1418,1.4224,21.8813
26044,0.1418,1.4224,21.8813
26045,0.1418,1.4222,21.8623
26046,0.1418,1.4220,21.8433
26047,0.1418,1.4220,21.8433
26048,0.1418,1.4215,21.7863
26049,0.1418,1.4217,21.8053
26050,0.1418,1.4215,21.7863
26051,0.1418,1.4213,21.7673
26052,0.1416,1.4211,21.7483
26053,0.1418,1.4211,21.7483
26054,0.1416,1.4211,21.7483
26055,0.1416,1.4209,21.7293
26056,0.1416,1.4209,21.7293
26057,0.1416,1.4207,21.7104
26058,0.1416,1.4205,21.6914
26059,0.1416,1.4205,21.6914
26060,0.1416,1.4205,21.6914
26062,0.1416,1.4205,21.6914
26063,0.1416,1.4205,21.6914
26064,0.1416,1.4205,21.6914
26065,0.1416,1.4205,21.6914
26066,0.1416,1.4205,21.6914
26067,0.1416,1.4204,21.6724
26068,0.1416,1.4204,21.6724
26069,0.1416,1.4198,21.6154
26070,0.1416,1.4200,21.6344
26070,0.1416,1.4202,21.6534
26071,0.1416,1.4200,21.6344
26072,0.1416,1.4196,21.5964
26073,0.1416,1.4198,21.6154
26074,0.1416,1.4198,21.6154
26075,0.1416,1.4196,21.5964
26076,0.1416,1.4196,21.5964
26077,0.1416,1.4196,21.5964
26078,0.1416,1.4194,21.5774
26079,0.1416,1.4192,21.5584
26080,0.1416,1.4192,21.5584
26082,0.1416,1.4192,21.5584
26083,0.1416,1.4190,21.5395
26084,0.1416,1.4190,21.5395
26085,0.1414,1.4190,21.5395
26086,0.1414,1.4187,21.5015
26087,0.1414,1.4187,21.5015
26088,0.1414,1.4185,21.4825
26089,0.1414,1.4179,21.4256
26090,0.1414,1.4181,21.4446
26091,0.1414,1.4179,21.4256
26092,0.1414,1.4177,21.4066
26093,0.1414,1.4175,21.3876
26094,0.1412,1.4170,21.3307
26095,0.1414,1.4172,21.3497
26096,0.1412,1.4170,21.3307
26097,0.1412,1.4168,21.3117
26098,0.1412,1.4166,21.2928
26099,0.1412,1.4164,21.2738
26100,0.1412,1.4162,21.2548
26101,0.1412,1.4160,21.2358
26103,0.1412,1.4159,21.2169
26104,0.1412,1.4159,21.2169
26105,0.1412,1.4157,21.1979
26106,0.1412,1.4157,21.1979
26107,0.1412,1.4155,21.1789
26108,0.1412,1.4155,21.1789
26109,0.1412,1.4155,21.1789
26110,0.1410,1.4155,21.1789
26111,0.1410,1.4153,21.1600
26112,0.1410,1.4155,21.1789
26113,0.1412,1.4155,21.1789
26114,0.1412,1.4155,21.1789
26115,0.1410,1.4155,21.1789
26116,0.1412,1.4153,21.1600
26117,0.1412,1.4155,21.1789
26118,0.1412,1.4155,21.1789
26119,0.1410,1.4155,21.1789
26120,0.1412,1.4155,21.1789
26121,0.1412,1.4155,21.1789
26122,0.1412,1.4155,21.1789
26124,0.1412,1.4155,21.1789
26125,0.1412,1.4155,21.1789
26126,0.1410,1.4155,21.1789
26127,0.1412,1.4155,21.1789
26128,0.1410,1.4155,21.1789
26129,0.1410,1.4153,21.1600
26130,0.1410,1.4153,21.1600
26131,0.1410,1.4153,21.1600
26132,0.1410,1.4153,21.1600
26133,0.1412,1.4151,21.1410
26134,0.1410,1.4151,21.1410
26135,0.1412,1.4151,21.1410
26136,0.1410,1.4153,21.1600
26137,0.1410,1.4153,21.1600
26138,0.1410,1.4149,21.1220
26139,0.1410,1.4153,21.1600
26140,0.1412,1.4155,21.1789
26141,0.1412,1.4155,21.1789
26142,0.1412,1.4155,21.1789
26144,0.1412,1.4155,21.1789
26145,0.1412,1.4157,21.1979
26146,0.1412,1.4157,21.1979
26147,0.1412,1.4159,21.2169
26148,0.1412,1.4159,21.2169
26149,0.1412,1.4159,21.2169
26150,0.1412,1.4159,21.2169
26151,0.1412,1.4157,21.1979
26152,0.1412,1.4160,21.2358
26153,0.1412,1.4160,21.2358
26154,0.1412,1.4159,21.2169
26155,0.1412,1.4159,21.2169
26156,0.1412,1.4160,21.2358
26157,0.1412,1.4160,21.2358
26158,0.1412,1.4160,21.2358
26159,0.1412,1.4160,21.2358
26160,0.1412,1.4157,21.1979
26161,0.1412,1.4160,21.2358
26162,0.1412,1.4160,21.2358
26163,0.1412,1.4162,21.2548
26165,0.1412,1.4160,21.2358
26166,0.1412,1.4160,21.2358
26167,0.1412,1.4162,21.2548
26168,0.1412,1.4162,21.2548
26169,0.1412,1.4162,21.2548
26170,0.1412,1.4164,21.2738
26171,0.1412,1.4164,21.2738
26172,0.1412,1.4160,21.2358
26173,0.1412,1.4164,21.2738
26174,0.1412,1.4164,21.2738
26175,0.1412,1.4164,21.2738
26176,0.1412,1.4164,21.2738
26177,0.1412,1.4164,21.2738
26178,0.1412,1.4164,21.2738
26179,0.1412,1.4164,21.2738
26180,0.1412,1.4164,21.2738
26181,0.1412,1.4164,21.2738
26182,0.1412,1.4162,21.2548
26183,0.1412,1.4164,21.2738
26185,0.1412,1.4164,21.2738
26186,0.1412,1.4164,21.2738
26187,0.1412,1.4164,21.2738
26188,0.1412,1.4164,21.2738
26189,0.1412,1.4164,21.2738
26190,0.1412,1.4166,21.2928
26191,0.1412,1.4166,21.2928
26192,0.1412,1.4166,21.2928
26193,0.1412,1.4162,21.2548
26194,0.1412,1.4166,21.2928
26195,0.1412,1.4166,21.2928
26196,0.1412,1.4166,21.2928
26197,0.1412,1.4166,21.2928
26198,0.1412,1.4166,21.2928
26199,0.1412,1.4166,21.2928
26200,0.1412,1.4166,21.2928
26201,0.1412,1.4168,21.3117
26202,0.1412,1.4166,21.2928
26203,0.1412,1.4168,21.3117
26204,0.1412,1.4168,21.3117
26206,0.1412,1.4168,21.3117
26207,0.1414,1.4168,21.3117
26208,0.1412,1.4168,21.3117
26209,0.1412,1.4170,21.3307
26210,0.1414,1.4170,21.3307
26211,0.1412,1.4170,21.3307
26212,0.1412,1.4172,21.3497
26213,0.1412,1.4170,21.3307
26214,0.1412,1.4172,21.3497
26215,0.1414,1.4174,21.3686
26216,0.1412,1.4174,21.3686
26217,0.1414,1.4174,21.3686
26218,0.1412,1.4174,21.3686
26219,0.1414,1.4174,21.3686
26220,0.1414,1.4174,21.3686
26221,0.1414,1.4174,21.3686
26222,0.1414,1.4175,21.3876
26223,0.1414,1.4174,21.3686
26224,0.1414,1.4175,21.3876
26225,0.1414,1.4175,21.3876
26227,0.1414,1.4177,21.4066
26228,0.1414,1.4177,21.4066
26229,0.1414,1.4177,21.4066
26230,0.1414,1.4179,21.4256
26231,0.1414,1.4179,21.4256
26232,0.1414,1.4179,21.4256
26233,0.1414,1.4181,21.4446
26234,0.1414,1.4179,21.4256
26235,0.1414,1.4181,21.4446
26236,0.1414,1.4181,21.4446
26237,0.1414,1.4183,21.4635
26238,0.1414,1.4183,21.4635
26239,0.1414,1.4183,21.4635
26240,0.1414,1.4183,21.4635
26241,0.1414,1.4183,21.4635
26242,0.1414,1.4185,21.4825
26243,0.1414,1.4183,21.4635
26244,0.1414,1.4185,21.4825
26245,0.1414,1.4185,21.4825
26247,0.1414,1.4185,21.4825
26248,0.1414,1.4185,21.4825
26249,0.1414,1.4185,21.4825
26250,0.1414,1.4185,21.4825
26251,0.1414,1.4185,21.4825
26252,0.1414,1.4187,21.5015
26253,0.1414,1.4187,21.5015
26254,0.1416,1.4187,21.5015
26255,0.1414,1.4185,21.4825
26256,0.1414,1.4189,21.5205
26257,0.1416,1.4189,21.5205
26258,0.1414,1.4189,21.5205
26259,0.1416,1.4189,21.5205
26260,0.1416,1.4190,21.5395
26261,0.1416,1.4189,21.5205
26262,0.1414,1.4190,21.5395
26263,0.1416,1.4190,21.5395
26264,0.1416,1.4190,21.5395
26265,0.1414,1.4190,21.5395
26266,0.1414,1.4190,21.5395
26268,0.1416,1.4190,21.5395
26269,0.1416,1.4190,21.5395
26270,0.1414,1.4190,21.5395
26271,0.1416,1.4192,21.5584
26272,0.1416,1.4192,21.5584
26273,0.1416,1.4192,21.5584
26274,0.1416,1.4192,21.5584
26275,0.1416,1.4194,21.5774
26276,0.1416,1.4194,21.5774
26277,0.1416,1.4194,21.5774
26278,0.1416,1.4194,21.5774
26279,0.1416,1.4194,21.5774
26280,0.1416,1.4196,21.5964
26281,0.1416,1.4194,21.5774
26282,0.1416,1.4196,21.5964
26283,0.1416,1.4196,21.5964
26284,0.1416,1.4196,21.5964
26285,0.1416,1.4194,21.5774
26286,0.1416,1.4196,21.5964
26287,0.1416,1.4194,21.5774
26289,0.1416,1.4196,21.5964
26290,0.1416,1.4196,21.5964
26291,0.1416,1.4196,21.5964
26292,0.1416,1.4196,21.5964
26293,0.1416,1.4194,21.5774
26294,0.1416,1.4198,21.6154
26295,0.1416,1.4198,21.6154
26296,0.1416,1.4194,21.5774
26297,0.1416,1.4200,21.6344
26298,0.1416,1.4200,21.6344
26299,0.1416,1.4200,21.6344
26300,0.1416,1.4200,21.6344
26301,0.1416,1.4200,21.6344
26302,0.1416,1.4202,21.6534
26303,0.1416,1.4202,21.6534
26304,0.1416,1.4202,21.6534
26305,0.1416,1.4202,21.6534
26306,0.1416,1.4202,21.6534
26307,0.1416,1.4202,21.6534
26309,0.1416,1.4202,21.6534
26310,0.1416,1.4204,21.6724
26311,0.1416,1.4202,21.6534
26312,0.1416,1.4204,21.6724
26313,0.1416,1.4204,21.6724
26314,0.1416,1.4204,21.6724
26315,0.1416,1.4204,21.6724
26316,0.1416,1.4204,21.6724
26317,0.1416,1.4202,21.6534
26318,0.1416,1.4204,21.6724
26319,0.1416,1.4204,21.6724
26320,0.1416,1.4204,21.6724
26321,0.1416,1.4204,21.6724
26322,0.1416,1.4204,21.6724
26323,0.1416,1.4204,21.6724
26324,0.1416,1.4204,21.6724
26325,0.1416,1.4204,21.6724
26326,0.1416,1.4204,21.6724
26327,0.1416,1.4205,21.6914
26329,0.1416,1.4205,21.6914
26330,0.1416,1.4204,21.6724
26331,0.1416,1.4204,21.6724
26332,0.1416,1.4204,21.6724
26333,0.1416,1.4204,21.6724
26334,0.1416,1.4204,21.6724
26335,0.1416,1.4204,21.6724
26336,0.1416,1.4204,21.6724
26337,0.1416,1.4202,21.6534
26338,0.1416,1.4205,21.6914
26339,0.1416,1.4205,21.6914
26340,0.1416,1.4205,21.6914
26341,0.1416,1.4205,21.6914
26342,0.1416,1.4204,21.6724
26343,0.1416,1.4205,21.6914
26344,0.1416,1.4205,21.6914
26345,0.1418,1.4205,21.6914
26346,0.1416,1.4205,21.6914
26347,0.1416,1.4204,21.6724
26348,0.1416,1.4205,21.6914
26350,0.1416,1.4205,21.6914
26351,0.1416,1.4207,21.7104
26352,0.1416,1.4207,21.7104
26353,0.1416,1.4207,21.7104
26354,0.1416,1.4207,21.7104
26355,0.1416,1.4207,21.7104
26356,0.1416,1.4205,21.6914
26357,0.1416,1.4205,21.6914
26358,0.1416,1.4207,21.7104
26359,0.1416,1.4205,21.6914
26360,0.1416,1.4205,21.6914
26361,0.1416,1.4205,21.6914
26362,0.1416,1.4205,21.6914
26363,0.1418,1.4205,21.6914
26364,0.1416,1.4205,21.6914
26365,0.1416,1.4205,21.6914
26366,0.1416,1.4205,21.6914
26367,0.1416,1.4205,21.6914
26368,0.1416,1.4205,21.6914
26370,0.1416,1.4205,21.6914
26371,0.1416,1.4205,21.6914
26372,0.1416,1.4205,21.6914
26373,0.1416,1.4205,21.6914
26374,0.1416,1.4207,21.7104
26375,0.1416,1.4205,21.6914
26376,0.1416,1.4205,21.6914
26377,0.1416,1.4205,21.6914
26378,0.1418,1.4205,21.6914
26379,0.1416,1.4205,21.6914
26380,0.1416,1.4204,21.6724
26381,0.1416,1.4204,21.6724
26382,0.1416,1.4204,21.6724
26383,0.1416,1.4205,21.6914
26384,0.1416,1.4204,21.6724
26385,0.1416,1.4204,21.6724
26386,0.1416,1.4204,21.6724
26387,0.1416,1.4204,21.6724
26388,0.1416,1.4204,21.6724
26390,0.1416,1.4204,21.6724
26391,0.1416,1.4200,21.6344
26392,0.1416,1.4204,21.6724
26393,0.1416,1.4202,21.6534
26394,0.1416,1.4204,21.6724
26395,0.1416,1.4202,21.6534
26396,0.1416,1.4202,21.6534
26397,0.1416,1.4202,21.6534
26398,0.1416,1.4202,21.6534
26399,0.1416,1.4202,21.6534
26400,0.1416,1.4202,21.6534
26401,0.1416,1.4202,21.6534
26402,0.1416,1.4198,21.6154
26403,0.1416,1.4200,21.6344
26404,0.1416,1.4200,21.6344
26405,0.1416,1.4200,21.6344
26406,0.1416,1.4200,21.6344
26407,0.1416,1.4200,21.6344
26408,0.1416,1.4198,21.6154
26410,0.1416,1.4200,21.6344
26411,0.1416,1.4198,21.6154
26412,0.1416,1.4198,21.6154
26413,0.1416,1.4198,21.6154
26414,0.1416,1.4196,21.5964
26415,0.1416,1.4196,21.5964
26416,0.1416,1.4196,21.5964
26417,0.1416,1.4196,21.5964
26418,0.1416,1.4196,21.5964
26419,0.1416,1.4194,21.5774
26420,0.1416,1.4194,21.5774
26421,0.1416,1.4194,21.5774
26422,0.1416,1.4194,21.5774
26423,0.1416,1.4190,21.5395
26424,0.1416,1.4192,21.5584
26425,0.1416,1.4194,21.5774
26426,0.1414,1.4192,21.5584
26427,0.1416,1.4192,21.5584
26428,0.1416,1.4192,21.5584
26429,0.1416,1.4192,21.5584
26431,0.1416,1.4192,21.5584
26432,0.1416,1.4192,21.5584
26433,0.1416,1.4192,21.5584
26434,0.1416,1.4190,21.5395
26435,0.1414,1.4194,21.5774
26436,0.1416,1.4192,21.5584
26437,0.1416,1.4192,21.5584
26438,0.1416,1.4192,21.5584
26439,0.1416,1.4192,21.5584
26440,0.1416,1.4192,21.5584
26441,0.1416,1.4190,21.5395
26442,0.1414,1.4192,21.5584
26443,0.1416,1.4190,21.5395
26444,0.1414,1.4190,21.5395
26445,0.1416,1.4192,21.5584
26446,0.1416,1.4192,21.5584
26447,0.1416,1.4192,21.5584
26448,0.1416,1.4192,21.5584
26450,0.1416,1.4192,21.5584
26451,0.1414,1.4194,21.5774
26452,0.1416,1.4192,21.5584
26453,0.1416,1.4194,21.5774
26454,0.1416,1.4194,21.5774
26455,0.1416,1.4192,21.5584
26456,0.1416,1.4194,21.5774
26457,0.1416,1.4194,21.5774
26458,0.1416,1.4194,21.5774
26459,0.1416,1.4196,21.5964
26460,0.1416,1.4196,21.5964
26461,0.1416,1.4196,21.5964
26462,0.1416,1.4196,21.5964
26463,0.1416,1.4198,21.6154
26464,0.1416,1.4196,21.5964
26465,0.1416,1.4198,21.6154
26466,0.1416,1.4194,21.5774
26467,0.1416,1.4200,21.6344
26468,0.1416,1.4200,21.6344
26469,0.1416,1.4200,21.6344
26471,0.1416,1.4200,21.6344
26472,0.1416,1.4202,21.6534
26473,0.1416,1.4202,21.6534
26474,0.1416,1.4202,21.6534
26475,0.1416,1.4202,21.6534
26476,0.1416,1.4204,21.6724
26477,0.1416,1.4198,21.6154
26478,0.1416,1.4204,21.6724
26479,0.1416,1.4204,21.6724
26480,0.1416,1.4204,21.6724
26481,0.1416,1.4204,21.6724
26482,0.1416,1.4204,21.6724
26483,0.1416,1.4204,21.6724
26484,0.1416,1.4204,21.6724
26485,0.1416,1.4204,21.6724
26486,0.1416,1.4204,21.6724
26487,0.1416,1.4204,21.6724
26488,0.1416,1.4204,21.6724
26489,0.1416,1.4204,21.6724
26491,0.1416,1.4205,21.6914
26492,0.1416,1.4205,21.6914
26493,0.1416,1.4205,21.6914
26494,0.1416,1.4205,21.6914
26495,0.1416,1.4205,21.6914
26496,0.1416,1.4204,21.6724
26497,0.1416,1.4204,21.6724
26498,0.1416,1.4204,21.6724
26499,0.1416,1.4202,21.6534
26500,0.1416,1.4205,21.6914
26501,0.1416,1.4205,21.6914
26502,0.1418,1.4205,21.6914
26503,0.1416,1.4205,21.6914
26504,0.1416,1.4205,21.6914
26505,0.1416,1.4207,21.7104
26506,0.1416,1.4205,21.6914
26507,0.1416,1.4207,21.7104
26508,0.1416,1.4207,21.7104
26509,0.1416,1.4204,21.6724
26511,0.1418,1.4207,21.7104
26512,0.1416,1.4207,21.7104
26513,0.1418,1.4207,21.7104
26514,0.1416,1.4207,21.7104
26515,0.1416,1.4209,21.7293
26516,0.1418,1.4209,21.7293
26517,0.1416,1.4209,21.7293
26518,0.1416,1.4209,21.7293
26519,0.1418,1.4209,21.7293
26520,0.1416,1.4209,21.7293
26521,0.1416,1.4211,21.7483
26522,0.1418,1.4209,21.7293
26523,0.1418,1.4209,21.7293
26524,0.1416,1.4211,21.7483
26525,0.1416,1.4211,21.7483
26526,0.1416,1.4211,21.7483
26527,0.1418,1.4211,21.7483
26528,0.1418,1.4211,21.7483
26529,0.1418,1.4211,21.7483
26530,0.1416,1.4211,21.7483
26532,0.1418,1.4209,21.7293
26533,0.1418,1.4213,21.7673
26534,0.1418,1.4213,21.7673
26535,0.1418,1.4213,21.7673
26536,0.1418,1.4215,21.7863
26537,0.1418,1.4215,21.7863
26538,0.1418,1.4215,21.7863
26539,0.1418,1.4217,21.8053
26540,0.1418,1.4215,21.7863
26541,0.1418,1.4217,21.8053
26542,0.1416,1.4217,21.8053
26543,0.1418,1.4217,21.8053
26544,0.1418,1.4219,21.8243
26545,0.1418,1.4219,21.8243
26546,0.1418,1.4219,21.8243
26547,0.1418,1.4219,21.8243
26548,0.1418,1.4219,21.8243
26549,0.1418,1.4220,21.8433
26550,0.1418,1.4220,21.8433
26552,0.1418,1.4220,21.8433
26553,0.1418,1.4220,21.8433
26554,0.1418,1.4220,21.8433
26555,0.1418,1.4220,21.8433
26556,0.1418,1.4222,21.8623
26557,0.1418,1.4222,21.8623
26558,0.1418,1.4224,21.8813
26559,0.1418,1.4224,21.8813
26560,0.1418,1.4224,21.8813
26561,0.1418,1.4224,21.8813
26562,0.1418,1.4224,21.8813
26563,0.1418,1.4226,21.9003
26564,0.1418,1.4226,21.9003
26565,0.1418,1.4226,21.9003
26566,0.1419,1.4228,21.9193
26567,0.1419,1.4228,21.9193
26568,0.1418,1.4228,21.9193
26569,0.1418,1.4230,21.9383
26570,0.1419,1.4230,21.9383
26572,0.1418,1.4232,21.9573
26573,0.1419,1.4228,21.9193
26574,0.1419,1.4234,21.9763
26575,0.1419,1.4234,21.9763
26576,0.1419,1.4234,21.9763
26577,0.1419,1.4234,21.9763
26578,0.1419,1.4235,21.9953
26579,0.1419,1.4235,21.9953
26580,0.1419,1.4235,21.9953
26581,0.1419,1.4237,22.0143
26582,0.1419,1.4237,22.0143
26583,0.1419,1.4234,21.9763
26584,0.1419,1.4237,22.0143
26585,0.1419,1.4237,22.0143
26586,0.1419,1.4239,22.0333
26587,0.1419,1.4241,22.0523
26588,0.1419,1.4239,22.0333
26589,0.1419,1.4241,22.0523
26590,0.1419,1.4241,22.0523
26591,0.1419,1.4241,22.0523
26593,0.1419,1.4243,22.0714
26594,0.1419,1.4239,22.0333
26595,0.1419,1.4241,22.0523
26596,0.1419,1.4245,22.0904
26597,0.1421,1.4243,22.0714
26598,0.1419,1.4245,22.0904
26599,0.1419,1.4245,22.0904
26600,0.1421,1.4245,22.0904
26601,0.1419,1.4245,22.0904
26602,0.1419,1.4247,22.1094
26603,0.1419,1.4247,22.1094
26604,0.1419,1.4245,22.0904
26605,0.1419,1.4247,22.1094
26606,0.1421,1.4247,22.1094
26607,0.1419,1.4247,22.1094
26608,0.1421,1.4247,22.1094
26609,0.1419,1.4247,22.1094
26610,0.1421,1.4247,22.1094
26611,0.1421,1.4249,22.1284
26612,0.1421,1.4249,22.1284
26614,0.1421,1.4249,22.1284
26615,0.1419,1.4249,22.1284
26616,0.1421,1.4249,22.1284
26617,0.1419,1.4250,22.1474
26618,0.1421,1.4250,22.1474
26619,0.1421,1.4252,22.1664
26620,0.1421,1.4252,22.1664
26621,0.1421,1.4252,22.1664
26622,0.1421,1.4252,22.1664
26623,0.1421,1.4252,22.1664
26624,0.1421,1.4247,22.1094
26625,0.1421,1.4250,22.1474
26626,0.1421,1.4250,22.1474
26627,0.1421,1.4250,22.1474
26628,0.1421,1.4250,22.1474
26629,0.1421,1.4249,22.1284
26630,0.1419,1.4249,22.1284
26631,0.1419,1.4247,22.1094
26632,0.1421,1.4247,22.1094
26634,0.1419,1.4245,22.0904
26635,0.1419,1.4241,22.0523
26636,0.1419,1.4245,22.0904
26637,0.1419,1.4245,22.0904
26638,0.1419,1.4243,22.0714
26639,0.1419,1.4243,22.0714
26640,0.1419,1.4243,22.0714
26641,0.1419,1.4243,22.0714
26642,0.1419,1.4241,22.0523
26643,0.1419,1.4243,22.0714
26644,0.1419,1.4237,22.0143
26645,0.1419,1.4241,22.0523
26646,0.1419,1.4241,22.0523
26647,0.1419,1.4241,22.0523
26648,0.1419,1.4239,22.0333
26649,0.1419,1.4241,22.0523
26650,0.1419,1.4239,22.0333
26651,0.1419,1.4239,22.0333
26652,0.1419,1.4239,22.0333
26654,0.1419,1.4239,22.0333
26655,0.1419,1.4234,21.9763
26656,0.1419,1.4234,21.9763
26657,0.1419,1.4237,22.0143
26658,0.1419,1.4237,22.0143
26659,0.1419,1.4235,21.9953
26660,0.1419,1.4235,21.9953
26661,0.1419,1.4235,21.9953
26662,0.1419,1.4235,21.9953
26663,0.1419,1.4235,21.9953
26664,0.1419,1.4235,21.9953
26665,0.1419,1.4232,21.9573
26666,0.1419,1.4235,21.9953
26667,0.1418,1.4235,21.9953
26668,0.1419,1.4235,21.9953
26669,0.1419,1.4235,21.9953
26670,0.1419,1.4235,21.9953
26671,0.1419,1.4235,21.9953
26672,0.1419,1.4235,21.9953
26673,0.1419,1.4235,21.9953
26675,0.1419,1.4235,21.9953
26676,0.1419,1.4232,21.9573
26677,0.1419,1.4232,21.9573
26678,0.1419,1.4235,21.9953
26679,0.1419,1.4235,21.9953
26680,0.1419,1.4235,21.9953
26681,0.1419,1.4235,21.9953
26682,0.1419,1.4234,21.9763
26683,0.1419,1.4235,21.9953
26684,0.1419,1.4235,21.9953
26685,0.1419,1.4234,21.9763
26686,0.1419,1.4235,21.9953
26687,0.1419,1.4235,21.9953
26688,0.1419,1.4235,21.9953
26689,0.1419,1.4235,21.9953
26690,0.1419,1.4235,21.9953
26691,0.1419,1.4235,21.9953
26692,0.1419,1.4235,21.9953
26693,0.1419,1.4235,21.9953
26695,0.1419,1.4234,21.9763
26696,0.1419,1.4230,21.9383
26697,0.1419,1.4234,21.9763
26698,0.1419,1.4232,21.9573
26699,0.1419,1.4232,21.9573
26700,0.1419,1.4232,21.9573
26701,0.1419,1.4232,21.9573
26702,0.1419,1.4232,21.9573
26703,0.1419,1.4232,21.9573
26704,0.1419,1.4232,21.9573
26705,0.1419,1.4228,21.9193
26706,0.1419,1.4230,21.9383
26707,0.1419,1.4230,21.9383
26708,0.1419,1.4230,21.9383
26709,0.1419,1.4230,21.9383
26710,0.1418,1.4232,21.9573
26711,0.1418,1.4230,21.9383
26712,0.1419,1.4232,21.9573
26713,0.1419,1.4232,21.9573
26715,0.1419,1.4232,21.9573
26716,0.1419,1.4232,21.9573
26717,0.1419,1.4228,21.9193
26718,0.1419,1.4230,21.9383
26719,0.1418,1.4230,21.9383
26720,0.1418,1.4230,21.9383
26721,0.1418,1.4230,21.9383
26722,0.1418,1.4230,21.9383
26723,0.1418,1.4228,21.9193
26724,0.1418,1.4228,21.9193
26725,0.1418,1.4228,21.9193
26726,0.1418,1.4228,21.9193
26727,0.1418,1.4226,21.9003
26728,0.1418,1.4226,21.9003
26729,0.1418,1.4226,21.9003
26730,0.1418,1.4226,21.9003
26731,0.1418,1.4226,21.9003
26732,0.1418,1.4226,21.9003
26734,0.1418,1.4226,21.9003
26735,0.1418,1.4226,21.9003
26736,0.1418,1.4226,21.9003
26737,0.1418,1.4222,21.8623
26738,0.1418,1.4226,21.9003
26739,0.1418,1.4226,21.9003
26740,0.1418,1.4224,21.8813
26741,0.1418,1.4224,21.8813
26742,0.1418,1.4222,21.8623
26743,0.1418,1.4222,21.8623
26744,0.1418,1.4222,21.8623
26745,0.1418,1.4222,21.8623
26746,0.1418,1.4220,21.8433
26747,0.1418,1.4220,21.8433
26748,0.1418,1.4222,21.8623
26749,0.1418,1.4220,21.8433
26750,0.1418,1.4220,21.8433
26751,0.1418,1.4220,21.8433
26752,0.1418,1.4220,21.8433
26754,0.1418,1.4220,21.8433
26755,0.1418,1.4220,21.8433
26756,0.1418,1.4220,21.8433
26757,0.1418,1.4219,21.8243
26758,0.1418,1.4220,21.8433
26759,0.1418,1.4220,21.8433
26760,0.1418,1.4219,21.8243
26761,0.1418,1.4220,21.8433
26762,0.1418,1.4220,21.8433
26763,0.1418,1.4220,21.8433
26764,0.1418,1.4219,21.8243
26765,0.1418,1.4219,21.8243
26766,0.1418,1.4219,21.8243
26767,0.1418,1.4213,21.7673
26768,0.1418,1.4219,21.8243
26769,0.1418,1.4219,21.8243
26770,0.1418,1.4219,21.8243
26771,0.1418,1.4219,21.8243
26772,0.1418,1.4219,21.8243
26774,0.1418,1.4219,21.8243
26775,0.1418,1.4219,21.8243
26776,0.1418,1.4219,21.8243
26777,0.1418,1.4219,21.8243
26778,0.1418,1.4219,21.8243
26779,0.1418,1.4219,21.8243
26780,0.1418,1.4220,21.8433
26781,0.1418,1.4220,21.8433
26782,0.1418,1.4220,21.8433
26783,0.1418,1.4220,21.8433
26784,0.1418,1.4222,21.8623
26785,0.1418,1.4222,21.8623
26786,0.1418,1.4222,21.8623
26787,0.1418,1.4222,21.8623
26788,0.1418,1.4222,21.8623
26789,0.1418,1.4224,21.8813
26790,0.1418,1.4224,21.8813
26791,0.1418,1.4224,21.8813
26792,0.1418,1.4226,21.9003
26793,0.1418,1.4226,21.9003
26795,0.1418,1.4228,21.9193
26796,0.1419,1.4228,21.9193
26797,0.1418,1.4226,21.9003
26798,0.1418,1.4230,21.9383
26799,0.1419,1.4230,21.9383
26800,0.1418,1.4232,21.9573
26801,0.1419,1.4232,21.9573
26802,0.1419,1.4234,21.9763
26803,0.1419,1.4235,21.9953
26804,0.1419,1.4235,21.9953
26805,0.1419,1.4235,21.9953
26806,0.1419,1.4237,22.0143
26807,0.1419,1.4237,22.0143
26808,0.1419,1.4237,22.0143
26809,0.1419,1.4239,22.0333
26810,0.1419,1.4239,22.0333
26811,0.1419,1.4239,22.0333
26812,0.1419,1.4239,22.0333
26814,0.1419,1.4239,22.0333
26815,0.1419,1.4241,22.0523
26816,0.1419,1.4241,22.0523
26817,0.1419,1.4239,22.0333
26818,0.1419,1.4241,22.0523
26819,0.1419,1.4241,22.0523
26820,0.1419,1.4243,22.0714
26821,0.1419,1.4243,22.0714
26822,0.1419,1.4245,22.0904
26823,0.1419,1.4245,22.0904
26824,0.1419,1.4245,22.0904
26825,0.1421,1.4245,22.0904
26826,0.1419,1.4247,22.1094
26827,0.1419,1.4245,22.0904
26828,0.1419,1.4247,22.1094
26829,0.1421,1.4249,22.1284
26830,0.1421,1.4249,22.1284
26831,0.1421,1.4249,22.1284
26832,0.1421,1.4250,22.1474
26834,0.1421,1.4250,22.1474
26835,0.1419,1.4252,22.1664
26836,0.1421,1.4252,22.1664
26837,0.1421,1.4252,22.1664
26838,0.1419,1.4252,22.1664
26839,0.1421,1.4254,22.1854
26840,0.1421,1.4254,22.1854
26841,0.1421,1.4254,22.1854
26842,0.1421,1.4254,22.1854
26843,0.1421,1.4254,22.1854
26844,0.1421,1.4254,22.1854
26845,0.1421,1.4254,22.1854
26846,0.1421,1.4256,22.2044
26847,0.1421,1.4254,22.1854
26848,0.1421,1.4258,22.2235
26849,0.1421,1.4258,22.2235
26850,0.1421,1.4260,22.2425
26851,0.1421,1.4260,22.2425
26852,0.1421,1.4260,22.2425
26853,0.1421,1.4260,22.2425
26855,0.1421,1.4262,22.2615
26856,0.1421,1.4262,22.2615
26857,0.1421,1.4262,22.2615
26858,0.1421,1.4262,22.2615
26859,0.1421,1.4264,22.2805
26860,0.1421,1.4264,22.2805
26861,0.1421,1.4264,22.2805
26862,0.1421,1.4264,22.2805
26863,0.1421,1.4264,22.2805
26864,0.1421,1.4264,22.2805
26865,0.1421,1.4264,22.2805
26866,0.1423,1.4264,22.2805
26867,0.1421,1.4262,22.2615
26868,0.1421,1.4265,22.2995
26869,0.1423,1.4265,22.2995
26870,0.1421,1.4267,22.3185
26871,0.1423,1.4267,22.3185
26872,0.1421,1.4267,22.3185
26873,0.1421,1.4267,22.3185
26875,0.1421,1.4267,22.3185
26876,0.1421,1.4267,22.3185
26877,0.1423,1.4267,22.3185
26878,0.1423,1.4264,22.2805
26879,0.1423,1.4264,22.2805
26880,0.1421,1.4265,22.2995
26881,0.1421,1.4265,22.2995
26882,0.1421,1.4265,22.2995
26883,0.1421,1.4264,22.2805
26884,0.1421,1.4264,22.2805
26885,0.1421,1.4264,22.2805
26886,0.1421,1.4264,22.2805
26887,0.1421,1.4262,22.2615
26888,0.1421,1.4260,22.2425
26889,0.1421,1.4262,22.2615
26890,0.1421,1.4262,22.2615
26891,0.1421,1.4262,22.2615
26892,0.1421,1.4262,22.2615
26893,0.1421,1.4260,22.2425
26895,0.1421,1.4260,22.2425
26896,0.1421,1.4262,22.2615
26897,0.1421,1.4260,22.2425
26898,0.1421,1.4262,22.2615
26899,0.1421,1.4262,22.2615
26900,0.1421,1.4264,22.2805
26901,0.1421,1.4264,22.2805
26902,0.1421,1.4264,22.2805
26903,0.1421,1.4264,22.2805
26904,0.1421,1.4264,22.2805
26905,0.1421,1.4265,22.2995
26906,0.1421,1.4265,22.2995
26907,0.1421,1.4265,22.2995
26908,0.1421,1.4264,22.2805
26909,0.1421,1.4265,22.2995
26910,0.1423,1.4265,22.2995
26911,0.1421,1.4265,22.2995
26912,0.1423,1.4265,22.2995
26913,0.1421,1.4265,22.2995
26915,0.1421,1.4265,22.2995
26916,0.1421,1.4265,22.2995
26917,0.1421,1.4265,22.2995
26918,0.1421,1.4265,22.2995
26919,0.1423,1.4264,22.2805
26920,0.1421,1.4267,22.3185
26921,0.1423,1.4265,22.2995
26922,0.1423,1.4267,22.3185
26923,0.1421,1.4269,22.3376
26924,0.1423,1.4269,22.3376
26925,0.1423,1.4269,22.3376
26926,0.1423,1.4271,22.3566
26927,0.1423,1.4271,22.3566
26928,0.1423,1.4271,22.3566
26929,0.1421,1.4271,22.3566
26930,0.1423,1.4273,22.3756
26931,0.1423,1.4273,22.3756
26932,0.1423,1.4273,22.3756
26933,0.1423,1.4273,22.3756
26934,0.1423,1.4273,22.3756
26936,0.1423,1.4273,22.3756
26937,0.1423,1.4271,22.3566
26938,0.1423,1.4271,22.3566
26939,0.1423,1.4271,22.3566
26940,0.1423,1.4271,22.3566
26941,0.1423,1.4271,22.3566
26942,0.1423,1.4271,22.3566
26943,0.1423,1.4267,22.3185
26944,0.1423,1.4271,22.3566
26945,0.1423,1.4271,22.3566
26946,0.1423,1.4269,22.3376
26947,0.1423,1.4269,22.3376
26948,0.1423,1.4269,22.3376
26949,0.1423,1.4267,22.3185
26950,0.1423,1.4267,22.3185
26951,0.1423,1.4267,22.3185
26952,0.1421,1.4267,22.3185
26953,0.1421,1.4267,22.3185
26954,0.1421,1.4265,22.2995
26956,0.1421,1.4265,22.2995
26957,0.1423,1.4265,22.2995
26958,0.1421,1.4264,22.2805
26959,0.1421,1.4264,22.2805
26960,0.1421,1.4262,22.2615
26961,0.1421,1.4262,22.2615
26962,0.1421,1.4262,22.2615
26963,0.1421,1.4262,22.2615
26964,0.1421,1.4258,22.2235
26965,0.1421,1.4260,22.2425
26966,0.1421,1.4260,22.2425
26967,0.1421,1.4260,22.2425
26968,0.1421,1.4260,22.2425
26969,0.1421,1.4256,22.2044
26970,0.1421,1.4260,22.2425
26971,0.1421,1.4258,22.2235
26972,0.1421,1.4260,22.2425
26973,0.1421,1.4260,22.2425
26974,0.1421,1.4258,22.2235
26976,0.1421,1.4260,22.2425
26977,0.1421,1.4258,22.2235
26978,0.1421,1.4260,22.2425
26979,0.1421,1.4258,22.2235
26980,0.1421,1.4254,22.1854
26981,0.1421,1.4258,22.2235
26982,0.1421,1.4256,22.2044
26983,0.1421,1.4256,22.2044
26984,0.1421,1.4256,22.2044
26985,0.1421,1.4256,22.2044
26986,0.1421,1.4252,22.1664
26987,0.1421,1.4254,22.1854
26988,0.1419,1.4254,22.1854
26989,0.1421,1.4252,22.1664
26990,0.1421,1.4249,22.1284
26991,0.1421,1.4252,22.1664
26992,0.1421,1.4250,22.1474
26993,0.1421,1.4250,22.1474
26994,0.1421,1.4249,22.1284
26995,0.1421,1.4249,22.1284
26997,0.1421,1.4249,22.1284
26998,0.1421,1.4247,22.1094
26999,0.1419,1.4249,22.1284
27000,0.1421,1.4247,22.1094
27001,0.1419,1.4243,22.0714
27002,0.1419,1.4247,22.1094
27003,0.1421,1.4247,22.1094
27004,0.1421,1.4247,22.1094
27005,0.1421,1.4247,22.1094
27006,0.1421,1.4247,22.1094
27007,0.1421,1.4243,22.0714
27008,1.4243,0.1419,-86.8343
27009,0.1419,1.4245,22.0904
27010,0.1419,1.4245,22.0904
27011,0.1419,1.4245,22.0904
27012,0.1419,1.4245,22.0904
27013,0.1419,1.4245,22.0904
27014,0.1419,1.4245,22.0904
27015,0.1419,1.4245,22.0904
27016,0.1419,1.4245,22.0904
27018,0.1419,1.4245,22.0904
27019,0.1419,1.4243,22.0714
27020,0.1419,1.4245,22.0904
27021,0.1419,1.4243,22.0714
27022,0.1419,1.4243,22.0714
27023,0.1419,1.4245,22.0904
27024,0.1419,1.4245,22.0904
27025,0.1419,1.4245,22.0904
27026,0.1419,1.4243,22.0714
27027,0.1419,1.4243,22.0714
27028,0.1419,1.4245,22.0904
27029,0.1419,1.4243,22.0714
27030,0.1419,1.4243,22.0714
27031,0.1419,1.4243,22.0714
27032,0.1419,1.4243,22.0714
27033,0.1419,1.4243,22.0714
27034,0.1421,1.4243,22.0714
27035,0.1419,1.4243,22.0714
27037,0.1419,1.4243,22.0714
27038,0.1419,1.4243,22.0714
27039,0.1419,1.4243,22.0714
27040,0.1419,1.4243,22.0714
27041,0.1419,1.4241,22.0523
27042,0.1419,1.4243,22.0714
27043,0.1419,1.4243,22.0714
27044,0.1419,1.4243,22.0714
27045,0.1419,1.4243,22.0714
27046,0.1419,1.4241,22.0523
27047,0.1419,1.4239,22.0333
27048,0.1419,1.4241,22.0523
27049,0.1419,1.4241,22.0523
27050,0.1419,1.4241,22.0523
27051,0.1419,1.4241,22.0523
27052,0.1419,1.4243,22.0714
27053,0.1419,1.4243,22.0714
27054,0.1419,1.4243,22.0714
27055,0.1419,1.4243,22.0714
27057,0.1419,1.4243,22.0714
27058,0.1419,1.4243,22.0714
27059,0.1419,1.4243,22.0714
27060,0.1419,1.4243,22.0714
27061,0.1419,1.4243,22.0714
27062,0.1419,1.4243,22.0714
27063,0.1419,1.4243,22.0714
27064,0.1419,1.4241,22.0523
27065,0.1419,1.4241,22.0523
27066,0.1419,1.4241,22.0523
27067,0.1419,1.4239,22.0333
27068,0.1419,1.4239,22.0333
27069,0.1419,1.4239,22.0333
27070,0.1419,1.4239,22.0333
27071,0.1419,1.4239,22.0333
27072,0.1419,1.4235,21.9953
27073,0.1419,1.4239,22.0333
27074,0.1419,1.4239,22.0333
27075,0.1419,1.4239,22.0333
27076,0.1419,1.4239,22.0333
27078,0.1419,1.4239,22.0333
27079,0.1419,1.4239,22.0333
27080,0.1419,1.4239,22.0333
27081,0.1419,1.4239,22.0333
27082,0.1419,1.4239,22.0333
27083,0.1419,1.4235,21.9953
27084,0.1419,1.4239,22.0333
27085,0.1419,1.4239,22.0333
27086,0.1419,1.4239,22.0333
27087,0.1419,1.4239,22.0333
27088,0.1419,1.4239,22.0333
27089,0.1419,1.4241,22.0523
27090,0.1419,1.4239,22.0333
27091,0.1419,1.4239,22.0333
27092,0.1419,1.4239,22.0333
27093,0.1419,1.4239,22.0333
27094,0.1419,1.4239,22.0333
27095,0.1419,1.4239,22.0333
27096,0.1419,1.4241,22.0523
27098,0.1419,1.4239,22.0333
27099,0.1419,1.4239,22.0333
27100,0.1419,1.4239,22.0333
27101,0.1419,1.4239,22.0333
27102,0.1419,1.4239,22.0333
27103,0.1419,1.4241,22.0523
27104,0.1419,1.4239,22.0333
27105,0.1419,1.4239,22.0333
27106,0.1419,1.4239,22.0333
27107,0.1419,1.4239,22.0333
27108,0.1419,1.4237,22.0143
27109,0.1419,1.4241,22.0523
27110,0.1419,1.4241,22.0523
27111,0.1419,1.4241,22.0523
27112,0.1419,1.4241,22.0523
27113,0.1419,1.4239,22.0333
27114,0.1419,1.4241,22.0523
27115,0.1419,1.4241,22.0523
27116,0.1419,1.4241,22.0523
27118,0.1419,0.1419,-86.8343
27119,0.1419,1.4241,22.0523
27120,0.1419,1.4241,22.0523
27121,0.1419,1.4239,22.0333
27122,0.1419,1.4239,22.0333
27123,0.1419,1.4239,22.0333
27124,0.1419,1.4237,22.0143
27125,0.1419,1.4239,22.0333
27126,0.1419,1.4241,22.0523
27127,0.1419,1.4241,22.0523
27128,0.1419,1.4241,22.0523
27129,0.1419,0.1419,-86.8343
27130,0.1419,1.4241,22.0523
27131,0.1419,1.4241,22.0523
27132,0.1419,1.4243,22.0714
27133,0.1419,1.4243,22.0714
27134,0.1419,1.4239,22.0333
27135,0.1419,1.4243,22.0714
27136,0.1419,1.4243,22.0714
27137,0.1419,1.4243,22.0714
27139,0.1419,1.4243,22.0714
27140,0.1419,1.4243,22.0714
27141,0.1419,1.4243,22.0714
27142,0.1419,1.4243,22.0714
27143,0.1419,1.4243,22.0714
27144,0.1419,1.4243,22.0714
27145,0.1419,1.4239,22.0333
27146,0.1419,1.4243,22.0714
27147,0.1419,1.4243,22.0714
27148,0.1419,1.4243,22.0714
27149,0.1419,1.4243,22.0714
27150,0.1419,1.4241,22.0523
27151,0.1419,1.4241,22.0523
27152,0.1419,1.4243,22.0714
27153,0.1419,1.4241,22.0523
27154,0.1419,1.4243,22.0714
27155,0.1419,1.4243,22.0714
27156,0.1419,1.4241,22.0523
27157,0.1419,1.4243,22.0714
27158,0.1419,1.4243,22.0714
27160,0.1419,1.4243,22.0714
27161,0.1419,1.4243,22.0714
27162,0.1419,1.4243,22.0714
27163,0.1419,1.4241,22.0523
27164,0.1419,1.4241,22.0523
27165,0.1419,1.4241,22.0523
27166,0.1419,1.4241,22.0523
27167,0.1419,1.4241,22.0523
27168,0.1419,1.4241,22.0523
27169,0.1419,1.4241,22.0523
27170,0.1419,1.4237,22.0143
27171,0.1419,1.4239,22.0333
27172,0.1419,1.4239,22.0333
27173,0.1419,1.4241,22.0523
27174,0.1419,1.4241,22.0523
27175,0.1419,1.4239,22.0333
27176,0.1419,1.4243,22.0714
27177,0.1419,1.4243,22.0714
27178,0.1419,1.4243,22.0714
27180,0.1419,1.4243,22.0714
27181,0.1419,1.4241,22.0523
27182,0.1419,1.4241,22.0523
27183,0.1419,1.4241,22.0523
27184,0.1419,1.4241,22.0523
27185,0.1419,1.4241,22.0523
27186,0.1419,1.4235,21.9953
27187,0.1419,1.4239,22.0333
27188,0.1419,1.4241,22.0523
27189,0.1419,1.4241,22.0523
27190,0.1419,1.4241,22.0523
27191,0.1419,1.4239,22.0333
27192,0.1419,1.4239,22.0333
27193,0.1419,1.4239,22.0333
27194,0.1419,1.4239,22.0333
27195,0.1419,1.4239,22.0333
27196,0.1419,1.4235,21.9953
27197,0.1419,1.4239,22.0333
27198,0.1419,1.4239,22.0333
27199,0.1419,1.4239,22.0333
27201,0.1419,1.4237,22.0143
27202,0.1419,1.4237,22.0143
27203,0.1419,1.4237,22.0143
27204,0.1419,1.4237,22.0143
27205,0.1419,1.4237,22.0143
27206,0.1419,1.4235,21.9953
27207,0.1419,1.4235,21.9953
27208,0.1419,1.4235,21.9953
27209,0.1419,1.4237,22.0143
27210,0.1419,1.4235,21.9953
27211,0.1419,1.4235,21.9953
27212,0.1419,1.4237,22.0143
27213,0.1419,1.4237,22.0143
27214,0.1419,1.4237,22.0143
27215,0.1419,1.4237,22.0143
27216,0.1419,1.4235,21.9953
27217,0.1418,1.4235,21.9953
27218,0.1419,1.4235,21.9953
27219,0.1419,1.4235,21.9953
27220,0.1419,1.4235,21.9953
27222,0.1419,1.4235,21.9953
27223,0.1419,1.4237,22.0143
27224,0.1419,1.4235,21.9953
27225,0.1419,1.4237,22.0143
27226,0.1419,1.4235,21.9953
27227,0.1419,1.4235,21.9953
27228,0.1419,1.4235,21.9953
27229,0.1419,1.4235,21.9953
27230,0.1419,1.4235,21.9953
27231,0.1419,1.4235,21.9953
27232,0.1419,1.4232,21.9573
27233,0.1419,1.4235,21.9953
27234,0.1419,1.4235,21.9953
27235,0.1419,1.4235,21.9953
27236,0.1419,1.4235,21.9953
27237,0.1419,1.4234,21.9763
27238,0.1419,1.4235,21.9953
27239,0.1419,1.4234,21.9763
27240,0.1419,1.4235,21.9953
27242,0.1419,1.4235,21.9953
27243,0.1419,1.4234,21.9763
27244,0.1419,1.4234,21.9763
27245,0.1419,1.4234,21.9763
27246,0.1419,1.4234,21.9763
27247,0.1419,1.4232,21.9573
27248,0.1419,1.4230,21.9383
27249,0.1419,1.4232,21.9573
27250,0.1418,1.4232,21.9573
27251,0.1419,1.4232,21.9573
27252,0.1419,1.4228,21.9193
27253,0.1419,1.4232,21.9573
27254,0.1419,1.4232,21.9573
27255,0.1419,1.4232,21.9573
27256,0.1419,1.4230,21.9383
27257,0.1419,1.4230,21.9383
27258,0.1418,1.4230,21.9383
27259,0.1418,1.4230,21.9383
27260,0.1419,1.4230,21.9383
27261,0.1419,1.4230,21.9383
27263,0.1419,1.4230,21.9383
27264,0.1419,1.4230,21.9383
27265,0.1419,1.4230,21.9383
27266,0.1419,1.4230,21.9383
27267,0.1419,1.4230,21.9383
27268,0.1418,1.4230,21.9383
27269,0.1418,1.4230,21.9383
27270,0.1419,1.4230,21.9383
27271,0.1419,1.4230,21.9383
27272,0.1419,1.4230,21.9383
27273,0.1419,1.4226,21.9003
27274,0.1418,1.4232,21.9573
27275,0.1418,1.4232,21.9573
27276,0.1419,1.4232,21.9573
27277,0.1419,1.4232,21.9573
27278,0.1419,1.4228,21.9193
27279,0.1419,1.4232,21.9573
27280,0.1419,1.4232,21.9573
27281,0.1419,1.4232,21.9573
27283,0.1418,1.4232,21.9573
27284,0.1419,1.4232,21.9573
27285,0.1419,1.4232,21.9573
27286,0.1419,1.4234,21.9763
27287,0.1418,1.4232,21.9573
27288,0.1419,1.4232,21.9573
27289,0.1419,1.4232,21.9573
27290,0.1419,1.4232,21.9573
27291,0.1419,1.4232,21.9573
27292,0.1419,1.4232,21.9573
27293,0.1419,1.4232,21.9573
27294,0.1419,1.4230,21.9383
27295,0.1418,1.4232,21.9573
27296,0.1419,1.4234,21.9763
27297,0.1419,1.4234,21.9763
27298,0.1419,1.4234,21.9763
27299,0.1418,1.4234,21.9763
27300,0.1419,1.4234,21.9763
27301,0.1419,1.4235,21.9953
27303,0.1419,1.4234,21.9763
27304,0.1419,1.4235,21.9953
27305,0.1419,1.4235,21.9953
27306,0.1419,1.4237,22.0143
27307,0.1419,1.4237,22.0143
27308,0.1419,1.4237,22.0143
27309,0.1419,1.4234,21.9763
27310,0.1419,1.4237,22.0143
27311,0.1419,1.4237,22.0143
27312,0.1419,1.4239,22.0333
27313,0.1419,1.4239,22.0333
27314,0.1419,1.4239,22.0333
27315,0.1419,1.4239,22.0333
27316,0.1419,1.4235,21.9953
27317,0.1419,1.4239,22.0333
27318,0.1419,1.4241,22.0523
27319,0.1419,1.4239,22.0333
27320,0.1419,1.4239,22.0333
27321,0.1419,1.4241,22.0523
27323,0.1419,1.4241,22.0523
27324,0.1419,1.4241,22.0523
27325,0.1419,1.4241,22.0523
27326,0.1419,1.4241,22.0523
27327,0.1419,1.4241,22.0523
27328,0.1419,1.4241,22.0523
27329,0.1419,1.4241,22.0523
27330,0.1419,1.4241,22.0523
27331,0.1419,1.4241,22.0523
27332,0.1419,1.4241,22.0523
27333,0.1419,1.4241,22.0523
27334,0.1419,1.4241,22.0523
27335,0.1419,1.4241,22.0523
27336,0.1419,1.4241,22.0523
27337,0.1419,1.4241,22.0523
27338,0.1419,1.4241,22.0523
27339,0.1419,1.4241,22.0523
27340,0.1419,1.4241,22.0523
27341,0.1419,1.4241,22.0523
27342,0.1419,1.4243,22.0714
27344,0.1419,1.4241,22.0523
27345,0.1419,1.4243,22.0714
27346,0.1419,1.4243,22.0714
27347,0.1419,1.4243,22.0714
27348,0.1419,1.4243,22.0714
27349,0.1419,1.4243,22.0714
27350,0.1419,1.4243,22.0714
27351,0.1419,1.4245,22.0904
27352,0.1419,1.4245,22.0904
27353,0.1419,1.4245,22.0904
27354,0.1419,1.4245,22.0904
27355,0.1419,1.4245,22.0904
27356,0.1419,1.4245,22.0904
27357,0.1419,1.4245,22.0904
27358,0.1419,1.4247,22.1094
27359,0.1419,1.4247,22.1094
27360,0.1421,1.4245,22.0904
27361,0.1419,1.4243,22.0714
27362,0.1421,1.4247,22.1094
27364,0.1421,1.4247,22.1094
27365,0.1421,1.4247,22.1094
27366,0.1421,1.4247,22.1094
27367,0.1419,1.4247,22.1094
27368,0.1421,1.4247,22.1094
27369,0.1419,1.4247,22.1094
27370,0.1419,1.4247,22.1094
27371,0.1419,1.4249,22.1284
27372,0.1419,1.4249,22.1284
27373,0.1421,1.4249,22.1284
27374,0.1419,1.4249,22.1284
27375,0.1421,1.4249,22.1284
27376,0.1421,1.4249,22.1284
27377,0.1421,1.4249,22.1284
27378,0.1421,1.4249,22.1284
27379,0.1419,1.4249,22.1284
27380,0.1419,1.4250,22.1474
27381,0.1421,1.4250,22.1474
27382,0.1419,1.4247,22.1094
27383,0.1419,1.4250,22.1474
27385,0.1419,1.4250,22.1474
27386,0.1421,1.4250,22.1474
27387,0.1421,1.4249,22.1284
27388,0.1421,1.4250,22.1474
27389,0.1421,1.4249,22.1284
27391,0.1419,1.4249,22.1284
27392,0.1421,1.4249,22.1284
27393,0.1419,1.4249,22.1284
27394,0.1419,1.4249,22.1284
27395,0.1419,1.4249,22.1284
27396,0.1421,1.4249,22.1284
27397,0.1419,1.4249,22.1284
27398,0.1421,1.4249,22.1284
27399,0.1421,1.4249,22.1284
27400,0.1421,1.4249,22.1284
27401,0.1421,1.4250,22.1474
27402,0.1421,1.4250,22.1474
27403,0.1421,1.4250,22.1474
27404,0.1421,1.4250,22.1474
27405,0.1419,1.4250,22.1474
27407,0.1421,1.4250,22.1474
27408,0.1421,1.4250,22.1474
27409,0.1421,1.4252,22.1664
27410,0.1421,1.4252,22.1664
27411,0.1421,1.4252,22.1664
27412,0.1421,1.4252,22.1664
27413,0.1421,1.4252,22.1664
27414,0.1421,1.4252,22.1664
27415,0.1421,1.4252,22.1664
27416,0.1421,1.4254,22.1854
27417,0.1421,1.4254,22.1854
27418,0.1421,1.4254,22.1854
27419,0.1421,1.4254,22.1854
27420,0.1421,1.4254,22.1854
27421,0.1421,1.4254,22.1854
27422,0.1421,1.4254,22.1854
27423,0.1421,1.4254,22.1854
27424,0.1421,1.4254,22.1854
27425,0.1421,1.4254,22.1854
27427,0.1421,1.4256,22.2044
27428,0.1421,1.4256,22.2044
27429,0.1421,1.4256,22.2044
27430,0.1421,1.4256,22.2044
27431,0.1421,1.4256,22.2044
27432,0.1421,1.4256,22.2044
27433,0.1421,1.4256,22.2044
27434,0.1421,1.4256,22.2044
27435,0.1421,1.4256,22.2044
27436,0.1421,1.4254,22.1854
27437,0.1421,1.4258,22.2235
27438,0.1421,1.4258,22.2235
27439,0.1421,1.4258,22.2235
27440,0.1421,1.4256,22.2044
27441,0.1421,1.4256,22.2044
27442,0.1421,1.4258,22.2235
27443,0.1421,1.4258,22.2235
27444,0.1421,1.4258,22.2235
27445,0.1421,1.4256,22.2044
27447,0.1421,1.4258,22.2235
27448,0.1421,1.4258,22.2235
27449,0.1421,1.4260,22.2425
27450,0.1421,1.4258,22.2235
27450,0.1421,1.4260,22.2425
27451,0.1421,1.4262,22.2615
27452,0.1421,1.4262,22.2615
27453,0.1421,1.4264,22.2805
27454,0.1421,1.4264,22.2805
27455,0.1421,1.4265,22.2995
27456,0.1421,1.4265,22.2995
27457,0.1421,1.4265,22.2995
27458,0.1421,1.4267,22.3185
27459,0.1423,1.4269,22.3376
27460,0.1421,1.4269,22.3376
27461,0.1423,1.4269,22.3376
27462,0.1423,1.4271,22.3566
27463,0.1423,1.4273,22.3756
27464,0.1423,1.4273,22.3756
27465,0.1423,1.4269,22.3376
27467,0.1423,1.4273,22.3756
27468,0.1423,1.4275,22.3946
27469,0.1423,1.4275,22.3946
27470,0.1423,1.4277,22.4137
27471,0.1423,1.4277,22.4137
27472,0.1423,1.4277,22.4137
27473,0.1423,1.4279,22.4327
27474,0.1423,1.4279,22.4327
27475,0.1423,1.4279,22.4327
27476,0.1423,1.4277,22.4137
27477,0.1423,1.4280,22.4517
27478,0.1423,1.4282,22.4707
27479,0.1423,1.4282,22.4707
27480,0.1423,1.4282,22.4707
27481,0.1423,1.4282,22.4707
27482,0.1423,1.4282,22.4707
27483,0.1423,1.4282,22.4707
27484,0.1423,1.4280,22.4517
27485,0.1423,1.4280,22.4517
27487,0.1423,1.4280,22.4517
27488,0.1423,1.4280,22.4517
27489,0.1423,1.4280,22.4517
27490,0.1423,1.4280,22.4517
27491,0.1423,1.4282,22.4707
27492,0.1423,1.4282,22.4707
27493,0.1423,1.4282,22.4707
27494,0.1423,1.4284,22.4898
27495,0.1423,1.4284,22.4898
27496,0.1425,1.4286,22.5088
27497,0.1423,1.4286,22.5088
27498,0.1423,1.4286,22.5088
27499,0.1425,1.4286,22.5088
27500,0.1425,1.4288,22.5278
27501,0.1425,1.4288,22.5278
27502,0.1425,1.4288,22.5278
27503,0.1425,1.4290,22.5469
27504,0.1425,1.4290,22.5469
27505,0.1425,1.4290,22.5469
27506,0.1425,1.4290,22.5469
27508,0.1425,1.4292,22.5659
27509,0.1425,1.4294,22.5849
27510,0.1425,1.4294,22.5849
27511,0.1425,1.4294,22.5849
27512,0.1425,1.4295,22.6040
27513,0.1425,1.4295,22.6040
27514,0.1425,1.4295,22.6040
27515,0.1425,1.4295,22.6040
27516,0.1425,1.4295,22.6040
27517,0.1425,1.4294,22.5849
27518,0.1425,1.4297,22.6230
27519,0.1425,1.4297,22.6230
27520,0.1425,1.4297,22.6230
27521,0.1425,1.4297,22.6230
27522,0.1425,1.4297,22.6230
27523,0.1425,1.4299,22.6420
27524,0.1425,1.4299,22.6420
27525,0.1425,1.4299,22.6420
27526,0.1425,1.4297,22.6230
27528,0.1425,1.4297,22.6230
27529,0.1425,1.4301,22.6611
27530,0.1425,1.4301,22.6611
27531,0.1425,1.4303,22.6801
27532,0.1425,1.4303,22.6801
27533,0.1425,1.4303,22.6801
27534,0.1425,1.4303,22.6801
27535,0.1425,1.4303,22.6801
27536,0.1425,1.4303,22.6801
27537,0.1425,1.4305,22.6991
27538,0.1425,1.4301,22.6611
27539,0.1425,1.4305,22.6991
27540,0.1425,1.4305,22.6991
27541,0.1427,1.4305,22.6991
27542,0.1427,1.4305,22.6991
27543,0.1425,1.4305,22.6991
27544,0.1425,1.4305,22.6991
27545,0.1427,1.4305,22.6991
27546,0.1425,1.4303,22.6801
27548,0.1425,1.4301,22.6611
27549,0.1425,1.4305,22.6991
27550,0.1425,1.4305,22.6991
27551,0.1425,1.4305,22.6991
27552,0.1425,1.4305,22.6991
27553,0.1427,1.4305,22.6991
27554,0.1425,1.4307,22.7182
27555,0.1425,1.4305,22.6991
27556,0.1425,1.4307,22.7182
27557,0.1427,1.4305,22.6991
27558,0.1425,1.4307,22.7182
27559,0.1427,1.4307,22.7182
27560,0.1425,1.4307,22.7182
27561,0.1425,1.4307,22.7182
27562,0.1425,1.4305,22.6991
27563,0.1427,1.4307,22.7182
27564,0.1425,1.4307,22.7182
27565,0.1425,1.4307,22.7182
27566,0.1427,1.4307,22.7182
27567,0.1425,1.4303,22.6801
27569,0.1427,1.4307,22.7182
27570,0.1425,1.4303,22.6801
27571,0.1425,1.4305,22.6991
27572,0.1427,1.4307,22.7182
27573,0.1425,1.4305,22.6991
27574,0.1425,1.4305,22.6991
27575,0.1425,1.4305,22.6991
27576,0.1425,1.4305,22.6991
27577,0.1427,1.4305,22.6991
27578,0.1425,1.4303,22.6801
27579,0.1427,1.4303,22.6801
27580,0.1425,1.4299,22.6420
27581,0.1425,1.4299,22.6420
27582,0.1425,1.4303,22.6801
27583,0.1425,1.4301,22.6611
27584,0.1425,1.4301,22.6611
27585,0.1425,1.4301,22.6611
27586,0.1425,1.4301,22.6611
27587,0.1425,1.4301,22.6611
27588,0.1425,1.4299,22.6420
27590,0.1425,1.4301,22.6611
27591,0.1425,1.4299,22.6420
27592,0.1425,1.4301,22.6611
27593,0.1425,1.4301,22.6611
27594,0.1425,1.4301,22.6611
27595,0.1425,1.4301,22.6611
27596,0.1425,1.4301,22.6611
27597,0.1425,1.4299,22.6420
27598,0.1425,1.4301,22.6611
27599,0.1425,1.4299,22.6420
27600,0.1425,1.4301,22.6611
27601,0.1425,1.4297,22.6230
27602,0.1425,1.4301,22.6611
27603,0.1425,1.4301,22.6611
27604,0.1425,1.4301,22.6611
27605,0.1425,1.4301,22.6611
27606,0.1425,1.4301,22.6611
27607,0.1425,1.4301,22.6611
27608,0.1425,1.4301,22.6611
27610,0.1425,1.4299,22.6420
27611,0.1425,1.4301,22.6611
27612,0.1425,1.4301,22.6611
27613,0.1425,1.4301,22.6611
27614,0.1425,1.4301,22.6611
27615,0.1425,1.4301,22.6611
27616,0.1425,1.4301,22.6611
27617,0.1425,1.4301,22.6611
27618,0.1425,1.4303,22.6801
27619,0.1425,1.4303,22.6801
27620,0.1425,1.4303,22.6801
27621,0.1425,1.4303,22.6801
27622,0.1425,1.4303,22.6801
27623,0.1425,1.4303,22.6801
27624,0.1425,1.4303,22.6801
27625,0.1425,1.4303,22.6801
27626,0.1425,1.4303,22.6801
27627,0.1425,1.4303,22.6801
27628,0.1425,1.4303,22.6801
27629,0.1427,1.4305,22.6991
27631,0.1425,1.4301,22.6611
27632,0.1427,1.4303,22.6801
27633,0.1425,1.4305,22.6991
27634,0.1425,1.4305,22.6991
27635,0.1427,1.4305,22.6991
27636,0.1425,1.4305,22.6991
27637,0.1425,1.4305,22.6991
27638,0.1425,1.4303,22.6801
27639,0.1425,1.4303,22.6801
27640,0.1425,1.4303,22.6801
27641,0.1425,1.4303,22.6801
27642,0.1425,1.4303,22.6801
27643,0.1425,1.4301,22.6611
27644,0.1425,1.4301,22.6611
27645,0.1425,1.4301,22.6611
27646,0.1425,1.4301,22.6611
27647,0.1425,1.4301,22.6611
27648,0.1425,1.4301,22.6611
27649,0.1425,1.4301,22.6611
27650,0.1425,1.4301,22.6611
27652,0.1425,1.4301,22.6611
27653,0.1425,1.4299,22.6420
27654,0.1425,1.4299,22.6420
27655,0.1425,1.4299,22.6420
27656,0.1425,1.4299,22.6420
27657,0.1425,1.4297,22.6230
27658,0.1425,1.4295,22.6040
27659,0.1425,1.4295,22.6040
27660,0.1425,1.4295,22.6040
27661,0.1425,1.4294,22.5849
27662,0.1425,1.4294,22.5849
27663,0.1425,1.4288,22.5278
27664,0.1425,1.4292,22.5659
27665,0.1425,1.4290,22.5469
27666,0.1425,1.4288,22.5278
27667,0.1423,1.4288,22.5278
27668,0.1423,1.4286,22.5088
27669,0.1423,1.4284,22.4898
27670,0.1423,1.4282,22.4707
27672,0.1423,1.4282,22.4707
27673,0.1423,1.4279,22.4327
27674,0.1423,1.4279,22.4327
27675,0.1423,1.4277,22.4137
27676,0.1423,1.4275,22.3946
27677,0.1423,1.4273,22.3756
27678,0.1423,1.4273,22.3756
27679,0.1423,1.4271,22.3566
27680,0.1423,1.4269,22.3376
27681,0.1421,1.4267,22.3185
27682,0.1421,1.4267,22.3185
27683,0.1421,1.4262,22.2615
27684,0.1421,1.4265,22.2995
27685,0.1421,1.4265,22.2995
27686,0.1421,1.4264,22.2805
27687,0.1421,1.4262,22.2615
27688,0.1421,1.4262,22.2615
27689,0.1421,1.4260,22.2425
27690,0.1421,1.4260,22.2425
27691,0.1421,1.4258,22.2235
27693,0.1421,1.4254,22.1854
27694,0.1421,1.4252,22.1664
27695,0.1421,1.4256,22.2044
27696,0.1421,1.4256,22.2044
27697,0.1421,1.4254,22.1854
27698,0.1421,1.4254,22.1854
27699,0.1421,1.4252,22.1664
27700,0.1421,1.4252,22.1664
27701,0.1421,1.4252,22.1664
27702,0.1421,1.4250,22.1474
27703,0.1419,1.4250,22.1474
27704,0.1419,1.4247,22.1094
27705,0.1421,1.4249,22.1284
27706,0.1419,1.4249,22.1284
27707,0.1419,1.4247,22.1094
27708,0.1419,1.4247,22.1094
27709,0.1421,1.4245,22.0904
27710,0.1419,1.4245,22.0904
27711,0.1419,1.4243,22.0714
27712,0.1419,1.4243,22.0714
27714,0.1419,1.4241,22.0523
27715,0.1419,1.4239,22.0333
27716,0.1419,1.4237,22.0143
27717,0.1419,1.4235,21.9953
27718,0.1419,1.4234,21.9763
27719,0.1419,1.4232,21.9573
27720,0.1419,1.4232,21.9573
27721,0.1419,1.4230,21.9383
27722,0.1418,1.4230,21.9383
27723,0.1418,1.4230,21.9383
27724,0.1418,1.4228,21.9193
27725,0.1418,1.4226,21.9003
27726,0.1418,1.4222,21.8623
27727,0.1418,1.4224,21.8813
27728,0.1418,1.4222,21.8623
27729,0.1418,1.4222,21.8623
27730,0.1418,1.4220,21.8433
27731,0.1418,1.4220,21.8433
27732,0.1418,1.4220,21.8433
27734,0.1418,1.4220,21.8433
27735,0.1418,1.4220,21.8433
27736,0.1418,1.4217,21.8053
27737,0.1418,1.4220,21.8433
27738,0.1418,1.4220,21.8433
27739,0.1418,1.4220,21.8433
27740,0.1418,1.4222,21.8623
27741,0.1418,1.4220,21.8433
27742,0.1418,1.4220,21.8433
27743,0.1418,1.4219,21.8243
27744,0.1418,1.4219,21.8243
27745,0.1418,1.4219,21.8243
27746,0.1418,1.4219,21.8243
27747,0.1418,1.4219,21.8243
27748,0.1418,1.4215,21.7863
27749,0.1418,1.4217,21.8053
27750,0.1418,1.4217,21.8053
27751,0.1418,1.4215,21.7863
27752,0.1418,1.4215,21.7863
27754,0.1418,1.4215,21.7863
27755,0.1418,1.4213,21.7673
27756,0.1418,1.4213,21.7673
27757,0.1418,1.4213,21.7673
27758,0.1418,1.4213,21.7673
27759,0.1416,1.4207,21.7104
27760,0.1418,1.4211,21.7483
27761,0.1418,1.4211,21.7483
27762,0.1418,1.4211,21.7483
27763,0.1418,1.4211,21.7483
27764,0.1416,1.4209,21.7293
27765,0.1418,1.4209,21.7293
27766,0.1418,1.4209,21.7293
27767,0.1416,1.4209,21.7293
27768,0.1418,1.4211,21.7483
27769,0.1418,1.4209,21.7293
27770,0.1416,1.4209,21.7293
27771,0.1416,1.4209,21.7293
27772,0.1416,1.4211,21.7483
27773,0.1418,1.4211,21.7483
27775,0.1416,1.4211,21.7483
27776,0.1418,1.4213,21.7673
27777,0.1418,1.4209,21.7293
27778,0.1418,1.4213,21.7673
27779,0.1418,1.4215,21.7863
27780,0.1418,1.4215,21.7863
27781,0.1418,1.4211,21.7483
27782,0.1418,1.4217,21.8053
27783,0.1418,1.4217,21.8053
27784,0.1418,1.4219,21.8243
27785,0.1418,1.4219,21.8243
27786,0.1418,1.4220,21.8433
27787,0.1418,1.4222,21.8623
27788,0.1418,1.4222,21.8623
27789,0.1418,1.4222,21.8623
27790,0.1418,1.4224,21.8813
27791,0.1418,1.4224,21.8813
27792,0.1418,1.4224,21.8813
27793,0.1418,1.4226,21.9003
27794,0.1418,1.4226,21.9003
27796,0.1418,1.4226,21.9003
27797,0.1418,1.4226,21.9003
27798,0.1418,1.4228,21.9193
27799,0.1418,1.4228,21.9193
27800,0.1418,1.4228,21.9193
27801,0.1419,1.4230,21.9383
27802,0.1419,1.4230,21.9383
27803,0.1419,1.4230,21.9383
27804,0.1418,1.4230,21.9383
27805,0.1419,1.4230,21.9383
27806,0.1418,1.4232,21.9573
27807,0.1419,1.4232,21.9573
27808,0.1419,1.4232,21.9573
27809,0.1419,1.4234,21.9763
27810,0.1419,1.4234,21.9763
27811,0.1419,1.4234,21.9763
27812,0.1419,1.4232,21.9573
27813,0.1419,1.4235,21.9953
27814,0.1419,1.4237,22.0143
27816,0.1419,1.4237,22.0143
27817,0.1419,1.4237,22.0143
27818,0.1419,1.4235,21.9953
27819,0.1419,1.4237,22.0143
27820,0.1419,1.4239,22.0333
27821,0.1419,1.4239,22.0333
27822,0.1419,1.4239,22.0333
27823,0.1419,1.4235,21.9953
27824,0.1419,1.4239,22.0333
27825,0.1419,1.4235,21.9953
27826,0.1419,1.4241,22.0523
27827,0.1419,1.4241,22.0523
27828,0.1419,1.4241,22.0523
27829,0.1419,1.4241,22.0523
27830,0.1419,1.4241,22.0523
27831,0.1419,1.4241,22.0523
27832,0.1419,1.4241,22.0523
27833,0.1419,1.4237,22.0143
27834,0.1419,1.4241,22.0523
27836,0.1419,1.4241,22.0523
27837,0.1419,1.4243,22.0714
27838,0.1419,1.4241,22.0523
27839,0.1419,1.4239,22.0333
27840,0.1419,1.4243,22.0714
27841,0.1419,1.4243,22.0714
27842,0.1419,1.4243,22.0714
27843,0.1419,1.4243,22.0714
27844,0.1419,1.4239,22.0333
27845,0.1419,1.4245,22.0904
27846,0.1419,1.4245,22.0904
27847,0.1419,1.4245,22.0904
27848,0.1419,1.4245,22.0904
27849,0.1419,1.4245,22.0904
27850,0.1421,1.4247,22.1094
27851,0.1419,1.4247,22.1094
27852,0.1419,1.4247,22.1094
27853,0.1419,1.4247,22.1094
27854,0.1419,1.4243,22.0714
27855,0.1419,1.4247,22.1094
27857,0.1419,1.4247,22.1094
27858,0.1419,1.4247,22.1094
27859,0.1421,1.4249,22.1284
27860,0.1419,1.4245,22.0904
27861,0.1419,1.4249,22.1284
27862,0.1419,1.4249,22.1284
27863,0.1419,1.4249,22.1284
27864,0.1419,1.4249,22.1284
27865,0.1419,1.4247,22.1094
27866,0.1421,1.4250,22.1474
27867,0.1421,1.4250,22.1474
27868,0.1421,1.4250,22.1474
27869,0.1421,1.4252,22.1664
27870,0.1421,1.4252,22.1664
27871,0.1421,1.4252,22.1664
27872,0.1421,1.4252,22.1664
27873,0.1421,1.4252,22.1664
27874,0.1419,1.4254,22.1854
27875,0.1421,1.4250,22.1474
27876,0.1421,1.4254,22.1854
27878,0.1421,1.4254,22.1854
27879,0.1419,1.4254,22.1854
27880,0.1421,1.4256,22.2044
27881,0.1421,1.4252,22.1664
27882,0.1421,1.4256,22.2044
27883,0.1421,1.4256,22.2044
27884,0.1421,1.4256,22.2044
27885,0.1421,1.4256,22.2044
27886,0.1421,1.4256,22.2044
27887,0.1421,1.4258,22.2235
27888,0.1421,1.4258,22.2235
27889,0.1421,1.4258,22.2235
27890,0.1421,1.4258,22.2235
27891,0.1421,1.4256,22.2044
27892,0.1421,1.4258,22.2235
27893,0.1421,1.4260,22.2425
27894,0.1421,1.4258,22.2235
27895,0.1421,1.4256,22.2044
27896,0.1421,1.4258,22.2235
27898,0.1421,1.4258,22.2235
27899,0.1421,1.4258,22.2235
27900,0.1421,1.4258,22.2235
27901,0.1421,1.4254,22.1854
27902,0.1421,1.4258,22.2235
27903,0.1421,1.4258,22.2235
27904,0.1421,1.4256,22.2044
27905,0.1421,1.4256,22.2044
27906,0.1421,1.4252,22.1664
27907,0.1421,1.4258,22.2235
27908,0.1421,1.4258,22.2235
27909,0.1421,1.4258,22.2235
27910,0.1421,1.4258,22.2235
27911,0.1421,1.4258,22.2235
27912,0.1421,1.4258,22.2235
27913,0.1421,1.4258,22.2235
27914,0.1421,1.4258,22.2235
27915,0.1421,1.4258,22.2235
27916,0.1421,1.4256,22.2044
27917,0.1421,1.4258,22.2235
27919,0.1421,1.4258,22.2235
27920,0.1421,1.4258,22.2235
27921,0.1421,1.4258,22.2235
27922,0.1421,1.4254,22.1854
27923,0.1421,1.4258,22.2235
27924,0.1421,1.4260,22.2425
27925,0.1421,1.4258,22.2235
27926,0.1421,1.4258,22.2235
27927,0.1421,1.4256,22.2044
27928,0.1421,1.4258,22.2235
27929,0.1421,1.4258,22.2235
27930,0.1421,1.4260,22.2425
27931,0.1421,1.4260,22.2425
27932,0.1421,1.4260,22.2425
27933,0.1421,1.4258,22.2235
27934,0.1421,1.4258,22.2235
27935,0.1421,1.4258,22.2235
27936,0.1421,1.4258,22.2235
27937,0.1421,1.4254,22.1854
27938,0.1421,1.4258,22.2235
27940,0.1421,1.4260,22.2425
27941,0.1421,1.4260,22.2425
27942,0.1421,1.4258,22.2235
27943,0.1421,1.4256,22.2044
27944,0.1421,1.4260,22.2425
27945,0.1421,1.4260,22.2425
27946,0.1421,1.4260,22.2425
27947,0.1421,1.4260,22.2425
27948,0.1421,1.4260,22.2425
27949,0.1421,1.4260,22.2425
27950,0.1421,1.4262,22.2615
27951,0.1421,1.4260,22.2425
27952,0.1421,1.4260,22.2425
27953,0.1421,1.4260,22.2425
27954,0.1421,1.4262,22.2615
27955,0.1421,1.4262,22.2615
27956,0.1421,1.4262,22.2615
27957,0.1421,1.4262,22.2615
27958,0.1421,1.4262,22.2615
27960,0.1421,1.4262,22.2615
27961,0.1421,1.4262,22.2615
27962,0.1421,1.4262,22.2615
27963,0.1421,1.4262,22.2615
27964,0.1421,1.4264,22.2805
27965,0.1421,1.4264,22.2805
27966,0.1421,1.4264,22.2805
27967,0.1421,1.4264,22.2805
27968,0.1421,1.4265,22.2995
27969,0.1421,1.4265,22.2995
27970,0.1421,1.4267,22.3185
27971,0.1421,1.4267,22.3185
27972,0.1421,1.4267,22.3185
27973,0.1421,1.4267,22.3185
27974,0.1421,1.4267,22.3185
27975,0.1421,1.4267,22.3185
27976,0.1423,1.4269,22.3376
27977,0.1423,1.4271,22.3566
27978,0.1421,1.4271,22.3566
27979,0.1423,1.4271,22.3566
27981,0.1423,1.4271,22.3566
27982,0.1421,1.4271,22.3566
27983,0.1423,1.4273,22.3756
27984,0.1423,1.4269,22.3376
27985,0.1423,1.4273,22.3756
27986,0.1423,1.4273,22.3756
27987,0.1423,1.4275,22.3946
27988,0.1423,1.4275,22.3946
27989,0.1423,1.4275,22.3946
27991,0.1423,1.4275,22.3946
27992,0.1423,1.4275,22.3946
27993,0.1423,1.4277,22.4137
27994,0.1423,1.4277,22.4137
27995,0.1423,1.4277,22.4137
27996,0.1423,1.4277,22.4137
27997,0.1423,1.4279,22.4327
27998,0.1423,1.4279,22.4327
27999,0.1423,1.4277,22.4137
28000,0.1423,1.4280,22.4517
28002,0.1423,1.4280,22.4517
28003,0.1423,1.4280,22.4517
28004,0.1423,1.4282,22.4707
28005,0.1423,1.4282,22.4707
28006,0.1423,1.4282,22.4707
28007,0.1423,1.4282,22.4707
28008,0.1423,1.4282,22.4707
28009,0.1423,1.4284,22.4898
28010,0.1423,1.4282,22.4707
28011,0.1423,1.4284,22.4898
28012,0.1423,1.4284,22.4898
28013,0.1423,1.4284,22.4898
28014,0.1423,1.4284,22.4898
28015,0.1423,1.4286,22.5088
28016,0.1423,1.4286,22.5088
28017,0.1423,1.4286,22.5088
28018,0.1425,1.4288,22.5278
28019,0.1425,1.4286,22.5088
28020,0.1425,1.4288,22.5278
28022,0.1423,1.4288,22.5278
28023,0.1425,1.4288,22.5278
28024,0.1425,1.4288,22.5278
28025,0.1423,1.4286,22.5088
28026,0.1423,1.4290,22.5469
28027,0.1425,1.4290,22.5469
28028,0.1425,1.4292,22.5659
28029,0.1425,1.4292,22.5659
28030,0.1425,1.4290,22.5469
28031,0.1425,1.4292,22.5659
28032,0.1425,1.4294,22.5849
28033,0.1425,1.4294,22.5849
28034,0.1425,1.4294,22.5849
28035,0.1425,1.4295,22.6040
28036,0.1425,1.4295,22.6040
28037,0.1425,1.4295,22.6040
28038,0.1425,1.4295,22.6040
28039,0.1425,1.4297,22.6230
28040,0.1425,1.4295,22.6040
28041,0.1425,1.4299,22.6420
28043,0.1425,1.4299,22.6420
28044,0.1425,1.4299,22.6420
28045,0.1425,1.4301,22.6611
28046,0.1425,1.4299,22.6420
28047,0.1425,1.4299,22.6420
28048,0.1425,1.4299,22.6420
28049,0.1425,1.4301,22.6611
28050,0.1425,1.4299,22.6420
28050,0.1425,1.4301,22.6611
28051,0.1425,1.4303,22.6801
28052,0.1425,1.4303,22.6801
28053,0.1425,1.4303,22.6801
28054,0.1425,1.4303,22.6801
28055,0.1425,1.4303,22.6801
28056,0.1425,1.4305,22.6991
28057,0.1425,1.4305,22.6991
28058,0.1427,1.4305,22.6991
28059,0.1425,1.4305,22.6991
28060,0.1425,1.4303,22.6801
28061,0.1427,1.4305,22.6991
28063,0.1427,1.4307,22.7182
28064,0.1427,1.4307,22.7182
28065,0.1427,1.4307,22.7182
28066,0.1427,1.4307,22.7182
28067,0.1427,1.4307,22.7182
28068,0.1427,1.4309,22.7372
28069,0.1425,1.4305,22.6991
28070,0.1425,1.4309,22.7372
28071,0.1427,1.4305,22.6991
28072,0.1427,1.4309,22.7372
28073,0.1427,1.4309,22.7372
28074,0.1427,1.4310,22.7563
28075,0.1427,1.4310,22.7563
28076,0.1427,1.4310,22.7563
28077,0.1427,1.4312,22.7753
28078,0.1427,1.4312,22.7753
28079,0.1427,1.4312,22.7753
28080,0.1427,1.4312,22.7753
28081,0.1427,1.4314,22.7943
28083,0.1427,1.4314,22.7943
28084,0.1427,1.4314,22.7943
28085,0.1427,1.4314,22.7943
28086,0.1427,1.4314,22.7943
28087,0.1427,1.4314,22.7943
28088,0.1427,1.4314,22.7943
28089,0.1427,1.4310,22.7563
28090,0.1427,1.4314,22.7943
28091,0.1427,1.4310,22.7563
28092,0.1427,1.4314,22.7943
28093,0.1427,1.4314,22.7943
28094,0.1427,1.4312,22.7753
28095,0.1427,1.4312,22.7753
28096,0.1427,1.4310,22.7563
28097,0.1427,1.4310,22.7563
28098,0.1427,1.4309,22.7372
28099,0.1427,1.4307,22.7182
28100,0.1425,1.4307,22.7182
28101,0.1425,1.4301,22.6611
28102,0.1425,1.4301,22.6611
28104,0.1425,1.4301,22.6611
28105,0.1425,1.4301,22.6611
28106,0.1425,1.4297,22.6230
28107,0.1425,1.4297,22.6230
28108,0.1425,1.4295,22.6040
28109,0.1425,1.4294,22.5849
28110,0.1425,1.4294,22.5849
28111,0.1425,1.4292,22.5659
28112,0.1425,1.4286,22.5088
28113,0.1425,1.4290,22.5469
28114,0.1423,1.4290,22.5469
28115,0.1423,1.4288,22.5278
28116,0.1425,1.4286,22.5088
28117,0.1423,1.4286,22.5088
28118,0.1423,1.4286,22.5088
28119,0.1423,1.4284,22.4898
28120,0.1423,1.4284,22.4898
28121,0.1423,1.4284,22.4898
28122,0.1423,1.4280,22.4517
28123,0.1423,1.4282,22.4707
28125,0.1423,1.4282,22.4707
28126,0.1423,1.4282,22.4707
28127,0.1423,1.4282,22.4707
28128,0.1423,1.4280,22.4517
28129,0.1423,1.4280,22.4517
28130,0.1423,1.4282,22.4707
28131,0.1423,1.4282,22.4707
28132,0.1423,1.4280,22.4517
28133,0.1423,1.4280,22.4517
28134,0.1423,1.4282,22.4707
28135,0.1423,1.4282,22.4707
28136,0.1423,1.4280,22.4517
28137,0.1423,1.4282,22.4707
28138,0.1423,1.4284,22.4898
28139,0.1423,1.4284,22.4898
28140,0.1423,1.4284,22.4898
28141,0.1423,1.4284,22.4898
28142,0.1423,1.4284,22.4898
28143,0.1423,1.4284,22.4898
28145,0.1423,1.4284,22.4898
28146,0.1423,1.4284,22.4898
28147,0.1423,1.4284,22.4898
28148,0.1423,1.4284,22.4898
28149,0.1425,1.4284,22.4898
28150,0.1423,1.4284,22.4898
28151,0.1423,1.4286,22.5088
28152,0.1423,1.4286,22.5088
28153,0.1423,1.4282,22.4707
28154,0.1423,1.4286,22.5088
28155,0.1423,1.4286,22.5088
28156,0.1423,1.4284,22.4898
28157,0.1423,1.4288,22.5278
28158,0.1425,1.4290,22.5469
28159,0.1425,1.4290,22.5469
28160,0.1425,1.4290,22.5469
28161,0.1425,1.4292,22.5659
28162,0.1425,1.4292,22.5659
28163,0.1425,1.4290,22.5469
28165,0.1425,1.4294,22.5849
28166,0.1425,1.4294,22.5849
28167,0.1425,1.4295,22.6040
28168,0.1425,1.4295,22.6040
28169,0.1425,1.4295,22.6040
28170,0.1425,1.4295,22.6040
28171,0.1425,1.4295,22.6040
28172,0.1425,1.4297,22.6230
28173,0.1425,1.4297,22.6230
28174,0.1425,1.4297,22.6230
28175,0.1425,1.4297,22.6230
28176,0.1425,1.4299,22.6420
28177,0.1425,1.4299,22.6420
28178,0.1425,1.4299,22.6420
28179,0.1425,1.4301,22.6611
28180,0.1425,1.4301,22.6611
28181,0.1425,1.4301,22.6611
28182,0.1425,1.4301,22.6611
28183,0.1425,1.4303,22.6801
28184,0.1425,1.4303,22.6801
28186,0.1425,1.4303,22.6801
28187,0.1425,1.4305,22.6991
28188,0.1427,1.4305,22.6991
28189,0.1425,1.4307,22.7182
28190,0.1427,1.4307,22.7182
28191,0.1425,1.4307,22.7182
28192,0.1425,1.4307,22.7182
28193,0.1427,1.4309,22.7372
28194,0.1427,1.4309,22.7372
28195,0.1427,1.4309,22.7372
28196,0.1425,1.4309,22.7372
28197,0.1427,1.4310,22.7563
28198,0.1427,1.4310,22.7563
28199,0.1427,1.4310,22.7563
28200,0.1427,1.4310,22.7563
28201,0.1427,1.4312,22.7753
28202,0.1427,1.4312,22.7753
28203,0.1427,1.4309,22.7372
28205,0.1427,1.4312,22.7753
28206,0.1427,1.4310,22.7563
28207,0.1427,1.4312,22.7753
28208,0.1427,1.4314,22.7943
28209,0.1427,1.4314,22.7943
28210,0.1427,1.4314,22.7943
28211,0.1427,1.4312,22.7753
28212,0.1427,1.4316,22.8134
28213,0.1427,1.4316,22.8134
28214,0.1427,1.4312,22.7753
28215,0.1427,1.4318,22.8324
28216,0.1427,1.4318,22.8324
28217,0.1427,1.4318,22.8324
28218,0.1427,1.4318,22.8324
28219,0.1427,1.4320,22.8515
28220,0.1427,1.4320,22.8515
28221,0.1427,1.4320,22.8515
28222,0.1427,1.4316,22.8134
28223,0.1427,1.4320,22.8515
28224,0.1427,1.4318,22.8324
28226,0.1427,1.4320,22.8515
28227,0.1427,1.4322,22.8705
28228,0.1427,1.4324,22.8896
28229,0.1427,1.4322,22.8705
28230,0.1427,1.4324,22.8896
28231,0.1427,1.4324,22.8896
28232,0.1427,1.4322,22.8705
28233,0.1427,1.4324,22.8896
28234,0.1427,1.4324,22.8896
28235,0.1427,1.4320,22.8515
28236,0.1427,1.4324,22.8896
28237,0.1427,1.4324,22.8896
28238,0.1427,1.4324,22.8896
28239,0.1427,1.4324,22.8896
28240,0.1427,1.4325,22.9086
28241,0.1427,1.4325,22.9086
28242,0.1429,1.4325,22.9086
28243,0.1427,1.4325,22.9086
28244,0.1427,1.4325,22.9086
28245,0.1427,1.4325,22.9086
28247,0.1427,1.4325,22.9086
28248,0.1427,1.4327,22.9277
28249,0.1429,1.4327,22.9277
28250,0.1429,1.4327,22.9277
28251,0.1427,1.4327,22.9277
28252,0.1429,1.4327,22.9277
28253,0.1427,1.4329,22.9467
28254,0.1429,1.4329,22.9467
28255,0.1429,1.4327,22.9277
28256,0.1429,1.4331,22.9658
28257,0.1429,1.4333,22.9848
28258,0.1429,1.4333,22.9848
28259,0.1429,1.4333,22.9848
28260,0.1429,1.4333,22.9848
28261,0.1429,1.4333,22.9848
28262,0.1429,1.4331,22.9658
28263,0.1429,1.4333,22.9848
28264,0.1429,1.4331,22.9658
28265,0.1429,1.4329,22.9467
28267,0.1429,1.4333,22.9848
28268,0.1429,1.4333,22.9848
28269,0.1429,1.4331,22.9658
28270,0.1429,1.4333,22.9848
28271,0.1429,1.4331,22.9658
28272,0.1429,1.4331,22.9658
28273,0.1429,1.4331,22.9658
28274,0.1429,1.4331,22.9658
28275,0.1429,1.4331,22.9658
28276,0.1429,1.4331,22.9658
28277,0.1429,1.4331,22.9658
28278,0.1429,1.4331,22.9658
28279,0.1429,1.4331,22.9658
28280,0.1429,1.4331,22.9658
28281,0.1429,1.4329,22.9467
28282,0.1429,1.4329,22.9467
28283,0.1429,1.4329,22.9467
28284,0.1429,1.4329,22.9467
28285,0.1429,1.4329,22.9467
28286,0.1429,1.4329,22.9467
28288,0.1429,1.4329,22.9467
28289,0.1429,1.4329,22.9467
28290,0.1429,1.4329,22.9467
28291,0.1429,1.4329,22.9467
28292,0.1429,1.4329,22.9467
28293,0.1429,1.4327,22.9277
28294,0.1429,1.4327,22.9277
28295,0.1429,1.4327,22.9277
28296,0.1429,1.4324,22.8896
28297,0.1427,1.4327,22.9277
28298,0.1429,1.4327,22.9277
28299,0.1429,1.4325,22.9086
28300,0.1427,1.4327,22.9277
28301,0.1429,1.4325,22.9086
28302,0.1427,1.4325,22.9086
28303,0.1427,1.4325,22.9086
28304,0.1427,1.4324,22.8896
28305,0.1427,1.4324,22.8896
28306,0.1427,1.4320,22.8515
28308,0.1427,1.4322,22.8705
28309,0.1427,1.4322,22.8705
28310,0.1427,1.4322,22.8705
28311,0.1427,1.4320,22.8515
28312,0.1427,1.4320,22.8515
28313,0.1427,1.4320,22.8515
28314,0.1427,1.4316,22.8134
28315,0.1427,1.4318,22.8324
28316,0.1427,1.4316,22.8134
28317,0.1427,1.4312,22.7753
28318,0.1427,1.4316,22.8134
28319,0.1427,1.4316,22.8134
28320,0.1427,1.4316,22.8134
28321,0.1427,1.4314,22.7943
28322,0.1427,1.4314,22.7943
28323,0.1427,1.4314,22.7943
28324,0.1427,1.4312,22.7753
28325,0.1427,1.4312,22.7753
28326,0.1427,1.4310,22.7563
28327,0.1427,1.4307,22.7182
28329,0.1427,1.4310,22.7563
28330,0.1427,1.4310,22.7563
28331,0.1427,1.4310,22.7563
28332,0.1427,1.4310,22.7563
28333,0.1427,1.4310,22.7563
28334,0.1427,1.4312,22.7753
28335,0.1425,1.4312,22.7753
28336,0.1427,1.4312,22.7753
28337,0.1427,1.4312,22.7753
28338,0.1425,1.4312,22.7753
28339,0.1427,1.4312,22.7753
28340,0.1427,1.4312,22.7753
28341,0.1427,1.4312,22.7753
28342,0.1427,1.4314,22.7943
28343,0.1427,1.4314,22.7943
28344,0.1427,1.4314,22.7943
28345,0.1427,1.4316,22.8134
28346,0.1427,1.4314,22.7943
28347,0.1427,1.4316,22.8134
28349,0.1427,1.4316,22.8134
28350,0.1427,1.4314,22.7943
28351,0.1427,1.4316,22.8134
28352,0.1427,1.4316,22.8134
28353,0.1427,1.4316,22.8134
28354,0.1427,1.4316,22.8134
28355,0.1427,1.4314,22.7943
28356,0.1427,1.4318,22.8324
28357,0.1427,1.4318,22.8324
28358,0.1427,1.4316,22.8134
28359,0.1427,1.4318,22.8324
28360,0.1427,1.4318,22.8324
28361,0.1427,1.4318,22.8324
28362,0.1427,1.4316,22.8134
28363,0.1427,1.4318,22.8324
28364,0.1427,1.4316,22.8134
28365,0.1427,1.4316,22.8134
28366,0.1427,1.4318,22.8324
28367,0.1427,1.4318,22.8324
28368,0.1427,1.4314,22.7943
28370,0.1427,1.4318,22.8324
28371,0.1427,1.4320,22.8515
28372,0.1427,1.4320,22.8515
28373,0.1427,1.4320,22.8515
28374,0.1427,1.4320,22.8515
28375,0.1427,1.4320,22.8515
28376,0.1427,1.4320,22.8515
28377,0.1427,1.4320,22.8515
28378,0.1427,1.4320,22.8515
28379,0.1427,1.4320,22.8515
28380,0.1427,1.4322,22.8705
28381,0.1427,1.4320,22.8515
28382,0.1427,1.4320,22.8515
28383,0.1427,1.4320,22.8515
28384,0.1427,1.4320,22.8515
28385,0.1427,1.4322,22.8705
28386,0.1427,1.4322,22.8705
28387,0.1427,1.4322,22.8705
28388,0.1427,1.4322,22.8705
28390,0.1427,1.4322,22.8705
28391,0.1427,1.4322,22.8705
28392,0.1427,1.4322,22.8705
28393,0.1427,1.4324,22.8896
28394,0.1429,1.4324,22.8896
28395,0.1427,1.4324,22.8896
28396,0.1429,1.4324,22.8896
28397,0.1427,1.4324,22.8896
28398,0.1427,1.4324,22.8896
28399,0.1429,1.4322,22.8705
28400,0.1427,1.4324,22.8896
28401,0.1427,1.4325,22.9086
28402,0.1427,1.4324,22.8896
28403,0.1427,1.4324,22.8896
28404,0.1427,1.4324,22.8896
28405,0.1427,1.4325,22.9086
28406,0.1429,1.4325,22.9086
28407,0.1427,1.4325,22.9086
28408,0.1429,1.4325,22.9086
28409,0.1427,1.4322,22.8705
28411,0.1429,1.4325,22.9086
28412,0.1429,1.4325,22.9086
28413,0.1429,1.4325,22.9086
28414,0.1429,1.4325,22.9086
28415,0.1427,1.4327,22.9277
28416,0.1427,1.4327,22.9277
28417,0.1429,1.4327,22.9277
28418,0.1429,1.4327,22.9277
28419,0.1427,1.4327,22.9277
28420,0.1427,1.4325,22.9086
28421,0.1429,1.4327,22.9277
28422,0.1429,1.4329,22.9467
28423,0.1429,1.4331,22.9658
28424,0.1429,1.4331,22.9658
28425,0.1429,1.4331,22.9658
28426,0.1429,1.4331,22.9658
28427,0.1429,1.4333,22.9848
28428,0.1429,1.4333,22.9848
28429,0.1429,1.4333,22.9848
28431,0.1429,1.4329,22.9467
28432,0.1429,1.4333,22.9848
28433,0.1429,1.4335,23.0039
28434,0.1429,1.4335,23.0039
28435,0.1429,1.4333,22.9848
28436,0.1429,1.4333,22.9848
28437,0.1429,1.4333,22.9848
28438,0.1429,1.4333,22.9848
28439,0.1429,1.4333,22.9848
28440,0.1429,1.4333,22.9848
28441,0.1427,1.4333,22.9848
28442,0.1429,1.4333,22.9848
28443,0.1429,1.4333,22.9848
28444,0.1429,1.4333,22.9848
28445,0.1429,1.4333,22.9848
28446,0.1429,1.4333,22.9848
28447,0.1429,1.4335,23.0039
28448,0.1429,1.4335,23.0039
28449,0.1429,1.4335,23.0039
28450,0.1429,1.4337,23.0229
28452,0.1429,1.4337,23.0229
28453,0.1429,1.4337,23.0229
28454,0.1429,1.4337,23.0229
28455,0.1429,1.4339,23.0420
28456,0.1429,1.4337,23.0229
28457,0.1429,1.4337,23.0229
28458,0.1429,1.4337,23.0229
28459,0.1429,1.4337,23.0229
28460,0.1429,1.4337,23.0229
28461,0.1429,1.4337,23.0229
28462,0.1429,1.4337,23.0229
28463,0.1429,1.4335,23.0039
28464,0.1429,1.4335,23.0039
28465,0.1429,1.4335,23.0039
28466,0.1429,1.4337,23.0229
28467,0.1429,1.4335,23.0039
28468,0.1429,1.4337,23.0229
28469,0.1429,1.4335,23.0039
28470,0.1429,1.4337,23.0229
28472,0.1429,1.4337,23.0229
28473,0.1429,1.4337,23.0229
28474,0.1429,1.4335,23.0039
28475,0.1429,1.4335,23.0039
28476,0.1429,1.4335,23.0039
28477,0.1429,1.4335,23.0039
28478,0.1429,1.4335,23.0039
28479,0.1429,1.4335,23.0039
28480,0.1429,1.4331,22.9658
28481,0.1429,1.4335,23.0039
28482,0.1429,1.4335,23.0039
28483,0.1429,1.4335,23.0039
28484,0.1429,1.4335,23.0039
28485,0.1429,1.4335,23.0039
28486,0.1429,1.4335,23.0039
28487,0.1429,1.4331,22.9658
28488,0.1429,1.4335,23.0039
28489,0.1429,1.4335,23.0039
28490,0.1429,1.4335,23.0039
28491,0.1429,1.4335,23.0039
28493,0.1429,1.4335,23.0039
28494,0.1429,1.4335,23.0039
28495,0.1429,1.4335,23.0039
28496,0.1429,1.4335,23.0039
28497,0.1429,1.4335,23.0039
28498,0.1429,1.4335,23.0039
28499,0.1429,1.4335,23.0039
28500,0.1429,1.4337,23.0229
28501,0.1429,1.4331,22.9658
28502,0.1429,1.4337,23.0229
28503,0.1429,1.4337,23.0229
28504,0.1429,1.4337,23.0229
28505,0.1429,1.4337,23.0229
28506,0.1429,1.4337,23.0229
28507,0.1429,1.4337,23.0229
28508,0.1429,1.4339,23.0420
28509,0.1429,1.4339,23.0420
28510,0.1429,1.4339,23.0420
28511,0.1429,1.4339,23.0420
28512,0.1429,1.4337,23.0229
28514,0.1429,1.4339,23.0420
28515,0.1429,1.4339,23.0420
28516,0.1429,1.4339,23.0420
28517,0.1429,1.4340,23.0610
28518,0.1429,1.4339,23.0420
28519,0.1429,1.4340,23.0610
28520,0.1429,1.4340,23.0610
28521,0.1429,1.4340,23.0610
28522,0.1429,1.4337,23.0229
28523,0.1429,1.4337,23.0229
28524,0.1429,1.4340,23.0610
28525,0.1429,1.4339,23.0420
28526,0.1429,1.4339,23.0420
28527,0.1429,1.4339,23.0420
28528,0.1429,1.4339,23.0420
28529,0.1429,1.4339,23.0420
28530,0.1429,1.4339,23.0420
28531,0.1429,1.4337,23.0229
28532,0.1429,1.4335,23.0039
28533,0.1429,1.4335,23.0039
28535,0.1429,1.4339,23.0420
28536,0.1429,1.4339,23.0420
28537,0.1429,1.4339,23.0420
28538,0.1429,1.4339,23.0420
28539,0.1429,1.4337,23.0229
28540,0.1429,1.4339,23.0420
28541,0.1429,1.4339,23.0420
28542,0.1429,1.4337,23.0229
28543,0.1429,1.4337,23.0229
28544,0.1429,1.4337,23.0229
28545,0.1429,1.4337,23.0229
28546,0.1429,1.4337,23.0229
28547,0.1429,1.4337,23.0229
28548,0.1429,1.4337,23.0229
28549,0.1429,1.4337,23.0229
28550,0.1429,1.4337,23.0229
28551,0.1429,1.4337,23.0229
28552,0.1429,1.4337,23.0229
28553,0.1429,1.4337,23.0229
28555,0.1429,1.4333,22.9848
28556,0.1429,1.4335,23.0039
28557,0.1429,1.4337,23.0229
28558,0.1429,1.4337,23.0229
28559,0.1429,1.4337,23.0229
28560,0.1429,1.4337,23.0229
28561,0.1429,1.4337,23.0229
28562,0.1429,1.4337,23.0229
28563,0.1429,1.4335,23.0039
28564,0.1429,1.4337,23.0229
28565,0.1429,1.4333,22.9848
28566,0.1429,1.4337,23.0229
28567,0.1429,1.4335,23.0039
28568,0.1429,1.4335,23.0039
28569,0.1429,1.4335,23.0039
28570,0.1429,1.4335,23.0039
28571,0.1429,1.4335,23.0039
28572,0.1429,1.4335,23.0039
28573,0.1429,1.4333,22.9848
28574,0.1429,1.4333,22.9848
28576,0.1429,1.4329,22.9467
28577,0.1429,1.4333,22.9848
28578,0.1429,1.4333,22.9848
28579,0.1429,1.4331,22.9658
28580,0.1429,1.4331,22.9658
28581,0.1429,1.4331,22.9658
28582,0.1429,1.4331,22.9658
28583,0.1429,1.4331,22.9658
28584,0.1429,1.4329,22.9467
28585,0.1429,1.4331,22.9658
28586,0.1429,1.4331,22.9658
28587,0.1429,1.4331,22.9658
28588,0.1429,1.4331,22.9658
28589,0.1429,1.4331,22.9658
28591,0.1429,1.4331,22.9658
28592,0.1429,1.4331,22.9658
28593,0.1429,1.4331,22.9658
28594,0.1429,1.4331,22.9658
28595,0.1429,1.4331,22.9658
28597,0.1429,1.4331,22.9658
28598,0.1429,1.4331,22.9658
28599,0.1429,1.4329,22.9467
28600,0.1427,1.4329,22.9467
28601,0.1427,1.4329,22.9467
28602,0.1429,1.4329,22.9467
28603,0.1429,1.4329,22.9467
28604,0.1429,1.4329,22.9467
28605,0.1429,1.4329,22.9467
28606,0.1429,1.4329,22.9467
28607,0.1429,1.4327,22.9277
28608,0.1429,1.4329,22.9467
28609,0.1429,1.4329,22.9467
28610,0.1427,1.4329,22.9467
28611,0.1427,1.4329,22.9467
28612,0.1429,1.4327,22.9277
28613,0.1429,1.4329,22.9467
28614,0.1429,1.4329,22.9467
28615,0.1429,1.4329,22.9467
28617,0.1427,1.4327,22.9277
28618,0.1427,1.4327,22.9277
28619,0.1427,1.4327,22.9277
28620,0.1429,1.4327,22.9277
28621,0.1427,1.4324,22.8896
28622,0.1427,1.4325,22.9086
28623,0.1427,1.4325,22.9086
28624,0.1427,1.4324,22.8896
28625,0.1427,1.4324,22.8896
28626,0.1427,1.4324,22.8896
28627,0.1427,1.4320,22.8515
28628,0.1427,1.4322,22.8705
28629,0.1427,1.4322,22.8705
28630,0.1427,1.4322,22.8705
28631,0.1427,1.4320,22.8515
28632,0.1427,1.4320,22.8515
28633,0.1427,1.4320,22.8515
28634,0.1427,1.4320,22.8515
28635,0.1427,1.4320,22.8515
28637,0.1427,1.4316,22.8134
28638,0.1427,1.4318,22.8324
28639,0.1427,1.4318,22.8324
28640,0.1427,1.4316,22.8134
28641,0.1427,1.4316,22.8134
28642,0.1427,1.4316,22.8134
28643,0.1427,1.4316,22.8134
28644,0.1427,1.4316,22.8134
28645,0.1427,1.4314,22.7943
28646,0.1427,1.4316,22.8134
28647,1.4316,0.1427,-86.7830
28648,0.1427,1.4314,22.7943
28649,0.1427,1.4314,22.7943
28650,0.1427,1.4314,22.7943
28650,0.1427,1.4316,22.8134
28651,0.1427,1.4314,22.7943
28652,0.1427,1.4316,22.8134
28653,0.1427,1.4316,22.8134
28654,0.1427,1.4316,22.8134
28656,0.1427,1.4316,22.8134
28657,0.1427,1.4316,22.8134
28658,0.1427,1.4318,22.8324
28659,0.1427,1.4318,22.8324
28660,0.1427,1.4318,22.8324
28661,0.1427,1.4318,22.8324
28662,0.1427,1.4316,22.8134
28663,0.1427,1.4320,22.8515
28664,0.1427,1.4314,22.7943
28665,0.1427,1.4320,22.8515
28666,0.1427,1.4320,22.8515
28667,0.1427,1.4318,22.8324
28668,0.1427,1.4320,22.8515
28669,0.1427,1.4318,22.8324
28670,0.1427,1.4318,22.8324
28671,0.1427,1.4320,22.8515
28672,0.1427,1.4320,22.8515
28673,0.1427,1.4318,22.8324
28674,0.1427,1.4320,22.8515
28676,0.1427,1.4316,22.8134
28677,0.1427,1.4320,22.8515
28678,0.1427,1.4320,22.8515
28679,0.1427,1.4320,22.8515
28680,0.1427,1.4320,22.8515
28681,0.1427,1.4320,22.8515
28682,0.1427,1.4322,22.8705
28683,0.1427,1.4320,22.8515
28684,0.1427,1.4322,22.8705
28685,0.1427,1.4322,22.8705
28686,0.1427,1.4322,22.8705
28687,0.1427,1.4322,22.8705
28688,0.1427,1.4322,22.8705
28689,0.1427,1.4322,22.8705
28690,0.1427,1.4322,22.8705
28691,0.1429,1.4322,22.8705
28692,0.1427,1.4322,22.8705
28693,0.1427,1.4322,22.8705
28695,0.1427,1.4318,22.8324
28696,0.1427,1.4320,22.8515
28697,0.1427,1.4320,22.8515
28698,0.1427,1.4320,22.8515
28699,0.1427,1.4320,22.8515
28700,0.1427,1.4322,22.8705
28701,0.1427,1.4322,22.8705
28702,0.1427,1.4322,22.8705
28703,0.1427,1.4322,22.8705
28704,0.1427,1.4322,22.8705
28705,0.1427,1.4318,22.8324
28706,1.4318,0.1427,-86.7830
28707,0.1427,1.4322,22.8705
28708,0.1427,1.4322,22.8705
28709,0.1427,1.4322,22.8705
28710,0.1427,1.4324,22.8896
28711,0.1427,1.4324,22.8896
28712,0.1427,1.4324,22.8896
28713,0.1427,1.4324,22.8896
28715,0.1427,1.4324,22.8896
28716,0.1427,1.4322,22.8705
28717,0.1429,1.4324,22.8896
28718,0.1427,1.4324,22.8896
28719,0.1427,1.4324,22.8896
28720,0.1427,1.4324,22.8896
28721,0.1429,1.4324,22.8896
28722,0.1427,1.4324,22.8896
28723,0.1427,1.4324,22.8896
28724,0.1427,1.4324,22.8896
28725,0.1427,0.1427,-86.7830
28726,0.1427,1.4324,22.8896
28727,0.1427,1.4324,22.8896
28728,0.1427,1.4324,22.8896
28729,0.1427,1.4324,22.8896
28730,0.1429,1.4324,22.8896
28731,0.1427,1.4324,22.8896
28732,0.1427,1.4325,22.9086
28733,0.1427,1.4324,22.8896
28735,0.1427,1.4324,22.8896
28736,0.1427,1.4324,22.8896
28737,0.1427,1.4324,22.8896
28738,0.1427,1.4325,22.9086
28739,0.1427,1.4324,22.8896
28740,0.1427,1.4325,22.9086
28741,0.1427,1.4324,22.8896
28742,0.1427,1.4324,22.8896
28743,0.1427,1.4325,22.9086
28744,0.1427,1.4325,22.9086
28745,0.1427,1.4324,22.8896
28746,0.1427,1.4327,22.9277
28747,0.1427,1.4327,22.9277
28748,0.1429,1.4327,22.9277
28749,0.1429,1.4327,22.9277
28750,0.1429,1.4327,22.9277
28751,0.1429,1.4329,22.9467
28752,0.1427,1.4329,22.9467
28753,0.1429,1.4329,22.9467
28755,0.1427,1.4329,22.9467
28756,0.1429,1.4327,22.9277
28757,1.4327,0.1429,-86.7701
28758,0.1429,1.4329,22.9467
28759,0.1429,1.4329,22.9467
28760,0.1429,1.4331,22.9658
28761,0.1429,1.4331,22.9658
28762,0.1429,1.4331,22.9658
28763,0.1429,1.4333,22.9848
28764,0.1429,1.4333,22.9848
28765,0.1429,1.4331,22.9658
28766,0.1429,1.4335,23.0039
28767,0.1429,1.4335,23.0039
28768,0.1429,1.4335,23.0039
28769,0.1429,1.4337,23.0229
28770,0.1429,1.4337,23.0229
28771,0.1429,1.4339,23.0420
28772,0.1429,1.4339,23.0420
28773,0.1429,1.4340,23.0610
28775,0.1429,1.4340,23.0610
28776,0.1429,1.4340,23.0610
28777,0.1429,1.4342,23.0801
28778,0.1429,1.4344,23.0991
28779,0.1429,1.4344,23.0991
28780,0.1429,1.4344,23.0991
28781,0.1429,1.4344,23.0991
28782,0.1431,1.4344,23.0991
28783,0.1429,1.4346,23.1182
28784,0.1431,1.4346,23.1182
28785,0.1429,1.4346,23.1182
28786,0.1429,1.4348,23.1373
28787,0.1429,1.4348,23.1373
28788,0.1431,1.4348,23.1373
28789,0.1431,1.4350,23.1563
28790,0.1429,1.4350,23.1563
28791,0.1431,1.4350,23.1563
28792,0.1431,1.4352,23.1754
28793,0.1431,1.4350,23.1563
28795,0.1431,1.4352,23.1754
28796,0.1431,1.4346,23.1182
28797,0.1431,1.4352,23.1754
28798,0.1431,1.4354,23.1944
28799,0.1431,1.4354,23.1944
28800,0.1431,1.4354,23.1944
28801,0.1431,1.4355,23.2135
28802,0.1431,1.4355,23.2135
28803,0.1431,1.4355,23.2135
28804,0.1431,1.4355,23.2135
28805,0.1431,1.4355,23.2135
28806,0.1431,1.4354,23.1944
28807,0.1431,1.4355,23.2135
28808,0.1431,1.4355,23.2135
28809,0.1431,1.4355,23.2135
28810,0.1431,1.4355,23.2135
28811,0.1431,1.4357,23.2326
28812,0.1431,1.4355,23.2135
28813,0.1431,1.4357,23.2326
28814,0.1431,1.4357,23.2326
28816,0.1431,1.4357,23.2326
28817,0.1431,1.4357,23.2326
28818,0.1431,1.4357,23.2326
28819,0.1431,1.4357,23.2326
28820,0.1431,1.4359,23.2516
28821,0.1431,1.4359,23.2516
28822,0.1431,1.4359,23.2516
28823,0.1431,1.4359,23.2516
28824,0.1431,1.4359,23.2516
28825,0.1431,1.4357,23.2326
28826,0.1431,1.4359,23.2516
28827,0.1431,1.4359,23.2516
28828,0.1431,1.4359,23.2516
28829,0.1431,1.4359,23.2516
28830,0.1431,1.4359,23.2516
28831,0.1431,1.4359,23.2516
28832,0.1431,1.4359,23.2516
28833,0.1431,1.4355,23.2135
28835,0.1431,1.4359,23.2516
28836,0.1431,1.4355,23.2135
28837,0.1431,1.4359,23.2516
28838,0.1431,1.4359,23.2516
28839,0.1431,1.4359,23.2516
28840,0.1431,1.4359,23.2516
28841,0.1431,1.4359,23.2516
28842,0.1431,1.4359,23.2516
28843,0.1431,1.4359,23.2516
28844,0.1431,1.4359,23.2516
28845,0.1431,1.4359,23.2516
28846,0.1431,1.4359,23.2516
28847,0.1431,1.4361,23.2707
28848,0.1431,1.4361,23.2707
28849,0.1431,1.4361,23.2707
28850,0.1431,1.4363,23.2898
28851,0.1433,1.4361,23.2707
28852,0.1431,1.4361,23.2707
28853,0.1431,1.4361,23.2707
28854,0.1431,1.4363,23.2898
28856,0.1433,1.4363,23.2898
28857,0.1431,1.4363,23.2898
28858,0.1431,1.4363,23.2898
28859,0.1431,1.4363,23.2898
28860,0.1431,1.4363,23.2898
28861,0.1431,1.4363,23.2898
28862,0.1431,1.4363,23.2898
28863,0.1431,1.4363,23.2898
28864,0.1433,1.4361,23.2707
28865,0.1431,1.4361,23.2707
28866,0.1431,1.4359,23.2516
28867,0.1431,1.4361,23.2707
28868,0.1431,1.4363,23.2898
28869,0.1431,1.4363,23.2898
28870,0.1431,1.4363,23.2898
28871,0.1431,1.4361,23.2707
28872,0.1431,1.4363,23.2898
28873,0.1431,1.4363,23.2898
28874,0.1431,1.4361,23.2707
28876,0.1431,1.4361,23.2707
28877,0.1431,1.4361,23.2707
28878,0.1431,1.4363,23.2898
28879,0.1431,1.4363,23.2898
28880,0.1431,1.4363,23.2898
28881,0.1431,1.4363,23.2898
28882,0.1431,1.4363,23.2898
28883,0.1431,1.4363,23.2898
28884,0.1431,1.4363,23.2898
28885,0.1431,1.4365,23.3088
28886,0.1433,1.4365,23.3088
28887,0.1433,1.4361,23.2707
28888,0.1431,1.4365,23.3088
28889,0.1431,1.4365,23.3088
28890,0.1433,1.4365,23.3088
28891,0.1431,1.4367,23.3279
28892,0.1431,1.4367,23.3279
28893,0.1431,1.4367,23.3279
28894,0.1431,1.4367,23.3279
28895,0.1433,1.4367,23.3279
28897,0.1433,1.4367,23.3279
28898,0.1431,1.4365,23.3088
28899,0.1433,1.4367,23.3279
28900,0.1431,1.4367,23.3279
28901,0.1433,1.4367,23.3279
28902,0.1433,1.4367,23.3279
28903,0.1433,1.4367,23.3279
28904,0.1433,1.4367,23.3279
28905,0.1433,1.4367,23.3279
28906,0.1433,1.4367,23.3279
28907,0.1433,1.4367,23.3279
28908,1.4367,0.1431,-86.7573
28909,0.1433,1.4367,23.3279
28910,0.1433,1.4369,23.3470
28911,0.1433,1.4367,23.3279
28912,0.1433,1.4367,23.3279
28913,0.1433,1.4367,23.3279
28914,0.1431,1.4367,23.3279
28915,0.1433,1.4367,23.3279
28917,0.1431,1.4365,23.3088
28918,0.1431,1.4363,23.2898
28919,0.1433,1.4365,23.3088
28920,0.1431,1.4363,23.2898
28921,0.1431,1.4363,23.2898
28922,0.1433,1.4363,23.2898
28923,0.1431,1.4363,23.2898
28924,0.1431,1.4363,23.2898
28925,0.1431,1.4363,23.2898
28926,0.1431,1.4361,23.2707
28927,0.1431,1.4361,23.2707
28928,0.1431,1.4361,23.2707
28929,0.1431,1.4361,23.2707
28930,0.1431,1.4361,23.2707
28931,0.1431,1.4361,23.2707
28932,0.1431,1.4361,23.2707
28933,0.1431,1.4361,23.2707
28934,0.1431,1.4359,23.2516
28935,0.1431,1.4359,23.2516
28937,0.1431,1.4359,23.2516
28938,0.1431,1.4357,23.2326
28939,0.1431,1.4355,23.2135
28940,0.1431,1.4355,23.2135
28941,0.1431,1.4355,23.2135
28942,0.1431,1.4355,23.2135
28943,0.1431,1.4354,23.1944
28944,0.1431,1.4354,23.1944
28945,0.1431,1.4354,23.1944
28946,0.1431,1.4352,23.1754
28947,0.1431,1.4352,23.1754
28948,0.1431,1.4350,23.1563
28949,0.1431,1.4352,23.1754
28950,0.1431,1.4352,23.1754
28951,0.1431,1.4352,23.1754
28952,0.1431,1.4352,23.1754
28953,0.1431,1.4352,23.1754
28954,0.1431,1.4352,23.1754
28956,0.1431,1.4352,23.1754
28957,0.1431,1.4350,23.1563
28958,0.1431,1.4348,23.1373
28959,0.1431,1.4352,23.1754
28960,0.1431,1.4352,23.1754
28961,0.1431,1.4352,23.1754
28962,0.1431,1.4352,23.1754
28963,0.1431,1.4352,23.1754
28964,0.1431,1.4350,23.1563
28965,0.1431,1.4346,23.1182
28966,0.1429,1.4350,23.1563
28967,0.1431,1.4348,23.1373
28968,0.1429,1.4344,23.0991
28969,0.1431,1.4348,23.1373
28970,0.1431,1.4348,23.1373
28971,0.1431,1.4348,23.1373
28972,0.1429,1.4346,23.1182
28973,0.1429,1.4346,23.1182
28974,0.1429,1.4346,23.1182
28975,0.1431,1.4346,23.1182
28977,0.1429,1.4346,23.1182
28978,0.1431,1.4346,23.1182
28979,0.1429,1.4346,23.1182
28980,0.1429,1.4344,23.0991
28981,0.1429,1.4344,23.0991
28982,0.1429,1.4344,23.0991
28983,0.1429,1.4342,23.0801
28984,0.1429,1.4340,23.0610
28985,0.1429,1.4340,23.0610
28986,0.1429,1.4339,23.0420
28987,0.1429,1.4339,23.0420
28988,0.1429,1.4339,23.0420
28989,0.1429,1.4339,23.0420
28990,0.1429,1.4337,23.0229
28991,0.1429,1.4337,23.0229
28992,0.1429,1.4337,23.0229
28993,0.1429,1.4337,23.0229
28994,0.1429,1.4337,23.0229
28995,0.1429,1.4337,23.0229
28996,0.1429,1.4337,23.0229
28998,0.1429,1.4337,23.0229
28999,0.1429,1.4335,23.0039
29000,0.1429,1.4335,23.0039
29001,0.1429,1.4337,23.0229
29002,0.1429,1.4335,23.0039
29003,0.1429,1.4335,23.0039
29004,0.1429,1.4335,23.0039
29005,0.1429,1.4335,23.0039
29006,0.1429,1.4335,23.0039
29007,0.1429,1.4335,23.0039
29008,0.1429,1.4333,22.9848
29010,0.1429,1.4333,22.9848
29011,0.1429,1.4335,23.0039
29012,0.1429,1.4333,22.9848
29013,0.1429,1.4333,22.9848
29014,0.1429,1.4333,22.9848
29015,0.1429,1.4335,23.0039
29016,0.1429,1.4335,23.0039
29018,0.1429,1.4335,23.0039
29019,0.1429,1.4335,23.0039
29020,0.1429,1.4335,23.0039
29021,0.1429,1.4333,22.9848
29022,0.1429,1.4337,23.0229
29023,0.1429,1.4337,23.0229
29024,0.1429,1.4337,23.0229
29025,0.1429,1.4337,23.0229
29026,0.1429,1.4339,23.0420
29027,0.1429,1.4339,23.0420
29028,0.1429,1.4337,23.0229
29029,0.1429,1.4339,23.0420
29030,0.1429,1.4339,23.0420
29031,0.1429,1.4340,23.0610
29032,0.1429,1.4337,23.0229
29033,0.1429,1.4340,23.0610
29034,0.1429,1.4340,23.0610
29035,0.1429,1.4342,23.0801
29036,0.1429,1.4342,23.0801
29037,0.1429,1.4342,23.0801
29039,0.1429,1.4342,23.0801
29040,0.1429,1.4342,23.0801
29041,0.1429,1.4342,23.0801
29042,0.1429,1.4344,23.0991
29043,0.1429,1.4344,23.0991
29044,0.1429,1.4344,23.0991
29045,0.1429,1.4344,23.0991
29046,0.1429,1.4346,23.1182
29047,0.1431,1.4346,23.1182
29048,0.1429,1.4346,23.1182
29049,0.1429,1.4344,23.0991
29050,0.1429,1.4344,23.0991
29051,0.1429,1.4346,23.1182
29052,0.1431,1.4344,23.0991
29053,0.1431,1.4344,23.0991
29054,0.1429,1.4344,23.0991
29055,0.1429,1.4344,23.0991
29056,0.1431,1.4344,23.0991
29057,0.1429,1.4344,23.0991
29058,0.1429,1.4344,23.0991
29060,0.1429,1.4346,23.1182
29061,0.1429,1.4346,23.1182
29062,0.1429,1.4346,23.1182
29063,0.1431,1.4346,23.1182
29064,0.1429,1.4346,23.1182
29065,0.1429,1.4346,23.1182
29066,0.1431,1.4348,23.1373
29067,0.1431,1.4348,23.1373
29068,0.1431,1.4350,23.1563
29069,0.1431,1.4348,23.1373
29070,0.1431,1.4350,23.1563
29071,0.1431,1.4350,23.1563
29072,0.1431,1.4350,23.1563
29073,0.1431,1.4352,23.1754
29074,0.1431,1.4352,23.1754
29075,0.1431,1.4354,23.1944
29076,0.1431,1.4354,23.1944
29077,0.1431,1.4354,23.1944
29078,0.1431,1.4354,23.1944
29080,0.1431,1.4355,23.2135
29081,0.1431,1.4355,23.2135
29082,0.1431,1.4355,23.2135
29083,0.1431,1.4357,23.2326
29084,0.1431,1.4357,23.2326
29085,0.1431,1.4357,23.2326
29086,0.1431,1.4357,23.2326
29087,0.1431,1.4359,23.2516
29088,0.1431,1.4359,23.2516
29089,0.1431,1.4361,23.2707
29090,0.1431,1.4361,23.2707
29091,0.1431,1.4361,23.2707
29092,0.1431,1.4361,23.2707
29093,0.1431,1.4361,23.2707
29094,0.1431,1.4361,23.2707
29095,0.1431,1.4361,23.2707
29096,0.1431,1.4363,23.2898
29097,0.1431,1.4361,23.2707
29098,0.1431,1.4363,23.2898
29100,0.1433,1.4363,23.2898
29101,0.1433,1.4363,23.2898
29102,0.1433,1.4365,23.3088
29103,0.1431,1.4365,23.3088
29104,0.1433,1.4367,23.3279
29105,0.1433,1.4367,23.3279
29106,0.1433,1.4367,23.3279
29107,0.1433,1.4369,23.3470
29108,0.1433,1.4369,23.3470
29109,0.1433,1.4369,23.3470
29110,0.1433,1.4370,23.3660
29111,0.1433,1.4370,23.3660
29112,0.1433,1.4370,23.3660
29113,0.1433,1.4374,23.4042
29114,0.1433,1.4374,23.4042
29115,0.1433,1.4374,23.4042
29116,0.1433,1.4374,23.4042
29117,0.1433,1.4374,23.4042
29118,0.1433,1.4376,23.4232
29120,0.1433,1.4378,23.4423
29121,0.1433,1.4376,23.4232
29122,0.1433,1.4378,23.4423
29123,0.1433,1.4378,23.4423
29124,0.1433,1.4378,23.4423
29125,0.1433,1.4378,23.4423
29126,0.1433,1.4380,23.4614
29127,0.1433,1.4380,23.4614
29128,0.1433,1.4380,23.4614
29129,0.1433,1.4378,23.4423
29131,0.1434,1.4382,23.4805
29132,0.1433,1.4382,23.4805
29133,0.1433,1.4382,23.4805
29134,0.1433,1.4382,23.4805
29135,0.1434,1.4384,23.4995
29136,0.1433,1.4384,23.4995
29137,0.1433,1.4384,23.4995
29138,0.1434,1.4384,23.4995
29139,0.1434,1.4384,23.4995
29141,0.1434,1.4382,23.4805
29142,0.1434,1.4382,23.4805
29143,0.1434,1.4387,23.5377
29144,0.1434,1.4387,23.5377
29145,0.1434,1.4387,23.5377
29146,0.1434,1.4387,23.5377
29147,0.1434,1.4387,23.5377
29148,0.1434,1.4387,23.5377
29149,0.1434,1.4387,23.5377
29150,0.1434,1.4387,23.5377
29151,0.1434,1.4389,23.5568
29152,0.1434,1.4389,23.5568
29153,0.1434,1.4389,23.5568
29154,0.1434,1.4389,23.5568
29155,0.1434,1.4391,23.5759
29156,0.1434,1.4391,23.5759
29157,0.1434,1.4391,23.5759
29158,0.1434,1.4393,23.5949
29159,0.1434,1.4391,23.5759
29160,0.1434,1.4389,23.5568
29162,0.1434,1.4393,23.5949
29163,0.1434,1.4393,23.5949
29164,0.1434,1.4395,23.6140
29165,0.1434,1.4393,23.5949
29166,0.1434,1.4393,23.5949
29167,0.1434,1.4395,23.6140
29168,0.1434,1.4395,23.6140
29169,0.1434,1.4395,23.6140
29170,0.1434,1.4395,23.6140
29171,0.1434,1.4393,23.5949
29172,0.1434,1.4395,23.6140
29173,0.1434,1.4395,23.6140
29174,0.1434,1.4395,23.6140
29175,0.1434,1.4397,23.6331
29176,0.1434,1.4395,23.6140
29177,0.1434,1.4395,23.6140
29178,0.1434,1.4395,23.6140
29179,0.1434,1.4397,23.6331
29180,0.1434,1.4397,23.6331
29182,0.1434,1.4393,23.5949
29183,0.1434,1.4395,23.6140
29184,0.1434,1.4395,23.6140
29185,0.1434,1.4395,23.6140
29186,0.1434,1.4395,23.6140
29187,0.1434,1.4395,23.6140
29188,0.1434,1.4395,23.6140
29189,0.1434,1.4395,23.6140
29190,0.1434,1.4395,23.6140
29191,0.1434,1.4395,23.6140
29192,0.1434,1.4391,23.5759
29193,0.1434,1.4395,23.6140
29194,0.1434,1.4393,23.5949
29195,0.1434,1.4395,23.6140
29196,0.1434,1.4393,23.5949
29197,0.1434,1.4393,23.5949
29198,0.1434,1.4393,23.5949
29199,0.1434,1.4393,23.5949
29200,0.1434,1.4393,23.5949
29201,0.1434,1.4391,23.5759
29203,0.1434,1.4389,23.5568
29204,0.1434,1.4393,23.5949
29205,0.1434,1.4393,23.5949
29206,0.1434,1.4393,23.5949
29207,0.1434,1.4393,23.5949
29208,0.1434,1.4393,23.5949
29209,0.1434,1.4393,23.5949
29210,0.1434,1.4393,23.5949
29211,0.1434,1.4393,23.5949
29212,0.1434,1.4393,23.5949
29213,0.1434,1.4393,23.5949
29214,0.1434,1.4393,23.5949
29215,0.1434,1.4393,23.5949
29216,0.1434,1.4393,23.5949
29217,0.1434,1.4393,23.5949
29218,0.1434,1.4391,23.5759
29219,0.1434,1.4393,23.5949
29220,0.1434,1.4391,23.5759
29221,0.1434,1.4393,23.5949
29222,0.1434,1.4391,23.5759
29224,0.1434,1.4391,23.5759
29225,0.1434,1.4391,23.5759
29226,0.1434,1.4389,23.5568
29227,0.1434,1.4389,23.5568
29228,0.1434,1.4389,23.5568
29229,0.1434,1.4389,23.5568
29230,0.1434,1.4389,23.5568
29231,0.1434,1.4389,23.5568
29232,0.1434,1.4389,23.5568
29233,0.1434,1.4387,23.5377
29234,0.1434,1.4389,23.5568
29235,0.1434,1.4389,23.5568
29236,0.1434,1.4389,23.5568
29237,0.1434,1.4389,23.5568
29238,0.1434,1.4389,23.5568
29239,0.1434,1.4389,23.5568
29240,0.1434,1.4391,23.5759
29241,0.1434,1.4391,23.5759
29242,0.1434,1.4389,23.5568
29244,0.1434,1.4389,23.5568
29245,0.1434,1.4393,23.5949
29246,0.1434,1.4391,23.5759
29247,0.1434,1.4391,23.5759
29248,0.1434,1.4393,23.5949
29249,0.1434,1.4391,23.5759
29250,0.1434,1.4391,23.5759
29251,0.1434,1.4393,23.5949
29252,0.1434,1.4393,23.5949
29253,0.1433,1.4391,23.5759
29254,0.1434,1.4389,23.5568
29255,0.1434,1.4393,23.5949
29256,0.1434,1.4393,23.5949
29257,0.1434,1.4391,23.5759
29258,0.1434,1.4393,23.5949
29259,0.1434,1.4393,23.5949
29260,0.1434,1.4393,23.5949
29261,0.1434,1.4393,23.5949
29262,0.1434,1.4393,23.5949
29263,0.1434,1.4391,23.5759
29265,0.1434,1.4391,23.5759
29266,0.1434,1.4393,23.5949
29267,0.1434,1.4395,23.6140
29268,0.1434,1.4395,23.6140
29269,0.1434,1.4397,23.6331
29270,0.1434,1.4397,23.6331
29271,0.1434,1.4397,23.6331
29272,0.1434,1.4397,23.6331
29273,0.1434,1.4397,23.6331
29274,0.1434,1.4399,23.6522
29275,0.1434,1.4397,23.6331
29276,0.1434,1.4399,23.6522
29277,0.1434,1.4399,23.6522
29278,0.1434,1.4400,23.6713
29279,0.1434,1.4400,23.6713
29280,0.1434,1.4400,23.6713
29281,0.1434,1.4402,23.6904
29282,0.1434,1.4400,23.6713
29283,0.1434,1.4400,23.6713
29284,0.1434,1.4397,23.6331
29286,0.1434,1.4397,23.6331
29287,0.1434,1.4400,23.6713
29288,0.1434,1.4399,23.6522
29289,0.1434,1.4399,23.6522
29290,0.1434,1.4400,23.6713
29291,0.1434,1.4400,23.6713
29292,0.1434,1.4400,23.6713
29293,0.1434,1.4400,23.6713
29294,0.1434,1.4400,23.6713
29295,0.1434,1.4400,23.6713
29296,0.1434,1.4399,23.6522
29297,0.1434,1.4402,23.6904
29298,0.1434,1.4402,23.6904
29299,0.1434,1.4404,23.7094
29300,0.1434,1.4404,23.7094
29301,0.1434,1.4404,23.7094
29302,0.1434,1.4404,23.7094
29303,0.1436,1.4404,23.7094
29304,0.1436,1.4406,23.7285
29305,0.1436,1.4402,23.6904
29307,0.1436,1.4402,23.6904
29308,0.1434,1.4406,23.7285
29309,0.1436,1.4406,23.7285
29310,0.1434,1.4408,23.7476
29310,0.1436,1.4406,23.7285
29311,0.1436,1.4408,23.7476
29312,0.1434,1.4408,23.7476
29313,0.1434,1.4408,23.7476
29314,0.1436,1.4408,23.7476
29315,0.1436,1.4408,23.7476
29316,0.1434,1.4406,23.7285
29317,0.1436,1.4408,23.7476
29318,0.1436,1.4404,23.7094
29319,0.1436,1.4406,23.7285
29320,0.1436,1.4406,23.7285
29321,0.1436,1.4406,23.7285
29322,0.1434,1.4406,23.7285
29323,0.1436,1.4406,23.7285
29324,0.1436,1.4406,23.7285
29326,0.1434,1.4404,23.7094
29327,0.1436,1.4404,23.7094
29328,0.1434,1.4404,23.7094
29329,0.1436,1.4404,23.7094
29330,0.1436,1.4404,23.7094
29331,0.1436,1.4404,23.7094
29332,0.1434,1.4404,23.7094
29333,0.1436,1.4406,23.7285
29334,0.1436,1.4404,23.7094
29335,0.1434,1.4404,23.7094
29336,0.1434,1.4402,23.6904
29337,0.1434,1.4404,23.7094
29338,0.1434,1.4404,23.7094
29339,0.1436,1.4404,23.7094
29340,0.1436,1.4404,23.7094
29341,0.1434,1.4404,23.7094
29342,0.1434,1.4404,23.7094
29343,0.1434,1.4404,23.7094
29344,0.1436,1.4404,23.7094
29345,0.1434,1.4402,23.6904
29347,0.1434,1.4400,23.6713
29348,0.1436,1.4404,23.7094
29349,0.1434,1.4404,23.7094
29350,0.1434,1.4402,23.6904
29351,0.1434,1.4402,23.6904
29352,0.1434,1.4400,23.6713
29353,0.1434,1.4400,23.6713
29354,0.1434,1.4400,23.6713
29355,0.1434,1.4400,23.6713
29356,0.1434,1.4399,23.6522
29357,0.1434,1.4397,23.6331
29358,0.1434,1.4399,23.6522
29359,0.1434,1.4400,23.6713
29360,0.1436,1.4402,23.6904
29361,0.1434,1.4402,23.6904
29362,0.1434,1.4402,23.6904
29363,0.1434,1.4402,23.6904
29364,0.1434,1.4402,23.6904
29365,0.1434,1.4402,23.6904
29366,0.1436,1.4400,23.6713
29368,0.1434,1.4400,23.6713
29369,0.1434,1.4406,23.7285
29370,0.1434,1.4406,23.7285
29371,0.1436,1.4406,23.7285
29372,0.1436,1.4406,23.7285
29373,0.1436,1.4408,23.7476
29374,0.1436,1.4408,23.7476
29375,0.1436,1.4408,23.7476
29376,0.1436,1.4408,23.7476
29377,0.1436,1.4406,23.7285
29378,0.1436,1.4404,23.7094
29379,0.1436,1.4408,23.7476
29380,0.1434,1.4408,23.7476
29381,0.1436,1.4408,23.7476
29382,0.1436,1.4408,23.7476
29383,0.1436,1.4408,23.7476
29384,0.1436,1.4408,23.7476
29385,0.1436,1.4410,23.7667
29386,0.1436,1.4410,23.7667
29387,0.1436,1.4406,23.7285
29389,0.1436,1.4410,23.7667
29390,0.1436,1.4410,23.7667
29391,0.1436,1.4410,23.7667
29392,0.1436,1.4408,23.7476
29393,0.1436,1.4408,23.7476
29394,0.1436,1.4410,23.7667
29395,0.1436,1.4408,23.7476
29396,0.1436,1.4410,23.7667
29397,0.1436,1.4408,23.7476
29398,0.1436,1.4408,23.7476
29399,0.1436,1.4408,23.7476
29400,0.1434,1.4408,23.7476
29401,0.1436,1.4408,23.7476
29402,0.1436,1.4408,23.7476
29403,0.1436,1.4408,23.7476
29404,0.1436,1.4406,23.7285
29405,0.1436,1.4408,23.7476
29406,0.1436,1.4408,23.7476
29407,0.1434,1.4404,23.7094
29409,0.1434,1.4402,23.6904
29410,0.1436,1.4406,23.7285
29411,0.1436,1.4408,23.7476
29412,0.1436,1.4406,23.7285
29413,0.1436,1.4406,23.7285
29414,0.1436,1.4406,23.7285
29415,0.1436,1.4408,23.7476
29416,0.1436,1.4408,23.7476
29417,0.1436,1.4408,23.7476
29418,0.1436,1.4408,23.7476
29419,0.1434,1.4404,23.7094
29420,0.1434,1.4406,23.7285
29421,0.1436,1.4406,23.7285
29422,0.1436,1.4406,23.7285
29423,0.1436,1.4406,23.7285
29424,0.1436,1.4406,23.7285
29425,0.1436,1.4406,23.7285
29426,0.1436,1.4406,23.7285
29427,0.1434,1.4406,23.7285
29429,0.1436,1.4406,23.7285
29430,0.1434,1.4402,23.6904
29431,0.1434,1.4406,23.7285
29432,0.1434,1.4406,23.7285
29433,0.1436,1.4406,23.7285
29434,0.1434,1.4406,23.7285
29435,0.1434,1.4404,23.7094
29436,0.1434,1.4404,23.7094
29437,0.1436,1.4404,23.7094
29438,0.1434,1.4406,23.7285
29439,0.1436,1.4406,23.7285
29440,0.1434,1.4406,23.7285
29441,0.1434,1.4406,23.7285
29442,0.1436,1.4406,23.7285
29443,0.1436,1.4408,23.7476
29444,0.1436,1.4406,23.7285
29445,0.1434,1.4406,23.7285
29446,0.1436,1.4406,23.7285
29447,0.1434,1.4406,23.7285
29448,0.1436,1.4406,23.7285
29450,0.1436,1.4406,23.7285
29451,0.1436,1.4408,23.7476
29452,0.1436,1.4408,23.7476
29453,0.1436,1.4408,23.7476
29454,0.1436,1.4408,23.7476
29455,0.1436,1.4408,23.7476
29456,0.1436,1.4408,23.7476
29457,0.1436,1.4410,23.7667
29458,0.1436,1.4410,23.7667
29459,0.1436,1.4410,23.7667
29460,0.1436,1.4410,23.7667
29461,0.1436,1.4410,23.7667
29462,0.1436,1.4412,23.7858
29463,0.1436,1.4412,23.7858
29464,0.1436,1.4412,23.7858
29465,0.1436,1.4412,23.7858
29466,0.1436,1.4412,23.7858
29467,0.1436,1.4414,23.8049
29468,0.1436,1.4414,23.8049
29470,0.1436,1.4415,23.8240
29471,0.1436,1.4415,23.8240
29472,0.1436,1.4415,23.8240
29473,0.1436,1.4412,23.7858
29474,0.1436,1.4415,23.8240
29475,0.1436,1.4414,23.8049
29476,0.1436,1.4414,23.8049
29477,0.1436,1.4414,23.8049
29478,0.1436,1.4412,23.7858
29479,0.1436,1.4412,23.7858
29480,0.1436,1.4412,23.7858
29481,0.1436,1.4410,23.7667
29482,0.1436,1.4410,23.7667
29483,0.1436,1.4410,23.7667
29484,0.1436,1.4410,23.7667
29485,0.1436,1.4410,23.7667
29486,0.1436,1.4408,23.7476
29487,0.1436,1.4406,23.7285
29488,0.1434,1.4406,23.7285
29490,0.1434,1.4404,23.7094
29491,0.1436,1.4404,23.7094
29492,0.1434,1.4402,23.6904
29493,0.1434,1.4400,23.6713
29494,0.1434,1.4400,23.6713
29495,0.1434,1.4397,23.6331
29496,0.1434,1.4399,23.6522
29497,0.1434,1.4399,23.6522
29498,0.1434,1.4399,23.6522
29499,0.1434,1.4399,23.6522
29500,0.1434,1.4399,23.6522
29501,0.1434,1.4399,23.6522
29502,0.1434,1.4400,23.6713
29503,0.1434,1.4400,23.6713
29504,0.1434,1.4399,23.6522
29505,0.1434,1.4399,23.6522
29506,0.1434,1.4399,23.6522
29507,0.1434,1.4399,23.6522
29508,0.1434,1.4399,23.6522
29510,0.1434,1.4399,23.6522
29511,0.1434,1.4399,23.6522
29512,0.1434,1.4399,23.6522
29513,0.1434,1.4399,23.6522
29514,0.1434,1.4399,23.6522
29515,0.1434,1.4399,23.6522
29516,0.1434,1.4395,23.6140
29517,0.1434,1.4397,23.6331
29518,0.1434,1.4397,23.6331
29519,0.1434,1.4397,23.6331
29520,0.1434,1.4397,23.6331
29521,0.1434,1.4395,23.6140
29522,0.1434,1.4395,23.6140
29523,0.1434,1.4395,23.6140
29524,0.1434,1.4395,23.6140
29525,0.1434,1.4393,23.5949
29526,0.1434,1.4395,23.6140
29527,0.1434,1.4393,23.5949
29528,0.1434,1.4393,23.5949
29530,0.1434,1.4393,23.5949
29531,0.1434,1.4393,23.5949
29532,0.1434,1.4391,23.5759
29533,0.1434,1.4393,23.5949
29534,0.1434,1.4391,23.5759
29535,0.1434,1.4391,23.5759
29536,0.1434,1.4391,23.5759
29537,0.1434,1.4387,23.5377
29538,0.1433,1.4387,23.5377
29539,0.1434,1.4391,23.5759
29540,0.1434,1.4391,23.5759
29541,0.1434,1.4391,23.5759
29542,0.1434,1.4391,23.5759
29543,0.1434,1.4391,23.5759
29544,0.1434,1.4393,23.5949
29545,0.1434,1.4393,23.5949
29546,0.1434,1.4393,23.5949
29547,0.1434,1.4395,23.6140
29548,0.1434,1.4391,23.5759
29549,0.1434,1.4395,23.6140
29551,0.1434,1.4397,23.6331
29552,0.1434,1.4397,23.6331
29553,0.1434,1.4399,23.6522
29554,0.1434,1.4399,23.6522
29555,0.1434,1.4399,23.6522
29556,0.1434,1.4397,23.6331
29557,0.1434,1.4399,23.6522
29558,0.1434,1.4395,23.6140
29559,0.1434,1.4395,23.6140
29560,0.1434,1.4400,23.6713
29561,0.1434,1.4400,23.6713
29562,0.1436,1.4400,23.6713
29563,0.1434,1.4400,23.6713
29564,0.1436,1.4402,23.6904
29565,0.1434,1.4404,23.7094
29566,0.1436,1.4404,23.7094
29567,0.1436,1.4404,23.7094
29568,0.1436,1.4404,23.7094
29569,0.1436,1.4400,23.6713
29570,0.1434,1.4404,23.7094
29572,0.1434,1.4406,23.7285
29573,0.1436,1.4406,23.7285
29574,0.1434,1.4406,23.7285
29575,0.1436,1.4406,23.7285
29576,0.1436,1.4406,23.7285
29577,0.1436,1.4408,23.7476
29578,0.1436,1.4406,23.7285
29579,0.1436,1.4404,23.7094
29580,0.1436,1.4408,23.7476
29581,0.1436,1.4408,23.7476
29582,0.1436,1.4410,23.7667
29583,0.1436,1.4410,23.7667
29584,0.1436,1.4410,23.7667
29585,0.1436,1.4410,23.7667
29586,0.1436,1.4410,23.7667
29587,0.1436,1.4410,23.7667
29588,0.1436,1.4410,23.7667
29589,0.1436,1.4408,23.7476
29590,0.1436,1.4412,23.7858
29592,0.1436,1.4412,23.7858
29593,0.1436,1.4412,23.7858
29594,0.1436,1.4414,23.8049
29595,0.1436,1.4414,23.8049
29596,0.1436,1.4414,23.8049
29597,0.1436,1.4415,23.8240
29598,0.1436,1.4415,23.8240
29599,0.1436,1.4412,23.7858
29600,0.1436,1.4412,23.7858
29601,0.1436,1.4415,23.8240
29602,0.1436,1.4417,23.8431
29603,0.1436,1.4417,23.8431
29604,0.1436,1.4415,23.8240
29605,0.1436,1.4419,23.8622
29606,0.1436,1.4419,23.8622
29607,0.1436,1.4419,23.8622
29608,0.1436,1.4419,23.8622
29609,0.1436,1.4421,23.8813
29610,0.1436,1.4421,23.8813
29611,0.1436,1.4421,23.8813
29613,0.1436,1.4423,23.9004
29614,0.1436,1.4423,23.9004
29615,0.1436,1.4423,23.9004
29616,0.1436,1.4425,23.9194
29617,0.1436,1.4425,23.9194
29618,0.1438,1.4425,23.9194
29619,0.1438,1.4427,23.9385
29620,0.1438,1.4427,23.9385
29621,0.1436,1.4429,23.9576
29622,0.1438,1.4429,23.9576
29623,0.1438,1.4430,23.9767
29624,0.1438,1.4430,23.9767
29625,0.1438,1.4430,23.9767
29626,0.1438,1.4430,23.9767
29627,0.1438,1.4432,23.9958
29628,0.1438,1.4432,23.9958
29629,0.1438,1.4432,23.9958
29630,0.1438,1.4432,23.9958
29631,0.1438,1.4432,23.9958
29633,0.1438,1.4434,24.0149
29634,0.1438,1.4434,24.0149
29635,0.1438,1.4434,24.0149
29636,0.1438,1.4434,24.0149
29637,0.1438,1.4434,24.0149
29638,0.1438,1.4434,24.0149
29639,0.1438,1.4436,24.0340
29640,0.1438,1.4432,23.9958
29641,0.1438,1.4438,24.0531
29642,0.1438,1.4438,24.0531
29643,0.1438,1.4438,24.0531
29644,0.1438,1.4440,24.0722
29645,0.1438,1.4440,24.0722
29646,0.1438,1.4442,24.0913
29647,0.1438,1.4442,24.0913
29648,0.1440,1.4440,24.0722
29649,0.1438,1.4442,24.0913
29650,0.1440,1.4440,24.0722
29651,0.1440,1.4442,24.0913
29653,0.1440,1.4442,24.0913
29654,0.1438,1.4442,24.0913
29655,0.1438,1.4442,24.0913
29656,0.1438,1.4444,24.1105
29657,0.1438,1.4442,24.0913
29658,0.1438,1.4442,24.0913
29659,0.1438,1.4442,24.0913
29660,0.1440,1.4440,24.0722
29661,0.1440,1.4440,24.0722
29662,0.1440,1.4444,24.1105
29663,0.1438,1.4444,24.1105
29664,0.1440,1.4444,24.1105
29665,0.1438,1.4442,24.0913
29666,0.1438,1.4444,24.1105
29667,0.1438,1.4444,24.1105
29668,0.1440,1.4444,24.1105
29669,0.1440,1.4444,24.1105
29670,0.1438,1.4444,24.1105
29671,0.1440,1.4442,24.0913
29672,0.1440,1.4445,24.1296
29674,0.1440,1.4445,24.1296
29675,0.1440,1.4445,24.1296
29676,0.1440,1.4447,24.1487
29677,0.1440,1.4447,24.1487
29678,0.1440,1.4447,24.1487
29679,0.1440,1.4447,24.1487
29680,0.1440,1.4447,24.1487
29681,0.1440,1.4444,24.1105
29682,0.1440,1.4444,24.1105
29683,0.1440,1.4447,24.1487
29684,0.1440,1.4447,24.1487
29685,0.1440,1.4449,24.1678
29686,0.1440,1.4449,24.1678
29687,0.1440,1.4449,24.1678
29688,0.1440,1.4449,24.1678
29689,0.1440,1.4451,24.1869
29690,0.1440,1.4451,24.1869
29691,0.1440,1.4453,24.2060
29692,0.1440,1.4449,24.1678
29693,0.1440,1.4453,24.2060
29695,0.1440,1.4453,24.2060
29696,0.1440,1.4453,24.2060
29697,0.1440,1.4453,24.2060
29698,0.1440,1.4453,24.2060
29699,0.1440,1.4453,24.2060
29700,0.1440,1.4455,24.2251
29701,0.1440,1.4457,24.2442
29702,0.1440,1.4453,24.2060
29703,0.1440,1.4462,24.3016
29704,0.1440,1.4464,24.3207
29705,0.1440,1.4477,24.4545
29706,0.1440,1.4481,24.4927
29707,0.1440,1.4460,24.2824
29708,0.1440,1.4462,24.3016
29709,0.1440,1.4462,24.3016
29710,0.1442,1.4462,24.3016
29711,0.1440,1.4464,24.3207
29712,0.1442,1.4464,24.3207
29713,0.1442,1.4464,24.3207
29715,0.1440,1.4466,24.3398
29716,0.1442,1.4466,24.3398
29717,0.1442,1.4468,24.3589
29718,0.1442,1.4468,24.3589
29719,0.1442,1.4466,24.3398
29720,0.1442,1.4470,24.3780
29721,0.1442,1.4470,24.3780
29722,0.1442,1.4472,24.3971
29723,0.1442,1.4472,24.3971
29724,0.1442,1.4474,24.4163
29725,0.1442,1.4474,24.4163
29726,0.1442,1.4475,24.4354
29727,0.1442,1.4475,24.4354
29728,0.1442,1.4475,24.4354
29729,0.1442,1.4475,24.4354
29731,0.1442,1.4477,24.4545
29732,0.1442,1.4479,24.4736
29733,0.1442,1.4479,24.4736
29734,0.1442,1.4479,24.4736
29735,0.1442,1.4479,24.4736
29737,0.1444,1.4481,24.4927
29738,0.1442,1.4481,24.4927
29739,0.1442,1.4481,24.4927
29740,0.1444,1.4479,24.4736
29741,0.1442,1.4481,24.4927
29742,0.1444,1.4481,24.4927
29743,0.1444,1.4483,24.5119
29744,0.1444,1.4483,24.5119
29745,0.1444,1.4483,24.5119
29746,0.1444,1.4485,24.5310
29747,0.1444,1.4485,24.5310
29748,0.1444,1.4487,24.5501
29749,0.1444,1.4487,24.5501
29750,0.1444,1.4483,24.5119
29751,0.1444,1.4489,24.5692
29752,0.1444,1.4489,24.5692
29753,0.1444,1.4490,24.5884
29754,0.1444,1.4490,24.5884
29756,0.1444,1.4492,24.6075
29757,0.1444,1.4492,24.6075
29758,0.1444,1.4492,24.6075
29759,0.1444,1.4490,24.5884
29760,0.1444,1.4492,24.6075
29761,0.1444,1.4494,24.6266
29762,0.1444,1.4494,24.6266
29763,0.1444,1.4492,24.6075
29764,0.1444,1.4496,24.6458
29765,0.1444,1.4498,24.6649
29766,0.1444,1.4498,24.6649
29767,0.1444,1.4498,24.6649
29768,0.1444,1.4498,24.6649
29769,0.1444,1.4504,24.7223
29770,0.1444,1.4504,24.7223
29771,0.1446,1.4505,24.7414
29772,0.1444,1.4507,24.7606
29773,0.1444,1.4505,24.7414
29774,0.1444,1.4504,24.7223
29775,0.1444,1.4502,24.7032
29777,0.1444,1.4502,24.7032
29778,0.1444,1.4502,24.7032
29779,0.1444,1.4500,24.6840
29780,0.1444,1.4500,24.6840
29781,0.1446,1.4500,24.6840
29782,0.1444,1.4502,24.7032
29783,0.1444,1.4504,24.7223
29784,0.1446,1.4504,24.7223
29785,0.1446,1.4500,24.6840
29786,0.1444,1.4502,24.7032
29787,0.1444,1.4502,24.7032
29788,0.1446,1.4502,24.7032
29789,0.1446,1.4504,24.7223
29790,0.1446,1.4504,24.7223
29790,0.1446,1.4505,24.7414
29791,0.1446,1.4505,24.7414
29792,0.1446,1.4507,24.7606
29793,0.1446,1.4509,24.7797
29794,0.1446,1.4507,24.7606
29795,0.1446,1.4511,24.7988
29797,0.1446,1.4511,24.7988
29798,0.1446,1.4511,24.7988
29799,0.1446,1.4513,24.8180
29800,0.1446,1.4513,24.8180
29801,0.1446,1.4513,24.8180
29802,0.1446,1.4513,24.8180
29803,0.1446,1.4513,24.8180
29804,0.1446,1.4513,24.8180
29805,0.1446,1.4509,24.7797
29806,0.1446,1.4513,24.8180
29807,0.1446,1.4513,24.8180
29808,0.1446,1.4511,24.7988
29809,0.1446,1.4513,24.8180
29810,0.1446,1.4513,24.8180
29811,0.1446,1.4511,24.7988
29812,0.1446,1.4511,24.7988
29813,0.1446,1.4509,24.7797
29814,0.1446,1.4509,24.7797
29815,0.1446,1.4509,24.7797
29817,0.1446,1.4507,24.7606
29818,0.1446,1.4505,24.7414
29819,0.1446,1.4505,24.7414
29820,0.1446,1.4504,24.7223
29821,0.1446,1.4502,24.7032
29822,0.1444,1.4502,24.7032
29823,0.1446,1.4500,24.6840
29824,0.1446,1.4496,24.6458
29825,0.1444,1.4500,24.6840
29826,0.1444,1.4500,24.6840
29827,0.1444,1.4500,24.6840
29828,0.1444,1.4498,24.6649
29829,0.1444,1.4496,24.6458
29830,0.1444,1.4494,24.6266
29831,0.1444,1.4494,24.6266
29832,0.1444,1.4494,24.6266
29833,0.1444,1.4492,24.6075
29834,0.1444,1.4490,24.5884
29835,0.1444,1.4487,24.5501
29837,0.1444,1.4489,24.5692
29838,0.1444,1.4487,24.5501
29839,0.1444,1.4487,24.5501
29840,0.1444,1.4490,24.5884
29841,0.1444,1.4492,24.6075
29842,0.1444,1.4492,24.6075
29843,0.1444,1.4490,24.5884
29844,0.1442,1.4489,24.5692
29845,0.1444,1.4487,24.5501
29846,0.1444,1.4487,24.5501
29847,0.1444,1.4487,24.5501
29848,0.1442,1.4487,24.5501
29849,0.1444,1.4485,24.5310
29850,0.1444,1.4485,24.5310
29851,0.1444,1.4485,24.5310
29852,0.1444,1.4483,24.5119
29853,0.1444,1.4485,24.5310
29854,0.1442,1.4483,24.5119
29855,0.1442,1.4483,24.5119
29857,0.1444,1.4481,24.4927
29858,0.1442,1.4481,24.4927
29859,0.1442,1.4481,24.4927
29860,0.1442,1.4479,24.4736
29861,0.1442,1.4479,24.4736
29862,0.1442,1.4477,24.4545
29863,0.1442,1.4477,24.4545
29864,0.1442,1.4479,24.4736
29865,0.1442,1.4477,24.4545
29866,0.1442,1.4477,24.4545
29867,0.1442,1.4479,24.4736
29868,0.1442,1.4479,24.4736
29869,0.1442,1.4477,24.4545
29870,0.1442,1.4479,24.4736
29871,0.1442,1.4479,24.4736
29872,0.1442,1.4479,24.4736
29873,0.1442,1.4479,24.4736
29874,0.1442,1.4477,24.4545
29876,0.1442,1.4479,24.4736
29877,0.1442,1.4483,24.5119
29878,0.1442,1.4481,24.4927
29879,0.1442,1.4483,24.5119
29880,0.1442,1.4481,24.4927
29881,0.1442,1.4481,24.4927
29882,0.1442,1.4481,24.4927
29883,0.1442,1.4481,24.4927
29884,0.1442,1.4481,24.4927
29885,0.1442,1.4475,24.4354
29886,0.1442,1.4479,24.4736
29887,0.1442,1.4479,24.4736
29888,0.1442,1.4479,24.4736
29889,0.1442,1.4481,24.4927
29890,0.1442,1.4481,24.4927
29891,0.1442,1.4479,24.4736
29892,0.1442,1.4477,24.4545
29893,0.1442,1.4479,24.4736
29894,0.1442,1.4479,24.4736
29895,0.1442,1.4475,24.4354
29897,0.1442,1.4479,24.4736
29898,0.1442,1.4479,24.4736
29899,0.1442,1.4481,24.4927
29900,0.1442,1.4475,24.4354
29901,0.1442,1.4475,24.4354
29902,0.1442,1.4475,24.4354
29903,0.1442,1.4474,24.4163
29904,0.1442,1.4472,24.3971
29905,0.1442,1.4472,24.3971
29906,0.1442,1.4468,24.3589
29907,0.1442,1.4472,24.3971
29908,0.1442,1.4472,24.3971
29909,0.1442,1.4472,24.3971
29910,0.1442,1.4472,24.3971
29911,0.1442,1.4474,24.4163
29912,0.1442,1.4474,24.4163
29913,0.1442,1.4474,24.4163
29914,0.1442,1.4472,24.3971
29915,0.1442,1.4474,24.4163
29917,0.1442,1.4472,24.3971
29918,0.1442,1.4472,24.3971
29919,0.1442,1.4472,24.3971
29920,0.1442,1.4470,24.3780
29921,0.1442,1.4470,24.3780
29922,0.1442,1.4468,24.3589
29923,0.1442,1.4466,24.3398
29924,0.1442,1.4466,24.3398
29925,0.1442,1.4466,24.3398
29926,0.1442,1.4464,24.3207
29927,0.1442,1.4464,24.3207
29928,0.1442,1.4464,24.3207
29929,0.1442,1.4462,24.3016
29930,0.1442,1.4462,24.3016
29931,0.1442,1.4462,24.3016
29932,0.1440,1.4462,24.3016
29933,0.1440,1.4460,24.2824
29934,0.1440,1.4460,24.2824
29935,0.1440,1.4460,24.2824
29936,0.1440,1.4459,24.2633
29938,0.1440,1.4459,24.2633
29939,0.1440,1.4459,24.2633
29940,0.1440,1.4457,24.2442
29941,0.1440,1.4459,24.2633
29942,0.1440,1.4459,24.2633
29943,0.1440,1.4457,24.2442
29944,0.1440,1.4459,24.2633
29945,0.1440,1.4459,24.2633
29946,0.1442,1.4462,24.3016
29947,0.1440,1.4460,24.2824
29948,0.1442,1.4462,24.3016
29949,0.1442,1.4462,24.3016
29950,0.1440,1.4464,24.3207
29951,0.1442,1.4462,24.3016
29952,0.1440,1.4464,24.3207
29953,0.1440,1.4462,24.3016
29954,0.1440,1.4464,24.3207
29955,0.1440,1.4466,24.3398
29956,0.1442,1.4464,24.3207
29958,0.1442,1.4464,24.3207
29959,0.1442,1.4466,24.3398
29960,0.1442,1.4464,24.3207
29961,0.1442,1.4466,24.3398
29962,0.1442,1.4464,24.3207
29963,0.1440,1.4466,24.3398
29964,0.1442,1.4466,24.3398
29965,0.1442,1.4468,24.3589
29966,0.1442,1.4468,24.3589
29967,0.1442,1.4470,24.3780
29968,0.1442,1.4470,24.3780
29969,0.1442,1.4472,24.3971
29970,0.1442,1.4470,24.3780
29971,0.1442,1.4472,24.3971
29972,0.1442,1.4470,24.3780
29973,0.1442,1.4470,24.3780
29974,0.1442,1.4466,24.3398
29975,0.1442,1.4472,24.3971
29976,0.1442,1.4472,24.3971
29978,0.1442,1.4477,24.4545
29979,0.1442,1.4477,24.4545
29980,0.1442,1.4479,24.4736
29981,0.1442,1.4479,24.4736
29982,0.1442,1.4479,24.4736
29983,0.1442,1.4479,24.4736
29984,0.1442,1.4477,24.4545
29985,0.1442,1.4477,24.4545
29986,0.1442,1.4477,24.4545
29987,0.1442,1.4475,24.4354
29988,0.1442,1.4475,24.4354
29989,0.1442,1.4475,24.4354
29990,0.1442,1.4474,24.4163
29991,0.1442,1.4474,24.4163
29992,0.1442,1.4474,24.4163
29993,0.1442,1.4474,24.4163
29994,0.1442,1.4474,24.4163
29995,0.1442,1.4474,24.4163
29996,0.1442,1.4474,24.4163
29998,0.1442,1.4474,24.4163
29999,0.1442,1.4472,24.3971
30000,0.1442,1.4474,24.4163
30001,0.1442,1.4472,24.3971
30002,0.1442,1.4472,24.3971
30003,0.1442,1.4474,24.4163
30004,0.1442,1.4474,24.4163
30005,0.1442,1.4472,24.3971
30006,0.1442,1.4474,24.4163
30007,0.1442,1.4472,24.3971
30008,0.1442,1.4470,24.3780
30009,0.1442,1.4474,24.4163
30010,0.1442,1.4472,24.3971
30011,0.1442,1.4472,24.3971
30012,0.1442,1.4474,24.4163
30013,0.1442,1.4475,24.4354
30014,0.1442,1.4475,24.4354
30015,0.1442,1.4477,24.4545
30016,0.1444,1.4477,24.4545
30017,0.1442,1.4479,24.4736
30019,0.1442,1.4481,24.4927
30020,0.1442,1.4481,24.4927
30021,0.1444,1.4483,24.5119
30022,0.1442,1.4496,24.6458
30023,0.1442,1.4498,24.6649
30024,0.1444,1.4498,24.6649
30025,0.1444,1.4502,24.7032
30026,0.1444,1.4500,24.6840
30027,0.1444,1.4500,24.6840
30028,0.1444,1.4500,24.6840
30029,0.1442,1.4500,24.6840
30030,0.1444,1.4502,24.7032
30031,0.1444,1.4504,24.7223
30032,0.1444,1.4509,24.7797
30033,0.1444,1.4511,24.7988
30034,0.1444,1.4515,24.8371
30035,0.1446,1.4519,24.8754
30036,0.1446,1.4522,24.9137
30037,0.1446,1.4513,24.8180
30039,0.1446,1.4515,24.8371
30040,0.1446,1.4513,24.8180
30041,0.1446,1.4517,24.8562
30042,0.1448,1.4522,24.9137
30043,0.1448,1.4524,24.9328
30044,0.1448,1.4528,24.9711
30045,0.1448,1.4532,25.0094
30046,0.1448,1.4535,25.0477
30047,0.1449,1.4537,25.0668
30048,0.1449,1.4541,25.1051
30049,0.1449,1.4543,25.1243
30050,0.1449,1.4549,25.1818
30051,0.1449,1.4550,25.2009
30052,0.1449,1.4552,25.2201
30053,0.1449,1.4554,25.2392
30054,0.1449,1.4556,25.2584
30055,0.1451,1.4558,25.2776
30056,0.1449,1.4560,25.2967
30057,0.1451,1.4562,25.3159
30059,0.1451,1.4565,25.3542
30060,0.1451,1.4565,25.3542
30061,1.4565,0.1451,-86.6159
30062,0.1451,1.4575,25.4500
30063,0.1453,1.4579,25.4884
30064,0.1453,1.4582,25.5267
30065,0.1453,1.4582,25.5267
30066,0.1453,1.4582,25.5267
30067,0.1453,1.4586,25.5651
30068,0.1453,1.4588,25.5842
30069,0.1453,1.4590,25.6034
30070,0.1453,1.4592,25.6226
30071,0.1453,1.4594,25.6418
30072,0.1453,1.4594,25.6418
30073,0.1453,1.4595,25.6609
30074,0.1453,1.4597,25.6801
30075,0.1455,1.4597,25.6801
30076,0.1453,1.4599,25.6993
30077,0.1455,1.4599,25.6993
30079,0.1455,1.4601,25.7185
30080,0.1453,1.4603,25.7377
30081,0.1455,1.4603,25.7377
30082,0.1455,1.4603,25.7377
30083,0.1455,1.4603,25.7377
30084,0.1455,1.4603,25.7377
30085,0.1455,1.4603,25.7377
30086,0.1455,1.4603,25.7377
30087,0.1455,1.4603,25.7377
30088,0.1455,1.4603,25.7377
30089,0.1455,1.4601,25.7185
30090,0.1455,1.4603,25.7377
30091,0.1455,1.4603,25.7377
30092,0.1455,1.4603,25.7377
30093,0.1455,1.4601,25.7185
30094,0.1455,1.4601,25.7185
30095,0.1455,1.4599,25.6993
30096,0.1453,1.4599,25.6993
30098,0.1455,1.4597,25.6801
30099,0.1453,1.4609,25.7952
30100,0.1453,1.4609,25.7952
30101,0.1453,1.4610,25.8144
30102,0.1453,1.4609,25.7952
30103,0.1453,1.4609,25.7952
30104,0.1453,1.4605,25.7568
30105,0.1453,1.4607,25.7760
30106,0.1453,1.4609,25.7952
30107,0.1453,1.4607,25.7760
30108,0.1453,1.4605,25.7568
30109,0.1453,1.4599,25.6993
30110,0.1453,1.4603,25.7377
30111,0.1453,1.4601,25.7185
30112,0.1453,1.4601,25.7185
30113,0.1453,1.4599,25.6993
30114,0.1453,1.4584,25.5459
30115,0.1453,1.4582,25.5267
30116,0.1451,1.4582,25.5267
30117,0.1453,1.4580,25.5075
30119,0.1453,1.4579,25.4884
30120,0.1451,1.4577,25.4692
30121,0.1453,1.4575,25.4500
30122,0.1451,1.4573,25.4309
30123,0.1451,1.4571,25.4117
30124,0.1451,1.4569,25.3925
30125,0.1451,1.4567,25.3734
30126,0.1451,1.4565,25.3542
30127,0.1451,1.4562,25.3159
30128,0.1451,1.4560,25.2967
30129,0.1449,1.4558,25.2776
30130,0.1449,1.4554,25.2392
30131,0.1449,1.4552,25.2201
30132,0.1449,1.4550,25.2009
30133,0.1449,1.4547,25.1626
30134,0.1449,1.4545,25.1435
30135,0.1449,1.4541,25.1051
30136,0.1449,1.4539,25.0860
30137,0.1449,1.4535,25.0477
30139,0.1448,1.4534,25.0285
30140,0.1448,1.4528,24.9711
30141,0.1448,1.4526,24.9520
30142,0.1446,1.4522,24.9137
30143,0.1448,1.4519,24.8754
30144,0.1446,1.4517,24.8562
30145,0.1446,1.4513,24.8180
30146,0.1446,1.4511,24.7988
30147,0.1446,1.4507,24.7606
30148,0.1446,1.4505,24.7414
30149,0.1446,1.4500,24.6840
30150,0.1446,1.4498,24.6649
30151,0.1444,1.4496,24.6458
30152,0.1444,1.4494,24.6266
30153,0.1444,1.4492,24.6075
30154,0.1444,1.4489,24.5692
30155,0.1444,1.4485,24.5310
30156,0.1442,1.4481,24.4927
30157,0.1442,1.4477,24.4545
30159,0.1442,1.4474,24.4163
30160,0.1442,1.4464,24.3207
30161,0.1440,1.4462,24.3016
30162,0.1440,1.4457,24.2442
30163,0.1440,1.4453,24.2060
30164,0.1438,1.4445,24.1296
30165,0.1438,1.4442,24.0913
30166,0.1438,1.4438,24.0531
30167,0.1438,1.4434,24.0149
30168,0.1438,1.4430,23.9767
30169,0.1438,1.4429,23.9576
30170,0.1436,1.4438,24.0531
30171,0.1436,1.4434,24.0149
30172,0.1436,1.4432,23.9958
30173,0.1436,1.4429,23.9576
30174,0.1436,1.4427,23.9385
30175,0.1436,1.4425,23.9194
30176,0.1436,1.4423,23.9004
30177,0.1434,1.4423,23.9004
30179,0.1434,1.4421,23.8813
30180,0.1434,1.4423,23.9004
30181,0.1434,1.4419,23.8622
30182,0.1436,1.4425,23.9194
30183,0.1436,1.4425,23.9194
30184,0.1436,1.4423,23.9004
30185,0.1436,1.4425,23.9194
30186,0.1436,1.4425,23.9194
30187,0.1436,1.4425,23.9194
30188,0.1436,1.4425,23.9194
30189,0.1436,1.4427,23.9385
30190,0.1436,1.4427,23.9385
30191,0.1436,1.4429,23.9576
30192,0.1436,1.4427,23.9385
30194,0.1436,1.4429,23.9576
30195,0.1436,1.4427,23.9385
30196,0.1436,1.4429,23.9576
30197,0.1436,1.4429,23.9576
30198,0.1436,1.4429,23.9576
30199,0.1436,1.4429,23.9576
30200,0.1436,1.4427,23.9385
30201,0.1436,1.4427,23.9385
30202,0.1436,1.4425,23.9194
30203,0.1436,1.4425,23.9194
30204,0.1434,1.4425,23.9194
30205,0.1436,1.4427,23.9385
30206,0.1436,1.4425,23.9194
30207,0.1434,1.4423,23.9004
30208,0.1434,1.4423,23.9004
30210,1.4423,0.1434,-86.7316
30211,0.1434,1.4421,23.8813
30212,0.1434,1.4415,23.8240
30213,0.1434,1.4417,23.8431
30214,0.1434,1.4417,23.8431
30215,0.1434,1.4415,23.8240
30216,0.1434,1.4400,23.6713
30217,0.1434,1.4400,23.6713
30218,0.1434,1.4399,23.6522
30219,0.1434,1.4397,23.6331
30220,0.1434,1.4395,23.6140
30221,0.1434,1.4395,23.6140
30222,0.1434,1.4391,23.5759
30223,0.1434,1.4391,23.5759
30224,0.1434,1.4389,23.5568
30225,0.1434,1.4387,23.5377
30226,0.1434,1.4385,23.5186
30227,0.1433,1.4384,23.4995
30228,0.1433,1.4382,23.4805
30229,0.1433,1.4382,23.4805
30231,0.1433,1.4380,23.4614
30232,0.1433,1.4378,23.4423
30233,0.1433,1.4372,23.3851
30234,0.1433,1.4374,23.4042
30235,0.1433,1.4372,23.3851
30236,0.1433,1.4370,23.3660
30237,0.1433,1.4367,23.3279
30238,0.1431,1.4367,23.3279
30239,0.1431,1.4363,23.2898
30240,0.1431,1.4361,23.2707
30241,0.1431,1.4359,23.2516
30242,0.1431,1.4357,23.2326
30243,0.1431,1.4357,23.2326
30244,0.1431,1.4355,23.2135
30245,0.1431,1.4352,23.1754
30246,0.1431,1.4350,23.1563
30247,0.1431,1.4350,23.1563
30248,0.1431,1.4348,23.1373
30249,0.1429,1.4346,23.1182
30251,0.1429,1.4344,23.0991
30252,0.1429,1.4342,23.0801
30253,0.1429,1.4339,23.0420
30254,0.1429,1.4337,23.0229
30255,0.1429,1.4335,23.0039
30256,0.1429,1.4333,22.9848
30257,0.1429,1.4331,22.9658
30258,0.1427,1.4327,22.9277
30259,0.1427,1.4325,22.9086
30260,0.1427,1.4324,22.8896
30261,0.1427,1.4322,22.8705
30262,0.1427,1.4318,22.8324
30263,0.1427,1.4316,22.8134
30264,0.1427,1.4314,22.7943
30265,0.1427,1.4310,22.7563
30266,0.1427,1.4309,22.7372
30267,0.1427,1.4305,22.6991
30268,0.1425,1.4303,22.6801
30269,0.1425,1.4299,22.6420
30271,0.1425,1.4295,22.6040
30272,0.1423,1.4294,22.5849
30273,0.1425,1.4290,22.5469
30274,0.1423,1.4288,22.5278
30275,0.1423,1.4284,22.4898
30276,0.1423,1.4295,22.6040
30277,0.1423,1.4294,22.5849
30278,0.1423,1.4290,22.5469
30279,0.1423,1.4288,22.5278
30280,0.1421,1.4282,22.4707
30281,0.1421,1.4280,22.4517
30282,0.1421,1.4279,22.4327
30283,0.1421,1.4271,22.3566
30284,0.1421,1.4271,22.3566
30285,0.1421,1.4269,22.3376
30286,0.1419,1.4267,22.3185
30287,0.1419,1.4264,22.2805
30288,0.1419,1.4262,22.2615
30289,0.1419,1.4258,22.2235
30291,0.1419,1.4252,22.1664
30292,0.1419,1.4239,22.0333
30293,0.1419,1.4235,21.9953
30294,0.1418,1.4232,21.9573
30295,0.1418,1.4228,21.9193
30296,0.1418,1.4224,21.8813
30297,0.1418,1.4222,21.8623
30298,0.1418,1.4220,21.8433
30299,0.1418,1.4217,21.8053
30300,0.1418,1.4213,21.7673
30301,0.1416,1.4211,21.7483
30302,0.1416,1.4207,21.7104
30303,0.1416,1.4204,21.6724
30304,0.1416,1.4200,21.6344
30305,0.1416,1.4196,21.5964
30306,0.1414,1.4192,21.5584
30307,0.1414,1.4190,21.5395
30308,0.1414,1.4187,21.5015
30310,0.1414,1.4185,21.4825
30311,0.1414,1.4181,21.4446
30312,0.1414,1.4179,21.4256
30313,0.1414,1.4175,21.3876
30314,0.1412,1.4174,21.3686
30315,0.1412,1.4170,21.3307
30316,0.1412,1.4166,21.2928
30317,0.1412,1.4162,21.2548
30318,0.1412,1.4159,21.2169
30319,0.1410,1.4155,21.1789
30320,0.1410,1.4149,21.1220
30321,0.1410,1.4147,21.1031
30322,0.1410,1.4140,21.0272
30323,0.1410,1.4142,21.0462
30324,0.1410,1.4136,20.9893
30325,0.1408,1.4134,20.9704
30326,0.1408,1.4130,20.9325
30327,0.1408,1.4129,20.9135
30328,0.1408,1.4127,20.8945
30330,0.1408,1.4125,20.8756
30331,0.1408,1.4123,20.8566
30332,0.1408,1.4121,20.8377
30333,0.1406,1.4115,20.7808
30334,0.1408,1.4115,20.7808
30335,0.1406,1.4114,20.7619
30336,0.1406,1.4110,20.7240
30337,0.1406,1.4106,20.6861
30338,0.1406,1.4102,20.6482
30339,0.1406,1.4099,20.6104
30340,0.1404,1.4095,20.5725
30341,0.1404,1.4089,20.5157
30342,0.1404,1.4087,20.4967
30343,0.1404,1.4082,20.4399
30344,0.1404,1.4082,20.4399
30345,0.1404,1.4080,20.4210
30346,0.1403,1.4078,20.4021
30347,0.1403,1.4074,20.3642
30348,0.1403,1.4070,20.3264
30350,0.1403,1.4067,20.2885
30351,0.1403,1.4065,20.2696
30352,0.1403,1.4061,20.2317
30353,0.1401,1.4069,20.3074
30354,0.1401,1.4065,20.2696
30355,0.1401,1.4061,20.2317
30356,0.1401,1.4059,20.2128
30357,0.1399,1.4057,20.1939
30358,0.1399,1.4054,20.1561
30359,0.1399,1.4052,20.1372
30360,0.1399,1.4050,20.1182
30361,0.1399,1.4046,20.0804
30362,0.1399,1.4044,20.0615
30363,0.1399,1.4040,20.0237
30364,0.1397,1.4035,19.9669
30365,0.1397,1.4033,19.9480
30366,0.1397,1.4029,19.9102
30367,0.1397,1.4025,19.8724
30368,0.1397,1.4009,19.7023
30369,0.1397,1.4005,19.6645
30371,0.1397,1.4001,19.6267
30372,0.1395,1.3999,19.6078
30373,0.1395,1.3995,19.5701
30374,0.1395,1.3992,19.5323
30375,0.1395,1.3988,19.4945
30376,0.1395,1.3988,19.4945
30377,0.1395,1.3984,19.4567
30378,0.1393,1.3982,19.4379
30379,0.1393,1.3979,19.4001
30380,0.1393,1.3979,19.4001
30381,0.1393,1.3975,19.3623
30382,0.1393,1.3973,19.3434
30383,0.1393,1.3969,19.3057
30384,0.1393,1.3964,19.2491
30385,0.1391,1.3962,19.2302
30386,0.1391,1.3960,19.2113
30387,0.1391,1.3952,19.1358
30388,0.1391,1.3949,19.0981
30389,0.1391,1.3945,19.0604
30391,0.1389,1.3941,19.0226
30392,0.1389,1.3937,18.9849
30393,0.1389,1.3934,18.9472
30394,0.1389,1.3932,18.9283
30395,0.1389,1.3926,18.8718
30396,0.1389,1.3924,18.8529
30397,0.1388,1.3922,18.8340
30398,0.1388,1.3920,18.8152
30399,0.1388,1.3917,18.7775
30400,0.1388,1.3913,18.7398
30401,0.1388,1.3909,18.7021
30402,0.1388,1.3905,18.6644
30403,0.1386,1.3902,18.6267
30404,0.1386,1.3898,18.5890
30405,0.1386,1.3892,18.5325
30406,0.1386,1.3890,18.5136
30407,0.1384,1.3887,18.4760
30408,0.1384,1.3883,18.4383
30409,0.1384,1.3877,18.3818
30411,0.1384,1.3875,18.3630
30412,0.1384,1.3872,18.3253
30413,0.1384,1.3868,18.2876
30414,0.1382,1.3864,18.2500
30415,0.1382,1.3857,18.1747
30416,0.1382,1.3857,18.1747
30417,0.1382,1.3853,18.1370
30418,0.1380,1.3849,18.0994
30419,0.1382,1.3845,18.0618
30420,0.1380,1.3842,18.0241
30421,0.1380,1.3838,17.9865
30422,0.1380,1.3836,17.9677
30423,0.1380,1.3832,17.9301
30424,0.1378,1.3829,17.8924
30425,0.1378,1.3823,17.8360
30426,0.1378,1.3823,17.8360
30427,0.1378,1.3821,17.8172
30428,0.1378,1.3830,17.9113
30429,0.1378,1.3829,17.8924
30430,0.1376,1.3827,17.8736
30432,0.1376,1.3825,17.8548
30433,0.1376,1.3821,17.8172
30434,0.1376,1.3821,17.8172
30435,0.1376,1.3819,17.7984
30436,0.1374,1.3817,17.7796
30437,0.1376,1.3814,17.7420
30438,0.1376,1.3814,17.7420
30439,0.1376,1.3810,17.7044
30440,0.1374,1.3808,17.6856
30441,0.1374,1.3808,17.6856
30442,0.1374,1.3808,17.6856
30443,0.1374,1.3804,17.6480
30444,0.1374,1.3791,17.5164
30445,0.1374,1.3787,17.4789
30446,0.1374,1.3785,17.4601
30447,0.1374,1.3784,17.4413
30448,0.1374,1.3782,17.4225
30449,0.1374,1.3778,17.3849
30451,0.1374,1.3776,17.3661
30452,0.1373,1.3772,17.3286
30453,0.1373,1.3769,17.2910
30454,0.1373,1.3767,17.2722
30455,0.1373,1.3763,17.2347
30456,1.3763,0.1373,-87.1550
30457,0.1373,1.3759,17.1971
30458,0.1373,1.3757,17.1783
30459,0.1371,1.3754,17.1408
30460,0.1371,1.3750,17.1032
30461,0.1371,1.3746,17.0657
30462,0.1371,1.3739,16.9906
30463,0.1371,1.3740,17.0094
30464,0.1371,1.3737,16.9719
30465,0.1371,1.3733,16.9343
30466,0.1369,1.3731,16.9156
30467,0.1369,1.3727,16.8781
30468,0.1369,1.3724,16.8405
30469,0.1369,1.3720,16.8030
30471,0.1369,1.3716,16.7655
30472,0.1367,1.3712,16.7280
30473,0.1367,1.3709,16.6905
30474,0.1367,1.3705,16.6530
30475,0.1367,1.3697,16.5780
30476,0.1365,1.3697,16.5780
30477,0.1367,1.3694,16.5405
30478,0.1365,1.3690,16.5030
30479,0.1365,1.3688,16.4843
30480,0.1365,1.3682,16.4281
30481,0.1365,1.3679,16.3906
30482,0.1363,1.3675,16.3531
30483,0.1363,1.3669,16.2969
30484,0.1363,1.3665,16.2594
30485,0.1363,1.3658,16.1845
30486,0.1361,1.3658,16.1845
30487,0.1361,1.3654,16.1471
30488,0.1361,1.3650,16.1096
30489,0.1361,1.3647,16.0722
30491,0.1361,1.3643,16.0347
30492,0.1361,1.3639,15.9973
30493,0.1359,1.3637,15.9786
30494,0.1359,1.3635,15.9599
30495,0.1359,1.3634,15.9411
30496,0.1359,1.3632,15.9224
30497,0.1359,1.3628,15.8850
30498,0.1359,1.3626,15.8663
30499,0.1358,1.3620,15.8102
30500,0.1358,1.3630,15.9037
30501,0.1358,1.3628,15.8850
30502,0.1358,1.3624,15.8476
30503,0.1356,1.3619,15.7915
30504,0.1356,1.3615,15.7540
30505,0.1356,1.3613,15.7353
30506,0.1356,1.3609,15.6979
30507,0.1356,1.3605,15.6605
30508,0.1356,1.3600,15.6044
30509,0.1354,1.3598,15.5857
30511,0.1354,1.3596,15.5670
30512,0.1354,1.3590,15.5109
30513,0.1354,1.3587,15.4735
30514,0.1352,1.3581,15.4175
30515,0.1352,1.3577,15.3801
30516,0.1352,1.3570,15.3053
30517,0.1352,1.3568,15.2867
30518,0.1350,1.3564,15.2493
30519,0.1350,1.3560,15.2119
30520,0.1350,1.3559,15.1932
30521,0.1350,1.3553,15.1372
30522,0.1350,1.3551,15.1185
30523,0.1350,1.3545,15.0625
30524,0.1348,1.3542,15.0252
30525,0.1348,1.3540,15.0065
30526,0.1348,1.3532,14.9318
30527,0.1348,1.3530,14.9132
30528,0.1346,1.3527,14.8758
30529,0.1346,1.3523,14.8385
30530,0.1346,1.3521,14.8198
30532,0.1346,1.3517,14.7825
30533,0.1346,1.3514,14.7452
30534,0.1346,1.3510,14.7079
30535,0.1344,1.3508,14.6892
30536,0.1344,1.3506,14.6706
30537,0.1344,1.3504,14.6519
30538,0.1344,1.3500,14.6146
30539,0.1344,1.3499,14.5960
30540,0.1344,1.3495,14.5587
30541,0.1344,1.3491,14.5214
30542,0.1343,1.3489,14.5027
30543,0.1343,1.3476,14.3722
30544,0.1343,1.3482,14.4281
30545,0.1343,1.3478,14.3909
30546,0.1341,1.3474,14.3536
30547,0.1343,1.3470,14.3163
30548,0.1343,1.3467,14.2790
30549,0.1341,1.3461,14.2231
30550,0.1341,1.3457,14.1859
30552,0.1341,1.3454,14.1486
30553,0.1341,1.3450,14.1114
30554,0.1339,1.3448,14.0927
30555,0.1339,1.3444,14.0555
30556,0.1339,1.3440,14.0182
30557,0.1339,1.3439,13.9996
30558,0.1339,1.3437,13.9810
30559,0.1339,1.3435,13.9624
30560,0.1339,1.3418,13.7948
30561,0.1339,1.3414,13.7576
30562,0.1339,1.3412,13.7390
30563,0.1337,1.3409,13.7018
30564,0.1337,1.3405,13.6646
30565,0.1337,1.3399,13.6087
30566,0.1337,1.3397,13.5901
30567,0.1335,1.3394,13.5529
30568,0.1337,1.3390,13.5157
30569,0.1335,1.3386,13.4785
30571,0.1335,1.3382,13.4414
30573,0.1333,1.3379,13.4042
30574,0.1335,1.3377,13.3856
30575,0.1335,1.3373,13.3484
30576,0.1333,1.3371,13.3298
30577,0.1333,1.3369,13.3112
30578,0.1333,1.3364,13.2555
30579,0.1333,1.3362,13.2369
30580,0.1333,1.3360,13.2183
30581,0.1333,1.3356,13.1811
30582,0.1333,1.3352,13.1440
30583,0.1333,1.3349,13.1068
30584,0.1331,1.3347,13.0882
30585,0.1331,1.3345,13.0696
30586,0.1331,1.3341,13.0325
30587,0.1331,1.3339,13.0139
30588,0.1329,0.1329,-87.4496
30589,0.1329,1.3332,12.9396
30590,0.1329,1.3330,12.9211
30591,0.1329,1.3324,12.8654
30593,0.1329,1.3322,12.8468
30594,0.1328,1.3319,12.8097
30595,0.1328,1.3317,12.7911
30596,0.1328,1.3315,12.7725
30597,0.1328,1.3311,12.7354
30598,0.1328,1.3307,12.6983
30599,0.1328,1.3305,12.6797
30600,0.1328,1.3304,12.6612
30601,0.1328,1.3300,12.6241
30602,0.1326,1.3298,12.6055
30603,0.1328,1.3292,12.5499
30604,0.1326,1.3289,12.5127
30605,0.1326,1.3285,12.4757
30606,0.1326,1.3283,12.4571
30607,0.1326,1.3277,12.4015
30608,0.1324,1.3272,12.3458
30609,0.1324,1.3270,12.3273
30610,0.1324,1.3268,12.3088
30611,0.1324,1.3266,12.2902
30612,0.1324,1.3260,12.2346
30614,0.1324,1.3257,12.1975
30615,0.1322,1.3253,12.1605
30616,0.1322,1.3251,12.1419
30617,0.1322,1.3247,12.1049
30618,0.1322,1.3244,12.0678
30619,0.1320,1.3240,12.0308
30620,0.1320,1.3234,11.9752
30621,0.1320,1.3245,12.0863
30622,0.1320,1.3244,12.0678
30623,0.1320,1.3240,12.0308
30624,0.1318,1.3234,11.9752
30625,0.1318,1.3232,11.9567
30626,0.1318,1.3230,11.9381
30627,0.1318,1.3227,11.9011
30628,0.1316,1.3223,11.8641
30629,0.1316,1.3221,11.8455
30630,0.1316,1.3217,11.8085
30630,0.1316,1.3219,11.8270
30632,0.1316,1.3215,11.7900
30633,0.1316,1.3214,11.7715
30634,0.1316,1.3210,11.7345
30635,0.1316,1.3206,11.6974
30636,0.1314,1.3189,11.5309
30637,0.1316,1.3182,11.4569
30638,0.1314,1.3182,11.4569
30639,0.1314,1.3180,11.4384
30640,0.1314,1.3178,11.4199
30641,0.1314,1.3176,11.4014
30642,0.1314,1.3174,11.3829
30643,0.1314,1.3172,11.3644
30644,0.1314,1.3170,11.3459
30645,0.1314,1.3169,11.3274
30646,0.1313,1.3167,11.3089
30647,0.1313,1.3159,11.2350
30648,0.1313,1.3159,11.2350
30649,0.1313,1.3155,11.1980
30650,0.1313,1.3155,11.1980
30652,0.1313,1.3155,11.1980
30653,0.1313,1.3152,11.1610
30654,0.1313,1.3148,11.1241
30655,0.1313,1.3146,11.1056
30656,0.1311,1.3142,11.0686
30657,0.1311,1.3140,11.0501
30658,0.1311,1.3135,10.9947
30659,0.1311,1.3137,11.0132
30660,0.1311,1.3135,10.9947
30661,0.1311,1.3131,10.9578
30662,0.1311,1.3129,10.9393
30663,0.1311,1.3127,10.9208
30664,0.1309,1.3124,10.8839
30665,0.1309,1.3120,10.8469
30666,0.1309,1.3118,10.8285
30667,0.1309,1.3116,10.8100
30668,0.1309,1.3114,10.7915
30669,0.1309,1.3110,10.7546
30670,0.1309,1.3109,10.7361
30672,0.1309,1.3107,10.7177
30673,0.1307,1.3105,10.6992
30674,0.1307,1.3103,10.6808
30675,0.1307,1.3101,10.6623
30676,0.1307,1.3097,10.6254
30677,0.1307,1.3094,10.5885
30678,0.1307,1.3092,10.5700
30679,0.1305,1.3086,10.5147
30680,0.1307,1.3088,10.5331
30681,0.1305,1.3084,10.4962
30682,0.1305,1.3082,10.4777
30683,0.1305,1.3080,10.4593
30684,0.1305,1.3077,10.4224
30685,0.1305,1.3073,10.3855
30686,0.1303,1.3069,10.3486
30687,0.1303,1.3065,10.3117
30688,0.1303,1.3064,10.2933
30689,0.1303,1.3060,10.2564
30690,0.1303,1.3058,10.2380
30692,0.1303,1.3054,10.2011
30693,0.1301,1.3052,10.1827
30694,0.1301,1.3049,10.1458
30695,0.1301,1.3047,10.1274
30696,0.1301,1.3056,10.2195
30697,0.1301,1.3052,10.1827
30698,0.1299,1.3050,10.1642
30699,0.1299,1.3045,10.1089
30700,0.1299,1.3043,10.0905
30701,0.1299,1.3039,10.0536
30702,0.1299,1.3035,10.0168
30703,0.1298,1.3032,9.9799
30704,0.1298,1.3028,9.9431
30705,0.1298,1.3026,9.9246
30706,0.1298,1.3022,9.8878
30707,0.1298,1.3017,9.8325
30708,0.1298,1.3015,9.8141
30709,0.1296,1.3013,9.7957
30710,0.1296,1.3005,9.7220
30712,0.1296,1.3005,9.7220
30713,0.1296,1.2987,9.5380
30714,0.1296,1.2983,9.5011
30715,0.1296,1.2979,9.4643
30716,0.1294,1.2975,9.4275
30717,0.1294,1.2970,9.3723
30718,0.1294,1.2964,9.3172
30719,0.1294,1.2962,9.2988
30720,0.1294,1.2959,9.2620
30721,0.1292,1.2951,9.1884
30722,0.1292,1.2951,9.1884
30723,0.1292,1.2949,9.1700
30724,0.1292,1.2945,9.1333
30725,0.1292,1.2942,9.0965
30726,0.1292,1.2940,9.0781
30727,0.1290,1.2936,9.0414
30728,0.1290,1.2930,8.9862
30729,0.1290,1.2927,8.9495
30730,0.1290,1.2925,8.9311
30731,0.1290,1.2917,8.8576
30733,0.1288,1.2915,8.8392
30734,0.1288,1.2914,8.8209
30735,0.1288,1.2908,8.7658
30736,0.1288,1.2904,8.7290
30737,0.1288,1.2900,8.6923
30738,0.1286,1.2897,8.6556
30739,0.1286,1.2895,8.6372
30740,0.1286,1.2891,8.6005
30741,0.1286,1.2884,8.5271
30742,0.1286,1.2884,8.5271
30743,0.1286,1.2882,8.5087
30744,0.1284,1.2878,8.4720
30745,0.1284,1.2874,8.4353
30746,0.1284,1.2869,8.3803
30747,0.1284,1.2865,8.3436
30748,0.1284,1.2861,8.3069
30749,0.1283,1.2857,8.2702
30750,0.1283,1.2854,8.2335
30752,0.1283,1.2848,8.1785
30753,0.1283,1.2844,8.1418
30754,0.1281,1.2840,8.1052
30755,0.1281,1.2835,8.0502
30756,0.1281,1.2831,8.0135
30757,0.1281,1.2827,7.9768
30758,0.1279,1.2824,7.9402
30759,0.1279,1.2820,7.9035
30760,0.1279,1.2816,7.8669
30761,0.1279,1.2809,7.7936
30762,0.1279,1.2807,7.7753
30763,0.1277,1.2803,7.7387
30764,0.1277,1.2797,7.6837
30765,0.1277,1.2794,7.6471
30766,0.1275,1.2788,7.5922
30767,0.1275,1.2782,7.5372
30768,0.1275,1.2779,7.5006
30769,0.1275,1.2775,7.4640
30770,0.1275,1.2769,7.4091
30772,0.1273,1.2765,7.3725
30773,0.1273,1.2779,7.5006
30774,0.1273,1.2775,7.4640
30775,0.1273,1.2769,7.4091
30776,0.1271,1.2765,7.3725
30777,0.1271,1.2762,7.3359
30778,0.1271,1.2758,7.2993
30779,0.1271,1.2752,7.2445
30780,0.1269,1.2749,7.2079
30781,0.1269,1.2745,7.1713
30782,0.1269,1.2739,7.1164
30783,0.1269,1.2735,7.0799
30784,0.1268,1.2732,7.0433
30785,0.1268,1.2730,7.0250
30786,0.1268,1.2726,6.9885
30787,0.1268,1.2722,6.9519
30788,0.1268,1.2704,6.7692
30789,0.1268,1.2698,6.7144
30790,0.1266,1.2694,6.6778
30791,0.1266,1.2687,6.6048
30793,0.1266,1.2683,6.5683
30794,0.1266,1.2677,6.5135
30795,0.1266,1.2674,6.4770
30796,0.1266,1.2670,6.4405
30797,0.1264,1.2666,6.4040
30798,0.1264,1.2664,6.3857
30799,0.1264,1.2660,6.3492
30800,0.1264,1.2657,6.3128
30801,0.1262,1.2653,6.2763
30802,0.1262,1.2647,6.2215
30803,0.1262,1.2647,6.2215
30804,0.1262,1.2644,6.1851
30805,0.1262,1.2640,6.1486
30806,0.1262,1.2634,6.0939
30807,0.1260,1.2630,6.0574
30808,0.1260,1.2627,6.0209
30809,0.1260,1.2621,5.9662
30810,0.1260,1.2617,5.9298
30811,0.1258,1.2615,5.9116
30813,0.1258,1.2612,5.8751
30814,0.1258,1.2610,5.8569
30815,0.1258,1.2608,5.8387
30816,0.1258,1.2606,5.8204
30817,0.1258,1.2602,5.7840
30818,0.1258,1.2600,5.7658
30819,0.1258,1.2599,5.7476
30820,0.1258,1.2595,5.7111
30821,0.1258,1.2595,5.7111
30822,0.1256,1.2589,5.6565
30823,0.1256,1.2589,5.6565
30824,0.1256,1.2585,5.6201
30825,0.1254,1.2584,5.6019
30826,0.1256,1.2580,5.5654
30827,0.1254,1.2578,5.5472
30828,0.1256,1.2576,5.5290
30829,0.1254,1.2572,5.4926
30830,0.1254,1.2570,5.4744
30831,0.1254,1.2569,5.4562
30833,0.1254,1.2563,5.4016
30834,0.1254,1.2565,5.4198
30835,0.1254,1.2565,5.4198
30836,0.1254,1.2565,5.4198
30837,0.1254,1.2563,5.4016
30838,0.1254,1.2563,5.4016
30839,0.1254,1.2563,5.4016
30840,0.1254,1.2563,5.4016
30841,0.1254,1.2563,5.4016
30842,0.1254,1.2561,5.3834
30843,0.1253,1.2561,5.3834
30844,0.1253,1.2576,5.5290
30845,0.1253,1.2574,5.5108
30846,0.1253,1.2576,5.5290
30847,0.1253,1.2576,5.5290
30848,0.1253,1.2576,5.5290
30849,0.1253,1.2578,5.5472
30850,0.1253,1.2578,5.5472
30851,0.1253,1.2576,5.5290
30853,0.1253,1.2576,5.5290
30854,0.1253,1.2576,5.5290
30855,0.1253,1.2578,5.5472
30856,0.1253,1.2578,5.5472
30857,0.1254,1.2580,5.5654
30858,0.1254,1.2582,5.5836
30859,0.1254,1.2584,5.6019
30860,0.1254,1.2585,5.6201
30861,0.1254,1.2585,5.6201
30862,0.1254,1.2587,5.6383
30863,0.1254,1.2587,5.6383
30864,0.1254,1.2585,5.6201
30865,0.1254,1.2585,5.6201
30866,0.1254,1.2585,5.6201
30867,0.1254,1.2584,5.6019
30868,0.1254,1.2584,5.6019
30869,0.1254,1.2584,5.6019
30870,0.1254,1.2584,5.6019
30871,0.1253,1.2584,5.6019
30873,0.1254,1.2584,5.6019
30874,0.1254,1.2584,5.6019
30875,0.1254,1.2584,5.6019
30876,0.1254,1.2585,5.6201
30877,0.1254,1.2585,5.6201
30878,0.1254,1.2585,5.6201
30879,0.1254,1.2584,5.6019
30880,0.1254,1.2584,5.6019
30881,0.1254,1.2584,5.6019
30882,0.1254,1.2580,5.5654
30883,0.1254,1.2582,5.5836
30884,0.1254,1.2582,5.5836
30885,0.1254,1.2582,5.5836
30886,0.1253,1.2582,5.5836
30887,0.1254,1.2580,5.5654
30888,0.1253,1.2578,5.5472
30889,0.1253,1.2578,5.5472
30890,0.1254,1.2559,5.3652
30891,0.1254,1.2559,5.3652
30893,0.1253,1.2555,5.3288
30894,0.1253,1.2559,5.3652
30895,0.1253,1.2557,5.3470
30896,0.1254,1.2557,5.3470
30897,0.1253,1.2555,5.3288
30898,0.1253,1.2554,5.3106
30899,0.1253,1.2554,5.3106
30900,0.1253,1.2552,5.2924
30901,0.1253,1.2550,5.2742
30902,0.1253,1.2548,5.2560
30903,0.1253,1.2546,5.2378
30904,0.1253,1.2546,5.2378
30905,0.1253,1.2546,5.2378
30906,0.1253,1.2544,5.2196
30907,0.1253,1.2544,5.2196
30908,0.1253,1.2542,5.2014
30909,0.1253,1.2540,5.1833
30910,0.1253,1.2539,5.1651
30911,0.1251,1.2537,5.1469
30912,0.1251,1.2537,5.1469
30914,0.1251,1.2535,5.1287
30915,0.1251,1.2535,5.1287
30916,0.1251,1.2533,5.1105
30917,0.1251,1.2533,5.1105
30918,0.1251,1.2529,5.0741
30919,0.1251,1.2529,5.0741
30920,0.1251,1.2527,5.0560
30921,0.1249,1.2525,5.0378
30922,0.1251,1.2524,5.0196
30923,0.1251,1.2522,5.0014
30924,0.1251,1.2522,5.0014
30925,0.1249,1.2518,4.9650
30926,0.1249,1.2516,4.9469
30927,0.1249,1.2514,4.9287
30928,0.1249,1.2512,4.9105
30929,0.1249,1.2509,4.8742
30930,0.1249,1.2507,4.8560
30931,0.1249,1.2505,4.8378
30932,0.1249,1.2503,4.8196
30933,0.1247,1.2499,4.7833
30935,0.1247,1.2497,4.7651
30936,0.1247,1.2495,4.7470
30937,0.1247,1.2492,4.7106
30938,0.1247,1.2490,4.6925
30939,0.1247,1.2488,4.6743
30940,0.1247,1.2486,4.6561
30941,0.1247,1.2486,4.6561
30942,0.1247,1.2484,4.6380
30943,0.1247,1.2480,4.6016
30944,0.1247,1.2482,4.6198
30945,0.1245,1.2480,4.6016
30946,0.1245,1.2477,4.5653
30947,0.1245,1.2475,4.5472
30948,0.1245,1.2471,4.5109
30949,0.1245,1.2469,4.4927
30950,0.1243,1.2482,4.6198
30951,0.1243,1.2479,4.5835
30952,0.1243,1.2475,4.5472
30954,0.1243,1.2471,4.5109
30955,0.1243,1.2471,4.5109
30956,0.1243,1.2465,4.4564
30957,0.1241,1.2465,4.4564
30958,0.1241,1.2464,4.4382
30959,0.1241,1.2462,4.4201
30960,0.1241,1.2460,4.4019
30961,0.1241,1.2460,4.4019
30962,0.1241,1.2458,4.3838
30963,0.1241,1.2456,4.3656
30964,0.1241,1.2452,4.3293
30965,0.1241,1.2452,4.3293
30966,0.1241,1.2432,4.1298
30967,0.1241,1.2428,4.0935
30968,0.1241,1.2424,4.0572
30969,0.1239,1.2420,4.0210
30970,0.1239,1.2419,4.0028
30971,0.1239,1.2417,3.9847
30972,0.1239,1.2413,3.9484
30974,0.1239,1.2407,3.8941
30975,0.1239,1.2409,3.9122
30976,0.1239,1.2407,3.8941
30977,0.1239,1.2405,3.8759
30978,0.1238,1.2404,3.8578
30979,0.1238,1.2400,3.8216
30980,0.1238,1.2398,3.8034
30981,0.1238,1.2394,3.7672
30982,0.1238,1.2390,3.7310
30983,0.1236,1.2385,3.6766
30984,0.1236,1.2387,3.6947
30985,0.1236,1.2383,3.6585
30986,0.1236,1.2381,3.6404
30987,0.1236,1.2381,3.6404
30988,0.1236,1.2377,3.6042
30989,0.1236,1.2375,3.5861
30990,0.1236,1.2374,3.5679
30991,0.1236,1.2372,3.5498
30992,0.1236,1.2368,3.5136
30994,0.1234,1.2364,3.4774
30995,0.1234,1.2360,3.4412
30996,0.1234,1.2359,3.4231
30997,0.1234,1.2355,3.3869
30998,0.1234,1.2351,3.3507
30999,0.1232,1.2347,3.3145
31000,0.1232,1.2345,3.2964
31001,0.1232,1.2342,3.2602
31002,0.1232,1.2340,3.2421
31003,0.1232,1.2338,3.2240
31004,0.1232,1.2332,3.1698
31005,0.1232,1.2334,3.1878
31006,0.1230,1.2332,3.1698
31007,0.1230,1.2330,3.1517
31008,0.1230,1.2329,3.1336
31009,0.1230,1.2329,3.1336
31010,0.1230,1.2325,3.0974
31011,0.1230,1.2323,3.0793
31012,0.1230,1.2321,3.0612
31014,0.1230,1.2319,3.0432
31015,0.1230,1.2317,3.0251
31016,0.1230,1.2317,3.0251
31017,0.1230,1.2315,3.0070
31018,0.1230,1.2314,2.9889
31019,0.1228,1.2314,2.9889
31020,0.1228,1.2312,2.9708
31021,0.1228,1.2310,2.9527
31022,0.1228,1.2306,2.9166
31023,0.1228,1.2304,2.8985
31024,0.1228,1.2304,2.8985
31025,0.1228,1.2300,2.8624
31026,0.1228,1.2321,3.0612
31027,0.1228,1.2321,3.0612
31028,0.1228,1.2319,3.0432
31029,0.1228,1.2317,3.0251
31030,0.1226,1.2315,3.0070
31031,0.1226,1.2314,2.9889
31032,0.1226,1.2315,3.0070
31034,0.1228,1.2315,3.0070
31035,0.1226,1.2315,3.0070
31036,0.1226,1.2312,2.9708
31037,0.1226,1.2314,2.9889
31038,0.1228,1.2312,2.9708
31039,0.1226,1.2312,2.9708
31040,0.1226,1.2308,2.9347
31041,0.1226,1.2306,2.9166
31042,0.1226,1.2287,2.7359
31043,0.1226,1.2285,2.7178
31044,0.1226,1.2287,2.7359
31045,0.1226,1.2287,2.7359
31046,0.1226,1.2283,2.6997
31047,0.1226,1.2283,2.6997
31048,0.1226,1.2283,2.6997
31049,0.1226,1.2283,2.6997
31050,0.1226,1.2280,2.6636
31051,0.1226,1.2278,2.6455
31052,0.1224,1.2276,2.6275
31054,0.1224,1.2274,2.6094
31055,0.1224,1.2272,2.5914
31056,0.1224,1.2270,2.5733
31057,0.1224,1.2268,2.5552
31058,0.1224,1.2267,2.5372
31059,0.1224,1.2267,2.5372
31060,0.1224,1.2265,2.5191
31061,0.1224,1.2263,2.5011
31062,0.1224,1.2263,2.5011
31063,0.1224,1.2261,2.4830
31064,0.1224,1.2259,2.4650
31065,0.1224,1.2257,2.4469
31066,0.1223,1.2253,2.4108
31067,0.1224,1.2255,2.4288
31068,0.1223,1.2255,2.4288
31069,0.1224,1.2253,2.4108
31070,0.1224,1.2253,2.4108
31071,0.1223,1.2253,2.4108
31072,0.1223,1.2252,2.3927
31074,0.1223,1.2250,2.3747
31075,0.1223,1.2248,2.3566
31076,0.1223,1.2246,2.3386
31077,0.1223,1.2244,2.3205
31078,0.1223,1.2244,2.3205
31079,0.1223,1.2242,2.3025
31080,0.1223,1.2240,2.2845
31081,0.1223,1.2238,2.2664
31082,0.1223,1.2237,2.2484
31083,0.1221,1.2235,2.2303
31084,0.1221,1.2233,2.2123
31085,0.1221,1.2229,2.1762
31086,0.1221,1.2227,2.1582
31087,0.1221,1.2223,2.1221
31088,0.1221,1.2222,2.1040
31089,0.1219,1.2218,2.0680
31090,0.1221,1.2216,2.0499
31091,0.1219,1.2214,2.0319
31092,0.1219,1.2212,2.0139
31093,0.1219,1.2210,1.9958
31095,0.1219,1.2207,1.9598
31096,0.1219,1.2205,1.9418
31097,0.1219,1.2201,1.9057
31098,0.1217,1.2199,1.8877
31099,0.1219,1.2195,1.8516
31100,0.1217,1.2192,1.8156
31101,0.1217,1.2190,1.7976
31102,0.1217,1.2188,1.7795
31103,0.1215,1.2203,1.9237
31104,0.1215,1.2199,1.8877
31105,0.1215,1.2195,1.8516
31106,0.1215,1.2193,1.8336
31107,0.1215,1.2192,1.8156
31108,0.1215,1.2190,1.7976
31109,0.1213,1.2186,1.7615
31110,0.1215,1.2184,1.7435
31111,0.1213,1.2180,1.7075
31112,0.1213,1.2175,1.6534
31113,0.1213,1.2177,1.6714
31115,0.1213,1.2173,1.6354
31116,0.1213,1.2171,1.6174
31117,0.1211,1.2169,1.5994
31118,0.1213,1.2167,1.5814
31119,0.1213,1.2165,1.5634
31120,0.1213,1.2163,1.5453
31121,0.1211,1.2160,1.5093
31122,0.1211,1.2158,1.4913
31123,0.1211,1.2156,1.4733
31124,0.1211,1.2152,1.4373
31125,0.1209,1.2150,1.4193
31126,0.1211,1.2145,1.3653
31127,0.1209,1.2143,1.3473
31128,0.1209,1.2139,1.3113
31129,0.1209,1.2139,1.3113
31130,0.1209,1.2135,1.2753
31131,0.1209,1.2132,1.2393
31132,0.1209,1.2113,1.0595
31134,0.1209,1.2109,1.0235
31135,0.1209,1.2107,1.0055
31136,0.1208,1.2105,0.9875
31137,0.1208,1.2103,0.9695
31138,0.1208,1.2102,0.9516
31139,0.1208,1.2098,0.9156
31140,0.1208,1.2094,0.8797
31141,0.1208,1.2092,0.8617
31142,0.1208,1.2088,0.8257
31143,0.1206,1.2087,0.8078
31144,0.1206,1.2083,0.7718
31145,0.1206,1.2081,0.7539
31146,0.1206,1.2077,0.7179
31147,0.1206,1.2077,0.7179
31148,0.1206,1.2075,0.7000
31149,0.1206,1.2073,0.6820
31150,0.1206,1.2072,0.6640
31151,0.1206,1.2068,0.6281
31153,0.1206,1.2066,0.6101
31154,0.1204,1.2064,0.5922
31155,0.1204,1.2060,0.5563
31156,0.1204,1.2057,0.5203
31157,0.1204,1.2053,0.4844
31158,0.1204,1.2051,0.4665
31159,0.1202,1.2047,0.4306
31160,0.1202,1.2043,0.3947
31161,0.1202,1.2042,0.3767
31162,0.1202,1.2040,0.3588
31163,0.1202,1.2036,0.3229
31164,0.1202,1.2034,0.3049
31165,0.1202,1.2032,0.2870
31166,0.1200,1.2027,0.2331
31167,0.1200,1.2027,0.2331
31168,0.1200,1.2025,0.2152
31169,0.1200,1.2021,0.1793
31170,0.1200,1.2017,0.1434
31171,0.1200,1.2013,0.1076
31172,0.1198,1.2012,0.0896
31174,0.1198,1.2008,0.0538
31175,0.1198,1.2021,0.1793
31176,0.1198,1.2019,0.1614
31177,0.1198,1.2013,0.1076
31178,0.1196,1.2013,0.1076
31179,0.1196,1.2012,0.0896
31180,0.1196,1.2010,0.0717
31181,0.1196,1.2010,0.0717
31182,0.1196,1.2008,0.0538
31183,0.1196,1.2008,0.0538
31184,0.1196,1.2006,0.0358
31185,0.1196,1.2004,0.0179
31186,0.1196,1.2004,0.0179
31187,0.1194,0.1194,-88.3686
31188,0.1196,1.2000,-0.0180
31189,0.1194,1.1998,-0.0359
31190,0.1194,1.1997,-0.0538
31191,0.1194,1.1995,-0.0718
31192,0.1194,1.1993,-0.0897
31194,0.1194,1.1989,-0.1255
31195,0.1194,1.1987,-0.1435
31196,0.1194,1.1985,-0.1614
31197,0.1194,1.1982,-0.1972
31198,0.1193,1.1978,-0.2331
31199,0.1193,1.1974,-0.2689
31200,0.1193,1.1970,-0.3047
31201,0.1193,1.1967,-0.3406
31202,0.1193,1.1963,-0.3764
31203,0.1193,1.1957,-0.4301
31204,0.1191,1.1955,-0.4480
31205,0.1191,1.1950,-0.5017
31206,0.1191,1.1944,-0.5555
31207,0.1191,1.1935,-0.6450
31208,0.1189,1.1933,-0.6629
31209,0.1189,1.1927,-0.7165
31210,0.1189,1.1923,-0.7523
31211,0.1187,1.1922,-0.7702
31212,0.1187,1.1918,-0.8060
31214,0.1187,1.1912,-0.8597
31215,0.1187,1.1907,-0.9133
31216,0.1185,1.1903,-0.9491
31217,0.1187,1.1899,-0.9849
31218,0.1185,1.1895,-1.0206
31219,0.1185,1.1892,-1.0564
31220,0.1185,1.1882,-1.1458
31221,0.1185,1.1865,-1.3066
31222,0.1185,1.1862,-1.3423
31223,0.1185,1.1858,-1.3780
31224,0.1183,1.1856,-1.3959
31225,0.1183,1.1850,-1.4495
31226,0.1183,1.1848,-1.4673
31227,0.1183,1.1845,-1.5030
31228,0.1183,1.1843,-1.5209
31229,0.1181,1.1839,-1.5566
31230,0.1181,1.1837,-1.5745
31231,0.1181,1.1833,-1.6102
31232,0.1181,1.1832,-1.6280
31233,0.1181,1.1830,-1.6459
31235,0.1181,1.1826,-1.6815
31236,0.1181,1.1824,-1.6994
31237,0.1181,1.1820,-1.7351
31238,0.1181,1.1817,-1.7708
31239,0.1179,1.1817,-1.7708
31240,0.1179,1.1813,-1.8064
31241,0.1179,1.1809,-1.8421
31242,0.1179,1.1805,-1.8778
31243,0.1179,1.1803,-1.8956
31244,0.1178,1.1802,-1.9135
31245,0.1178,1.1800,-1.9313
31246,0.1178,1.1796,-1.9670
31247,0.1178,1.1792,-2.0026
31248,0.1178,1.1790,-2.0205
31249,0.1178,1.1788,-2.0383
31250,0.1178,1.1787,-2.0561
31251,0.1178,1.1785,-2.0739
31252,0.1178,1.1783,-2.0918
31254,0.1178,1.1781,-2.1096
31255,0.1176,1.1781,-2.1096
31256,0.1176,1.1779,-2.1274
31257,0.1176,1.1775,-2.1631
31258,0.1176,1.1770,-2.2165
31259,0.1176,1.1772,-2.1987
31260,0.1174,1.1768,-2.2343
31261,0.1176,1.1766,-2.2522
31262,0.1174,1.1762,-2.2878
31263,0.1174,1.1762,-2.2878
31264,0.1174,1.1760,-2.3056
31265,0.1174,1.1758,-2.3234
31266,0.1174,1.1755,-2.3590
31267,0.1174,1.1753,-2.3769
31268,0.1174,1.1749,-2.4125
31269,0.1174,1.1749,-2.4125
31270,0.1172,1.1747,-2.4303
31271,0.1172,1.1743,-2.4659
31272,0.1172,1.1742,-2.4837
31273,0.1172,1.1740,-2.5015
31275,0.1172,1.1738,-2.5193
31276,0.1172,1.1734,-2.5549
31277,0.1172,1.1732,-2.5727
31278,0.1172,1.1730,-2.5905
31279,0.1172,1.1723,-2.6617
31280,0.1170,1.1723,-2.6617
31281,0.1170,1.1738,-2.5193
31282,0.1170,1.1736,-2.5371
31283,0.1168,1.1732,-2.5727
31284,0.1168,1.1728,-2.6083
31285,0.1168,1.1727,-2.6261
31286,0.1168,1.1725,-2.6439
31287,0.1168,1.1721,-2.6795
31288,0.1168,1.1719,-2.6973
31289,0.1168,1.1713,-2.7507
31290,0.1166,1.1712,-2.7685
31291,0.1166,1.1710,-2.7863
31292,0.1166,1.1708,-2.8041
31293,0.1166,1.1704,-2.8396
31295,0.1166,1.1702,-2.8574
31296,0.1166,1.1698,-2.8930
31297,0.1166,1.1676,-3.1063
31298,0.1164,1.1672,-3.1419
31299,0.1164,1.1667,-3.1952
31300,0.1164,1.1663,-3.2307
31301,0.1164,1.1661,-3.2485
31302,0.1164,1.1657,-3.2840
31303,0.1164,1.1657,-3.2840
31304,0.1164,1.1655,-3.3018
31305,0.1164,1.1653,-3.3196
31306,0.1164,1.1653,-3.3196
31307,0.1164,1.1652,-3.3373
31308,0.1164,1.1648,-3.3728
31309,0.1163,1.1650,-3.3551
31310,0.1163,1.1650,-3.3551
31311,0.1163,1.1646,-3.3906
31312,0.1163,1.1644,-3.4084
31313,0.1163,1.1640,-3.4439
31315,0.1163,1.1637,-3.4794
31316,0.1163,1.1635,-3.4971
31317,0.1163,1.1633,-3.5149
31318,0.1161,1.1629,-3.5504
31319,0.1161,1.1627,-3.5682
31320,0.1161,1.1623,-3.6037
31321,0.1161,1.1620,-3.6392
31322,0.1161,1.1616,-3.6746
31323,0.1159,1.1614,-3.6924
31324,0.1159,1.1612,-3.7101
31325,0.1159,1.1608,-3.7456
31326,0.1159,1.1607,-3.7634
31327,0.1159,1.1603,-3.7988
31328,0.1159,1.1597,-3.8520
31329,0.1157,1.1592,-3.9053
31330,0.1159,1.1592,-3.9053
31331,0.1157,1.1588,-3.9407
31332,0.1157,1.1586,-3.9584
31333,0.1157,1.1582,-3.9939
31335,0.1157,1.1578,-4.0294
31336,0.1157,1.1577,-4.0471
31337,0.1155,1.1573,-4.0825
31338,0.1155,1.1571,-4.1003
31339,0.1155,1.1565,-4.1534
31340,0.1153,1.1560,-4.2066
31341,0.1153,1.1558,-4.2243
31342,0.1153,1.1552,-4.2775
31343,0.1153,1.1548,-4.3129
31344,0.1153,1.1545,-4.3483
31345,0.1153,1.1541,-4.3837
31346,0.1151,1.1537,-4.4191
31347,0.1151,1.1533,-4.4545
31348,0.1151,1.1532,-4.4723
31349,0.1151,1.1530,-4.4900
31350,0.1151,1.1528,-4.5077
31351,0.1151,1.1526,-4.5254
31352,0.1151,1.1522,-4.5608
31353,0.1151,1.1520,-4.5785
31354,0.1149,1.1517,-4.6139
31356,0.1149,1.1515,-4.6316
31357,0.1149,1.1530,-4.4900
31358,0.1149,1.1528,-4.5077
31359,0.1148,1.1528,-4.5077
31360,0.1149,1.1526,-4.5254
31361,0.1148,1.1524,-4.5431
31362,0.1148,1.1518,-4.5962
31363,0.1148,1.1520,-4.5785
31364,0.1148,1.1518,-4.5962
31365,0.1148,1.1517,-4.6139
31366,0.1148,1.1515,-4.6316
31367,0.1148,1.1511,-4.6669
31368,0.1148,1.1509,-4.6846
31369,0.1148,1.1505,-4.7200
31370,0.1146,1.1502,-4.7554
31371,0.1146,1.1498,-4.7908
31372,0.1146,1.1473,-5.0207
31373,0.1146,1.1473,-5.0207
31374,0.1146,1.1470,-5.0560
31376,0.1146,1.1468,-5.0737
31377,0.1146,1.1464,-5.1090
31378,0.1146,1.1460,-5.1444
31379,0.1144,1.1457,-5.1797
31380,0.1144,1.1453,-5.2150
31381,0.1144,1.1451,-5.2327
31382,0.1144,1.1449,-5.2504
31383,0.1144,1.1453,-5.2150
31384,0.1144,1.1451,-5.2327
31385,0.1144,1.1447,-5.2680
31386,0.1142,1.1443,-5.3034
31387,0.1142,1.1442,-5.3210
31388,0.1142,1.1438,-5.3563
31389,0.1142,1.1434,-5.3917
31390,0.1142,1.1432,-5.4093
31391,0.1142,1.1428,-5.4446
31392,0.1140,1.1423,-5.4976
31393,0.1140,1.1417,-5.5505
31394,0.1140,1.1410,-5.6211
31396,0.1138,1.1402,-5.6917
31397,0.1138,1.1397,-5.7446
31398,0.1138,1.1393,-5.7799
31399,0.1138,1.1389,-5.8152
31400,0.1136,1.1385,-5.8505
31401,0.1136,1.1383,-5.8681
31402,0.1136,1.1378,-5.9210
31403,0.1136,1.1376,-5.9386
31404,0.1136,1.1374,-5.9562
31405,0.1134,1.1370,-5.9915
31406,0.1134,1.1367,-6.0267
31407,0.1134,1.1365,-6.0444
31408,0.1134,1.1361,-6.0796
31409,0.1134,1.1359,-6.0972
31410,0.1134,1.1355,-6.1325
31411,0.1134,1.1353,-6.1501
31412,0.1134,1.1348,-6.2030
31413,0.1133,1.1348,-6.2030
31414,0.1133,1.1348,-6.2030
31416,0.1133,1.1346,-6.2206
31417,0.1133,1.1342,-6.2558
31418,0.1133,1.1342,-6.2558
31419,0.1133,1.1340,-6.2734
31420,0.1133,1.1337,-6.3086
31421,0.1131,1.1335,-6.3262
31422,0.1133,1.1331,-6.3615
31423,0.1131,1.1325,-6.4143
31424,0.1131,1.1322,-6.4495
31425,0.1131,1.1316,-6.5023
31426,0.1129,1.1312,-6.5375
31427,0.1129,1.1307,-6.5903
31428,0.1129,1.1303,-6.6255
31429,0.1129,1.1299,-6.6607
31430,0.1129,1.1299,-6.6607
31431,0.1129,1.1295,-6.6958
31432,0.1127,1.1310,-6.5551
31433,0.1127,1.1308,-6.5727
31434,0.1127,1.1305,-6.6079
31436,0.1127,1.1303,-6.6255
31437,0.1127,1.1301,-6.6431
31438,0.1127,1.1299,-6.6607
31439,0.1127,1.1297,-6.6783
31440,0.1125,1.1295,-6.6958
31441,0.1125,1.1293,-6.7134
31442,0.1125,1.1292,-6.7310
31443,0.1125,1.1292,-6.7310
31444,0.1125,1.1290,-6.7486
31445,0.1125,1.1290,-6.7486
31446,0.1125,1.1288,-6.7662
31447,0.1125,1.1286,-6.7838
31448,0.1125,1.1286,-6.7838
31449,0.1125,1.1265,-6.9772
31450,0.1125,1.1263,-6.9948
31451,0.1125,1.1263,-6.9948
31452,0.1125,1.1262,-7.0123
31453,0.1125,1.1263,-6.9948
31454,0.1125,1.1263,-6.9948
31456,0.1125,1.1262,-7.0123
31457,0.1125,1.1258,-7.0475
31458,0.1123,1.1256,-7.0651
31459,0.1123,1.1254,-7.0826
31460,0.1123,1.1252,-7.1002
31461,0.1123,1.1250,-7.1178
31462,0.1123,1.1248,-7.1353
31463,0.1123,1.1247,-7.1529
31464,0.1123,1.1245,-7.1705
31465,0.1123,1.1241,-7.2056
31466,0.1123,1.1239,-7.2232
31467,0.1123,1.1237,-7.2407
31468,0.1121,1.1235,-7.2583
31469,0.1121,1.1233,-7.2759
31470,0.1121,1.1232,-7.2934
31471,0.1121,1.1226,-7.3461
31472,0.1121,1.1220,-7.3988
31473,0.1121,1.1220,-7.3988
31474,0.1121,1.1218,-7.4163
31476,0.1119,1.1217,-7.4339
31477,0.1119,1.1215,-7.4514
31478,0.1119,1.1209,-7.5041
31479,0.1119,1.1205,-7.5392
31480,0.1119,1.1200,-7.5918
31481,0.1118,1.1196,-7.6269
31482,0.1118,1.1192,-7.6620
31483,0.1118,1.1188,-7.6971
31484,0.1118,1.1185,-7.7321
31485,0.1116,1.1179,-7.7847
31486,0.1116,1.1175,-7.8198
31487,0.1116,1.1170,-7.8724
31488,0.1116,1.1166,-7.9075
31489,0.1114,1.1160,-7.9600
31490,0.1114,1.1155,-8.0126
31491,0.1114,1.1149,-8.0652
31492,0.1114,1.1142,-8.1353
31493,0.1112,1.1140,-8.1528
31494,0.1112,1.1134,-8.2053
31496,0.1112,1.1130,-8.2403
31497,0.1110,1.1125,-8.2929
31498,0.1110,1.1123,-8.3104
31499,0.1110,1.1119,-8.3454
31500,0.1110,1.1117,-8.3629
31501,0.1110,1.1115,-8.3804
31502,0.1110,1.1113,-8.3979
31503,0.1110,1.1112,-8.4154
31504,0.1108,1.1128,-8.2579
31505,0.1108,1.1127,-8.2754
31506,0.1108,1.1127,-8.2754
31507,0.1108,1.1125,-8.2929
31508,0.1108,1.1123,-8.3104
31509,0.1108,1.1121,-8.3279
31510,0.1108,1.1119,-8.3454
31511,0.1108,1.1117,-8.3629
31512,0.1108,1.1117,-8.3629
31513,0.1106,1.1115,-8.3804
31514,0.1108,1.1113,-8.3979
31516,0.1108,1.1112,-8.4154
31517,0.1106,1.1110,-8.4329
31518,0.1106,1.1108,-8.4504
31519,0.1106,1.1104,-8.4854
31520,0.1106,1.1102,-8.5029
31521,0.1106,1.1098,-8.5379
31522,0.1106,1.1097,-8.5554
31523,0.1104,1.1095,-8.5729
31524,0.1104,1.1091,-8.6079
31525,0.1104,1.1091,-8.6079
31526,0.1104,1.1087,-8.6429
31527,0.1104,1.1085,-8.6604
31528,0.1104,1.1083,-8.6778
31529,0.1104,1.1078,-8.7303
31530,0.1103,1.1076,-8.7478
31531,0.1104,1.1072,-8.7828
31532,0.1103,1.1070,-8.8002
31533,0.1103,1.1067,-8.8352
31534,0.1103,1.1065,-8.8527
31535,0.1103,1.1061,-8.8876
31537,0.1103,1.1059,-8.9051
31538,0.1101,1.1057,-8.9226
31539,0.1101,1.1053,-8.9575
31540,0.1101,1.1048,-9.0100
31541,0.1101,1.1044,-9.0449
31542,0.1101,1.1038,-9.0973
31543,0.1101,1.1037,-9.1148
31544,0.1099,1.1033,-9.1497
31545,0.1099,0.1099,-89.0167
31546,0.1099,1.1027,-9.2021
31547,0.1099,1.1025,-9.2196
31548,0.1099,1.1025,-9.2196
31549,0.1099,1.1023,-9.2370
31550,0.1099,1.1001,-9.4465
31551,0.1099,1.0999,-9.4639
31552,0.1099,1.0997,-9.4814
31553,0.1099,1.0995,-9.4988
31554,0.1099,1.0993,-9.5163
31555,0.1099,1.0993,-9.5163
31556,0.1097,1.0992,-9.5337
31558,0.1099,1.0992,-9.5337
31559,0.1097,1.0990,-9.5512
31560,0.1097,1.0988,-9.5686
31561,0.1097,1.0986,-9.5860
31562,0.1097,1.0984,-9.6035
31563,0.1097,1.0980,-9.6384
31564,0.1095,1.0977,-9.6732
31565,0.1097,1.0977,-9.6732
31566,0.1097,1.0975,-9.6907
31567,0.1097,1.0975,-9.6907
31568,0.1097,1.0975,-9.6907
31569,0.1097,1.0975,-9.6907
31570,0.1097,1.0973,-9.7081
31571,0.1097,1.0973,-9.7081
31572,0.1095,1.0973,-9.7081
31573,0.1097,1.0973,-9.7081
31574,0.1097,1.0969,-9.7430
31575,0.1095,1.0969,-9.7430
31577,0.1095,1.0967,-9.7604
31578,0.1095,1.0963,-9.7953
31579,0.1095,1.0960,-9.8301
31580,0.1093,1.0954,-9.8824
31581,0.1093,1.0950,-9.9173
31582,0.1093,1.0947,-9.9521
31583,0.1093,1.0943,-9.9870
31584,0.1093,1.0939,-10.0218
31585,0.1093,1.0935,-10.0566
31586,0.1091,1.0932,-10.0915
31587,0.1091,1.0926,-10.1437
31588,0.1091,1.0922,-10.1785
31589,0.1091,1.0917,-10.2308
31590,0.1089,1.0913,-10.2656
31591,0.1089,1.0907,-10.3178
31592,0.1089,1.0903,-10.3526
31593,0.1089,1.0898,-10.4048
31594,0.1088,1.0892,-10.4570
31595,0.1088,1.0888,-10.4918
31597,0.1088,1.0883,-10.5440
31598,0.1088,1.0877,-10.5962
31599,0.1086,1.0872,-10.6483
31600,0.1086,1.0868,-10.6831
31601,0.1086,1.0864,-10.7179
31602,0.1084,1.0858,-10.7700
31603,0.1084,1.0851,-10.8395
31604,0.1084,1.0845,-10.8916
31605,0.1084,1.0840,-10.9438
31606,0.1082,1.0836,-10.9785
31607,0.1082,1.0832,-11.0132
31608,0.1082,1.0828,-11.0480
31609,0.1082,1.0827,-11.0653
31610,0.1082,1.0823,-11.1001
31611,0.1080,1.0840,-10.9438
31612,0.1080,1.0836,-10.9785
31613,0.1080,1.0834,-10.9959
31614,0.1080,1.0827,-11.0653
31615,0.1078,1.0825,-11.0827
31617,0.1078,1.0817,-11.1522
31618,0.1078,1.0817,-11.1522
31619,0.1078,1.0812,-11.2042
31620,0.1078,1.0812,-11.2042
31621,0.1076,1.0808,-11.2390
31622,0.1076,1.0802,-11.2910
31623,0.1076,1.0800,-11.3084
31624,0.1076,1.0797,-11.3431
31625,0.1076,1.0793,-11.3778
31626,0.1074,1.0789,-11.4125
31627,0.1076,1.0768,-11.6032
31628,0.1076,1.0767,-11.6206
31629,0.1074,1.0767,-11.6206
31630,0.1074,1.0763,-11.6552
31631,0.1074,1.0761,-11.6726
31632,0.1074,1.0759,-11.6899
31633,0.1074,1.0757,-11.7072
31634,0.1074,1.0755,-11.7246
31635,0.1074,1.0752,-11.7592
31637,0.1073,1.0748,-11.7939
31638,0.1073,1.0746,-11.8112
31639,0.1073,1.0744,-11.8285
31640,0.1073,1.0746,-11.8112
31641,0.1074,1.0746,-11.8112
31642,0.1073,1.0746,-11.8112
31643,0.1073,1.0744,-11.8285
31644,0.1073,1.0744,-11.8285
31645,0.1073,1.0742,-11.8459
31646,0.1073,1.0742,-11.8459
31647,0.1073,1.0740,-11.8632
31648,0.1073,1.0738,-11.8805
31649,0.1073,1.0737,-11.8978
31650,0.1073,1.0735,-11.9152
31651,0.1073,1.0733,-11.9325
31652,0.1073,1.0735,-11.9152
31653,0.1073,1.0733,-11.9325
31654,0.1073,1.0735,-11.9152
31655,0.1073,1.0735,-11.9152
31656,0.1073,1.0733,-11.9325
31658,0.1073,1.0733,-11.9325
31659,0.1071,1.0731,-11.9498
31660,0.1071,1.0727,-11.9844
31661,0.1071,1.0725,-12.0018
31662,0.1071,1.0720,-12.0537
31663,0.1071,1.0716,-12.0883
31664,0.1071,1.0714,-12.1056
31665,0.1071,1.0712,-12.1229
31666,0.1071,1.0712,-12.1229
31667,0.1071,1.0710,-12.1403
31668,0.1071,1.0708,-12.1576
31669,0.1069,1.0705,-12.1922
31670,0.1069,1.0705,-12.1922
31671,0.1069,1.0703,-12.2095
31672,0.1069,1.0703,-12.2095
31673,0.1069,1.0701,-12.2268
31674,0.1069,1.0695,-12.2787
31675,0.1067,1.0692,-12.3133
31676,0.1067,1.0686,-12.3652
31678,0.1067,1.0684,-12.3825
31679,0.1067,1.0678,-12.4344
31680,0.1067,1.0675,-12.4690
31681,0.1065,1.0673,-12.4863
31682,0.1065,1.0673,-12.4863
31683,0.1067,1.0675,-12.4690
31684,0.1065,1.0677,-12.4517
31685,0.1067,1.0677,-12.4517
31686,0.1067,1.0678,-12.4344
31687,0.1065,1.0701,-12.2268
31688,0.1067,1.0701,-12.2268
31689,0.1067,1.0699,-12.2441
31690,0.1065,1.0697,-12.2614
31691,0.1065,1.0693,-12.2960
31692,0.1065,1.0692,-12.3133
31693,0.1065,1.0692,-12.3133
31694,0.1065,1.0688,-12.3479
31695,0.1065,1.0684,-12.3825
31696,0.1065,1.0684,-12.3825
31698,0.1063,1.0678,-12.4344
31699,0.1063,1.0673,-12.4863
31700,0.1063,1.0669,-12.5208
31701,0.1063,1.0663,-12.5727
31702,0.1063,1.0662,-12.5900
31703,0.1063,1.0639,-12.7974
31704,0.1063,1.0635,-12.8319
31705,0.1063,1.0632,-12.8664
31706,0.1061,1.0628,-12.9010
31707,0.1061,1.0620,-12.9701
31708,0.1061,1.0613,-13.0391
31709,0.1059,1.0609,-13.0736
31710,0.1059,1.0605,-13.1082
31711,0.1059,1.0602,-13.1427
31712,0.1058,1.0596,-13.1944
31713,0.1058,1.0594,-13.2117
31714,0.1058,1.0588,-13.2635
31715,0.1058,1.0581,-13.3324
31716,0.1056,1.0570,-13.4359
31718,0.1056,1.0562,-13.5049
31719,0.1054,1.0558,-13.5393
31720,0.1054,1.0555,-13.5738
31721,0.1054,1.0553,-13.5911
31722,0.1054,1.0549,-13.6255
31723,0.1054,1.0545,-13.6600
31724,0.1054,1.0542,-13.6944
31725,0.1052,1.0538,-13.7289
31726,0.1052,1.0536,-13.7461
31727,0.1052,1.0532,-13.7806
31728,0.1052,1.0530,-13.7978
31729,0.1052,1.0528,-13.8150
31730,0.1052,1.0527,-13.8322
31731,0.1052,1.0523,-13.8667
31732,0.1050,1.0540,-13.7117
31733,0.1050,1.0538,-13.7289
31734,0.1050,1.0532,-13.7806
31735,0.1048,1.0528,-13.8150
31736,0.1048,1.0525,-13.8495
31738,0.1048,1.0519,-13.9011
31739,0.1048,1.0513,-13.9528
31740,0.1046,1.0508,-14.0044
31741,0.1046,1.0504,-14.0388
31742,0.1046,1.0500,-14.0732
31743,0.1046,1.0498,-14.0904
31744,0.1046,1.0497,-14.1077
31745,0.1046,1.0493,-14.1421
31746,0.1046,1.0467,-14.3828
31747,0.1046,1.0463,-14.4172
31748,0.1044,1.0459,-14.4516
31749,0.1044,1.0453,-14.5032
31750,0.1044,1.0450,-14.5375
31751,0.1044,1.0446,-14.5719
31752,0.1043,1.0442,-14.6063
31753,0.1043,1.0437,-14.6578
31754,0.1043,1.0433,-14.6922
31755,0.1041,1.0425,-14.7608
31756,0.1041,1.0418,-14.8295
31758,0.1041,1.0408,-14.9154
31759,0.1039,1.0403,-14.9668
31760,0.1039,1.0395,-15.0355
31761,0.1037,1.0388,-15.1041
31762,0.1037,1.0382,-15.1556
31763,0.1035,1.0397,-15.0183
31764,0.1037,1.0395,-15.0355
31765,0.1035,1.0392,-15.0698
31766,0.1035,1.0390,-15.0870
31767,0.1035,1.0388,-15.1041
31768,0.1035,1.0384,-15.1384
31769,0.1033,1.0380,-15.1727
31770,0.1035,1.0377,-15.2070
31771,0.1033,1.0373,-15.2413
31772,0.1033,1.0369,-15.2756
31773,0.1033,1.0367,-15.2928
31774,0.1033,1.0363,-15.3270
31775,0.1033,1.0363,-15.3270
31776,0.1031,1.0358,-15.3785
31778,0.1031,1.0356,-15.3956
31779,0.1031,1.0352,-15.4299
31780,0.1033,1.0326,-15.6697
31781,0.1031,1.0320,-15.7211
31782,0.1031,1.0317,-15.7553
31783,0.1029,1.0311,-15.8067
31784,0.1029,1.0309,-15.8238
31785,0.1029,1.0305,-15.8580
31786,0.1029,1.0300,-15.9094
31787,0.1028,1.0294,-15.9607
31788,0.1028,1.0290,-15.9949
31789,0.1028,1.0287,-16.0291
31790,0.1028,1.0281,-16.0804
31791,0.1028,1.0275,-16.1317
31792,0.1026,1.0270,-16.1830
31793,0.1026,1.0266,-16.2172
31794,0.1026,1.0262,-16.2514
31795,0.1026,1.0260,-16.2685
31796,0.1026,1.0258,-16.2856
31798,0.1024,1.0257,-16.3027
31799,0.1024,1.0255,-16.3198
31800,0.1026,1.0255,-16.3198
31801,0.1024,1.0253,-16.3369
31802,0.1024,1.0251,-16.3540
31803,0.1024,1.0249,-16.3710
31804,0.1024,1.0249,-16.3710
31805,0.1024,1.0249,-16.3710
31806,0.1024,1.0247,-16.3881
31807,0.1024,1.0243,-16.4223
31808,0.1024,1.0242,-16.4394
31809,0.1024,1.0238,-16.4736
31810,0.1022,1.0236,-16.4906
31811,0.1022,1.0234,-16.5077
31812,0.1022,1.0230,-16.5419
31813,0.1022,1.0228,-16.5590
31814,0.1022,1.0227,-16.5760
31815,0.1022,1.0227,-16.5760
31816,0.1022,1.0227,-16.5760
31818,0.1022,1.0223,-16.6102
31819,0.1022,1.0225,-16.5931
31820,0.1022,1.0223,-16.6102
31821,0.1022,1.0221,-16.6273
31822,0.1020,1.0219,-16.6443
31823,0.1020,1.0217,-16.6614
31824,0.1020,1.0215,-16.6785
31825,0.1020,1.0212,-16.7126
31826,0.1020,1.0208,-16.7468
31827,0.1020,1.0206,-16.7638
31828,0.1020,1.0202,-16.7980
31829,0.1020,1.0204,-16.7809
31830,0.1018,1.0200,-16.8150
31831,0.1018,1.0195,-16.8662
31832,0.1018,1.0189,-16.9174
31833,0.1018,1.0185,-16.9515
31834,0.1016,1.0202,-16.7980
31835,0.1016,1.0197,-16.8491
31836,0.1016,1.0193,-16.8833
31838,0.1014,1.0187,-16.9344
31839,0.1014,1.0182,-16.9856
31840,0.1014,1.0174,-17.0538
31841,0.1013,1.0168,-17.1050
31842,0.1013,1.0163,-17.1561
31843,0.1013,1.0153,-17.2413
31844,0.1011,1.0146,-17.3095
31845,0.1011,1.0138,-17.3776
31846,0.1009,1.0133,-17.4287
31847,0.1009,1.0131,-17.4458
31848,0.1009,1.0129,-17.4628
31849,0.1009,1.0127,-17.4798
31850,0.1009,1.0123,-17.5139
31851,0.1009,1.0122,-17.5309
31852,0.1009,1.0118,-17.5650
31853,0.1009,1.0116,-17.5820
31854,0.1007,1.0112,-17.6160
31855,0.1007,1.0110,-17.6330
31856,0.1007,1.0107,-17.6671
31858,0.1007,1.0103,-17.7011
31859,0.1007,1.0099,-17.7352
31860,0.1007,1.0097,-17.7522
31861,0.1005,1.0097,-17.7522
31862,0.1007,1.0093,-17.7862
31863,0.1005,1.0090,-17.8202
31864,0.1005,1.0086,-17.8542
31865,0.1005,1.0078,-17.9223
31866,0.1003,1.0073,-17.9733
31867,0.1003,1.0067,-18.0243
31868,0.1003,1.0063,-18.0583
31869,0.1003,1.0056,-18.1263
31870,0.1001,1.0052,-18.1603
31871,0.1001,1.0048,-18.1942
31872,0.1001,1.0047,-18.2112
31873,0.1001,1.0045,-18.2282
31874,0.1001,1.0041,-18.2622
31875,0.0999,1.0037,-18.2962
31876,0.0999,1.0033,-18.3301
31878,0.0999,1.0030,-18.3641
31879,0.0999,1.0022,-18.4320
31880,0.0998,1.0018,-18.4660
31881,0.0998,0.9990,-18.7205
31882,0.0998,0.9985,-18.7714
31883,0.0998,0.9981,-18.8053
31884,0.0998,0.9979,-18.8223
31885,0.0998,0.9977,-18.8392
31886,0.0996,0.9975,-18.8562
31887,0.0996,0.9972,-18.8901
31888,0.0996,0.9968,-18.9240
31889,0.0996,0.9966,-18.9410
31890,0.0996,0.9962,-18.9749
31891,0.0996,0.9960,-18.9918
31892,0.0996,0.9955,-19.0427
31893,0.0994,0.9951,-19.0765
31894,0.0994,0.9947,-19.1104
31895,0.0994,0.9943,-19.1443
31897,0.0994,0.9942,-19.1613
31898,0.0992,0.9940,-19.1782
31899,0.0992,0.9938,-19.1951
31900,0.0992,0.9936,-19.2121
31901,0.0992,0.9932,-19.2459
31902,0.0992,0.9930,-19.2629
31903,0.0992,0.9928,-19.2798
31904,0.0992,0.9927,-19.2967
31905,0.0992,0.9925,-19.3137
31906,0.0992,0.9925,-19.3137
31907,0.0992,0.9925,-19.3137
31908,0.0992,0.9925,-19.3137
31909,0.0992,0.9925,-19.3137
31910,0.0992,0.9921,-19.3475
31911,0.0992,0.9917,-19.3814
31912,0.0990,0.9913,-19.4152
31913,0.0990,0.9912,-19.4322
31914,0.0990,0.9910,-19.4491
31915,0.0990,0.9908,-19.4660
31917,0.0990,0.9910,-19.4491
31918,0.0990,0.9908,-19.4660
31919,0.0990,0.9910,-19.4491
31920,0.0990,0.9908,-19.4660
31921,0.0990,0.9908,-19.4660
31922,0.0990,0.9906,-19.4829
31923,0.0990,0.9904,-19.4999
31924,0.0990,0.9900,-19.5337
31925,0.0990,0.9898,-19.5506
31926,0.0990,0.9897,-19.5675
31927,0.0988,0.9895,-19.5845
31928,0.0988,0.9895,-19.5845
31929,0.0988,0.9895,-19.5845
31930,0.0988,0.9893,-19.6014
31931,0.0988,0.9891,-19.6183
31932,0.0988,0.9887,-19.6521
31933,0.0988,0.9883,-19.6859
31934,0.0986,0.9880,-19.7198
31936,0.0986,0.9878,-19.7367
31937,0.0986,0.9878,-19.7367
31938,0.0986,0.9876,-19.7536
31939,0.0986,0.9872,-19.7874
31940,0.0986,0.9872,-19.7874
31941,0.0986,0.9893,-19.6014
31942,0.0986,0.9893,-19.6014
31943,0.0986,0.9893,-19.6014
31944,0.0986,0.9889,-19.6352
31945,0.0984,0.9885,-19.6690
31946,0.0984,0.9882,-19.7029
31947,0.0984,0.9880,-19.7198
31948,0.0984,0.9876,-19.7536
31949,0.0983,0.9870,-19.8043
31950,0.0983,0.9865,-19.8550
31951,0.0983,0.9861,-19.8888
31952,0.0983,0.9853,-19.9564
31953,0.0981,0.9850,-19.9902
31954,0.0981,0.9844,-20.0409
31955,0.0981,0.9840,-20.0747
31957,0.0979,0.9812,-20.3279
31958,0.0981,0.9801,-20.4292
31959,0.0979,0.9795,-20.4798
31960,0.0979,0.9790,-20.5304
31961,0.0977,0.9790,-20.5304
31962,0.0979,0.9790,-20.5304
31963,0.0979,0.9790,-20.5304
31964,0.0979,0.9790,-20.5304
31965,0.0977,0.9786,-20.5641
31966,0.0977,0.9780,-20.6147
31967,0.0977,0.9775,-20.6653
31968,0.0977,0.9769,-20.7159
31969,0.0975,0.9769,-20.7159
31970,0.0975,0.9765,-20.7496
31971,0.0975,0.9765,-20.7496
31972,0.0977,0.9767,-20.7327
31973,0.0975,0.9771,-20.6990
31974,0.0977,0.9775,-20.6653
31975,0.0977,0.9777,-20.6484
31977,0.0977,0.9777,-20.6484
31978,0.0977,0.9777,-20.6484
31979,0.0977,0.9777,-20.6484
31980,0.0977,0.9778,-20.6316
31981,0.0977,0.9780,-20.6147
31982,0.0977,0.9782,-20.5978
31983,0.0977,0.9778,-20.6316
31984,0.0977,0.9777,-20.6484
31985,0.0977,0.9771,-20.6990
31986,0.0977,0.9769,-20.7159
31987,0.0977,0.9767,-20.7327
31988,0.0975,0.9762,-20.7833
31989,0.0975,0.9756,-20.8338
31990,0.0973,0.9750,-20.8844
31991,0.0973,0.9748,-20.9012
31992,0.0973,0.9743,-20.9518
31993,0.0973,0.9741,-20.9686
31994,0.0973,0.9741,-20.9686
31995,0.0973,0.9737,-21.0023
31996,0.0973,0.9733,-21.0360
31998,0.0973,0.9735,-21.0191
31999,0.0973,0.9735,-21.0191
32000,0.0973,0.9741,-20.9686
32001,0.0973,0.9743,-20.9518
32002,0.0973,0.9747,-20.9181
32003,0.0975,0.9748,-20.9012
32004,0.0973,0.9747,-20.9181
32005,0.0973,0.9743,-20.9518
32006,0.0973,0.9741,-20.9686
32007,0.0973,0.9739,-20.9855
32008,0.0973,0.9737,-21.0023
32009,0.0973,0.9735,-21.0191
32010,0.0973,0.9733,-21.0360
32011,0.0971,0.9728,-21.0865
32012,0.0971,0.9722,-21.1370
32013,0.0971,0.9720,-21.1538
32014,0.0971,0.9713,-21.2212
32015,0.0969,0.9703,-21.3053
32017,0.0969,0.9696,-21.3726
32018,0.0968,0.9711,-21.2380
32019,0.0968,0.9705,-21.2885
32020,0.0966,0.9698,-21.3558
32021,0.0966,0.9688,-21.4399
32022,0.0964,0.9681,-21.5071
32023,0.0964,0.9675,-21.5576
32024,0.0964,0.9668,-21.6248
32025,0.0962,0.9664,-21.6584
32026,0.0962,0.9657,-21.7256
32027,0.0962,0.9649,-21.7928
32028,0.0960,0.9645,-21.8264
32029,0.0960,0.9638,-21.8936
32030,0.0960,0.9634,-21.9272
32031,0.0960,0.9630,-21.9608
32032,0.0958,0.9627,-21.9944
32033,0.0960,0.9598,-22.2461
32034,0.0958,0.9595,-22.2796
32035,0.0958,0.9591,-22.3132
32037,0.0958,0.9587,-22.3467
32038,0.0958,0.9583,-22.3802
32039,0.0958,0.9578,-22.4305
32040,0.0956,0.9572,-22.4808
32041,0.0956,0.9563,-22.5646
32042,0.0956,0.9561,-22.5814
32043,0.0954,0.9557,-22.6149
32044,0.0954,0.9552,-22.6651
32045,0.0954,0.9548,-22.6986
32046,0.0954,0.9542,-22.7489
32047,0.0953,0.9537,-22.7991
32048,0.0953,0.9529,-22.8661
32049,0.0953,0.9522,-22.9331
32050,0.0951,0.9518,-22.9665
32051,0.0951,0.9512,-23.0167
32052,0.0951,0.9510,-23.0335
32053,0.0951,0.9505,-23.0837
32054,0.0949,0.9499,-23.1338
32055,0.0949,0.9495,-23.1673
32057,0.0949,0.9490,-23.2175
32058,0.0949,0.9486,-23.2509
32059,0.0947,0.9480,-23.3011
32060,0.0947,0.9477,-23.3345
32061,0.0947,0.9469,-23.4014
32062,0.0945,0.9467,-23.4181
32063,0.0945,0.9465,-23.4348
32064,0.0945,0.9460,-23.4849
32065,0.0945,0.9456,-23.5183
32066,0.0945,0.9452,-23.5517
32067,0.0943,0.9447,-23.6018
32068,0.0943,0.9443,-23.6352
32069,0.0943,0.9439,-23.6686
32070,0.0943,0.9432,-23.7354
32071,0.0943,0.9428,-23.7688
32072,0.0941,0.9424,-23.8022
32073,0.0941,0.9422,-23.8189
32074,0.0941,0.9420,-23.8356
32075,0.0941,0.9417,-23.8689
32077,0.0939,0.9411,-23.9190
32078,0.0939,0.9407,-23.9524
32079,0.0939,0.9403,-23.9857
32080,0.0939,0.9400,-24.0191
32081,0.0939,0.9394,-24.0691
32082,0.0938,0.9394,-24.0691
32083,0.0938,0.9390,-24.1025
32084,0.0938,0.9387,-24.1358
32085,0.0938,0.9381,-24.1858
32086,0.0938,0.9381,-24.1858
32087,0.0938,0.9377,-24.2192
32088,0.0936,0.9373,-24.2525
32089,0.0936,0.9370,-24.2858
32090,0.0936,0.9364,-24.3358
32091,0.0936,0.9358,-24.3858
32092,0.0936,0.9358,-24.3858
32093,0.0934,0.9375,-24.2358
32094,0.0934,0.9372,-24.2692
32095,0.0934,0.9368,-24.3025
32096,0.0932,0.9364,-24.3358
32098,0.0932,0.9362,-24.3525
32099,0.0932,0.9357,-24.4025
32100,0.0932,0.9349,-24.4691
32101,0.0930,0.9343,-24.5190
32102,0.0930,0.9336,-24.5856
32103,0.0930,0.9334,-24.6023
32104,0.0930,0.9332,-24.6189
32105,0.0930,0.9330,-24.6356
32106,0.0928,0.9325,-24.6855
32107,0.0928,0.9323,-24.7022
32108,0.0928,0.9319,-24.7354
32109,0.0928,0.9289,-25.0016
32110,0.0928,0.9285,-25.0348
32111,0.0928,0.9282,-25.0681
32112,0.0926,0.9280,-25.0847
32113,0.0926,0.9278,-25.1013
32114,0.0926,0.9276,-25.1179
32115,0.0926,0.9274,-25.1345
32116,0.0926,0.9274,-25.1345
32118,0.0928,0.9274,-25.1345
32119,0.0926,0.9274,-25.1345
32120,0.0926,0.9272,-25.1512
32121,0.0926,0.9272,-25.1512
32122,0.0926,0.9268,-25.1844
32123,0.0926,0.9270,-25.1678
32124,0.0926,0.9268,-25.1844
32125,0.0926,0.9268,-25.1844
32126,0.0926,0.9267,-25.2010
32127,0.0926,0.9263,-25.2342
32128,0.0926,0.9263,-25.2342
32129,0.0926,0.9263,-25.2342
32130,0.0924,0.9261,-25.2508
32131,0.0924,0.9257,-25.2841
32132,0.0924,0.9253,-25.3173
32133,0.0924,0.9253,-25.3173
32134,0.0924,0.9252,-25.3339
32135,0.0924,0.9248,-25.3671
32136,0.0924,0.9244,-25.4003
32138,0.0924,0.9242,-25.4169
32139,0.0923,0.9238,-25.4501
32140,0.0923,0.9237,-25.4667
32141,0.0923,0.9229,-25.5331
32142,0.0921,0.9223,-25.5829
32143,0.0921,0.9218,-25.6327
32144,0.0921,0.9212,-25.6825
32145,0.0921,0.9208,-25.7156
32146,0.0919,0.9201,-25.7820
32147,0.0919,0.9193,-25.8483
32148,0.0919,0.9186,-25.9146
32149,0.0917,0.9180,-25.9643
32150,0.0917,0.9175,-26.0140
32151,0.0917,0.9171,-26.0472
32152,0.0915,0.9163,-26.1135
32153,0.0915,0.9162,-26.1300
32154,0.0915,0.9158,-26.1631
32155,0.0915,0.9152,-26.2128
32156,0.0915,0.9148,-26.2459
32158,0.0913,0.9145,-26.2791
32159,0.0913,0.9139,-26.3287
32160,0.0913,0.9133,-26.3784
32161,0.0913,0.9130,-26.4115
32162,0.0911,0.9126,-26.4446
32163,0.0911,0.9117,-26.5273
32164,0.0909,0.9115,-26.5438
32165,0.0909,0.9139,-26.3287
32166,0.0911,0.9139,-26.3287
32167,0.0909,0.9139,-26.3287
32168,0.0909,0.9133,-26.3784
32169,0.0909,0.9132,-26.3949
32170,0.0909,0.9132,-26.3949
32171,0.0909,0.9130,-26.4115
32172,0.0909,0.9128,-26.4280
32173,0.0909,0.9128,-26.4280
32174,0.0909,0.9126,-26.4446
32175,0.0909,0.9122,-26.4777
32176,0.0908,0.9118,-26.5108
32177,0.0908,0.9115,-26.5438
32179,0.0908,0.9113,-26.5604
32180,0.0908,0.9111,-26.5769
32181,0.0908,0.9109,-26.5935
32182,0.0908,0.9111,-26.5769
32183,0.0908,0.9113,-26.5604
32184,0.0908,0.9115,-26.5438
32185,0.0908,0.9109,-26.5935
32186,0.0908,0.9105,-26.6265
32187,0.0906,0.9103,-26.6431
32188,0.0906,0.9098,-26.6927
32189,0.0906,0.9092,-26.7423
32190,0.0906,0.9088,-26.7753
32191,0.0906,0.9088,-26.7753
32192,0.0906,0.9085,-26.8084
32193,0.0906,0.9083,-26.8249
32194,0.0906,0.9085,-26.8084
32195,0.0906,0.9085,-26.8084
32196,0.0906,0.9083,-26.8249
32197,0.0904,0.9083,-26.8249
32199,0.0904,0.9083,-26.8249
32200,0.0904,0.9079,-26.8580
32201,0.0904,0.9075,-26.8910
32202,0.0904,0.9072,-26.9241
32203,0.0904,0.9072,-26.9241
32204,0.0904,0.9068,-26.9571
32205,0.0902,0.9062,-27.0067
32206,0.0902,0.9060,-27.0232
32207,0.0902,0.9062,-27.0067
32208,0.0902,0.9062,-27.0067
32209,0.0902,0.9060,-27.0232
32210,0.0902,0.9057,-27.0562
32211,0.0902,0.9028,-27.3038
32212,0.0902,0.9025,-27.3368
32213,0.0902,0.9021,-27.3698
32214,0.0902,0.9021,-27.3698
32215,0.0900,0.9017,-27.4028
32216,0.0902,0.9017,-27.4028
32217,0.0900,0.9013,-27.4358
32219,0.0900,0.9012,-27.4523
32220,0.0900,0.9012,-27.4523
32221,0.0900,0.9010,-27.4688
32222,0.0900,0.9012,-27.4523
32223,0.0900,0.9013,-27.4358
32224,0.0900,0.9015,-27.4193
32225,0.0902,0.9017,-27.4028
32226,0.0902,0.9017,-27.4028
32227,0.0902,0.9015,-27.4193
32228,0.0900,0.9013,-27.4358
32229,0.0900,0.9015,-27.4193
32230,0.0902,0.9015,-27.4193
32231,0.0900,0.9017,-27.4028
32232,0.0902,0.9019,-27.3863
32233,0.0902,0.9023,-27.3533
32234,0.0902,0.9025,-27.3368
32235,0.0902,0.9027,-27.3203
32236,0.0902,0.9025,-27.3368
32238,0.0902,0.9021,-27.3698
32239,0.0900,0.9013,-27.4358
32240,0.0900,0.9010,-27.4688
32241,0.0900,0.9004,-27.5182
32242,0.0900,0.9002,-27.5347
32243,0.0900,0.8997,-27.5842
32244,0.0900,0.8997,-27.5842
32245,0.0898,0.8995,-27.6007
32246,0.0898,0.8989,-27.6501
32247,0.0898,0.8985,-27.6831
32248,0.0898,0.8983,-27.6995
32249,0.0898,0.8982,-27.7160
32250,0.0898,0.8978,-27.7490
32251,0.0896,0.8974,-27.7819
32252,0.0896,0.8970,-27.8149
32253,0.0896,0.8965,-27.8643
32254,0.0894,0.8955,-27.9466
32255,0.0894,0.8944,-28.0454
32256,0.0893,0.8937,-28.1112
32258,0.0893,0.8931,-28.1606
32259,0.0893,0.8925,-28.2099
32260,0.0893,0.8922,-28.2428
32261,0.0891,0.8916,-28.2922
32262,0.0891,0.8912,-28.3251
32263,0.0891,0.8907,-28.3744
32264,0.0889,0.8905,-28.3908
32265,0.0889,0.8905,-28.3908
32266,0.0891,0.8907,-28.3744
32267,0.0891,0.8907,-28.3744
32268,0.0891,0.8905,-28.3908
32269,0.0891,0.8905,-28.3908
32270,0.0891,0.8905,-28.3908
32271,0.0889,0.8929,-28.1770
32272,0.0889,0.8927,-28.1935
32273,0.0889,0.8925,-28.2099
32274,0.0889,0.8920,-28.2593
32275,0.0889,0.8918,-28.2757
32277,0.0887,0.8916,-28.2922
32278,0.0887,0.8910,-28.3415
32279,0.0887,0.8910,-28.3415
32280,0.0887,0.8907,-28.3744
32281,0.0887,0.8899,-28.4402
32282,0.0885,0.8892,-28.5059
32283,0.0885,0.8886,-28.5552
32284,0.0885,0.8884,-28.5716
32285,0.0885,0.8882,-28.5881
32286,0.0885,0.8882,-28.5881
32287,0.0885,0.8856,-28.8180
32288,0.0885,0.8854,-28.8344
32289,0.0885,0.8850,-28.8672
32290,0.0885,0.8848,-28.8837
32291,0.0883,0.8845,-28.9165
32292,0.0883,0.8841,-28.9493
32293,0.0883,0.8839,-28.9657
32294,0.0883,0.8833,-29.0149
32295,0.0883,0.8828,-29.0642
32297,0.0881,0.8822,-29.1134
32298,0.0881,0.8818,-29.1462
32299,0.0881,0.8815,-29.1790
32300,0.0879,0.8809,-29.2281
32301,0.0879,0.8803,-29.2773
32302,0.0879,0.8798,-29.3265
32303,0.0879,0.8794,-29.3593
32304,0.0878,0.8788,-29.4084
32305,0.0878,0.8785,-29.4412
32306,0.0878,0.8783,-29.4576
32307,0.0878,0.8779,-29.4903
32308,0.0876,0.8773,-29.5395
32309,0.0876,0.8770,-29.5722
32310,0.0876,0.8764,-29.6214
32311,0.0876,0.8758,-29.6705
32312,0.0874,0.8751,-29.7359
32313,0.0874,0.8747,-29.7687
32314,0.0874,0.8743,-29.8014
32315,0.0874,0.8738,-29.8505
32317,0.0872,0.8734,-29.8832
32318,0.0872,0.8730,-29.9159
32319,0.0872,0.8728,-29.9323
32320,0.0872,0.8723,-29.9813
32321,0.0872,0.8719,-30.0140
32322,0.0870,0.8715,-30.0468
32323,0.0870,0.8706,-30.1285
32324,0.0870,0.8700,-30.1775
32325,0.0870,0.8697,-30.2102
32326,0.0868,0.8691,-30.2592
32327,0.0868,0.8682,-30.3409
32328,0.0866,0.8676,-30.3899
32329,0.0866,0.8670,-30.4389
32330,0.0866,0.8670,-30.4389
32331,0.0866,0.8668,-30.4552
32332,0.0866,0.8667,-30.4715
32333,0.0866,0.8667,-30.4715
32334,0.0866,0.8663,-30.5042
32336,0.0866,0.8661,-30.5205
32337,0.0866,0.8659,-30.5368
32338,0.0864,0.8657,-30.5532
32339,0.0864,0.8652,-30.6021
32340,0.0864,0.8648,-30.6347
32341,0.0864,0.8648,-30.6347
32342,0.0864,0.8642,-30.6837
32343,0.0864,0.8637,-30.7326
32344,0.0863,0.8633,-30.7653
32345,0.0863,0.8633,-30.7653
32346,0.0863,0.8629,-30.7979
32347,0.0861,0.8650,-30.6184
32348,0.0861,0.8644,-30.6674
32349,0.0861,0.8642,-30.6837
32350,0.0861,0.8640,-30.7000
32351,0.0861,0.8642,-30.6837
32352,0.0861,0.8642,-30.6837
32353,0.0861,0.8642,-30.6837
32354,0.0861,0.8640,-30.7000
32356,0.0861,0.8638,-30.7163
32357,0.0861,0.8637,-30.7326
32358,0.0859,0.8635,-30.7489
32359,0.0859,0.8631,-30.7816
32360,0.0859,0.8625,-30.8305
32361,0.0859,0.8623,-30.8468
32362,0.0859,0.8622,-30.8631
32363,0.0859,0.8620,-30.8794
32364,0.0859,0.8620,-30.8794
32365,0.0859,0.8618,-30.8957
32366,0.0859,0.8616,-30.9120
32367,0.0859,0.8614,-30.9283
32368,0.0857,0.8612,-30.9446
32369,0.0859,0.8612,-30.9446
32370,0.0859,0.8614,-30.9283
32371,0.0857,0.8610,-30.9609
32372,0.0857,0.8610,-30.9609
32373,0.0857,0.8608,-30.9772
32374,0.0857,0.8607,-30.9935
32375,0.0857,0.8603,-31.0261
32377,0.0857,0.8577,-31.2541
32378,0.0857,0.8573,-31.2867
32379,0.0857,0.8569,-31.3193
32380,0.0855,0.8567,-31.3355
32381,0.0855,0.8562,-31.3844
32382,0.0855,0.8558,-31.4169
32383,0.0855,0.8550,-31.4820
32384,0.0853,0.8545,-31.5308
32385,0.0853,0.8543,-31.5471
32386,0.0853,0.8541,-31.5634
32387,0.0853,0.8539,-31.5796
32388,0.0853,0.8535,-31.6121
32389,0.0853,0.8532,-31.6447
32390,0.0853,0.8530,-31.6609
32391,0.0853,0.8526,-31.6935
32392,0.0851,0.8520,-31.7422
32393,0.0851,0.8517,-31.7747
32394,0.0851,0.8509,-31.8397
32395,0.0849,0.8500,-31.9210
32397,0.0849,0.8496,-31.9535
32398,0.0849,0.8490,-32.0022
32399,0.0848,0.8485,-32.0509
32400,0.0848,0.8485,-32.0509
32401,0.0848,0.8481,-32.0834
32402,0.0848,0.8479,-32.0996
32403,0.0848,0.8473,-32.1483
32404,0.0846,0.8468,-32.1970
32405,0.0846,0.8462,-32.2457
32406,0.0846,0.8458,-32.2782
32407,0.0846,0.8455,-32.3106
32408,0.0844,0.8453,-32.3268
32409,0.0844,0.8447,-32.3755
32410,0.0844,0.8445,-32.3917
32411,0.0844,0.8445,-32.3917
32412,0.0844,0.8447,-32.3755
32413,0.0844,0.8445,-32.3917
32414,0.0844,0.8443,-32.4079
32415,0.0844,0.8442,-32.4242
32417,0.0844,0.8440,-32.4404
32418,0.0844,0.8438,-32.4566
32419,0.0844,0.8438,-32.4566
32420,0.0844,0.8438,-32.4566
32421,0.0844,0.8438,-32.4566
32422,0.0844,0.8438,-32.4566
32423,0.0844,0.8438,-32.4566
32424,0.0844,0.8436,-32.4728
32425,0.0844,0.8434,-32.4890
32426,0.0842,0.8428,-32.5377
32427,0.0842,0.8425,-32.5701
32428,0.0842,0.8419,-32.6187
32429,0.0842,0.8419,-32.6187
32430,0.0842,0.8415,-32.6511
32431,0.0840,0.8410,-32.6997
32432,0.0840,0.8410,-32.6997
32433,0.0840,0.8410,-32.6997
32434,0.0840,0.8408,-32.7159
32435,0.0840,0.8402,-32.7645
32437,0.0838,0.8425,-32.5701
32438,0.0838,0.8423,-32.5863
32439,0.0838,0.8415,-32.6511
32440,0.0838,0.8408,-32.7159
32441,0.0836,0.8404,-32.7483
32442,0.0836,0.8400,-32.7807
32443,0.0836,0.8391,-32.8617
32444,0.0834,0.8383,-32.9265
32445,0.0834,0.8378,-32.9751
32446,0.0834,0.8370,-33.0398
32447,0.0833,0.8365,-33.0883
32448,0.0833,0.8359,-33.1369
32449,0.0833,0.8355,-33.1692
32450,0.0831,0.8350,-33.2178
32451,0.0831,0.8342,-33.2824
32452,0.0831,0.8310,-33.5572
32453,0.0831,0.8305,-33.6057
32454,0.0829,0.8293,-33.7026
32455,0.0829,0.8288,-33.7510
32457,0.0827,0.8280,-33.8156
32458,0.0827,0.8271,-33.8963
32459,0.0825,0.8262,-33.9769
32460,0.0825,0.8254,-34.0414
32461,0.0825,0.8250,-34.0737
32462,0.0825,0.8245,-34.1221
32463,0.0823,0.8239,-34.1704
32464,0.0823,0.8237,-34.1866
32465,0.0823,0.8230,-34.2510
32466,0.0821,0.8220,-34.3316
32467,0.0821,0.8213,-34.3960
32468,0.0819,0.8205,-34.4605
32469,0.0819,0.8200,-34.5088
32470,0.0819,0.8194,-34.5571
32471,0.0819,0.8192,-34.5732
32472,0.0818,0.8185,-34.6375
32473,0.0818,0.8175,-34.7180
32474,0.0816,0.8168,-34.7824
32475,0.0816,0.8155,-34.8949
32477,0.0814,0.8143,-34.9914
32478,0.0812,0.8132,-35.0878
32479,0.0812,0.8123,-35.1682
32480,0.0812,0.8113,-35.2485
32481,0.0810,0.8106,-35.3127
32482,0.0808,0.8095,-35.4090
32483,0.0808,0.8080,-35.5374
32484,0.0806,0.8066,-35.6497
32485,0.0806,0.8057,-35.7299
32486,0.0804,0.8048,-35.8100
32487,0.0804,0.8044,-35.8421
32488,0.0803,0.8033,-35.9382
32489,0.0803,0.8021,-36.0343
32490,0.0801,0.8010,-36.1304
32491,0.0801,0.8003,-36.1944
32492,0.0799,0.7997,-36.2425
32493,0.0799,0.7995,-36.2585
32494,0.0799,0.7991,-36.2905
32495,0.0799,0.8016,-36.0824
32497,0.0797,0.8012,-36.1144
32498,0.0797,0.8006,-36.1624
32499,0.0797,0.8003,-36.1944
32500,0.0797,0.7997,-36.2425
32501,0.0797,0.7997,-36.2425
32502,0.0797,0.7993,-36.2745
32503,0.0795,0.7990,-36.3065
32504,0.0795,0.7982,-36.3705
32505,0.0795,0.7975,-36.4344
32506,0.0793,0.7969,-36.4824
32507,0.0793,0.7965,-36.5144
32508,0.0793,0.7958,-36.5783
32509,0.0791,0.7950,-36.6423
32510,0.0791,0.7945,-36.6902
32511,0.0791,0.7941,-36.7222
32512,0.0789,0.7939,-36.7382
32513,0.0789,0.7935,-36.7701
32514,0.0789,0.7931,-36.8020
32515,0.0789,0.7928,-36.8340
32517,0.0788,0.0788,-91.1101
32518,0.0788,0.7913,-36.9617
32519,0.0788,0.7907,-37.0096
32520,0.0788,0.7903,-37.0415
32521,0.0786,0.7900,-37.0734
32522,0.0786,0.7896,-37.1054
32523,0.0786,0.7888,-37.1692
32524,0.0784,0.7883,-37.2170
32525,0.0784,0.7877,-37.2649
32526,0.0784,0.7871,-37.3127
32527,0.0784,0.7868,-37.3446
32528,0.0782,0.7862,-37.3924
32529,0.0782,0.7856,-37.4402
32530,0.0782,0.7853,-37.4721
32531,0.0782,0.7851,-37.4880
32532,0.0782,0.7847,-37.5199
32533,0.0780,0.7845,-37.5358
32534,0.0780,0.7841,-37.5677
32535,0.0780,0.7836,-37.6155
32537,0.0780,0.7828,-37.6792
32538,0.0780,0.7830,-37.6632
32539,0.0778,0.7825,-37.7110
32540,0.0778,0.7821,-37.7429
32541,0.0778,0.7819,-37.7588
32542,0.0778,0.7785,-38.0452
32543,0.0778,0.7781,-38.0770
32544,0.0778,0.7776,-38.1247
32545,0.0776,0.7768,-38.1882
32546,0.0776,0.7766,-38.2041
32547,0.0776,0.7765,-38.2200
32548,0.0776,0.7761,-38.2518
32549,0.0776,0.7757,-38.2836
32550,0.0774,0.7753,-38.3154
32551,0.0774,0.7750,-38.3471
32552,0.0774,0.7748,-38.3630
32553,0.0774,0.7748,-38.3630
32554,0.0774,0.7746,-38.3789
32555,0.0774,0.7746,-38.3789
32556,0.0774,0.7746,-38.3789
32558,0.0774,0.7744,-38.3948
32559,0.0774,0.7742,-38.4107
32560,0.0774,0.7740,-38.4265
32561,0.0774,0.7740,-38.4265
32562,0.0774,0.7738,-38.4424
32563,0.0773,0.7735,-38.4742
32564,0.0773,0.7731,-38.5059
32565,0.0773,0.7727,-38.5377
32566,0.0773,0.7723,-38.5694
32567,0.0773,0.7721,-38.5853
32568,0.0771,0.7718,-38.6170
32569,0.0771,0.7714,-38.6488
32570,0.0771,0.7708,-38.6964
32571,0.0771,0.7703,-38.7440
32572,0.0771,0.7699,-38.7757
32573,0.0769,0.7697,-38.7916
32574,0.0769,0.7695,-38.8074
32575,0.0769,0.7691,-38.8391
32576,0.0769,0.7688,-38.8708
32578,0.0769,0.7682,-38.9184
32579,0.0767,0.7676,-38.9660
32580,0.0767,0.7671,-39.0135
32581,0.0767,0.7667,-39.0452
32582,0.0767,0.7663,-39.0769
32583,0.0765,0.7660,-39.1086
32584,0.0765,0.7656,-39.1403
32585,0.0765,0.7650,-39.1878
32586,0.0765,0.7646,-39.2194
32587,0.0763,0.7641,-39.2669
32588,0.0763,0.7635,-39.3144
32589,0.0763,0.7630,-39.3619
32590,0.0761,0.7622,-39.4252
32591,0.0761,0.7616,-39.4727
32592,0.0761,0.7613,-39.5043
32593,0.0761,0.7607,-39.5518
32594,0.0761,0.7605,-39.5676
32595,0.0759,0.7601,-39.5992
32596,0.0759,0.7598,-39.6309
32597,0.0759,0.7594,-39.6625
32599,0.0759,0.7590,-39.6941
32600,0.0758,0.7588,-39.7099
32601,0.0759,0.7586,-39.7257
32602,0.0758,0.7613,-39.5043
32603,0.0758,0.7613,-39.5043
32604,0.0758,0.7611,-39.5202
32605,0.0758,0.7607,-39.5518
32606,0.0758,0.7603,-39.5834
32607,0.0756,0.7600,-39.6150
32608,0.0756,0.7592,-39.6783
32609,0.0756,0.7590,-39.6941
32610,0.0754,0.7583,-39.7573
32611,0.0754,0.7579,-39.7889
32612,0.0754,0.7575,-39.8205
32613,0.0754,0.7570,-39.8679
32614,0.0754,0.7564,-39.9153
32615,0.0752,0.7558,-39.9627
32616,0.0752,0.7555,-39.9943
32617,0.0752,0.7523,-40.2626
32619,0.0752,0.7519,-40.2942
32620,0.0752,0.7513,-40.3415
32621,0.0750,0.7508,-40.3888
32622,0.0750,0.7504,-40.4203
32623,0.0750,0.7500,-40.4519
32624,0.0750,0.7496,-40.4834
32625,0.0750,0.7495,-40.4991
32626,0.0750,0.7493,-40.5149
32627,0.0748,0.7487,-40.5622
32628,0.0748,0.7485,-40.5779
32629,0.0748,0.7481,-40.6095
32630,0.0748,0.7480,-40.6252
32631,0.0748,0.7478,-40.6410
32632,0.0748,0.7476,-40.6567
32633,0.0746,0.7476,-40.6567
32634,0.0748,0.7474,-40.6725
32635,0.0746,0.7474,-40.6725
32636,0.0746,0.7474,-40.6725
32637,0.0746,0.7472,-40.6882
32639,0.0746,0.7472,-40.6882
32640,0.0746,0.7472,-40.6882
32641,0.0746,0.7472,-40.6882
32642,0.0746,0.7470,-40.7040
32643,0.0746,0.7468,-40.7197
32644,0.0746,0.7466,-40.7355
32645,0.0746,0.7466,-40.7355
32646,0.0746,0.7468,-40.7197
32647,0.0746,0.7468,-40.7197
32648,0.0746,0.7468,-40.7197
32649,0.0746,0.7466,-40.7355
32650,0.0746,0.7468,-40.7197
32651,0.0746,0.7468,-40.7197
32652,0.0746,0.7468,-40.7197
32653,0.0746,0.7468,-40.7197
32654,0.0746,0.7468,-40.7197
32655,0.0746,0.7468,-40.7197
32656,0.0746,0.7466,-40.7355
32657,0.0746,0.7466,-40.7355
32658,0.0746,0.7466,-40.7355
32660,0.0746,0.7466,-40.7355
32661,0.0746,0.7466,-40.7355
32662,0.0746,0.7470,-40.7040
32663,0.0746,0.7470,-40.7040
32664,0.0746,0.7472,-40.6882
32665,0.0748,0.7472,-40.6882
32666,0.0746,0.7476,-40.6567
32667,0.0748,0.7478,-40.6410
32668,0.0748,0.7478,-40.6410
32669,0.0748,0.7481,-40.6095
32670,0.0748,0.7483,-40.5937
32671,0.0748,0.7487,-40.5622
32672,0.0748,0.7489,-40.5464
32673,0.0748,0.7489,-40.5464
32674,0.0748,0.7489,-40.5464
32675,0.0748,0.7491,-40.5307
32676,0.0748,0.7491,-40.5307
32677,0.0748,0.7521,-40.2784
32679,0.0748,0.7523,-40.2626
32680,0.0748,0.7523,-40.2626
32681,0.0748,0.7521,-40.2784
32682,0.0748,0.7519,-40.2942
32683,0.0748,0.7517,-40.3099
32684,0.0748,0.7519,-40.2942
32685,0.0748,0.7523,-40.2626
32686,0.0748,0.7523,-40.2626
32687,0.0748,0.7523,-40.2626
32688,0.0748,0.7523,-40.2626
32689,0.0750,0.7525,-40.2468
32690,0.0750,0.7528,-40.2153
32691,0.0750,0.7526,-40.2311
32692,0.0748,0.7525,-40.2468
32693,0.0748,0.7495,-40.4991
32694,0.0750,0.7496,-40.4834
32695,0.0750,0.7496,-40.4834
32696,0.0750,0.7496,-40.4834
32697,0.0750,0.7500,-40.4519
32699,0.0750,0.7500,-40.4519
32700,0.0750,0.7496,-40.4834
32701,0.0750,0.7498,-40.4676
32702,0.0750,0.7498,-40.4676
32703,0.0750,0.7496,-40.4834
32704,0.0748,0.7493,-40.5149
32705,0.0748,0.7483,-40.5937
32706,0.0746,0.7474,-40.6725
32707,0.0746,0.7465,-40.7512
32708,0.0744,0.7457,-40.8142
32709,0.0744,0.7448,-40.8929
32710,0.0744,0.7440,-40.9559
32711,0.0743,0.7435,-41.0031
32712,0.0743,0.7429,-41.0503
32713,0.0743,0.7423,-41.0975
32714,0.0743,0.7420,-41.1289
32715,0.0741,0.7420,-41.1289
32716,0.0743,0.7421,-41.1132
32717,0.0743,0.7421,-41.1132
32719,0.0743,0.7418,-41.1446
32720,0.0741,0.7414,-41.1761
32721,0.0741,0.7414,-41.1761
32722,0.0741,0.7414,-41.1761
32723,0.0741,0.7412,-41.1918
32724,0.0741,0.7410,-41.2075
32725,0.0741,0.7406,-41.2390
32726,0.0741,0.7403,-41.2704
32727,0.0739,0.7397,-41.3176
32728,0.0739,0.7391,-41.3647
32729,0.0739,0.7386,-41.4118
32730,0.0739,0.7380,-41.4590
32731,0.0739,0.7384,-41.4276
32732,0.0739,0.7386,-41.4118
32733,0.0739,0.7391,-41.3647
32734,0.0739,0.7399,-41.3019
32735,0.0741,0.7406,-41.2390
32736,0.0741,0.7410,-41.2075
32737,0.0741,0.7412,-41.1918
32738,0.0741,0.7412,-41.1918
32740,0.0741,0.7412,-41.1918
32741,0.0741,0.7408,-41.2233
32742,0.0741,0.7408,-41.2233
32743,0.0741,0.7410,-41.2075
32744,0.0741,0.7410,-41.2075
32745,0.0741,0.7406,-41.2390
32746,0.0741,0.7403,-41.2704
32747,0.0741,0.7399,-41.3019
32748,0.0741,0.7397,-41.3176
32749,0.0739,0.7395,-41.3333
32750,0.0739,0.7393,-41.3490
32751,0.0739,0.7397,-41.3176
32752,0.0739,0.7397,-41.3176
32753,0.0739,0.7393,-41.3490
32754,0.0739,0.7420,-41.1289
32755,0.0739,0.7420,-41.1289
32756,0.0739,0.7420,-41.1289
32757,0.0739,0.7418,-41.1446
32758,0.0739,0.7414,-41.1761
32760,0.0739,0.7414,-41.1761
32761,0.0737,0.7414,-41.1761
32762,0.0737,0.7412,-41.1918
32763,0.0737,0.7410,-41.2075
32764,0.0737,0.7408,-41.2233
32765,0.0737,0.7410,-41.2075
32766,0.0737,0.7410,-41.2075
32767,0.0737,0.7408,-41.2233
32768,0.0737,0.7406,-41.2390
32769,0.0737,0.7406,-41.2390
32770,0.0737,0.7376,-41.4904
32771,0.0737,0.7376,-41.4904
32772,0.0737,0.7375,-41.5061
32773,0.0737,0.7371,-41.5375
32774,0.0737,0.7369,-41.5532
32775,0.0735,0.7363,-41.6003
32776,0.0737,0.7363,-41.6003
32777,0.0735,0.7361,-41.6160
32779,0.0735,0.7356,-41.6631
32780,0.0735,0.7354,-41.6788
32781,0.0735,0.7350,-41.7102
32782,0.0735,0.7350,-41.7102
32783,0.0735,0.7348,-41.7259
32784,0.0735,0.7346,-41.7416
32785,0.0735,0.7345,-41.7572
32786,0.0733,0.7341,-41.7886
32787,0.0733,0.7339,-41.8043
32788,0.0733,0.7339,-41.8043
32789,0.0733,0.7335,-41.8357
32790,0.0733,0.7333,-41.8514
32791,0.0733,0.7328,-41.8984
32792,0.0733,0.7324,-41.9298
32793,0.0731,0.7320,-41.9611
32794,0.0731,0.7318,-41.9768
32795,0.0731,0.7313,-42.0238
32796,0.0731,0.7307,-42.0709
32797,0.0729,0.7301,-42.1179
32799,0.0729,0.7300,-42.1335
32800,0.0729,0.7300,-42.1335
32801,0.0729,0.7296,-42.1649
32802,0.0729,0.7290,-42.2119
32803,0.0729,0.7286,-42.2432
32804,0.0729,0.7286,-42.2432
32805,0.0728,0.7286,-42.2432
32806,0.0728,0.7286,-42.2432
32807,0.0728,0.7283,-42.2745
32808,0.0728,0.7279,-42.3058
32809,0.0728,0.7277,-42.3215
32810,0.0728,0.7275,-42.3372
32811,0.0728,0.7270,-42.3841
32812,0.0726,0.7268,-42.3998
32813,0.0726,0.7264,-42.4311
32814,0.0726,0.7262,-42.4467
32815,0.0726,0.7260,-42.4624
32816,0.0726,0.7260,-42.4624
32817,0.0726,0.7256,-42.4937
32819,0.0726,0.7253,-42.5250
32820,0.0724,0.7247,-42.5719
32821,0.0724,0.7243,-42.6032
32822,0.0724,0.7238,-42.6501
32823,0.0724,0.7236,-42.6658
32824,0.0724,0.7234,-42.6814
32825,0.0724,0.7230,-42.7127
32826,0.0722,0.7256,-42.4937
32827,0.0722,0.7253,-42.5250
32828,0.0722,0.7251,-42.5406
32829,0.0722,0.7247,-42.5719
32830,0.0720,0.7245,-42.5876
32831,0.0720,0.7243,-42.6032
32832,0.0720,0.7240,-42.6345
32833,0.0720,0.7238,-42.6501
32834,0.0720,0.7232,-42.6970
32835,0.0718,0.7228,-42.7283
32836,0.0718,0.7221,-42.7908
32837,0.0718,0.7215,-42.8377
32839,0.0716,0.7210,-42.8846
32840,0.0716,0.7206,-42.9158
32841,0.0716,0.7202,-42.9471
32842,0.0716,0.7200,-42.9627
32843,0.0716,0.7193,-43.0252
32844,0.0714,0.7187,-43.0720
32845,0.0714,0.7185,-43.0876
32846,0.0714,0.7181,-43.1189
32847,0.0714,0.7178,-43.1501
32848,0.0714,0.7172,-43.1969
32849,0.0713,0.7165,-43.2593
32850,0.0713,0.7159,-43.3061
32851,0.0713,0.7153,-43.3529
32852,0.0711,0.7151,-43.3685
32853,0.0711,0.7151,-43.3685
32854,0.0711,0.7146,-43.4153
32855,0.0711,0.7140,-43.4621
32856,0.0711,0.7136,-43.4933
32857,0.0709,0.7133,-43.5245
32859,0.0709,0.7127,-43.5712
32860,0.0709,0.7121,-43.6180
32861,0.0709,0.7118,-43.6491
32862,0.0709,0.7116,-43.6647
32863,0.0709,0.7114,-43.6803
32864,0.0707,0.7114,-43.6803
32865,0.0709,0.7110,-43.7115
32866,0.0707,0.7105,-43.7582
32867,0.0707,0.7099,-43.8049
32868,0.0705,0.7097,-43.8205
32869,0.0707,0.7095,-43.8361
32870,0.0705,0.7093,-43.8516
32871,0.0705,0.7058,-44.1473
32872,0.0705,0.7052,-44.1939
32873,0.0705,0.7048,-44.2250
32874,0.0705,0.7046,-44.2406
32875,0.0703,0.7043,-44.2717
32876,0.0703,0.7037,-44.3183
32877,0.0703,0.7031,-44.3649
32879,0.0703,0.7026,-44.4115
32880,0.0701,0.7022,-44.4426
32881,0.0701,0.7018,-44.4737
32882,0.0701,0.7013,-44.5203
32883,0.0701,0.7009,-44.5513
32884,0.0701,0.7003,-44.5979
32885,0.0699,0.7000,-44.6290
32886,0.0699,0.7000,-44.6290
32887,0.0699,0.7000,-44.6290
32888,0.0701,0.7001,-44.6134
32889,0.0699,0.7000,-44.6290
32890,0.0699,0.6996,-44.6600
32891,0.0699,0.6996,-44.6600
32892,0.0699,0.7000,-44.6290
32893,0.0699,0.7000,-44.6290
32894,0.0699,0.7000,-44.6290
32895,0.0699,0.6998,-44.6445
32896,0.0699,0.6994,-44.6755
32897,0.0699,0.6992,-44.6910
32899,0.0699,0.6990,-44.7066
32900,0.0699,0.6986,-44.7376
32901,0.0698,0.6985,-44.7531
32902,0.0698,0.6979,-44.7997
32903,0.0698,0.6975,-44.8307
32904,0.0698,0.6973,-44.8462
32905,0.0698,0.6970,-44.8772
32906,0.0698,0.6968,-44.8927
32907,0.0696,0.6966,-44.9082
32908,0.0696,0.6964,-44.9238
32909,0.0696,0.6962,-44.9393
32910,0.0696,0.6958,-44.9703
32911,0.0694,0.6949,-45.0478
32912,0.0694,0.6943,-45.0943
32913,0.0694,0.6936,-45.1563
32914,0.0694,0.6934,-45.1718
32915,0.0694,0.6930,-45.2027
32916,0.0694,0.6930,-45.2027
32917,0.0692,0.6925,-45.2492
32918,0.0692,0.6915,-45.3266
32920,0.0692,0.6910,-45.3731
32921,0.0690,0.6906,-45.4040
32922,0.0690,0.6906,-45.4040
32923,0.0692,0.6910,-45.3731
32924,0.0692,0.6911,-45.3576
32925,0.0692,0.6911,-45.3576
32926,0.0690,0.6906,-45.4040
32927,0.0690,0.6902,-45.4350
32928,0.0690,0.6900,-45.4505
32929,0.0690,0.6896,-45.4814
32930,0.0688,0.6895,-45.4969
32931,0.0690,0.6891,-45.5278
32932,0.0688,0.6921,-45.2802
32933,0.0688,0.6917,-45.3111
32934,0.0688,0.6917,-45.3111
32935,0.0688,0.6917,-45.3111
32936,0.0688,0.6917,-45.3111
32937,0.0688,0.6913,-45.3421
32938,0.0688,0.6913,-45.3421
32940,0.0688,0.6915,-45.3266
32941,0.0688,0.6911,-45.3576
32942,0.0686,0.6904,-45.4195
32943,0.0686,0.6900,-45.4505
32944,0.0686,0.6893,-45.5124
32945,0.0686,0.6895,-45.4969
32946,0.0686,0.6896,-45.4814
32947,0.0686,0.6896,-45.4814
32948,0.0686,0.6865,-45.7444
32949,0.0686,0.6863,-45.7598
32950,0.0686,0.6859,-45.7907
32951,0.0686,0.6857,-45.8062
32952,0.0686,0.6859,-45.7907
32953,0.0686,0.6859,-45.7907
32954,0.0686,0.6857,-45.8062
32955,0.0686,0.6859,-45.7907
32956,0.0686,0.6859,-45.7907
32957,0.0686,0.6855,-45.8216
32958,0.0684,0.6851,-45.8526
32960,0.0684,0.6851,-45.8526
32961,0.0684,0.6883,-45.5897
32962,0.0684,0.6878,-45.6361
32963,0.0683,0.6868,-45.7134
32964,0.0683,0.6866,-45.7289
32965,0.0683,0.6865,-45.7444
32966,0.0683,0.6865,-45.7444
32967,0.0683,0.6859,-45.7907
32968,0.0683,0.6855,-45.8216
32969,0.0683,0.6853,-45.8371
32970,0.0681,0.6853,-45.8371
32971,0.0681,0.6848,-45.8835
32972,0.0681,0.6844,-45.9144
32973,0.0681,0.6838,-45.9607
32974,0.0681,0.6803,-46.2540
32975,0.0681,0.6799,-46.2849
32976,0.0679,0.6797,-46.3003
32977,0.0679,0.6797,-46.3003
32978,0.0681,0.6799,-46.2849
32980,0.0679,0.6795,-46.3157
32981,0.0679,0.6793,-46.3312
32982,0.0679,0.6791,-46.3466
32983,0.0679,0.6790,-46.3620
32984,0.0679,0.6786,-46.3929
32985,0.0679,0.6784,-46.4083
32986,0.0679,0.6782,-46.4237
32987,0.0677,0.6778,-46.4545
32988,0.0677,0.6776,-46.4699
32989,0.0677,0.6775,-46.4854
32990,0.0677,0.6773,-46.5008
32991,0.0677,0.6773,-46.5008
32992,0.0677,0.6771,-46.5162
32993,0.0677,0.6765,-46.5624
32994,0.0677,0.6765,-46.5624
32995,0.0677,0.6761,-46.5933
32996,0.0675,0.6758,-46.6241
32997,0.0675,0.6752,-46.6703
32999,0.0675,0.6748,-46.7011
33000,0.0675,0.6745,-46.7319
33001,0.0675,0.6743,-46.7473
33002,0.0673,0.6737,-46.7935
33003,0.0673,0.6731,-46.8397
33004,0.0673,0.6728,-46.8705
33005,0.0671,0.6724,-46.9013
33006,0.0673,0.6722,-46.9167
33007,0.0671,0.6718,-46.9474
33008,0.0671,0.6743,-46.7473
33009,0.0671,0.6743,-46.7473
33010,0.0671,0.6741,-46.7627
33011,0.0671,0.6739,-46.7781
33012,0.0669,0.6733,-46.8243
33013,0.0669,0.6730,-46.8551
33014,0.0669,0.6724,-46.9013
33015,0.0668,0.6720,-46.9320
33016,0.0668,0.6716,-46.9628
33017,0.0668,0.6711,-47.0090
33018,0.0668,0.6707,-47.0398
33020,0.0668,0.6703,-47.0705
33021,0.0666,0.6701,-47.0859
33022,0.0666,0.6698,-47.1167
33023,0.0666,0.6692,-47.1628
33024,0.0666,0.6656,-47.4548
33025,0.0666,0.6656,-47.4548
33026,0.0666,0.6656,-47.4548
33027,0.0666,0.6655,-47.4701
33028,0.0666,0.6651,-47.5008
33029,0.0666,0.6649,-47.5162
33030,0.0664,0.6645,-47.5469
33031,0.0664,0.6641,-47.5776
33032,0.0664,0.6638,-47.6083
33033,0.0664,0.6634,-47.6390
33034,0.0664,0.6632,-47.6544
33035,0.0664,0.6630,-47.6697
33036,0.0664,0.6628,-47.6851
33037,0.0664,0.6628,-47.6851
33038,0.0662,0.6625,-47.7157
33040,0.0662,0.6619,-47.7618
33041,0.0662,0.6617,-47.7771
33042,0.0662,0.6615,-47.7925
33043,0.0662,0.6613,-47.8078
33044,0.0662,0.6613,-47.8078
33045,0.0662,0.6613,-47.8078
33046,0.0662,0.6615,-47.7925
33047,0.0662,0.6613,-47.8078
33048,0.0660,0.6611,-47.8231
33049,0.0660,0.6613,-47.8078
33050,0.0662,0.6613,-47.8078
33051,0.0662,0.6613,-47.8078
33052,0.0662,0.6611,-47.8231
33053,0.0660,0.6610,-47.8385
33054,0.0660,0.6606,-47.8691
33055,0.0660,0.6604,-47.8845
33056,0.0660,0.6602,-47.8998
33057,0.0660,0.6604,-47.8845
33058,0.0660,0.6604,-47.8845
33060,0.0660,0.6602,-47.8998
33061,0.0660,0.6600,-47.9151
33062,0.0660,0.6598,-47.9305
33063,0.0660,0.6598,-47.9305
33064,0.0660,0.6598,-47.9305
33065,0.0660,0.6602,-47.8998
33066,0.0660,0.6602,-47.8998
33067,0.0660,0.6602,-47.8998
33068,0.0660,0.6600,-47.9151
33069,0.0660,0.6598,-47.9305
33070,0.0660,0.6596,-47.9458
33071,0.0660,0.6596,-47.9458
33072,0.0660,0.6596,-47.9458
33073,0.0660,0.6598,-47.9305
33074,0.0660,0.6600,-47.9151
33075,0.0660,0.6598,-47.9305
33076,0.0660,0.6598,-47.9305
33077,0.0660,0.6600,-47.9151
33079,0.0660,0.6598,-47.9305
33080,0.0660,0.6600,-47.9151
33081,0.0660,0.6602,-47.8998
33082,0.0660,0.6602,-47.8998
33083,0.0660,0.6598,-47.9305
33084,0.0660,0.6625,-47.7157
33085,0.0658,0.6626,-47.7004
33086,0.0658,0.6625,-47.7157
33087,0.0658,0.6625,-47.7157
33088,0.0658,0.6626,-47.7004
33089,0.0660,0.6628,-47.6851
33090,0.0658,0.6626,-47.7004
33091,0.0658,0.6625,-47.7157
33092,0.0658,0.6623,-47.7311
33093,0.0658,0.6621,-47.7464
33094,0.0658,0.6621,-47.7464
33095,0.0658,0.6621,-47.7464
33096,0.0658,0.6623,-47.7311
33097,0.0658,0.6623,-47.7311
33098,0.0658,0.6621,-47.7464
33100,0.0658,0.6621,-47.7464
33101,0.0658,0.6589,-48.0071
33102,0.0658,0.6591,-47.9918
33103,0.0660,0.6593,-47.9765
33104,0.0660,0.6595,-47.9611
33105,0.0660,0.6595,-47.9611
33106,0.0660,0.6596,-47.9458
33107,0.0660,0.6596,-47.9458
33108,0.0660,0.6596,-47.9458
33109,0.0660,0.6596,-47.9458
33110,0.0660,0.6598,-47.9305
33111,0.0660,0.6598,-47.9305
33112,0.0660,0.6600,-47.9151
33113,0.0660,0.6598,-47.9305
33114,0.0660,0.6598,-47.9305
33115,0.0660,0.6598,-47.9305
33116,0.0660,0.6598,-47.9305
33117,0.0660,0.6600,-47.9151
33118,0.0660,0.6600,-47.9151
33120,0.0660,0.6600,-47.9151
33121,0.0660,0.6602,-47.8998
33122,0.0660,0.6602,-47.8998
33123,0.0660,0.6602,-47.8998
33124,0.0660,0.6604,-47.8845
33125,0.0660,0.6602,-47.8998
33126,0.0660,0.6608,-47.8538
33127,0.0662,0.6611,-47.8231
33128,0.0662,0.6613,-47.8078
33129,0.0662,0.6613,-47.8078
33130,0.0662,0.6611,-47.8231
33131,0.0662,0.6610,-47.8385
33132,0.0660,0.6608,-47.8538
33133,0.0662,0.6610,-47.8385
33134,0.0662,0.6613,-47.8078
33135,0.0662,0.6617,-47.7771
33136,0.0662,0.6623,-47.7311
33137,0.0662,0.6625,-47.7157
33138,0.0662,0.6625,-47.7157
33140,0.0662,0.6626,-47.7004
33141,0.0662,0.6628,-47.6851
33142,0.0664,0.6628,-47.6851
33143,0.0664,0.6630,-47.6697
33144,0.0664,0.6630,-47.6697
33145,0.0664,0.6628,-47.6851
33146,0.0664,0.6626,-47.7004
33147,0.0664,0.6628,-47.6851
33148,0.0664,0.6632,-47.6544
33149,0.0664,0.6641,-47.5776
33150,0.0666,0.6651,-47.5008
33151,0.0666,0.6660,-47.4241
33152,0.0668,0.6668,-47.3626
33153,0.0668,0.6675,-47.3011
33154,0.0668,0.6681,-47.2550
33155,0.0668,0.6715,-46.9782
33156,0.0668,0.6716,-46.9628
33157,0.0669,0.6722,-46.9167
33158,0.0669,0.6724,-46.9013
33159,0.0669,0.6730,-46.8551
33161,0.0669,0.6735,-46.8089
33162,0.0671,0.6743,-46.7473
33163,0.0671,0.6750,-46.6857
33164,0.0671,0.6756,-46.6395
33165,0.0673,0.6761,-46.5933
33166,0.0673,0.6765,-46.5624
33167,0.0673,0.6769,-46.5316
33168,0.0673,0.6775,-46.4854
33169,0.0673,0.6773,-46.5008
33170,0.0673,0.6775,-46.4854
33171,0.0675,0.6778,-46.4545
33172,0.0675,0.6784,-46.4083
33173,0.0677,0.6791,-46.3466
33174,0.0677,0.6801,-46.2695
33175,0.0677,0.6805,-46.2386
33176,0.0677,0.6810,-46.1923
33177,0.0679,0.6816,-46.1460
33178,0.0679,0.6821,-46.0997
33179,0.0679,0.6829,-46.0379
33181,0.0679,0.6835,-45.9916
33182,0.0681,0.6838,-45.9607
33183,0.0681,0.6840,-45.9453
33184,0.0681,0.6842,-45.9298
33185,0.0681,0.6844,-45.9144
33186,0.0681,0.6850,-45.8680
33187,0.0681,0.6853,-45.8371
33188,0.0683,0.6855,-45.8216
33189,0.0683,0.6857,-45.8062
33190,0.0683,0.6863,-45.7598
33191,0.0683,0.6868,-45.7134
33192,0.0683,0.6872,-45.6825
33193,0.0684,0.6880,-45.6207
33194,0.0684,0.6883,-45.5897
33195,0.0684,0.6883,-45.5897
33196,0.0684,0.6885,-45.5743
33197,0.0684,0.6889,-45.5433
33198,0.0686,0.6895,-45.4969
33199,0.0686,0.6898,-45.4659
33201,0.0686,0.6902,-45.4350
33202,0.0688,0.6876,-45.6516
33203,0.0688,0.6876,-45.6516
33204,0.0688,0.6878,-45.6361
33205,0.0688,0.6881,-45.6052
33206,0.0688,0.6885,-45.5743
33207,0.0690,0.6887,-45.5588
33208,0.0688,0.6891,-45.5278
33209,0.0688,0.6891,-45.5278
33210,0.0690,0.6893,-45.5124
33211,0.0690,0.6896,-45.4814
33212,0.0690,0.6898,-45.4659
33213,0.0690,0.6902,-45.4350
33214,0.0690,0.6902,-45.4350
33215,0.0690,0.6908,-45.3886
33216,0.0690,0.6911,-45.3576
33217,0.0692,0.6910,-45.3731
33218,0.0692,0.6913,-45.3421
33219,0.0692,0.6915,-45.3266
33220,0.0692,0.6915,-45.3266
33222,0.0692,0.6919,-45.2957
33223,0.0692,0.6923,-45.2647
33224,0.0692,0.6925,-45.2492
33225,0.0692,0.6926,-45.2337
33226,0.0694,0.6930,-45.2027
33227,0.0694,0.6934,-45.1718
33228,0.0694,0.6940,-45.1253
33229,0.0694,0.6947,-45.0633
33230,0.0694,0.6951,-45.0323
33231,0.0696,0.6953,-45.0168
33232,0.0696,0.6951,-45.0323
33233,0.0696,0.6951,-45.0323
33234,0.0696,0.6953,-45.0168
33235,0.0696,0.6953,-45.0168
33236,0.0696,0.6953,-45.0168
33237,0.0696,0.6953,-45.0168
33238,0.0696,0.6955,-45.0013
33239,0.0696,0.6956,-44.9858
33240,0.0696,0.6956,-44.9858
33242,0.0696,0.6960,-44.9548
33243,0.0696,0.6958,-44.9703
33244,0.0696,0.6958,-44.9703
33245,0.0696,0.6956,-44.9858
33246,0.0696,0.6958,-44.9703
33247,0.0698,0.6964,-44.9238
33248,0.0696,0.6970,-44.8772
33249,0.0698,0.6973,-44.8462
33250,0.0698,0.6977,-44.8152
33251,0.0698,0.6979,-44.7997
33252,0.0698,0.6979,-44.7997
33253,0.0698,0.6981,-44.7842
33254,0.0698,0.6983,-44.7686
33255,0.0699,0.6986,-44.7376
33256,0.0699,0.6986,-44.7376
33257,0.0699,0.6988,-44.7221
33258,0.0699,0.6990,-44.7066
33259,0.0699,0.6994,-44.6755
33261,0.0699,0.6998,-44.6445
33262,0.0699,0.7001,-44.6134
33263,0.0699,0.7035,-44.3338
33264,0.0699,0.7037,-44.3183
33265,0.0699,0.7039,-44.3028
33266,0.0701,0.7043,-44.2717
33267,0.0701,0.7045,-44.2561
33268,0.0701,0.7048,-44.2250
33269,0.0701,0.7052,-44.1939
33270,0.0701,0.7054,-44.1784
33271,0.0701,0.7054,-44.1784
33272,0.0701,0.7056,-44.1628
33273,0.0703,0.7058,-44.1473
33274,0.0703,0.7058,-44.1473
33275,0.0703,0.7058,-44.1473
33276,0.0703,0.7058,-44.1473
33277,0.0701,0.7058,-44.1473
33278,0.0703,0.7024,-44.4271
33279,0.0703,0.7026,-44.4115
33280,0.0701,0.7024,-44.4271
33282,0.0701,0.7022,-44.4426
33283,0.0703,0.7022,-44.4426
33284,0.0703,0.7022,-44.4426
33285,0.0703,0.7026,-44.4115
33286,0.0703,0.7028,-44.3960
33287,0.0703,0.7031,-44.3649
33288,0.0703,0.7031,-44.3649
33289,0.0703,0.7033,-44.3494
33290,0.0703,0.7039,-44.3028
33291,0.0705,0.7039,-44.3028
33292,0.0705,0.7041,-44.2872
33293,0.0703,0.7041,-44.2872
33294,0.0703,0.7041,-44.2872
33295,0.0703,0.7037,-44.3183
33296,0.0703,0.7035,-44.3338
33297,0.0703,0.7035,-44.3338
33298,0.0703,0.7033,-44.3494
33299,0.0703,0.7031,-44.3649
33300,0.0703,0.7030,-44.3805
33302,0.0703,0.7026,-44.4115
33303,0.0703,0.7026,-44.4115
33304,0.0703,0.7026,-44.4115
33305,0.0703,0.7028,-44.3960
33306,0.0703,0.7030,-44.3805
33307,0.0703,0.7031,-44.3649
33308,0.0703,0.7030,-44.3805
33309,0.0703,0.7031,-44.3649
33310,0.0703,0.7031,-44.3649
33311,0.0703,0.7031,-44.3649
33312,0.0703,0.7033,-44.3494
33313,0.0703,0.7037,-44.3183
33314,0.0703,0.7041,-44.2872
33315,0.0703,0.7043,-44.2717
33316,0.0705,0.7046,-44.2406
33317,0.0705,0.7048,-44.2250
33318,0.0705,0.7050,-44.2095
33319,0.0705,0.7052,-44.1939
33321,0.0705,0.7054,-44.1784
33322,0.0705,0.7056,-44.1628
33323,0.0705,0.7056,-44.1628
33324,0.0705,0.7056,-44.1628
33325,0.0705,0.7056,-44.1628
33326,0.0705,0.7058,-44.1473
33327,0.0707,0.7060,-44.1317
33328,0.0707,0.7061,-44.1162
33329,0.0707,0.7063,-44.1006
33330,0.0707,0.7067,-44.0695
33331,0.0707,0.7071,-44.0384
33332,0.0707,0.7073,-44.0228
33333,0.0707,0.7073,-44.0228
33334,0.0707,0.7076,-43.9917
33335,0.0709,0.7076,-43.9917
33336,0.0709,0.7076,-43.9917
33337,0.0707,0.7076,-43.9917
33338,0.0707,0.7108,-43.7270
33339,0.0709,0.7112,-43.6959
33341,0.0709,0.7116,-43.6647
33342,0.0709,0.7120,-43.6336
33343,0.0709,0.7121,-43.6180
33344,0.0709,0.7121,-43.6180
33345,0.0709,0.7123,-43.6024
33346,0.0709,0.7125,-43.5868
33347,0.0709,0.7125,-43.5868
33348,0.0709,0.7125,-43.5868
33349,0.0709,0.7125,-43.5868
33350,0.0709,0.7127,-43.5712
33351,0.0709,0.7127,-43.5712
33352,0.0709,0.7129,-43.5556
33353,0.0711,0.7133,-43.5245
33354,0.0711,0.7105,-43.7582
33355,0.0711,0.7106,-43.7426
33356,0.0711,0.7106,-43.7426
33357,0.0711,0.7106,-43.7426
33358,0.0711,0.7106,-43.7426
33359,0.0711,0.7105,-43.7582
33361,0.0711,0.7103,-43.7738
33362,0.0711,0.7103,-43.7738
33363,0.0711,0.7103,-43.7738
33364,0.0711,0.7106,-43.7426
33365,0.0711,0.7106,-43.7426
33366,0.0711,0.7108,-43.7270
33367,0.0711,0.7112,-43.6959
33368,0.0711,0.7112,-43.6959
33369,0.0711,0.7112,-43.6959
33370,0.0711,0.7112,-43.6959
33371,0.0711,0.7114,-43.6803
33372,0.0711,0.7114,-43.6803
33373,0.0711,0.7114,-43.6803
33374,0.0713,0.7116,-43.6647
33375,0.0711,0.7116,-43.6647
33376,0.0713,0.7116,-43.6647
33377,0.0713,0.7118,-43.6491
33378,0.0713,0.7121,-43.6180
33379,0.0713,0.7125,-43.5868
33381,0.0713,0.7125,-43.5868
33382,0.0713,0.7127,-43.5712
33383,0.0713,0.7127,-43.5712
33384,0.0713,0.7131,-43.5401
33385,0.0714,0.7133,-43.5245
33386,0.0713,0.7133,-43.5245
33387,0.0714,0.7136,-43.4933
33388,0.0714,0.7136,-43.4933
33389,0.0714,0.7140,-43.4621
33390,0.0714,0.7142,-43.4465
33391,0.0714,0.7146,-43.4153
33392,0.0714,0.7150,-43.3841
33393,0.0716,0.7155,-43.3373
33394,0.0716,0.7157,-43.3217
33395,0.0716,0.7159,-43.3061
33396,0.0716,0.7161,-43.2905
33397,0.0716,0.7163,-43.2749
33398,0.0716,0.7168,-43.2281
33399,0.0718,0.7174,-43.1813
33401,0.0718,0.7178,-43.1501
33402,0.0718,0.7180,-43.1345
33403,0.0718,0.7183,-43.1033
33404,0.0718,0.7183,-43.1033
33405,0.0718,0.7183,-43.1033
33406,0.0718,0.7187,-43.0720
33407,0.0718,0.7191,-43.0408
33408,0.0718,0.7195,-43.0096
33409,0.0720,0.7195,-43.0096
33410,0.0720,0.7200,-42.9627
33411,0.0720,0.7202,-42.9471
33412,0.0720,0.7202,-42.9471
33413,0.0720,0.7202,-42.9471
33414,0.0720,0.7232,-42.6970
33415,0.0720,0.7238,-42.6501
33416,0.0722,0.7245,-42.5876
33417,0.0722,0.7255,-42.5093
33418,0.0722,0.7262,-42.4467
33419,0.0722,0.7266,-42.4154
33420,0.0724,0.7270,-42.3841
33422,0.0724,0.7273,-42.3528
33423,0.0724,0.7279,-42.3058
33424,0.0724,0.7283,-42.2745
33425,0.0726,0.7286,-42.2432
33426,0.0726,0.7288,-42.2275
33427,0.0726,0.7290,-42.2119
33428,0.0726,0.7292,-42.1962
33429,0.0726,0.7296,-42.1649
33430,0.0726,0.7271,-42.3685
33431,0.0728,0.7275,-42.3372
33432,0.0728,0.7281,-42.2902
33433,0.0729,0.7283,-42.2745
33434,0.0729,0.7286,-42.2432
33435,0.0729,0.7286,-42.2432
33436,0.0729,0.7288,-42.2275
33437,0.0729,0.7290,-42.2119
33438,0.0729,0.7292,-42.1962
33439,0.0729,0.7294,-42.1805
33440,0.0729,0.7298,-42.1492
33442,0.0731,0.7307,-42.0709
33443,0.0731,0.7316,-41.9925
33444,0.0733,0.7328,-41.8984
33445,0.0733,0.7337,-41.8200
33446,0.0735,0.7345,-41.7572
33447,0.0735,0.7350,-41.7102
33448,0.0735,0.7356,-41.6631
33449,0.0737,0.7363,-41.6003
33450,0.0737,0.7369,-41.5532
33451,0.0737,0.7375,-41.5061
33452,0.0737,0.7376,-41.4904
33453,0.0739,0.7384,-41.4276
33454,0.0739,0.7391,-41.3647
33455,0.0739,0.7397,-41.3176
33456,0.0741,0.7405,-41.2547
33457,0.0741,0.7410,-41.2075
33458,0.0741,0.7416,-41.1604
33459,0.0743,0.7420,-41.1289
33460,0.0743,0.7421,-41.1132
33462,0.0743,0.7423,-41.0975
33463,0.0743,0.7423,-41.0975
33464,0.0743,0.7421,-41.1132
33465,0.0743,0.7420,-41.1289
33466,0.0741,0.7416,-41.1604
33467,0.0741,0.7416,-41.1604
33468,0.0741,0.7414,-41.1761
33469,0.0743,0.7416,-41.1604
33470,0.0743,0.7416,-41.1604
33471,0.0743,0.7420,-41.1289
33472,0.0743,0.7423,-41.0975
33473,0.0743,0.7425,-41.0817
33474,0.0743,0.7427,-41.0660
33475,0.0743,0.7431,-41.0345
33476,0.0743,0.7431,-41.0345
33477,0.0743,0.7433,-41.0188
33478,0.0743,0.7435,-41.0031
33479,0.0744,0.7438,-40.9716
33480,0.0744,0.7436,-40.9873
33481,0.0744,0.7438,-40.9716
33483,0.0743,0.7440,-40.9559
33484,0.0744,0.7442,-40.9401
33485,0.0744,0.7446,-40.9087
33486,0.0744,0.7481,-40.6095
33487,0.0744,0.7485,-40.5779
33488,0.0744,0.7489,-40.5464
33489,0.0746,0.7491,-40.5307
33490,0.0744,0.7493,-40.5149
33491,0.0746,0.7491,-40.5307
33492,0.0746,0.7495,-40.4991
33493,0.0746,0.7496,-40.4834
33494,0.0746,0.7500,-40.4519
33495,0.0746,0.7500,-40.4519
33496,0.0746,0.7504,-40.4203
33497,0.0746,0.7506,-40.4046
33498,0.0746,0.7506,-40.4046
33499,0.0748,0.7510,-40.3730
33500,0.0748,0.7515,-40.3257
33501,0.0748,0.7519,-40.2942
33503,0.0748,0.7517,-40.3099
33504,0.0748,0.7517,-40.3099
33505,0.0748,0.7515,-40.3257
33506,0.0748,0.7513,-40.3415
33507,0.0748,0.7517,-40.3099
33508,0.0748,0.7521,-40.2784
33509,0.0748,0.7525,-40.2468
33510,0.0748,0.7526,-40.2311
33511,0.0748,0.7528,-40.2153
33512,0.0748,0.7528,-40.2153
33513,0.0750,0.7530,-40.1995
33514,0.0750,0.7532,-40.1837
33515,0.0750,0.7536,-40.1522
33516,0.0750,0.7541,-40.1048
33517,0.0750,0.7543,-40.0890
33518,0.0752,0.7545,-40.0732
33519,0.0750,0.7543,-40.0890
33520,0.0750,0.7543,-40.0890
33521,0.0752,0.7549,-40.0417
33523,0.0752,0.7555,-39.9943
33524,0.0752,0.7560,-39.9469
33525,0.0754,0.7564,-39.9153
33526,0.0754,0.7566,-39.8995
33527,0.0752,0.7562,-39.9311
33528,0.0752,0.7566,-39.8995
33529,0.0754,0.7568,-39.8837
33530,0.0754,0.7570,-39.8679
33531,0.0754,0.7568,-39.8837
33532,0.0754,0.7538,-40.1364
33533,0.0754,0.7536,-40.1522
33534,0.0754,0.7538,-40.1364
33535,0.0754,0.7538,-40.1364
33536,0.0754,0.7540,-40.1206
33537,0.0754,0.7538,-40.1364
33538,0.0754,0.7536,-40.1522
33539,0.0754,0.7532,-40.1837
33540,0.0754,0.7532,-40.1837
33541,0.0754,0.7532,-40.1837
33543,0.0754,0.7536,-40.1522
33544,0.0754,0.7536,-40.1522
33545,0.0754,0.7536,-40.1522
33546,0.0754,0.7530,-40.1995
33547,0.0752,0.7528,-40.2153
33548,0.0754,0.7530,-40.1995
33549,0.0754,0.7532,-40.1837
33550,0.0754,0.7532,-40.1837
33551,0.0754,0.7534,-40.1679
33552,0.0754,0.7530,-40.1995
33553,0.0754,0.7534,-40.1679
33554,0.0754,0.7536,-40.1522
33555,0.0754,0.7538,-40.1364
33556,0.0754,0.7538,-40.1364
33557,0.0754,0.7538,-40.1364
33558,0.0754,0.7538,-40.1364
33559,0.0754,0.7538,-40.1364
33560,0.0754,0.7541,-40.1048
33561,0.0756,0.7549,-40.0417
33562,0.0756,0.7553,-40.0101
33564,0.0756,0.7560,-39.9469
33565,0.0758,0.7566,-39.8995
33566,0.0758,0.7571,-39.8521
33567,0.0758,0.7573,-39.8363
33568,0.0758,0.7579,-39.7889
33569,0.0758,0.7581,-39.7731
33570,0.0758,0.7583,-39.7573
33571,0.0758,0.7585,-39.7415
33572,0.0758,0.7585,-39.7415
33573,0.0758,0.7583,-39.7573
33574,0.0758,0.7613,-39.5043
33575,0.0758,0.7613,-39.5043
33576,0.0758,0.7618,-39.4569
33577,0.0759,0.7620,-39.4410
33578,0.0759,0.7622,-39.4252
33579,0.0759,0.7626,-39.3936
33580,0.0759,0.7628,-39.3778
33581,0.0759,0.7631,-39.3461
33582,0.0759,0.7633,-39.3303
33583,0.0759,0.7635,-39.3144
33585,0.0759,0.7637,-39.2986
33586,0.0761,0.7639,-39.2828
33587,0.0761,0.7641,-39.2669
33588,0.0761,0.7616,-39.4727
33589,0.0761,0.7622,-39.4252
33590,0.0763,0.7626,-39.3936
33591,0.0763,0.7630,-39.3619
33592,0.0763,0.7661,-39.0927
33593,0.0763,0.7665,-39.0610
33594,0.0763,0.7663,-39.0769
33595,0.0763,0.7663,-39.0769
33596,0.0763,0.7663,-39.0769
33597,0.0763,0.7667,-39.0452
33598,0.0763,0.7669,-39.0294
33599,0.0763,0.7673,-38.9977
33600,0.0763,0.7676,-38.9660
33601,0.0765,0.7680,-38.9343
33602,0.0765,0.7688,-38.8708
33603,0.0765,0.7693,-38.8233
33605,0.0767,0.7697,-38.7916
33606,0.0767,0.7703,-38.7440
33607,0.0767,0.7708,-38.6964
33608,0.0769,0.7714,-38.6488
33609,0.0769,0.7691,-38.8391
33610,0.0769,0.7697,-38.7916
33611,0.0771,0.7699,-38.7757
33612,0.0771,0.7701,-38.7598
33613,0.0771,0.7701,-38.7598
33614,0.0771,0.7703,-38.7440
33615,0.0771,0.7705,-38.7281
33616,0.0771,0.7710,-38.6805
33617,0.0771,0.7710,-38.6805
33618,0.0771,0.7710,-38.6805
33619,0.0771,0.7712,-38.6647
33620,0.0771,0.7714,-38.6488
33621,0.0771,0.7716,-38.6329
33622,0.0771,0.7716,-38.6329
33623,0.0773,0.7716,-38.6329
33624,0.0773,0.7716,-38.6329
33626,0.0773,0.7716,-38.6329
33627,0.0773,0.7720,-38.6012
33628,0.0773,0.7721,-38.5853
33629,0.0773,0.7725,-38.5536
33630,0.0773,0.7729,-38.5218
33631,0.0773,0.7733,-38.4901
33632,0.0774,0.7736,-38.4583
33633,0.0774,0.7738,-38.4424
33634,0.0774,0.7744,-38.3948
33635,0.0774,0.7746,-38.3789
33636,0.0776,0.7751,-38.3312
33637,0.0776,0.7757,-38.2836
33638,0.0776,0.7761,-38.2518
33639,0.0776,0.7763,-38.2359
33640,0.0776,0.7761,-38.2518
33641,0.0776,0.7761,-38.2518
33642,0.0776,0.7763,-38.2359
33643,0.0776,0.7768,-38.1882
33645,0.0776,0.7776,-38.1247
33646,0.0778,0.7780,-38.0929
33647,0.0778,0.7780,-38.0929
33648,0.0778,0.7776,-38.1247
33649,0.0776,0.7774,-38.1406
33650,0.0776,0.7772,-38.1564
33651,0.0776,0.7772,-38.1564
33652,0.0776,0.7770,-38.1723
33653,0.0778,0.7772,-38.1564
33654,0.0776,0.7774,-38.1406
33655,0.0776,0.7776,-38.1247
33656,0.0778,0.7778,-38.1088
33657,0.0778,0.7778,-38.1088
33658,0.0778,0.7776,-38.1247
33659,0.0776,0.7776,-38.1247
33660,0.0778,0.7780,-38.0929
33661,0.0778,0.7781,-38.0770
33662,0.0778,0.7783,-38.0611
33663,0.0778,0.7783,-38.0611
33665,0.0778,0.7785,-38.0452
33666,0.0778,0.7785,-38.0452
33667,0.0778,0.7787,-38.0293
33668,0.0778,0.7787,-38.0293
33669,0.0778,0.7819,-37.7588
33670,0.0778,0.7825,-37.7110
33671,0.0780,0.7828,-37.6792
33672,0.0780,0.7830,-37.6632
33673,0.0780,0.7834,-37.6314
33674,0.0780,0.7836,-37.6155
33675,0.0780,0.7840,-37.5836
33676,0.0780,0.7845,-37.5358
33677,0.0782,0.7851,-37.4880
33678,0.0782,0.7855,-37.4562
33679,0.0782,0.7856,-37.4402
33680,0.0782,0.7860,-37.4084
33681,0.0784,0.7862,-37.3924
33682,0.0782,0.7864,-37.3765
33684,0.0782,0.7862,-37.3924
33685,0.0784,0.7838,-37.5995
33686,0.0784,0.7840,-37.5836
33687,0.0784,0.7840,-37.5836
33688,0.0784,0.7838,-37.5995
33689,0.0784,0.7838,-37.5995
33690,0.0784,0.7838,-37.5995
33691,0.0784,0.7843,-37.5518
33692,0.0784,0.7845,-37.5358
33693,0.0784,0.7845,-37.5358
33694,0.0784,0.7843,-37.5518
33695,0.7843,0.0784,-91.1351
33696,0.0784,0.7845,-37.5358
33697,0.0784,0.7847,-37.5199
33698,0.0784,0.7847,-37.5199
33699,0.0786,0.7847,-37.5199
33700,0.0784,0.7845,-37.5358
33701,0.0784,0.7847,-37.5199
33702,0.0784,0.7851,-37.4880
33703,0.0786,0.7855,-37.4562
33705,0.0786,0.7855,-37.4562
33706,0.0786,0.7856,-37.4402
33707,0.0786,0.7860,-37.4084
33708,0.0788,0.7866,-37.3605
33709,0.0788,0.7868,-37.3446
33710,0.0788,0.7870,-37.3286
33711,0.0788,0.7871,-37.3127
33712,0.0788,0.7877,-37.2649
33713,0.0788,0.7879,-37.2489
33714,0.0788,0.7879,-37.2489
33715,0.0788,0.7881,-37.2330
33716,0.0788,0.7881,-37.2330
33717,0.0788,0.7881,-37.2330
33718,0.0788,0.7883,-37.2170
33719,0.0788,0.7883,-37.2170
33720,0.0788,0.7885,-37.2011
33721,0.0789,0.7886,-37.1851
33722,0.0789,0.7888,-37.1692
33723,0.0789,0.7888,-37.1692
33725,0.0788,0.7885,-37.2011
33726,0.0788,0.7883,-37.2170
33727,0.0788,0.7883,-37.2170
33728,0.0788,0.7885,-37.2011
33729,0.0788,0.7885,-37.2011
33730,0.0788,0.7883,-37.2170
33731,0.0788,0.7883,-37.2170
33732,0.0788,0.7885,-37.2011
33733,0.0788,0.7886,-37.1851
33734,0.0788,0.7886,-37.1851
33735,0.0789,0.7885,-37.2011
33736,0.0788,0.7883,-37.2170
33737,0.0788,0.7885,-37.2011
33738,0.0788,0.7883,-37.2170
33739,0.0788,0.7879,-37.2489
33740,0.0788,0.7877,-37.2649
33741,0.0788,0.7877,-37.2649
33742,0.0788,0.7877,-37.2649
33743,0.0788,0.7875,-37.2808
33744,0.0786,0.7900,-37.0734
33746,0.0786,0.7898,-37.0894
33747,0.0786,0.7900,-37.0734
33748,0.0786,0.7901,-37.0575
33749,0.0788,0.7907,-37.0096
33750,0.0788,0.7909,-36.9937
33751,0.0788,0.7911,-36.9777
33752,0.0788,0.7913,-36.9617
33753,0.0788,0.7911,-36.9777
33754,0.0788,0.7911,-36.9777
33755,0.0788,0.7909,-36.9937
33756,0.0788,0.7909,-36.9937
33757,0.0788,0.7909,-36.9937
33758,0.0788,0.7909,-36.9937
33759,0.0788,0.7909,-36.9937
33760,0.0788,0.7875,-37.2808
33761,0.0788,0.7873,-37.2968
33762,0.0788,0.7873,-37.2968
33763,0.0788,0.7873,-37.2968
33764,0.0788,0.7879,-37.2489
33766,0.0788,0.7883,-37.2170
33767,0.0788,0.0788,-91.1101
33768,0.0788,0.7883,-37.2170
33769,0.0788,0.7885,-37.2011
33770,0.0789,0.7888,-37.1692
33771,0.0788,0.7890,-37.1532
33772,0.0789,0.7892,-37.1373
33773,0.0789,0.7892,-37.1373
33774,0.0789,0.7890,-37.1532
33775,0.0789,0.7890,-37.1532
33776,0.0789,0.7892,-37.1373
33777,0.0789,0.7894,-37.1213
33778,0.0789,0.7892,-37.1373
33779,0.0789,0.7890,-37.1532
33780,0.0789,0.7890,-37.1532
33781,0.0789,0.7894,-37.1213
33782,0.0789,0.7900,-37.0734
33783,0.0789,0.7903,-37.0415
33784,0.0789,0.7907,-37.0096
33786,0.0791,0.7909,-36.9937
33787,0.0791,0.7907,-37.0096
33788,0.0791,0.7909,-36.9937
33789,0.0791,0.7909,-36.9937
33790,0.0791,0.7911,-36.9777
33791,0.0791,0.7911,-36.9777
33792,0.0791,0.7911,-36.9777
33793,0.0791,0.7911,-36.9777
33794,0.0791,0.7911,-36.9777
33795,0.0791,0.7913,-36.9617
33796,0.0791,0.7911,-36.9777
33797,0.0791,0.7911,-36.9777
33798,0.0791,0.7911,-36.9777
33799,0.0791,0.7913,-36.9617
33800,0.0791,0.7916,-36.9298
33801,0.0791,0.7920,-36.8979
33802,0.0791,0.7920,-36.8979
33803,0.0791,0.7920,-36.8979
33804,0.0791,0.7920,-36.8979
33806,0.0791,0.7920,-36.8979
33807,0.0791,0.7918,-36.9138
33808,0.0791,0.7920,-36.8979
33809,0.0793,0.7924,-36.8659
33810,0.0793,0.7928,-36.8340
33811,0.0793,0.7926,-36.8500
33812,0.0793,0.7924,-36.8659
33813,0.0793,0.7922,-36.8819
33814,0.0791,0.7924,-36.8659
33815,0.0791,0.7924,-36.8659
33816,0.0793,0.7954,-36.6103
33817,0.0793,0.7960,-36.5624
33818,0.0793,0.7969,-36.4824
33819,0.0793,0.7971,-36.4664
33820,0.0793,0.7973,-36.4504
33821,0.0793,0.7975,-36.4344
33822,0.0793,0.7978,-36.4025
33823,0.0793,0.7976,-36.4184
33824,0.0795,0.7978,-36.4025
33826,0.0795,0.7980,-36.3865
33827,0.0795,0.7982,-36.3705
33828,0.0795,0.7986,-36.3385
33829,0.0795,0.7986,-36.3385
33830,0.0795,0.7986,-36.3385
33831,0.0795,0.7984,-36.3545
33832,0.0795,0.7984,-36.3545
33833,0.0795,0.7982,-36.3705
33834,0.0795,0.7982,-36.3705
33835,0.0795,0.7984,-36.3545
33836,0.0795,0.7991,-36.2905
33837,0.0795,0.7997,-36.2425
33838,0.0797,0.8001,-36.2104
33839,0.0797,0.7999,-36.2265
33840,0.0795,0.7997,-36.2425
33841,0.0795,0.7997,-36.2425
33842,0.0795,0.7997,-36.2425
33843,0.0797,0.7997,-36.2425
33844,0.0797,0.7999,-36.2265
33846,0.0797,0.8003,-36.1944
33847,0.0797,0.8006,-36.1624
33848,0.0797,0.8014,-36.0984
33849,0.0799,0.8020,-36.0503
33850,0.0799,0.8021,-36.0343
33851,0.0799,0.8027,-35.9863
33852,0.0799,0.8033,-35.9382
33853,0.0801,0.8036,-35.9062
33854,0.0801,0.8040,-35.8741
33855,0.0801,0.8040,-35.8741
33856,0.0801,0.8040,-35.8741
33857,0.0801,0.8042,-35.8581
33858,0.0801,0.8048,-35.8100
33859,0.0801,0.8051,-35.7780
33860,0.0803,0.8055,-35.7459
33861,0.0801,0.8057,-35.7299
33862,0.0803,0.8029,-35.9703
33863,0.0803,0.8031,-35.9542
33864,0.0803,0.8033,-35.9382
33866,0.0804,0.8031,-35.9542
33867,0.0803,0.8035,-35.9222
33868,0.0804,0.8038,-35.8902
33869,0.0804,0.8042,-35.8581
33870,0.0804,0.8044,-35.8421
33871,0.0804,0.8044,-35.8421
33872,0.0804,0.8042,-35.8581
33873,0.0804,0.8044,-35.8421
33874,0.0804,0.8048,-35.8100
33875,0.0804,0.8051,-35.7780
33876,0.0804,0.8051,-35.7780
33877,0.0806,0.8053,-35.7619
33878,0.0804,0.8055,-35.7459
33879,0.0804,0.8055,-35.7459
33880,0.0804,0.8053,-35.7619
33881,0.0806,0.8053,-35.7619
33882,0.0804,0.8051,-35.7780
33883,0.0804,0.8050,-35.7940
33884,0.0804,0.8048,-35.8100
33886,0.0804,0.8050,-35.7940
33887,0.0804,0.8051,-35.7780
33888,0.0804,0.8051,-35.7780
33889,0.0804,0.8050,-35.7940
33890,0.0804,0.8050,-35.7940
33891,0.0804,0.8051,-35.7780
33892,0.0804,0.8051,-35.7780
33893,0.0804,0.8051,-35.7780
33894,0.0804,0.8048,-35.8100
33895,0.0804,0.8048,-35.8100
33896,0.0804,0.8050,-35.7940
33897,0.0804,0.8050,-35.7940
33898,0.0804,0.8048,-35.8100
33899,0.0804,0.8046,-35.8260
33900,0.0804,0.8046,-35.8260
33901,0.0804,0.8046,-35.8260
33902,0.0804,0.8048,-35.8100
33903,0.0804,0.8048,-35.8100
33904,0.0804,0.8050,-35.7940
33905,0.0806,0.8053,-35.7619
33907,0.0804,0.8057,-35.7299
33908,0.0806,0.8061,-35.6978
33909,0.0806,0.8065,-35.6657
33910,0.0806,0.8072,-35.6016
33911,0.0808,0.8074,-35.5855
33912,0.0806,0.8076,-35.5695
33913,0.0808,0.8080,-35.5374
33914,0.0808,0.8085,-35.4893
33915,0.0808,0.8091,-35.4411
33916,0.0810,0.8096,-35.3930
33917,0.0810,0.8098,-35.3769
33918,0.0810,0.8096,-35.3930
33919,0.0808,0.8096,-35.3930
33920,0.0810,0.8096,-35.3930
33921,0.0810,0.8102,-35.3448
33922,0.0810,0.8136,-35.0557
33923,0.0810,0.8141,-35.0075
33924,0.0812,0.8145,-34.9753
33926,0.0812,0.8147,-34.9592
33927,0.0812,0.8149,-34.9432
33928,0.0812,0.8151,-34.9271
33929,0.0812,0.8151,-34.9271
33930,0.0812,0.8151,-34.9271
33931,0.0812,0.8149,-34.9432
33932,0.0812,0.8147,-34.9592
33933,0.0812,0.8147,-34.9592
33934,0.0812,0.8151,-34.9271
33935,0.0812,0.8153,-34.9110
33936,0.0812,0.8149,-34.9432
33937,0.0810,0.8143,-34.9914
33938,0.0810,0.8110,-35.2806
33939,0.0810,0.8110,-35.2806
33940,0.0810,0.8108,-35.2967
33941,0.0810,0.8110,-35.2806
33942,0.0810,0.8110,-35.2806
33943,0.0812,0.8113,-35.2485
33944,0.0812,0.8117,-35.2164
33946,0.0812,0.8119,-35.2003
33947,0.0812,0.8121,-35.1842
33948,0.0812,0.8121,-35.1842
33949,0.0812,0.8121,-35.1842
33950,0.0812,0.8121,-35.1842
33951,0.0812,0.8119,-35.2003
33952,0.0812,0.8119,-35.2003
33953,0.0812,0.8119,-35.2003
33954,0.0812,0.8117,-35.2164
33955,0.0812,0.8113,-35.2485
33956,0.0810,0.8111,-35.2645
33957,0.0810,0.8110,-35.2806
33958,0.0810,0.8110,-35.2806
33959,0.0812,0.8110,-35.2806
33960,0.0810,0.8111,-35.2645
33961,0.0810,0.8111,-35.2645
33962,0.0812,0.8111,-35.2645
33963,0.0810,0.8111,-35.2645
33964,0.0812,0.8110,-35.2806
33966,0.0810,0.8110,-35.2806
33967,0.0812,0.8110,-35.2806
33968,0.0810,0.8108,-35.2967
33969,0.0812,0.8110,-35.2806
33970,0.0812,0.8111,-35.2645
33971,0.0812,0.8117,-35.2164
33972,0.0812,0.8121,-35.1842
33973,0.0812,0.8123,-35.1682
33974,0.0812,0.8119,-35.2003
33975,0.0812,0.8117,-35.2164
33976,0.0812,0.8117,-35.2164
33977,0.0812,0.8117,-35.2164
33978,0.0812,0.8117,-35.2164
33979,0.0812,0.8115,-35.2324
33980,0.0812,0.8111,-35.2645
33981,0.0812,0.8113,-35.2485
33982,0.0810,0.8110,-35.2806
33983,0.0810,0.8106,-35.3127
33984,0.0810,0.8106,-35.3127
33986,0.0810,0.8102,-35.3448
33987,0.0810,0.8102,-35.3448
33988,0.0810,0.8102,-35.3448
33989,0.0810,0.8106,-35.3127
33990,0.0810,0.8106,-35.3127
33991,0.0810,0.8106,-35.3127
33992,0.0810,0.8102,-35.3448
33993,0.0810,0.8102,-35.3448
33994,0.0810,0.8100,-35.3609
33995,0.0810,0.8098,-35.3769
33996,0.0810,0.8096,-35.3930
33997,0.0810,0.8095,-35.4090
33998,0.0810,0.8093,-35.4251
33999,0.0808,0.8119,-35.2003
34000,0.0808,0.8115,-35.2324
34001,0.0808,0.8113,-35.2485
34002,0.0808,0.8111,-35.2645
34003,0.0806,0.8110,-35.2806
34004,0.0806,0.8106,-35.3127
34006,0.0806,0.8104,-35.3288
34007,0.0806,0.8104,-35.3288
34008,0.0806,0.8106,-35.3127
34009,0.0806,0.8108,-35.2967
34010,0.0808,0.8110,-35.2806
34011,0.0808,0.8110,-35.2806
34012,0.0808,0.8113,-35.2485
34013,0.0806,0.8110,-35.2806
34014,0.0806,0.8106,-35.3127
34015,0.0806,0.8074,-35.5855
34016,0.0808,0.8076,-35.5695
34017,0.0808,0.8078,-35.5535
34018,0.0808,0.8080,-35.5374
34019,0.0808,0.8080,-35.5374
34020,0.0808,0.8081,-35.5214
34021,0.0808,0.8080,-35.5374
34022,0.0808,0.8078,-35.5535
34023,0.0808,0.8074,-35.5855
34024,0.0806,0.8072,-35.6016
34025,0.0806,0.8068,-35.6337
34027,0.0806,0.8066,-35.6497
34028,0.0806,0.8061,-35.6978
34029,0.0806,0.8059,-35.7138
34030,0.0806,0.8053,-35.7619
34031,0.0804,0.8051,-35.7780
34032,0.0804,0.8051,-35.7780
34033,0.0806,0.8055,-35.7459
34034,0.0806,0.8057,-35.7299
34035,0.0806,0.8061,-35.6978
34036,0.0806,0.8059,-35.7138
34037,0.0806,0.8059,-35.7138
34038,0.0806,0.8063,-35.6818
34039,0.0806,0.8063,-35.6818
34040,0.0806,0.8065,-35.6657
34041,0.0806,0.8066,-35.6497
34042,0.0806,0.8070,-35.6176
34043,0.0806,0.8072,-35.6016
34044,0.0808,0.8076,-35.5695
34045,0.0808,0.8078,-35.5535
34047,0.0808,0.8076,-35.5695
34048,0.0806,0.8074,-35.5855
34049,0.0808,0.8074,-35.5855
34050,0.0808,0.8076,-35.5695
34051,0.0806,0.8078,-35.5535
34052,0.0808,0.8078,-35.5535
34053,0.0808,0.8080,-35.5374
34054,0.0808,0.8083,-35.5053
34055,0.0808,0.8087,-35.4732
34056,0.0808,0.8089,-35.4572
34057,0.0808,0.8091,-35.4411
34058,0.0810,0.8096,-35.3930
34059,0.0810,0.8102,-35.3448
34060,0.0810,0.8104,-35.3288
34061,0.0810,0.8110,-35.2806
34062,0.0812,0.8113,-35.2485
34063,0.0812,0.8119,-35.2003
34064,0.0812,0.8123,-35.1682
34065,0.0812,0.8125,-35.1521
34067,0.0812,0.8126,-35.1360
34068,0.0812,0.8126,-35.1360
34069,0.0812,0.8125,-35.1521
34070,0.0812,0.8123,-35.1682
34071,0.0812,0.8123,-35.1682
34072,0.0812,0.8123,-35.1682
34073,0.0814,0.8130,-35.1039
34074,0.0814,0.8136,-35.0557
34075,0.0814,0.8168,-34.7824
34076,0.0814,0.8170,-34.7663
34077,0.0814,0.8170,-34.7663
34078,0.0814,0.8168,-34.7824
34079,0.0814,0.8170,-34.7663
34080,0.0814,0.8171,-34.7502
34081,0.0814,0.8175,-34.7180
34082,0.0814,0.8177,-34.7019
34083,0.0814,0.8179,-34.6858
34084,0.0814,0.8177,-34.7019
34085,0.0814,0.8179,-34.6858
34086,0.0814,0.8181,-34.6697
34088,0.0814,0.8183,-34.6536
34089,0.0816,0.8186,-34.6214
34090,0.0816,0.8194,-34.5571
34091,0.0816,0.8166,-34.7984
34092,0.0818,0.8168,-34.7824
34093,0.0818,0.8171,-34.7502
34094,0.0818,0.8171,-34.7502
34095,0.0818,0.8173,-34.7341
34096,0.0818,0.8175,-34.7180
34097,0.0818,0.8175,-34.7180
34098,0.0818,0.8175,-34.7180
34099,0.0818,0.8173,-34.7341
34100,0.0818,0.8173,-34.7341
34101,0.0818,0.8179,-34.6858
34102,0.0818,0.8183,-34.6536
34103,0.0819,0.8185,-34.6375
34104,0.0818,0.8185,-34.6375
34105,0.0818,0.8185,-34.6375
34107,0.0818,0.8186,-34.6214
34108,0.0819,0.8188,-34.6054
34109,0.0819,0.8190,-34.5893
34110,0.0819,0.8190,-34.5893
34111,0.0819,0.8190,-34.5893
34112,0.0819,0.8190,-34.5893
34113,0.0819,0.8196,-34.5410
34114,0.0819,0.8200,-34.5088
34115,0.0819,0.8202,-34.4927
34116,0.0819,0.8202,-34.4927
34117,0.0821,0.8203,-34.4766
34118,0.0821,0.8203,-34.4766
34119,0.0819,0.8203,-34.4766
34120,0.0819,0.8203,-34.4766
34121,0.0819,0.8205,-34.4605
34122,0.0821,0.8209,-34.4282
34123,0.0821,0.8213,-34.3960
34124,0.0821,0.8215,-34.3799
34125,0.0821,0.8215,-34.3799
34127,0.0821,0.8217,-34.3638
34128,0.0821,0.8217,-34.3638
34129,0.0821,0.8217,-34.3638
34130,0.0821,0.8217,-34.3638
34131,0.0821,0.8215,-34.3799
34132,0.0821,0.8209,-34.4282
34133,0.0821,0.8213,-34.3960
34134,0.0821,0.8218,-34.3477
34135,0.0821,0.8220,-34.3316
34136,0.0821,0.8218,-34.3477
34137,0.0821,0.8218,-34.3477
34138,0.0821,0.8218,-34.3477
34139,0.0821,0.8222,-34.3155
34140,0.0823,0.8226,-34.2833
34141,0.0823,0.8228,-34.2671
34142,0.0823,0.8228,-34.2671
34143,0.0823,0.8230,-34.2510
34144,0.0823,0.8233,-34.2188
34146,0.0823,0.8233,-34.2188
34147,0.0823,0.8263,-33.9608
34148,0.0823,0.8267,-33.9285
34149,0.0823,0.8273,-33.8801
34150,0.0825,0.8278,-33.8317
34151,0.0825,0.8278,-33.8317
34152,0.0823,0.8278,-33.8317
34153,0.0825,0.8280,-33.8156
34154,0.0825,0.8282,-33.7994
34155,0.0825,0.8284,-33.7833
34156,0.0825,0.8282,-33.7994
34157,0.0825,0.8284,-33.7833
34158,0.0825,0.8290,-33.7349
34159,0.0825,0.8292,-33.7187
34160,0.0827,0.8297,-33.6703
34161,0.0827,0.8299,-33.6541
34162,0.0827,0.8303,-33.6218
34163,0.0827,0.8307,-33.5895
34164,0.0827,0.8308,-33.5734
34165,0.0827,0.8310,-33.5572
34167,0.0827,0.8308,-33.5734
34168,0.0827,0.8308,-33.5734
34169,0.0827,0.8312,-33.5410
34171,0.0829,0.8314,-33.5249
34172,0.0829,0.8318,-33.4926
34173,0.0829,0.8320,-33.4764
34174,0.0829,0.8325,-33.4279
34175,0.0829,0.8327,-33.4118
34176,0.0829,0.8329,-33.3956
34177,0.0829,0.8329,-33.3956
34178,0.0829,0.8329,-33.3956
34179,0.0829,0.8331,-33.3794
34180,0.0829,0.8335,-33.3471
34181,0.0829,0.8337,-33.3310
34182,0.0831,0.8338,-33.3148
34183,0.0831,0.8338,-33.3148
34184,0.0831,0.8342,-33.2824
34185,0.0831,0.8348,-33.2339
34186,0.0831,0.8353,-33.1854
34188,0.0833,0.8355,-33.1692
34189,0.0831,0.8357,-33.1531
34190,0.0833,0.8357,-33.1531
34191,0.0833,0.8355,-33.1692
34192,0.0833,0.8355,-33.1692
34193,0.0833,0.8359,-33.1369
34194,0.0833,0.8359,-33.1369
34195,0.0833,0.8367,-33.0722
34196,0.0833,0.8370,-33.0398
34197,0.0833,0.8370,-33.0398
34198,0.0833,0.8374,-33.0074
34199,0.0834,0.8374,-33.0074
34200,0.0834,0.8378,-32.9751
34201,0.0834,0.8382,-32.9427
34202,0.0834,0.8387,-32.8941
34203,0.0834,0.8389,-32.8779
34204,0.0834,0.8389,-32.8779
34205,0.0836,0.8391,-32.8617
34206,0.0836,0.8395,-32.8293
34207,0.0836,0.8370,-33.0398
34209,0.0836,0.8374,-33.0074
34210,0.0838,0.8376,-32.9912
34211,0.0838,0.8376,-32.9912
34212,0.0838,0.8380,-32.9589
34213,0.0838,0.8380,-32.9589
34214,0.0838,0.8378,-32.9751
34215,0.0838,0.8376,-32.9912
34216,0.0836,0.8374,-33.0074
34217,0.0838,0.8378,-32.9751
34218,0.0838,0.8380,-32.9589
34219,0.0838,0.8380,-32.9589
34220,0.0838,0.8382,-32.9427
34221,0.0838,0.8378,-32.9751
34222,0.0838,0.8378,-32.9751
34223,0.0838,0.8378,-32.9751
34224,0.0838,0.8378,-32.9751
34225,0.0838,0.8378,-32.9751
34226,0.0838,0.8380,-32.9589
34228,0.0838,0.8383,-32.9265
34229,0.0838,0.8389,-32.8779
34230,0.0838,0.8391,-32.8617
34231,0.0840,0.8391,-32.8617
34232,0.0838,0.8391,-32.8617
34233,0.0838,0.8389,-32.8779
34234,0.0838,0.8385,-32.9103
34235,0.0838,0.8389,-32.8779
34236,0.0838,0.8389,-32.8779
34237,0.0838,0.8389,-32.8779
34238,0.0840,0.8393,-32.8455
34239,0.0838,0.8395,-32.8293
34240,0.0840,0.8397,-32.8131
34241,0.0840,0.8398,-32.7969
34242,0.0840,0.8402,-32.7645
34243,0.0840,0.8402,-32.7645
34244,0.0840,0.8400,-32.7807
34245,0.0840,0.8398,-32.7969
34246,0.0840,0.8397,-32.8131
34247,0.0840,0.8397,-32.8131
34249,0.0838,0.8395,-32.8293
34250,0.0840,0.8395,-32.8293
34251,0.0840,0.8397,-32.8131
34252,0.0840,0.8397,-32.8131
34253,0.0840,0.8397,-32.8131
34254,0.0840,0.8427,-32.5539
34255,0.0840,0.8430,-32.5215
34256,0.0840,0.8434,-32.4890
34257,0.0840,0.8438,-32.4566
34258,0.0840,0.8440,-32.4404
34259,0.0840,0.8440,-32.4404
34260,0.0840,0.8440,-32.4404
34261,0.0840,0.8443,-32.4079
34262,0.0842,0.8445,-32.3917
34263,0.0842,0.8447,-32.3755
34264,0.0840,0.8440,-32.4404
34265,0.0840,0.8438,-32.4566
34266,0.0840,0.8436,-32.4728
34267,0.0840,0.8436,-32.4728
34269,0.0840,0.8438,-32.4566
34270,0.0842,0.8412,-32.6835
34271,0.0840,0.8413,-32.6673
34272,0.0842,0.8417,-32.6349
34273,0.0842,0.8417,-32.6349
34274,0.0842,0.8415,-32.6511
34275,0.0842,0.8417,-32.6349
34276,0.0842,0.8421,-32.6025
34277,0.0842,0.8423,-32.5863
34278,0.0842,0.8423,-32.5863
34279,0.0842,0.8421,-32.6025
34280,0.0842,0.8419,-32.6187
34281,0.0842,0.8415,-32.6511
34282,0.0842,0.8415,-32.6511
34283,0.0842,0.8417,-32.6349
34284,0.0842,0.8415,-32.6511
34285,0.0842,0.8415,-32.6511
34286,0.0840,0.8412,-32.6835
34287,0.0842,0.8412,-32.6835
34289,0.0842,0.8412,-32.6835
34290,0.0840,0.8408,-32.7159
34290,0.0840,0.8412,-32.6835
34291,0.0840,0.8406,-32.7321
34292,0.0840,0.8410,-32.6997
34293,0.0840,0.8412,-32.6835
34294,0.0840,0.8412,-32.6835
34295,0.0840,0.8410,-32.6997
34296,0.0842,0.8410,-32.6997
34297,0.0840,0.8410,-32.6997
34298,0.0840,0.8408,-32.7159
34299,0.0840,0.8408,-32.7159
34300,0.0840,0.8412,-32.6835
34301,0.0842,0.8413,-32.6673
34302,0.0842,0.8421,-32.6025
34303,0.0842,0.8428,-32.5377
34304,0.0844,0.8434,-32.4890
34305,0.0844,0.8436,-32.4728
34307,0.0844,0.8434,-32.4890
34308,0.0844,0.8434,-32.4890
34309,0.0844,0.8434,-32.4890
34310,0.0844,0.8434,-32.4890
34311,0.0844,0.8432,-32.5052
34312,0.0844,0.8434,-32.4890
34313,0.0844,0.8438,-32.4566
34314,0.0844,0.8449,-32.3593
34315,0.0846,0.8455,-32.3106
34316,0.0846,0.8458,-32.2782
34317,0.0846,0.8458,-32.2782
34318,0.0846,0.8457,-32.2944
34319,0.0846,0.8457,-32.2944
34320,0.0846,0.8462,-32.2457
34321,0.0846,0.8464,-32.2295
34322,0.0846,0.8464,-32.2295
34323,0.0846,0.8466,-32.2133
34324,0.0846,0.8466,-32.2133
34325,0.0846,0.8468,-32.1970
34327,0.0848,0.8468,-32.1970
34328,0.0848,0.8473,-32.1483
34329,0.0848,0.8503,-31.8885
34330,0.0848,0.8505,-31.8722
34331,0.0848,0.8507,-31.8560
34332,0.0848,0.8505,-31.8722
34333,0.0848,0.8502,-31.9047
34334,0.0846,0.8503,-31.8885
34335,0.0848,0.8505,-31.8722
34336,0.0848,0.8509,-31.8397
34337,0.0848,0.8511,-31.8235
34338,0.0848,0.8515,-31.7910
34339,0.0848,0.8515,-31.7910
34340,0.0848,0.8515,-31.7910
34341,0.0848,0.8518,-31.7585
34342,0.0848,0.8518,-31.7585
34343,0.0848,0.8518,-31.7585
34344,0.0848,0.8518,-31.7585
34345,0.0849,0.8492,-31.9860
34347,0.0849,0.8494,-31.9697
34348,0.0849,0.8496,-31.9535
34349,0.0849,0.8498,-31.9372
34350,0.0849,0.8500,-31.9210
34351,0.0849,0.8500,-31.9210
34352,0.0849,0.8498,-31.9372
34353,0.0849,0.8492,-31.9860
34354,0.0849,0.8490,-32.0022
34355,0.0849,0.8490,-32.0022
34356,0.0848,0.8488,-32.0184
34357,0.0849,0.8488,-32.0184
34358,0.0849,0.8490,-32.0022
34359,0.0849,0.8492,-31.9860
34360,0.0849,0.8496,-31.9535
34361,0.0849,0.8498,-31.9372
34362,0.0849,0.8498,-31.9372
34363,0.0849,0.8498,-31.9372
34364,0.0849,0.8494,-31.9697
34365,0.0849,0.8492,-31.9860
34367,0.0849,0.8492,-31.9860
34368,0.0849,0.8494,-31.9697
34369,0.0849,0.8496,-31.9535
34370,0.0849,0.8498,-31.9372
34371,0.0849,0.8500,-31.9210
34372,0.0849,0.8505,-31.8722
34373,0.0851,0.8511,-31.8235
34374,0.0851,0.8520,-31.7422
34375,0.0853,0.8528,-31.6772
34376,0.0853,0.8533,-31.6284
34377,0.0853,0.8535,-31.6121
34378,0.0853,0.8543,-31.5471
34379,0.0855,0.8550,-31.4820
34380,0.0855,0.8556,-31.4332
34381,0.0855,0.8563,-31.3681
34382,0.0857,0.8567,-31.3355
34383,0.0857,0.8569,-31.3193
34384,0.0857,0.8573,-31.2867
34385,0.0857,0.8578,-31.2379
34387,0.0857,0.8580,-31.2216
34388,0.0857,0.8582,-31.2053
34389,0.0857,0.8582,-31.2053
34390,0.0857,0.8580,-31.2216
34391,0.0857,0.8580,-31.2216
34392,0.0857,0.8580,-31.2216
34393,0.0859,0.8582,-31.2053
34394,0.0859,0.8580,-31.2216
34395,0.0857,0.8584,-31.1890
34396,0.0859,0.8582,-31.2053
34397,0.0857,0.8582,-31.2053
34398,0.0857,0.8580,-31.2216
34399,0.0857,0.8578,-31.2379
34400,0.0859,0.8578,-31.2379
34401,0.0857,0.8580,-31.2216
34402,0.0859,0.8584,-31.1890
34403,0.0859,0.8588,-31.1564
34404,0.0859,0.8593,-31.1076
34405,0.0859,0.8625,-30.8305
34407,0.0859,0.8627,-30.8142
34408,0.0859,0.8627,-30.8142
34409,0.0859,0.8627,-30.8142
34410,0.0859,0.8629,-30.7979
34411,0.0859,0.8627,-30.8142
34412,0.0859,0.8623,-30.8468
34413,0.0859,0.8622,-30.8631
34414,0.0859,0.8622,-30.8631
34415,0.0859,0.8623,-30.8468
34416,0.0859,0.8629,-30.7979
34417,0.0859,0.8635,-30.7489
34418,0.0861,0.8637,-30.7326
34419,0.0861,0.8640,-30.7000
34420,0.0861,0.8640,-30.7000
34421,0.0861,0.8612,-30.9446
34422,0.0861,0.8614,-30.9283
34423,0.0861,0.8612,-30.9446
34424,0.0861,0.8612,-30.9446
34425,0.0861,0.8616,-30.9120
34426,0.0863,0.8622,-30.8631
34428,0.0863,0.8631,-30.7816
34429,0.0864,0.8638,-30.7163
34430,0.0864,0.8646,-30.6511
34431,0.0864,0.8650,-30.6184
34432,0.0864,0.8655,-30.5695
34433,0.0866,0.8661,-30.5205
34434,0.0866,0.8667,-30.4715
34435,0.0866,0.8674,-30.4062
34436,0.0868,0.8678,-30.3736
34437,0.0868,0.8682,-30.3409
34438,0.0868,0.8680,-30.3572
34439,0.0868,0.8678,-30.3736
34440,0.0868,0.8678,-30.3736
34441,0.0866,0.8676,-30.3899
34442,0.0866,0.8672,-30.4226
34443,0.0866,0.8668,-30.4552
34444,0.0866,0.8670,-30.4389
34445,0.0866,0.8672,-30.4226
34447,0.0868,0.8674,-30.4062
34448,0.0868,0.8676,-30.3899
34449,0.0868,0.8676,-30.3899
34450,0.0868,0.8676,-30.3899
34451,0.0866,0.8676,-30.3899
34452,0.0866,0.8672,-30.4226
34453,0.0866,0.8668,-30.4552
34454,0.0866,0.8670,-30.4389
34455,0.0866,0.8674,-30.4062
34456,0.0868,0.8676,-30.3899
34457,0.0868,0.8678,-30.3736
34458,0.0868,0.8680,-30.3572
34459,0.0868,0.8682,-30.3409
34460,0.0868,0.8687,-30.2919
34461,0.0868,0.8689,-30.2756
34462,0.0868,0.8691,-30.2592
34463,0.0868,0.8689,-30.2756
34464,0.0870,0.8691,-30.2592
34465,0.0868,0.8691,-30.2592
34467,0.0868,0.8689,-30.2756
34468,0.0868,0.8683,-30.3246
34469,0.0868,0.8678,-30.3736
34470,0.0866,0.8672,-30.4226
34471,0.0866,0.8670,-30.4389
34472,0.0866,0.8668,-30.4552
34473,0.0866,0.8668,-30.4552
34474,0.0866,0.8668,-30.4552
34475,0.0866,0.8672,-30.4226
34476,0.0866,0.8674,-30.4062
34477,0.0866,0.8704,-30.1448
34478,0.0866,0.8706,-30.1285
34479,0.0868,0.8710,-30.0958
34480,0.0868,0.8712,-30.0794
34481,0.0866,0.8712,-30.0794
34482,0.0868,0.8710,-30.0958
34483,0.0866,0.8706,-30.1285
34484,0.0866,0.8704,-30.1448
34485,0.0866,0.8708,-30.1121
34486,0.0866,0.8708,-30.1121
34488,0.0866,0.8708,-30.1121
34489,0.0868,0.8708,-30.1121
34490,0.0866,0.8708,-30.1121
34491,0.0866,0.8708,-30.1121
34492,0.0866,0.8713,-30.0631
34493,0.0868,0.8717,-30.0304
34494,0.0868,0.8727,-29.9486
34495,0.0870,0.8734,-29.8832
34496,0.0870,0.8742,-29.8178
34497,0.0870,0.8743,-29.8014
34498,0.0872,0.8745,-29.7850
34499,0.0870,0.8747,-29.7687
34500,0.0872,0.8747,-29.7687
34501,0.0870,0.8745,-29.7850
34502,0.0870,0.8743,-29.8014
34503,0.0870,0.8740,-29.8341
34504,0.0870,0.8738,-29.8505
34505,0.0870,0.8738,-29.8505
34506,0.0870,0.8738,-29.8505
34508,0.0870,0.8738,-29.8505
34509,0.0870,0.8740,-29.8341
34510,0.0870,0.8742,-29.8178
34511,0.0872,0.8747,-29.7687
34512,0.0872,0.8753,-29.7196
34513,0.0872,0.8755,-29.7032
34514,0.0872,0.8758,-29.6705
34515,0.0872,0.8760,-29.6541
34516,0.0872,0.8764,-29.6214
34517,0.0874,0.8766,-29.6050
34518,0.0874,0.8766,-29.6050
34519,0.0872,0.8766,-29.6050
34520,0.0872,0.8768,-29.5886
34521,0.0874,0.8768,-29.5886
34522,0.0874,0.8772,-29.5559
34523,0.0874,0.8747,-29.7687
34524,0.0874,0.8751,-29.7359
34525,0.0876,0.8753,-29.7196
34526,0.0876,0.8757,-29.6868
34528,0.0876,0.8758,-29.6705
34529,0.0876,0.8757,-29.6868
34530,0.0876,0.8755,-29.7032
34531,0.0874,0.8753,-29.7196
34532,0.0876,0.8753,-29.7196
34533,0.0876,0.8753,-29.7196
34534,0.0876,0.8757,-29.6868
34535,0.0876,0.8760,-29.6541
34536,0.0876,0.8762,-29.6377
34537,0.0878,0.8770,-29.5722
34538,0.0878,0.8773,-29.5395
34539,0.0878,0.8775,-29.5231
34540,0.0878,0.8773,-29.5395
34541,0.0878,0.8772,-29.5559
34542,0.0878,0.8770,-29.5722
34543,0.0876,0.8768,-29.5886
34544,0.0876,0.8768,-29.5886
34545,0.0876,0.8766,-29.6050
34546,0.0876,0.8770,-29.5722
34548,0.0878,0.8773,-29.5395
34549,0.0878,0.8779,-29.4903
34550,0.0878,0.8783,-29.4576
34551,0.0878,0.8787,-29.4248
34552,0.0878,0.8787,-29.4248
34553,0.0878,0.8785,-29.4412
34554,0.0878,0.8781,-29.4740
34555,0.0878,0.8779,-29.4903
34556,0.0878,0.8779,-29.4903
34557,0.0878,0.8779,-29.4903
34558,0.0878,0.8783,-29.4576
34559,0.0878,0.8787,-29.4248
34560,0.0878,0.8787,-29.4248
34561,0.0878,0.8787,-29.4248
34562,0.0878,0.8785,-29.4412
34563,0.0878,0.8783,-29.4576
34564,0.0878,0.8783,-29.4576
34565,0.0878,0.8783,-29.4576
34566,0.0878,0.8781,-29.4740
34567,0.0878,0.8777,-29.5067
34569,0.0878,0.8775,-29.5231
34570,0.0878,0.8779,-29.4903
34571,0.0878,0.8781,-29.4740
34572,0.0879,0.8783,-29.4576
34573,0.0878,0.8785,-29.4412
34574,0.0878,0.8785,-29.4412
34575,0.0878,0.8783,-29.4576
34576,0.0878,0.8781,-29.4740
34577,0.0878,0.8781,-29.4740
34578,0.0878,0.8783,-29.4576
34579,0.0878,0.8783,-29.4576
34580,0.0878,0.8779,-29.4903
34581,0.0878,0.8779,-29.4903
34582,0.0878,0.8777,-29.5067
34583,0.0878,0.8807,-29.2445
34584,0.0878,0.8809,-29.2281
34585,0.0878,0.8809,-29.2281
34586,0.0878,0.8809,-29.2281
34587,0.0878,0.8805,-29.2609
34589,0.0878,0.8805,-29.2609
34590,0.0878,0.8809,-29.2281
34591,0.0878,0.8815,-29.1790
34592,0.0878,0.8818,-29.1462
34593,0.0879,0.8822,-29.1134
34594,0.0879,0.8826,-29.0806
34595,0.0879,0.8830,-29.0478
34596,0.0879,0.8830,-29.0478
34597,0.0879,0.8830,-29.0478
34598,0.0879,0.8826,-29.0806
34599,0.0879,0.8794,-29.3593
34600,0.0878,0.8790,-29.3920
34601,0.0879,0.8787,-29.4248
34602,0.0878,0.8785,-29.4412
34603,0.0878,0.8785,-29.4412
34604,0.0878,0.8783,-29.4576
34605,0.0878,0.8781,-29.4740
34606,0.0878,0.8777,-29.5067
34607,0.0878,0.8777,-29.5067
34609,0.0878,0.8779,-29.4903
34610,0.0878,0.8777,-29.5067
34611,0.0878,0.8775,-29.5231
34612,0.0878,0.8772,-29.5559
34613,0.0878,0.8768,-29.5886
34614,0.0876,0.8768,-29.5886
34615,0.0878,0.8770,-29.5722
34616,0.0878,0.8772,-29.5559
34617,0.0878,0.8772,-29.5559
34618,0.0878,0.8772,-29.5559
34619,0.0878,0.8775,-29.5231
34620,0.0878,0.8779,-29.4903
34621,0.0878,0.8785,-29.4412
34622,0.0878,0.8787,-29.4248
34623,0.0878,0.8788,-29.4084
34624,0.0878,0.8790,-29.3920
34625,0.0879,0.8796,-29.3429
34626,0.0879,0.8803,-29.2773
34627,0.0879,0.8809,-29.2281
34628,0.0881,0.8817,-29.1626
34630,0.0881,0.8822,-29.1134
34631,0.0883,0.8826,-29.0806
34632,0.0883,0.8832,-29.0313
34633,0.0883,0.8833,-29.0149
34634,0.0883,0.8837,-28.9821
34635,0.0883,0.8841,-28.9493
34636,0.0883,0.8843,-28.9329
34637,0.0883,0.8843,-28.9329
34638,0.0883,0.8837,-28.9821
34639,0.0883,0.8833,-29.0149
34640,0.0883,0.8833,-29.0149
34641,0.0883,0.8833,-29.0149
34642,0.0883,0.8835,-28.9985
34643,0.0883,0.8835,-28.9985
34644,0.0883,0.8833,-29.0149
34645,0.0883,0.8833,-29.0149
34646,0.0883,0.8830,-29.0478
34647,0.0881,0.8828,-29.0642
34648,0.0883,0.8826,-29.0806
34650,0.0883,0.8828,-29.0642
34651,0.0883,0.8826,-29.0806
34652,0.0883,0.8830,-29.0478
34653,0.0883,0.8832,-29.0313
34654,0.0883,0.8832,-29.0313
34655,0.0883,0.8833,-29.0149
34656,0.0883,0.8837,-28.9821
34657,0.0883,0.8837,-28.9821
34658,0.0883,0.8837,-28.9821
34659,0.0883,0.8863,-28.7523
34660,0.0883,0.8863,-28.7523
34661,0.0883,0.8858,-28.8016
34662,0.0881,0.8856,-28.8180
34663,0.0881,0.8850,-28.8672
34664,0.0881,0.8845,-28.9165
34665,0.0881,0.8843,-28.9329
34666,0.0881,0.8845,-28.9165
34667,0.0881,0.8847,-28.9001
34668,0.0881,0.8848,-28.8837
34670,0.0881,0.8850,-28.8672
34671,0.0881,0.8852,-28.8508
34672,0.0881,0.8852,-28.8508
34673,0.0881,0.8852,-28.8508
34674,0.0881,0.8850,-28.8672
34675,0.0881,0.8847,-28.9001
34676,0.0881,0.8815,-29.1790
34677,0.0881,0.8815,-29.1790
34678,0.0881,0.8815,-29.1790
34679,0.0881,0.8820,-29.1298
34680,0.0883,0.8828,-29.0642
34681,0.0883,0.8835,-28.9985
34682,0.0883,0.8843,-28.9329
34683,0.0883,0.8845,-28.9165
34684,0.0885,0.8848,-28.8837
34685,0.0885,0.8850,-28.8672
34686,0.0885,0.8854,-28.8344
34687,0.0885,0.8858,-28.8016
34688,0.0885,0.8862,-28.7687
34690,0.0885,0.8863,-28.7523
34691,0.0885,0.8867,-28.7195
34692,0.0887,0.8871,-28.6866
34693,0.0887,0.8873,-28.6702
34694,0.0887,0.8875,-28.6538
34695,0.0887,0.8877,-28.6374
34696,0.0887,0.8880,-28.6045
34697,0.0889,0.8886,-28.5552
34698,0.0889,0.8892,-28.5059
34699,0.0889,0.8899,-28.4402
34700,0.0891,0.8905,-28.3908
34701,0.0891,0.8908,-28.3580
34702,0.0891,0.8914,-28.3086
34703,0.0891,0.8918,-28.2757
34704,0.0893,0.8923,-28.2264
34705,0.0893,0.8927,-28.1935
34706,0.0893,0.8931,-28.1606
34707,0.0893,0.8933,-28.1441
34708,0.0893,0.8931,-28.1606
34710,0.0893,0.8931,-28.1606
34711,0.0893,0.8929,-28.1770
34712,0.0893,0.8927,-28.1935
34713,0.0893,0.8929,-28.1770
34714,0.0893,0.8929,-28.1770
34715,0.0893,0.8931,-28.1606
34716,0.0893,0.8929,-28.1770
34717,0.0893,0.8929,-28.1770
34718,0.0893,0.8929,-28.1770
34719,0.0893,0.8933,-28.1441
34720,0.0893,0.8935,-28.1277
34721,0.0893,0.8933,-28.1441
34722,0.0893,0.8935,-28.1277
34723,0.0893,0.8933,-28.1441
34724,0.0893,0.8929,-28.1770
34725,0.0893,0.8925,-28.2099
34726,0.0893,0.8922,-28.2428
34727,0.0891,0.8918,-28.2757
34728,0.0891,0.8912,-28.3251
34730,0.0891,0.8908,-28.3580
34731,0.0891,0.8905,-28.3908
34732,0.0889,0.8901,-28.4237
34733,0.0889,0.8895,-28.4730
34734,0.0889,0.8892,-28.5059
34735,0.0889,0.8893,-28.4895
34736,0.0889,0.8925,-28.2099
34737,0.0889,0.8931,-28.1606
34738,0.0891,0.8938,-28.0948
34739,0.0891,0.8942,-28.0619
34740,0.0891,0.8946,-28.0289
34741,0.0891,0.8946,-28.0289
34742,0.0891,0.0891,-90.4192
34743,0.0891,0.8950,-27.9960
34744,0.0891,0.8950,-27.9960
34745,0.0891,0.8948,-28.0125
34746,0.0891,0.8948,-28.0125
34747,0.0891,0.8948,-28.0125
34748,0.0891,0.8952,-27.9795
34749,0.0893,0.8957,-27.9302
34751,0.0893,0.8959,-27.9137
34752,0.0893,0.8935,-28.1277
34753,0.0893,0.8937,-28.1112
34754,0.0894,0.8940,-28.0783
34755,0.0894,0.8944,-28.0454
34756,0.0894,0.8950,-27.9960
34757,0.0894,0.8950,-27.9960
34758,0.0894,0.8948,-28.0125
34759,0.0894,0.8948,-28.0125
34760,0.0894,0.8946,-28.0289
34761,0.0894,0.8948,-28.0125
34762,0.0894,0.8946,-28.0289
34763,0.0894,0.8944,-28.0454
34764,0.0894,0.8944,-28.0454
34765,0.0894,0.8942,-28.0619
34766,0.0894,0.8942,-28.0619
34767,0.0894,0.8944,-28.0454
34768,0.0894,0.8940,-28.0783
34770,0.0893,0.8937,-28.1112
34771,0.0893,0.8937,-28.1112
34772,0.0894,0.8938,-28.0948
34773,0.0894,0.8946,-28.0289
34774,0.0894,0.8953,-27.9631
34775,0.0896,0.8957,-27.9302
34776,0.0896,0.8959,-27.9137
34777,0.0896,0.8961,-27.8972
34778,0.0896,0.8961,-27.8972
34779,0.0896,0.8961,-27.8972
34780,0.0896,0.8959,-27.9137
34781,0.0896,0.8957,-27.9302
34782,0.0894,0.8953,-27.9631
34783,0.0896,0.8955,-27.9466
34784,0.0894,0.8955,-27.9466
34785,0.0894,0.8957,-27.9302
34786,0.0896,0.8955,-27.9466
34787,0.0894,0.8953,-27.9631
34788,0.0894,0.8952,-27.9795
34789,0.0894,0.8946,-28.0289
34791,0.0894,0.8942,-28.0619
34792,0.0894,0.8937,-28.1112
34793,0.0893,0.8933,-28.1441
34794,0.0893,0.8931,-28.1606
34795,0.0893,0.8929,-28.1770
34796,0.0893,0.8927,-28.1935
34797,0.0893,0.8925,-28.2099
34798,0.0893,0.8925,-28.2099
34799,0.0893,0.8927,-28.1935
34800,0.0893,0.8925,-28.2099
34801,0.0893,0.8929,-28.1770
34802,0.0893,0.8933,-28.1441
34803,0.0894,0.8937,-28.1112
34804,0.0894,0.8940,-28.0783
34805,0.0894,0.8944,-28.0454
34806,0.0894,0.8972,-27.7984
34807,0.0894,0.8978,-27.7490
34808,0.0894,0.8978,-27.7490
34810,0.0894,0.8980,-27.7325
34811,0.0894,0.8978,-27.7490
34812,0.0894,0.8978,-27.7490
34813,0.0894,0.8982,-27.7160
34814,0.0894,0.8987,-27.6666
34815,0.0894,0.8991,-27.6336
34816,0.0896,0.8993,-27.6171
34817,0.0894,0.8993,-27.6171
34818,0.0896,0.8995,-27.6007
34819,0.0896,0.8997,-27.5842
34820,0.0896,0.8972,-27.7984
34821,0.0896,0.9002,-27.5347
34822,0.0896,0.9000,-27.5512
34823,0.0896,0.9002,-27.5347
34824,0.0896,0.9000,-27.5512
34825,0.0896,0.9000,-27.5512
34826,0.0896,0.8998,-27.5677
34827,0.0896,0.8995,-27.6007
34828,0.0894,0.8993,-27.6171
34829,0.0894,0.8989,-27.6501
34831,0.0894,0.8983,-27.6995
34832,0.0894,0.8976,-27.7655
34833,0.0893,0.8968,-27.8313
34834,0.0893,0.8968,-27.8313
34835,0.0894,0.8968,-27.8313
34836,0.0894,0.8972,-27.7984
34837,0.0893,0.8972,-27.7984
34838,0.0893,0.8972,-27.7984
34839,0.0893,0.8972,-27.7984
34840,0.0893,0.8970,-27.8149
34841,0.0893,0.8970,-27.8149
34842,0.0893,0.8968,-27.8313
34843,0.0893,0.8965,-27.8643
34844,0.0893,0.8965,-27.8643
34845,0.0893,0.8959,-27.9137
34846,0.0891,0.8955,-27.9466
34847,0.0893,0.8953,-27.9631
34848,0.0891,0.8953,-27.9631
34849,0.0893,0.8955,-27.9466
34851,0.0891,0.8952,-27.9795
34852,0.0891,0.8952,-27.9795
34853,0.0891,0.8952,-27.9795
34854,0.0891,0.8950,-27.9960
34855,0.0891,0.8953,-27.9631
34856,0.0893,0.8955,-27.9466
34857,0.0893,0.8953,-27.9631
34858,0.0891,0.8955,-27.9466
34859,0.0893,0.8957,-27.9302
34860,0.0893,0.8957,-27.9302
34861,0.0893,0.8957,-27.9302
34862,0.0891,0.8953,-27.9631
34863,0.0891,0.8952,-27.9795
34864,0.0893,0.8952,-27.9795
34865,0.0893,0.8953,-27.9631
34866,0.0893,0.8957,-27.9302
34867,0.0894,0.8937,-28.1112
34868,0.0894,0.8942,-28.0619
34869,0.0894,0.8946,-28.0289
34871,0.0894,0.8948,-28.0125
34872,0.0894,0.8953,-27.9631
34873,0.0896,0.8957,-27.9302
34874,0.0896,0.8963,-27.8808
34875,0.0896,0.8972,-27.7984
34876,0.0898,0.8978,-27.7490
34877,0.0898,0.8980,-27.7325
34878,0.0898,0.8983,-27.6995
34879,0.0898,0.8985,-27.6831
34880,0.0898,0.8987,-27.6666
34881,0.0898,0.8987,-27.6666
34882,0.0898,0.8987,-27.6666
34883,0.0898,0.8985,-27.6831
34884,0.0898,0.8983,-27.6995
34885,0.0898,0.8985,-27.6831
34886,0.0898,0.8985,-27.6831
34887,0.0898,0.8987,-27.6666
34888,0.0898,0.8991,-27.6336
34889,0.0898,0.8995,-27.6007
34890,0.0898,0.8995,-27.6007
34892,0.0900,0.8995,-27.6007
34893,0.0900,0.8995,-27.6007
34894,0.0900,0.8993,-27.6171
34895,0.0898,0.8991,-27.6336
34896,0.0898,0.8989,-27.6501
34897,0.0898,0.8987,-27.6666
34898,0.0898,0.8985,-27.6831
34899,0.0898,0.8985,-27.6831
34900,0.0898,0.8985,-27.6831
34901,0.0898,0.8987,-27.6666
34902,0.0898,0.8989,-27.6501
34903,0.0898,0.8991,-27.6336
34904,0.0898,0.8991,-27.6336
34905,0.0900,0.8993,-27.6171
34906,0.0900,0.8993,-27.6171
34907,0.0900,0.8995,-27.6007
34908,0.0898,0.8995,-27.6007
34909,0.0900,0.8995,-27.6007
34910,0.0900,0.8995,-27.6007
34912,0.0900,0.8998,-27.5677
34913,0.0900,0.9000,-27.5512
34914,0.0900,0.9002,-27.5347
34915,0.0900,0.9002,-27.5347
34916,0.0900,0.9004,-27.5182
34917,0.0900,0.9000,-27.5512
34918,0.0900,0.9002,-27.5347
34919,0.0900,0.9004,-27.5182
34920,0.0900,0.9010,-27.4688
34921,0.0900,0.9013,-27.4358
34922,0.0902,0.9021,-27.3698
34923,0.0902,0.9028,-27.3038
34924,0.0904,0.9036,-27.2378
34925,0.0904,0.9043,-27.1718
34926,0.0906,0.9053,-27.0892
34927,0.0906,0.9085,-26.8084
34928,0.0906,0.9094,-26.7257
34929,0.0906,0.9102,-26.6596
34930,0.0908,0.9107,-26.6100
34932,0.0908,0.9111,-26.5769
34933,0.0908,0.9117,-26.5273
34934,0.0908,0.9122,-26.4777
34935,0.0909,0.9130,-26.4115
34936,0.0909,0.9137,-26.3453
34937,0.0911,0.9145,-26.2791
34938,0.0911,0.9148,-26.2459
34939,0.0911,0.9158,-26.1631
34940,0.0913,0.9163,-26.1135
34941,0.0913,0.9171,-26.0472
34942,0.0913,0.9177,-25.9975
34943,0.0915,0.9156,-26.1797
34944,0.0917,0.9163,-26.1135
34945,0.0917,0.9171,-26.0472
34946,0.0917,0.9177,-25.9975
34947,0.0917,0.9182,-25.9478
34948,0.0919,0.9188,-25.8980
34949,0.0919,0.9193,-25.8483
34950,0.0919,0.9195,-25.8317
34952,0.0919,0.9195,-25.8317
34953,0.0919,0.9195,-25.8317
34954,0.0919,0.9193,-25.8483
34955,0.0919,0.9192,-25.8649
34956,0.0919,0.9192,-25.8649
34957,0.0919,0.9195,-25.8317
34958,0.0919,0.9195,-25.8317
34959,0.0919,0.9199,-25.7986
34960,0.0921,0.9199,-25.7986
34961,0.0921,0.9199,-25.7986
34962,0.0921,0.9203,-25.7654
34963,0.0921,0.9205,-25.7488
34964,0.0921,0.9205,-25.7488
34965,0.0921,0.9203,-25.7654
34966,0.0921,0.9203,-25.7654
34967,0.0919,0.9203,-25.7654
34968,0.0919,0.9201,-25.7820
34969,0.0919,0.9207,-25.7322
34970,0.0921,0.9210,-25.6990
34972,0.0921,0.9214,-25.6659
34973,0.0921,0.9216,-25.6493
34974,0.0923,0.9220,-25.6161
34975,0.0923,0.9222,-25.5995
34976,0.0923,0.9223,-25.5829
34977,0.0923,0.9225,-25.5663
34978,0.0923,0.9225,-25.5663
34979,0.0923,0.9222,-25.5995
34980,0.0923,0.9222,-25.5995
34981,0.0923,0.9223,-25.5829
34982,0.0923,0.9227,-25.5497
34983,0.0923,0.9229,-25.5331
34984,0.0923,0.9231,-25.5165
34985,0.0923,0.9233,-25.4999
34986,0.0923,0.9231,-25.5165
34987,0.0923,0.9231,-25.5165
34988,0.0923,0.9231,-25.5165
34989,0.0923,0.9227,-25.5497
34990,0.0923,0.9227,-25.5497
34991,0.0923,0.9229,-25.5331
34993,0.0923,0.9231,-25.5165
34994,0.0923,0.9233,-25.4999
34995,0.0923,0.9233,-25.4999
34996,0.0923,0.9235,-25.4833
34997,0.0923,0.9240,-25.4335
34998,0.0924,0.9246,-25.3837
34999,0.0924,0.9250,-25.3505
35000,0.0926,0.9257,-25.2841
35001,0.0926,0.9263,-25.2342
35002,0.0926,0.9268,-25.1844
35003,0.0926,0.9298,-24.9184
35004,0.0926,0.9302,-24.8852
35005,0.0926,0.9306,-24.8519
35006,0.0926,0.9304,-24.8685
35007,0.0926,0.9306,-24.8519
35008,0.0926,0.9310,-24.8186
35009,0.0928,0.9315,-24.7687
35010,0.0928,0.9319,-24.7354
35011,0.0928,0.9327,-24.6689
35013,0.0930,0.9328,-24.6522
35014,0.0930,0.9330,-24.6356
35015,0.0930,0.9332,-24.6189
35016,0.0930,0.9338,-24.5690
35017,0.0930,0.9340,-24.5523
35018,0.0930,0.9343,-24.5190
35019,0.0930,0.9315,-24.7687
35020,0.0930,0.9315,-24.7687
35021,0.0932,0.9317,-24.7521
35022,0.0932,0.9321,-24.7188
35023,0.0932,0.9323,-24.7022
35024,0.0932,0.9328,-24.6522
35025,0.0934,0.9334,-24.6023
35026,0.0934,0.9342,-24.5357
35027,0.0934,0.9347,-24.4857
35028,0.0936,0.9353,-24.4358
35029,0.0936,0.9355,-24.4191
35030,0.0936,0.9358,-24.3858
35031,0.0936,0.9362,-24.3525
35033,0.0936,0.9366,-24.3192
35034,0.0936,0.9366,-24.3192
35035,0.0936,0.9370,-24.2858
35036,0.0938,0.9372,-24.2692
35037,0.0938,0.9377,-24.2192
35038,0.0938,0.9381,-24.1858
35039,0.0938,0.9387,-24.1358
35040,0.0939,0.9390,-24.1025
35041,0.0939,0.9394,-24.0691
35042,0.0939,0.9394,-24.0691
35043,0.0939,0.9396,-24.0524
35044,0.0939,0.9394,-24.0691
35045,0.0939,0.9392,-24.0858
35046,0.0938,0.9390,-24.1025
35047,0.0939,0.9388,-24.1191
35048,0.0939,0.9390,-24.1025
35049,0.0939,0.9394,-24.0691
35050,0.0939,0.9398,-24.0358
35052,0.0939,0.9402,-24.0024
35053,0.0939,0.9405,-23.9690
35054,0.0939,0.9403,-23.9857
35055,0.0939,0.9400,-24.0191
35056,0.0939,0.9396,-24.0524
35057,0.0939,0.9394,-24.0691
35058,0.0939,0.9392,-24.0858
35059,0.0938,0.9385,-24.1525
35060,0.0938,0.9379,-24.2025
35061,0.0938,0.9373,-24.2525
35062,0.0938,0.9372,-24.2692
35063,0.0936,0.9373,-24.2525
35064,0.0938,0.9373,-24.2525
35065,0.0936,0.9373,-24.2525
35066,0.0938,0.9372,-24.2692
35067,0.0938,0.9368,-24.3025
35068,0.0936,0.9366,-24.3192
35069,0.0936,0.9362,-24.3525
35070,0.0936,0.9358,-24.3858
35072,0.0936,0.9357,-24.4025
35073,0.0934,0.9351,-24.4524
35074,0.0934,0.9345,-24.5024
35075,0.0934,0.9340,-24.5523
35076,0.0934,0.9336,-24.5856
35077,0.0932,0.9332,-24.6189
35078,0.0932,0.9332,-24.6189
35079,0.0932,0.9330,-24.6356
35080,0.0932,0.9358,-24.3858
35081,0.0932,0.9358,-24.3858
35082,0.0932,0.9358,-24.3858
35083,0.0932,0.9358,-24.3858
35084,0.0932,0.9358,-24.3858
35085,0.0932,0.9357,-24.4025
35086,0.0932,0.9355,-24.4191
35087,0.0932,0.9353,-24.4358
35088,0.0932,0.9353,-24.4358
35089,0.0932,0.9351,-24.4524
35090,0.0932,0.9355,-24.4191
35091,0.0932,0.9357,-24.4025
35093,0.0932,0.9358,-24.3858
35094,0.0932,0.9360,-24.3691
35095,0.0932,0.9360,-24.3691
35096,0.0934,0.9334,-24.6023
35097,0.0934,0.9338,-24.5690
35098,0.0934,0.9340,-24.5523
35099,0.0934,0.9343,-24.5190
35100,0.0934,0.9345,-24.5024
35101,0.0934,0.9345,-24.5024
35102,0.0934,0.9349,-24.4691
35103,0.0936,0.9353,-24.4358
35104,0.0936,0.9358,-24.3858
35105,0.0936,0.9362,-24.3525
35106,0.0936,0.9368,-24.3025
35107,0.0938,0.9373,-24.2525
35108,0.0938,0.9375,-24.2358
35109,0.0938,0.9375,-24.2358
35110,0.0938,0.9375,-24.2358
35112,0.0938,0.9375,-24.2358
35113,0.0938,0.9373,-24.2525
35114,0.0936,0.9370,-24.2858
35115,0.0936,0.9366,-24.3192
35116,0.0936,0.9362,-24.3525
35117,0.0936,0.9358,-24.3858
35118,0.0936,0.9355,-24.4191
35119,0.0934,0.9347,-24.4857
35120,0.0934,0.9342,-24.5357
35121,0.0934,0.9338,-24.5690
35122,0.0934,0.9336,-24.5856
35123,0.0934,0.9338,-24.5690
35124,0.0934,0.9342,-24.5357
35125,0.0934,0.9345,-24.5024
35126,0.0934,0.9349,-24.4691
35127,0.0936,0.9353,-24.4358
35128,0.0936,0.9357,-24.4025
35129,0.0936,0.9360,-24.3691
35130,0.0936,0.9366,-24.3192
35132,0.0938,0.9372,-24.2692
35133,0.0938,0.9373,-24.2525
35134,0.0938,0.9375,-24.2358
35135,0.0938,0.9375,-24.2358
35136,0.0938,0.9377,-24.2192
35137,0.0938,0.9375,-24.2358
35138,0.0938,0.9375,-24.2358
35139,0.0938,0.9373,-24.2525
35140,0.0938,0.9372,-24.2692
35141,0.0938,0.9372,-24.2692
35142,0.0936,0.9372,-24.2692
35143,0.0936,0.9370,-24.2858
35144,0.0936,0.9364,-24.3358
35145,0.0936,0.9362,-24.3525
35146,0.0936,0.9364,-24.3358
35147,0.0936,0.9362,-24.3525
35148,0.0936,0.9362,-24.3525
35149,0.0936,0.9364,-24.3358
35150,0.0936,0.9385,-24.1525
35151,0.0936,0.9400,-24.0191
35153,0.0938,0.9405,-23.9690
35154,0.0938,0.9407,-23.9524
35155,0.0938,0.9409,-23.9357
35156,0.0938,0.9411,-23.9190
35157,0.0938,0.9411,-23.9190
35158,0.0938,0.9411,-23.9190
35159,0.0938,0.9413,-23.9023
35160,0.0938,0.9415,-23.8856
35161,0.0938,0.9413,-23.9023
35162,0.0938,0.9411,-23.9190
35163,0.0936,0.9407,-23.9524
35164,0.0938,0.9403,-23.9857
35165,0.0936,0.9403,-23.9857
35166,0.0938,0.9407,-23.9524
35167,0.0938,0.9411,-23.9190
35168,0.0938,0.9415,-23.8856
35169,0.0938,0.9417,-23.8689
35170,0.0938,0.9415,-23.8856
35171,0.0938,0.9413,-23.9023
35173,0.0938,0.9415,-23.8856
35174,0.0938,0.9413,-23.9023
35175,0.0938,0.9413,-23.9023
35176,0.0938,0.9413,-23.9023
35177,0.0938,0.9411,-23.9190
35178,0.0938,0.9411,-23.9190
35179,0.0938,0.9407,-23.9524
35180,0.0936,0.9403,-23.9857
35181,0.0936,0.9400,-24.0191
35182,0.0936,0.9398,-24.0358
35183,0.0936,0.9392,-24.0858
35184,0.0936,0.9392,-24.0858
35185,0.0936,0.9392,-24.0858
35186,0.0936,0.9396,-24.0524
35187,0.0936,0.9403,-23.9857
35188,0.0938,0.9409,-23.9357
35189,0.0938,0.9411,-23.9190
35190,0.0938,0.9413,-23.9023
35191,0.0938,0.9417,-23.8689
35193,0.0938,0.9420,-23.8356
35194,0.0939,0.9426,-23.7855
35195,0.0939,0.9432,-23.7354
35196,0.0939,0.9437,-23.6853
35197,0.0941,0.9415,-23.8856
35198,0.0941,0.9417,-23.8689
35199,0.0941,0.9417,-23.8689
35200,0.0941,0.9415,-23.8856
35201,0.0939,0.9413,-23.9023
35202,0.0941,0.9411,-23.9190
35203,0.0941,0.9413,-23.9023
35204,0.0941,0.9418,-23.8523
35205,0.0941,0.9422,-23.8189
35206,0.0941,0.9424,-23.8022
35207,0.0941,0.9424,-23.8022
35208,0.0941,0.9424,-23.8022
35209,0.0941,0.9424,-23.8022
35210,0.0941,0.9424,-23.8022
35211,0.0941,0.9422,-23.8189
35213,0.0941,0.9420,-23.8356
35214,0.0941,0.9418,-23.8523
35215,0.0941,0.9417,-23.8689
35216,0.0941,0.9413,-23.9023
35217,0.0941,0.9411,-23.9190
35218,0.0941,0.9405,-23.9690
35219,0.0939,0.9402,-24.0024
35220,0.0939,0.9400,-24.0191
35221,0.0939,0.9398,-24.0358
35222,0.0939,0.9402,-24.0024
35223,0.0939,0.9407,-23.9524
35224,0.0941,0.9415,-23.8856
35225,0.0941,0.9424,-23.8022
35226,0.0943,0.9433,-23.7187
35227,0.0943,0.9439,-23.6686
35228,0.0943,0.9445,-23.6185
35229,0.0945,0.9450,-23.5684
35230,0.0945,0.9452,-23.5517
35231,0.0945,0.9454,-23.5350
35233,0.0945,0.9458,-23.5016
35234,0.0945,0.9460,-23.4849
35235,0.0945,0.9462,-23.4682
35236,0.0947,0.9465,-23.4348
35237,0.0947,0.9469,-23.4014
35238,0.0947,0.9475,-23.3512
35239,0.0947,0.9480,-23.3011
35240,0.0947,0.9482,-23.2843
35241,0.0947,0.9484,-23.2676
35242,0.0949,0.9484,-23.2676
35243,0.0949,0.9484,-23.2676
35244,0.0949,0.9488,-23.2342
35245,0.0949,0.9493,-23.1840
35246,0.0949,0.9499,-23.1338
35247,0.0951,0.9507,-23.0669
35248,0.0951,0.9512,-23.0167
35249,0.0951,0.9518,-22.9665
35250,0.0953,0.9523,-22.9163
35251,0.0953,0.9527,-22.8828
35252,0.0953,0.9531,-22.8494
35254,0.0953,0.9531,-22.8494
35255,0.0953,0.9535,-22.8159
35256,0.0953,0.9535,-22.8159
35257,0.0953,0.9535,-22.8159
35258,0.0953,0.9561,-22.5814
35259,0.0953,0.9565,-22.5479
35260,0.0954,0.9572,-22.4808
35261,0.0954,0.9580,-22.4138
35262,0.0954,0.9587,-22.3467
35263,0.0956,0.9597,-22.2628
35264,0.0956,0.9602,-22.2125
35265,0.0956,0.9608,-22.1622
35266,0.0958,0.9613,-22.1118
35267,0.0958,0.9617,-22.0783
35268,0.0958,0.9623,-22.0279
35269,0.0960,0.9628,-21.9776
35270,0.0960,0.9636,-21.9104
35271,0.0960,0.9638,-21.8936
35272,0.0960,0.9636,-21.9104
35274,0.0960,0.9608,-22.1622
35275,0.0960,0.9606,-22.1790
35276,0.0960,0.9602,-22.2125
35277,0.0960,0.9597,-22.2628
35278,0.0958,0.9591,-22.3132
35279,0.0958,0.9585,-22.3635
35280,0.0958,0.9583,-22.3802
35281,0.0958,0.9583,-22.3802
35282,0.0958,0.9585,-22.3635
35283,0.0958,0.9591,-22.3132
35284,0.0958,0.9593,-22.2964
35285,0.0958,0.9597,-22.2628
35286,0.0960,0.9600,-22.2293
35287,0.0960,0.9602,-22.2125
35288,0.0960,0.9606,-22.1790
35289,0.0960,0.9612,-22.1286
35290,0.0962,0.9617,-22.0783
35291,0.0962,0.9621,-22.0447
35292,0.0962,0.9621,-22.0447
35293,0.0962,0.9621,-22.0447
35295,0.0962,0.9619,-22.0615
35296,0.0962,0.9617,-22.0783
35297,0.0960,0.9615,-22.0951
35298,0.0960,0.9612,-22.1286
35299,0.0960,0.9615,-22.0951
35300,0.0962,0.9615,-22.0951
35301,0.0960,0.9615,-22.0951
35302,0.0960,0.9613,-22.1118
35303,0.0960,0.9610,-22.1454
35304,0.0960,0.9608,-22.1622
35305,0.0960,0.9608,-22.1622
35306,0.0962,0.9613,-22.1118
35307,0.0962,0.9619,-22.0615
35308,0.0962,0.9625,-22.0111
35309,0.0962,0.9630,-21.9608
35310,0.0964,0.9636,-21.9104
35311,0.0964,0.9640,-21.8768
35312,0.0964,0.9643,-21.8432
35313,0.0964,0.9645,-21.8264
35315,0.0964,0.9647,-21.8096
35316,0.0966,0.9651,-21.7760
35317,0.0966,0.9653,-21.7592
35318,0.0966,0.9655,-21.7424
35319,0.0966,0.9653,-21.7592
35320,0.0966,0.9653,-21.7592
35321,0.0966,0.9655,-21.7424
35322,0.0966,0.9655,-21.7424
35323,0.0966,0.9655,-21.7424
35324,0.0966,0.9657,-21.7256
35325,0.0966,0.9658,-21.7088
35326,0.0966,0.9660,-21.6920
35327,0.0966,0.9666,-21.6416
35328,0.0966,0.9672,-21.5912
35329,0.0968,0.9677,-21.5407
35330,0.0968,0.9681,-21.5071
35331,0.0968,0.9681,-21.5071
35332,0.0968,0.9681,-21.5071
35334,0.0968,0.9705,-21.2885
35335,0.0968,0.9702,-21.3221
35336,0.0966,0.9702,-21.3221
35337,0.0966,0.9702,-21.3221
35338,0.0966,0.9702,-21.3221
35339,0.0966,0.9700,-21.3389
35340,0.0966,0.9700,-21.3389
35341,0.0966,0.9698,-21.3558
35342,0.0966,0.9696,-21.3726
35343,0.0966,0.9696,-21.3726
35344,0.0966,0.9700,-21.3389
35345,0.0968,0.9705,-21.2885
35346,0.0968,0.9709,-21.2548
35347,0.0968,0.9707,-21.2716
35348,0.0968,0.9705,-21.2885
35349,0.0968,0.9679,-21.5239
35350,0.0968,0.9679,-21.5239
35351,0.0968,0.9679,-21.5239
35352,0.0968,0.9679,-21.5239
35353,0.0968,0.9679,-21.5239
35355,0.0968,0.9677,-21.5407
35356,0.0968,0.9675,-21.5576
35357,0.0968,0.9673,-21.5744
35358,0.0968,0.9672,-21.5912
35359,0.0966,0.9672,-21.5912
35360,0.0966,0.9675,-21.5576
35361,0.0968,0.9679,-21.5239
35362,0.0968,0.9683,-21.4903
35363,0.0968,0.9688,-21.4399
35364,0.0969,0.9694,-21.3894
35365,0.0969,0.9696,-21.3726
35366,0.0969,0.9702,-21.3221
35367,0.0969,0.9702,-21.3221
35368,0.0969,0.9703,-21.3053
35369,0.0969,0.9703,-21.3053
35370,0.0969,0.9703,-21.3053
35371,0.0969,0.9703,-21.3053
35372,0.0969,0.9700,-21.3389
35373,0.0969,0.9696,-21.3726
35375,0.0969,0.9692,-21.4062
35376,0.0968,0.9690,-21.4230
35377,0.0968,0.9690,-21.4230
35378,0.0969,0.9692,-21.4062
35379,0.0969,0.9694,-21.3894
35380,0.0968,0.9694,-21.3894
35381,0.0969,0.9694,-21.3894
35382,0.0969,0.9698,-21.3558
35383,0.0969,0.9698,-21.3558
35384,0.0969,0.9698,-21.3558
35385,0.0969,0.9696,-21.3726
35386,0.0969,0.9698,-21.3558
35387,0.0969,0.9694,-21.3894
35388,0.0969,0.9688,-21.4399
35389,0.0968,0.9687,-21.4567
35390,0.0968,0.9687,-21.4567
35391,0.0968,0.9687,-21.4567
35392,0.0968,0.9685,-21.4735
35393,0.0968,0.9685,-21.4735
35395,0.0968,0.9681,-21.5071
35396,0.0968,0.9677,-21.5407
35397,0.0968,0.9679,-21.5239
35398,0.0968,0.9677,-21.5407
35399,0.0968,0.9679,-21.5239
35400,0.0968,0.9681,-21.5071
35401,0.0968,0.9683,-21.4903
35402,0.0968,0.9687,-21.4567
35403,0.0968,0.9692,-21.4062
35404,0.0969,0.9698,-21.3558
35405,0.0969,0.9703,-21.3053
35406,0.0969,0.9703,-21.3053
35407,0.0969,0.9705,-21.2885
35408,0.0969,0.9702,-21.3221
35409,0.0969,0.9722,-21.1370
35410,0.0968,0.9718,-21.1707
35411,0.0968,0.9717,-21.1875
35412,0.0968,0.9713,-21.2212
35413,0.0968,0.9713,-21.2212
35414,0.0968,0.9713,-21.2212
35416,0.0968,0.9715,-21.2043
35417,0.0968,0.9715,-21.2043
35418,0.0968,0.9715,-21.2043
35419,0.0968,0.9717,-21.1875
35420,0.0968,0.9718,-21.1707
35421,0.0969,0.9722,-21.1370
35422,0.0969,0.9726,-21.1033
35423,0.0969,0.9732,-21.0528
35424,0.0969,0.9733,-21.0360
35425,0.0969,0.9737,-21.0023
35426,0.0969,0.9741,-20.9686
35427,0.0969,0.9745,-20.9349
35428,0.0971,0.9747,-20.9181
35429,0.0971,0.9748,-20.9012
35430,0.0969,0.9745,-20.9349
35431,0.0971,0.9741,-20.9686
35432,0.0969,0.9739,-20.9855
35433,0.0969,0.9739,-20.9855
35434,0.0969,0.9739,-20.9855
35436,0.0969,0.9737,-21.0023
35437,0.0969,0.9732,-21.0528
35438,0.0969,0.9730,-21.0697
35439,0.0969,0.9728,-21.0865
35440,0.0969,0.9698,-21.3558
35441,0.0969,0.9694,-21.3894
35442,0.0968,0.9692,-21.4062
35443,0.0969,0.9690,-21.4230
35444,0.0968,0.9687,-21.4567
35445,0.0968,0.9687,-21.4567
35446,0.0968,0.9688,-21.4399
35447,0.0968,0.9688,-21.4399
35448,0.0969,0.9692,-21.4062
35449,0.0969,0.9694,-21.3894
35450,0.0969,0.9696,-21.3726
35451,0.0969,0.9696,-21.3726
35452,0.0968,0.9694,-21.3894
35453,0.0969,0.9692,-21.4062
35454,0.0968,0.9687,-21.4567
35456,0.0968,0.9685,-21.4735
35457,0.0968,0.9683,-21.4903
35458,0.0968,0.9679,-21.5239
35459,0.0968,0.9672,-21.5912
35460,0.0966,0.9668,-21.6248
35461,0.0966,0.9664,-21.6584
35462,0.0966,0.9664,-21.6584
35463,0.0966,0.9664,-21.6584
35464,0.0966,0.9662,-21.6752
35465,0.0966,0.9660,-21.6920
35466,0.0966,0.9658,-21.7088
35467,0.0966,0.9657,-21.7256
35468,0.0966,0.9655,-21.7424
35469,0.0964,0.9653,-21.7592
35470,0.0966,0.9653,-21.7592
35471,0.0966,0.9653,-21.7592
35472,0.0966,0.9653,-21.7592
35473,0.0966,0.9653,-21.7592
35474,0.0966,0.9655,-21.7424
35476,0.0966,0.9655,-21.7424
35477,0.0966,0.9660,-21.6920
35478,0.0966,0.9664,-21.6584
35479,0.0968,0.9673,-21.5744
35480,0.0968,0.9681,-21.5071
35481,0.0968,0.9711,-21.2380
35482,0.0968,0.9718,-21.1707
35483,0.0969,0.9726,-21.1033
35484,0.0969,0.9733,-21.0360
35485,0.0971,0.9739,-20.9855
35486,0.0971,0.9747,-20.9181
35487,0.0971,0.9750,-20.8844
35488,0.0971,0.9754,-20.8507
35489,0.0971,0.9756,-20.8338
35490,0.0971,0.9760,-20.8001
35491,0.0973,0.9763,-20.7664
35492,0.0973,0.9769,-20.7159
35493,0.0973,0.9777,-20.6484
35494,0.0975,0.9782,-20.5978
35495,0.0975,0.9788,-20.5473
35497,0.0975,0.9795,-20.4798
35498,0.0975,0.9799,-20.4460
35499,0.0977,0.9805,-20.3954
35500,0.0977,0.9808,-20.3617
35501,0.0977,0.9812,-20.3279
35502,0.0979,0.9814,-20.3110
35503,0.0979,0.9816,-20.2942
35504,0.0979,0.9818,-20.2773
35505,0.0979,0.9820,-20.2604
35506,0.0979,0.9822,-20.2435
35507,0.0979,0.9822,-20.2435
35508,0.0979,0.9820,-20.2604
35509,0.0979,0.9822,-20.2435
35510,0.0979,0.9820,-20.2604
35511,0.0977,0.9818,-20.2773
35512,0.0979,0.9816,-20.2942
35513,0.0977,0.9812,-20.3279
35514,0.0977,0.9808,-20.3617
35515,0.0977,0.9803,-20.4123
35517,0.0977,0.9797,-20.4629
35518,0.0975,0.9792,-20.5135
35519,0.0975,0.9784,-20.5810
35520,0.0975,0.9786,-20.5641
35521,0.0975,0.9786,-20.5641
35522,0.0975,0.9790,-20.5304
35523,0.0975,0.9790,-20.5304
35524,0.0975,0.9788,-20.5473
35525,0.0975,0.9786,-20.5641
35526,0.0975,0.9786,-20.5641
35527,0.0975,0.9758,-20.8170
35528,0.0975,0.9756,-20.8338
35529,0.0975,0.9752,-20.8675
35530,0.0975,0.9747,-20.9181
35531,0.0973,0.9745,-20.9349
35532,0.0973,0.9743,-20.9518
35533,0.0973,0.9743,-20.9518
35534,0.0973,0.9743,-20.9518
35535,0.0975,0.9743,-20.9518
35536,0.0973,0.9743,-20.9518
35538,0.0973,0.9741,-20.9686
35539,0.0973,0.9739,-20.9855
35540,0.0973,0.9741,-20.9686
35541,0.0973,0.9743,-20.9518
35542,0.0973,0.9741,-20.9686
35543,0.0973,0.9741,-20.9686
35544,0.0973,0.9739,-20.9855
35545,0.0973,0.9737,-21.0023
35546,0.0973,0.9732,-21.0528
35547,0.0971,0.9726,-21.1033
35548,0.0971,0.9720,-21.1538
35549,0.0971,0.9715,-21.2043
35550,0.0969,0.9709,-21.2548
35551,0.0969,0.9705,-21.2885
35552,0.0969,0.9703,-21.3053
35553,0.0969,0.9703,-21.3053
35554,0.0969,0.9705,-21.2885
35555,0.0969,0.9705,-21.2885
35556,0.0969,0.9705,-21.2885
35558,0.0969,0.9707,-21.2716
35559,0.0971,0.9713,-21.2212
35560,0.0971,0.9718,-21.1707
35561,0.0971,0.9726,-21.1033
35562,0.0973,0.9732,-21.0528
35563,0.0973,0.9737,-21.0023
35564,0.0973,0.9745,-20.9349
35565,0.0975,0.9750,-20.8844
35566,0.0975,0.9756,-20.8338
35567,0.0975,0.9760,-20.8001
35568,0.0975,0.9765,-20.7496
35569,0.0977,0.9769,-20.7159
35570,0.0977,0.9771,-20.6990
35571,0.0977,0.9773,-20.6821
35572,0.0977,0.9775,-20.6653
35573,0.0977,0.9777,-20.6484
35574,0.0977,0.9777,-20.6484
35575,0.0977,0.9780,-20.6147
35576,0.0979,0.9782,-20.5978
35578,0.0979,0.9786,-20.5641
35579,0.0979,0.9790,-20.5304
35580,0.0979,0.9793,-20.4967
35581,0.0979,0.9795,-20.4798
35582,0.0979,0.9797,-20.4629
35583,0.0979,0.9797,-20.4629
35584,0.0979,0.9797,-20.4629
35585,0.0979,0.9797,-20.4629
35586,0.0979,0.9797,-20.4629
35587,0.0979,0.9795,-20.4798
35588,0.0979,0.9820,-20.2604
35589,0.0979,0.9823,-20.2266
35590,0.0979,0.9823,-20.2266
35591,0.0979,0.9825,-20.2098
35592,0.0979,0.9823,-20.2266
35593,0.0979,0.9822,-20.2435
35594,0.0979,0.9820,-20.2604
35595,0.0979,0.9818,-20.2773
35596,0.0979,0.9814,-20.3110
35597,0.0977,0.9814,-20.3110
35599,0.0977,0.9810,-20.3448
35600,0.0977,0.9810,-20.3448
35601,0.0977,0.9810,-20.3448
35602,0.0979,0.9812,-20.3279
35603,0.0977,0.9810,-20.3448
35604,0.0979,0.9786,-20.5641
35605,0.0979,0.9790,-20.5304
35606,0.0979,0.9792,-20.5135
35607,0.0979,0.9793,-20.4967
35608,0.0979,0.9793,-20.4967
35609,0.0979,0.9792,-20.5135
35610,0.0979,0.9792,-20.5135
35611,0.0979,0.9790,-20.5304
35612,0.0979,0.9790,-20.5304
35613,0.0979,0.9784,-20.5810
35614,0.0979,0.9786,-20.5641
35615,0.0979,0.9786,-20.5641
35616,0.0979,0.9786,-20.5641
35618,0.0977,0.9784,-20.5810
35619,0.0979,0.9782,-20.5978
35620,0.0979,0.9786,-20.5641
35621,0.0979,0.9792,-20.5135
35622,0.0979,0.9795,-20.4798
35623,0.0979,0.9799,-20.4460
35624,0.0979,0.9801,-20.4292
35625,0.0981,0.9808,-20.3617
35626,0.0981,0.9814,-20.3110
35627,0.0981,0.9820,-20.2604
35628,0.0983,0.9825,-20.2098
35629,0.0983,0.9827,-20.1929
35630,0.0983,0.9831,-20.1591
35631,0.0983,0.9835,-20.1253
35632,0.0983,0.9838,-20.0916
35633,0.0984,0.9842,-20.0578
35634,0.0984,0.9844,-20.0409
35635,0.0984,0.9853,-19.9564
35636,0.0984,0.9859,-19.9057
35637,0.0986,0.9865,-19.8550
35639,0.0986,0.9868,-19.8212
35640,0.0986,0.9874,-19.7705
35641,0.0986,0.9876,-19.7536
35642,0.0986,0.9878,-19.7367
35643,0.0988,0.9882,-19.7029
35644,0.0988,0.9883,-19.6859
35645,0.0988,0.9887,-19.6521
35646,0.0988,0.9889,-19.6352
35647,0.0988,0.9891,-19.6183
35648,0.0988,0.9895,-19.5845
35649,0.0990,0.9898,-19.5506
35650,0.0990,0.9900,-19.5337
35651,0.0990,0.9900,-19.5337
35652,0.0990,0.9900,-19.5337
35653,0.0990,0.9900,-19.5337
35654,0.0990,0.9902,-19.5168
35655,0.0990,0.9902,-19.5168
35657,0.0990,0.9900,-19.5337
35658,0.0990,0.9900,-19.5337
35659,0.0990,0.9898,-19.5506
35660,0.0990,0.9898,-19.5506
35661,0.0988,0.9897,-19.5675
35662,0.0988,0.9895,-19.5845
35663,0.0988,0.9893,-19.6014
35664,0.0988,0.9917,-19.3814
35665,0.0988,0.9919,-19.3645
35666,0.0988,0.9925,-19.3137
35667,0.0988,0.9927,-19.2967
35668,0.0990,0.9927,-19.2967
35669,0.0988,0.9930,-19.2629
35670,0.0990,0.9932,-19.2459
35671,0.0988,0.9932,-19.2459
35672,0.0990,0.9932,-19.2459
35673,0.0990,0.9927,-19.2967
35674,0.0990,0.9927,-19.2967
35675,0.0988,0.9925,-19.3137
35676,0.0988,0.9925,-19.3137
35678,0.0988,0.9923,-19.3306
35679,0.0988,0.9919,-19.3645
35680,0.0988,0.9891,-19.6183
35681,0.0988,0.9889,-19.6352
35682,0.0988,0.9891,-19.6183
35683,0.0988,0.9895,-19.5845
35684,0.0988,0.9898,-19.5506
35685,0.0990,0.9900,-19.5337
35686,0.0990,0.9902,-19.5168
35687,0.0990,0.9906,-19.4829
35688,0.0990,0.9908,-19.4660
35689,0.0990,0.9912,-19.4322
35690,0.0990,0.9915,-19.3983
35691,0.0992,0.9919,-19.3645
35692,0.0992,0.9927,-19.2967
35693,0.0994,0.9934,-19.2290
35694,0.0994,0.9940,-19.1782
35695,0.0994,0.9945,-19.1274
35697,0.0994,0.9951,-19.0765
35698,0.0994,0.9953,-19.0596
35699,0.0996,0.9953,-19.0596
35700,0.0994,0.9953,-19.0596
35701,0.0996,0.9955,-19.0427
35702,0.0996,0.9955,-19.0427
35703,0.0996,0.9955,-19.0427
35704,0.0996,0.9960,-18.9918
35705,0.0996,0.9966,-18.9410
35706,0.0996,0.9972,-18.8901
35707,0.0998,0.9977,-18.8392
35708,0.0998,0.9985,-18.7714
35709,0.0998,0.9988,-18.7375
35710,0.0999,0.9992,-18.7036
35711,0.0999,0.9994,-18.6866
35712,0.0999,0.9994,-18.6866
35713,0.0999,1.0000,-18.6357
35714,0.0999,1.0002,-18.6187
35715,0.0999,1.0003,-18.6018
35717,0.0999,1.0005,-18.5848
35718,0.0999,1.0003,-18.6018
35719,0.0999,1.0002,-18.6187
35720,0.0999,0.9996,-18.6696
35721,0.0999,0.9994,-18.6866
35722,0.0999,0.9996,-18.6696
35723,0.0999,0.9998,-18.6527
35724,0.0999,0.9998,-18.6527
35725,0.0999,1.0000,-18.6357
35726,0.0999,1.0002,-18.6187
35727,0.0999,1.0000,-18.6357
35728,0.0999,1.0000,-18.6357
35729,0.0999,1.0000,-18.6357
35730,0.0999,1.0000,-18.6357
35731,0.0999,0.9998,-18.6527
35732,0.0999,1.0000,-18.6357
35733,0.0999,1.0005,-18.5848
35734,0.0999,1.0007,-18.5678
35736,0.0999,1.0007,-18.5678
35737,0.0999,1.0005,-18.5848
35738,0.0999,1.0003,-18.6018
35739,0.0999,1.0002,-18.6187
35740,0.0999,1.0024,-18.4150
35741,0.0999,1.0024,-18.4150
35742,0.0999,1.0022,-18.4320
35743,0.0999,1.0028,-18.3811
35744,0.0999,1.0030,-18.3641
35745,0.0999,1.0032,-18.3471
35746,0.0999,1.0033,-18.3301
35747,0.0999,1.0032,-18.3471
35748,0.0999,1.0032,-18.3471
35749,0.0999,1.0032,-18.3471
35750,0.0999,1.0032,-18.3471
35751,0.0999,1.0035,-18.3132
35752,0.0999,1.0033,-18.3301
35753,0.0999,1.0035,-18.3132
35754,0.0999,1.0032,-18.3471
35756,0.0999,1.0005,-18.5848
35757,0.0999,1.0003,-18.6018
35758,0.0999,1.0002,-18.6187
35759,0.0999,1.0002,-18.6187
35760,0.0999,1.0002,-18.6187
35761,0.0999,1.0002,-18.6187
35762,0.0999,1.0002,-18.6187
35763,0.0999,1.0003,-18.6018
35764,0.0999,1.0005,-18.5848
35765,0.1001,1.0009,-18.5508
35766,0.1001,1.0015,-18.4999
35767,0.1001,1.0020,-18.4490
35768,0.1001,1.0026,-18.3981
35769,0.1003,1.0033,-18.3301
35770,0.1003,1.0039,-18.2792
35771,0.1003,1.0045,-18.2282
35772,0.1005,1.0052,-18.1603
35773,0.1005,1.0058,-18.1093
35774,0.1005,0.1005,-89.6499
35776,0.1007,1.0069,-18.0073
35777,0.1007,1.0073,-17.9733
35778,0.1007,1.0077,-17.9393
35779,0.1007,1.0080,-17.9053
35780,0.1009,1.0086,-17.8542
35781,0.1009,1.0090,-17.8202
35782,0.1009,1.0095,-17.7692
35783,0.1009,1.0097,-17.7522
35784,0.1009,1.0099,-17.7352
35785,0.1009,1.0101,-17.7181
35786,0.1009,1.0101,-17.7181
35787,0.1009,1.0101,-17.7181
35788,0.1009,1.0101,-17.7181
35789,0.1009,1.0099,-17.7352
35790,0.1009,1.0097,-17.7522
35791,0.1009,1.0093,-17.7862
35792,0.1009,1.0092,-17.8032
35793,0.1009,1.0092,-17.8032
35794,0.1009,1.0092,-17.8032
35795,0.1009,1.0095,-17.7692
35797,0.1009,1.0097,-17.7522
35798,0.1009,1.0099,-17.7352
35799,0.1009,1.0099,-17.7352
35800,0.1009,1.0099,-17.7352
35801,0.1009,1.0101,-17.7181
35802,0.1009,1.0103,-17.7011
35803,0.1011,1.0107,-17.6671
35804,0.1011,1.0108,-17.6501
35805,0.1011,1.0105,-17.6841
35806,0.1009,1.0101,-17.7181
35807,0.1009,1.0099,-17.7352
35808,0.1009,1.0097,-17.7522
35809,0.1009,1.0095,-17.7692
35810,0.1009,1.0093,-17.7862
35811,0.1009,1.0116,-17.5820
35812,0.1009,1.0116,-17.5820
35813,0.1009,1.0120,-17.5479
35814,0.1009,1.0125,-17.4969
35816,0.1009,1.0131,-17.4458
35817,0.1011,1.0138,-17.3776
35818,0.1011,1.0144,-17.3265
35819,0.1011,1.0150,-17.2754
35820,0.1011,1.0155,-17.2243
35821,0.1013,1.0159,-17.1902
35822,0.1013,1.0163,-17.1561
35823,0.1013,1.0163,-17.1561
35824,0.1013,1.0165,-17.1391
35825,0.1013,1.0167,-17.1220
35826,0.1013,1.0168,-17.1050
35827,0.1013,1.0167,-17.1220
35828,0.1013,1.0167,-17.1220
35829,0.1013,1.0167,-17.1220
35830,0.1013,1.0167,-17.1220
35831,0.1013,1.0165,-17.1391
35832,0.1013,1.0161,-17.1732
35833,0.1013,1.0157,-17.2072
35834,0.1013,1.0157,-17.2072
35835,0.1013,1.0157,-17.2072
35837,0.1013,1.0161,-17.1732
35838,0.1013,1.0159,-17.1902
35839,0.1013,1.0159,-17.1902
35840,0.1013,1.0157,-17.2072
35841,0.1013,1.0155,-17.2243
35842,0.1013,1.0155,-17.2243
35843,0.1013,1.0155,-17.2243
35844,0.1011,1.0152,-17.2584
35845,0.1011,1.0150,-17.2754
35846,0.1011,1.0150,-17.2754
35847,0.1011,1.0150,-17.2754
35848,0.1011,1.0150,-17.2754
35849,0.1011,1.0153,-17.2413
35850,0.1013,1.0159,-17.1902
35851,0.1013,1.0165,-17.1391
35852,0.1013,1.0170,-17.0879
35853,0.1014,1.0176,-17.0368
35854,0.1014,1.0180,-17.0027
35856,0.1014,1.0183,-16.9686
35857,0.1014,1.0187,-16.9344
35858,0.1014,1.0165,-17.1391
35859,0.1016,1.0167,-17.1220
35860,0.1016,1.0167,-17.1220
35861,0.1016,1.0165,-17.1391
35862,0.1016,1.0165,-17.1391
35863,0.1016,1.0163,-17.1561
35864,0.1014,1.0161,-17.1732
35865,0.1016,1.0161,-17.1732
35866,0.1014,1.0163,-17.1561
35867,0.1016,1.0163,-17.1561
35868,0.1016,1.0165,-17.1391
35869,0.1016,1.0165,-17.1391
35870,0.1016,1.0165,-17.1391
35871,0.1016,1.0165,-17.1391
35872,0.1016,1.0165,-17.1391
35873,0.1016,1.0165,-17.1391
35874,0.1016,1.0163,-17.1561
35876,0.1016,1.0165,-17.1391
35877,0.1016,1.0165,-17.1391
35878,0.1016,1.0165,-17.1391
35879,0.1016,1.0168,-17.1050
35880,0.1016,1.0170,-17.0879
35881,0.1016,1.0174,-17.0538
35882,0.1016,1.0176,-17.0368
35883,0.1016,1.0178,-17.0197
35884,0.1016,1.0178,-17.0197
35885,0.1018,1.0180,-17.0027
35886,0.1016,1.0183,-16.9686
35887,0.1018,1.0185,-16.9515
35888,0.1018,1.0187,-16.9344
35889,0.1018,1.0187,-16.9344
35890,0.1018,1.0191,-16.9003
35891,0.1018,1.0193,-16.8833
35892,0.1018,1.0197,-16.8491
35893,0.1020,1.0198,-16.8321
35894,0.1020,1.0198,-16.8321
35895,0.1020,1.0200,-16.8150
35897,0.1020,1.0202,-16.7980
35898,0.1020,1.0204,-16.7809
35899,0.1020,1.0204,-16.7809
35900,0.1020,1.0204,-16.7809
35901,0.1020,1.0202,-16.7980
35902,0.1020,1.0200,-16.8150
35903,0.1020,1.0198,-16.8321
35904,0.1018,1.0197,-16.8491
35905,0.1018,1.0195,-16.8662
35906,0.1018,1.0195,-16.8662
35907,0.1018,1.0195,-16.8662
35908,0.1020,1.0198,-16.8321
35909,0.1020,1.0202,-16.7980
35910,0.1020,1.0202,-16.7980
35911,0.1020,1.0202,-16.7980
35912,0.1020,1.0204,-16.7809
35913,0.1020,1.0206,-16.7638
35914,0.1020,1.0210,-16.7297
35916,0.1020,1.0215,-16.6785
35917,0.1022,1.0221,-16.6273
35918,0.1020,1.0247,-16.3881
35919,0.1022,1.0249,-16.3710
35920,0.1022,1.0249,-16.3710
35921,0.1022,1.0247,-16.3881
35922,0.1020,1.0245,-16.4052
35923,0.1020,1.0242,-16.4394
35924,0.1020,1.0238,-16.4736
35925,0.1020,1.0236,-16.4906
35926,0.1020,1.0236,-16.4906
35927,0.1020,1.0238,-16.4736
35928,0.1020,1.0240,-16.4565
35929,0.1020,1.0240,-16.4565
35930,0.1020,1.0240,-16.4565
35931,0.1020,1.0238,-16.4736
35932,0.1020,1.0236,-16.4906
35933,0.1020,1.0208,-16.7468
35934,0.1020,1.0206,-16.7638
35936,0.1020,1.0204,-16.7809
35937,0.1020,1.0204,-16.7809
35938,0.1020,1.0212,-16.7126
35939,0.1020,1.0217,-16.6614
35940,0.1022,1.0223,-16.6102
35941,0.1022,1.0228,-16.5590
35942,0.1022,1.0236,-16.4906
35943,0.1024,1.0242,-16.4394
35944,0.1024,1.0245,-16.4052
35945,0.1024,1.0247,-16.3881
35946,0.1024,1.0249,-16.3710
35947,0.1026,1.0253,-16.3369
35948,0.1026,1.0257,-16.3027
35949,0.1026,1.0260,-16.2685
35950,0.1026,1.0262,-16.2514
35951,0.1026,1.0264,-16.2343
35952,0.1026,1.0266,-16.2172
35953,0.1026,1.0268,-16.2001
35955,0.1026,1.0272,-16.1659
35956,0.1028,1.0273,-16.1488
35957,0.1028,1.0277,-16.1146
35958,0.1028,1.0273,-16.1488
35959,0.1028,1.0277,-16.1146
35960,0.1026,1.0275,-16.1317
35961,0.1026,1.0272,-16.1659
35962,0.1026,1.0270,-16.1830
35963,0.1026,1.0264,-16.2343
35964,0.1026,1.0258,-16.2856
35965,0.1026,1.0255,-16.3198
35966,0.1024,1.0253,-16.3369
35967,0.1024,1.0251,-16.3540
35968,0.1024,1.0247,-16.3881
35969,0.1024,1.0247,-16.3881
35970,0.1024,1.0247,-16.3881
35971,0.1024,1.0247,-16.3881
35972,0.1024,1.0249,-16.3710
35973,0.1024,1.0253,-16.3369
35975,0.1026,1.0257,-16.3027
35976,0.1026,1.0260,-16.2685
35977,0.1026,1.0264,-16.2343
35978,0.1026,1.0268,-16.2001
35979,0.1028,1.0273,-16.1488
35980,0.1028,1.0275,-16.1317
35981,0.1028,1.0281,-16.0804
35982,0.1028,1.0288,-16.0120
35983,0.1029,1.0294,-15.9607
35984,0.1029,1.0296,-15.9436
35985,0.1029,1.0302,-15.8922
35986,0.1031,1.0309,-15.8238
35987,0.1031,1.0317,-15.7553
35988,0.1031,1.0322,-15.7040
35989,0.1031,1.0328,-15.6526
35990,0.1031,1.0332,-15.6183
35991,0.1033,1.0335,-15.5841
35992,0.1033,1.0333,-15.6012
35993,0.1031,1.0330,-15.6355
35994,0.1031,1.0350,-15.4470
35996,0.1031,1.0348,-15.4641
35997,0.1031,1.0348,-15.4641
35998,0.1031,1.0348,-15.4641
35999,0.1031,1.0348,-15.4641
36000,0.1031,1.0348,-15.4641
36001,0.1031,1.0345,-15.4984
36002,0.1031,1.0343,-15.5156
36003,0.1031,1.0339,-15.5498
36004,0.1029,1.0337,-15.5669
36005,0.1029,1.0333,-15.6012
36006,0.1029,1.0333,-15.6012
36007,0.1029,1.0333,-15.6012
36008,0.1029,1.0335,-15.5841
36009,0.1029,1.0335,-15.5841
36010,0.1029,1.0309,-15.8238
36011,0.1029,1.0309,-15.8238
36012,0.1029,1.0307,-15.8409
36013,0.1029,1.0305,-15.8580
36015,0.1029,1.0302,-15.8922
36016,0.1029,1.0302,-15.8922
36017,0.1029,1.0300,-15.9094
36018,0.1029,1.0298,-15.9265
36019,0.1028,1.0298,-15.9265
36020,0.1029,1.0294,-15.9607
36021,0.1028,1.0288,-16.0120
36022,0.1028,1.0287,-16.0291
36023,0.1028,1.0287,-16.0291
36024,0.1028,1.0287,-16.0291
36025,0.1028,1.0288,-16.0120
36026,0.1028,1.0290,-15.9949
36027,0.1028,1.0290,-15.9949
36028,0.1028,1.0290,-15.9949
36029,0.1028,1.0288,-16.0120
36030,0.1028,1.0288,-16.0120
36031,0.1028,1.0287,-16.0291
36032,0.1028,1.0285,-16.0462
36033,0.1028,1.0285,-16.0462
36035,0.1028,1.0287,-16.0291
36036,0.1028,1.0285,-16.0462
36037,0.1028,1.0283,-16.0633
36038,0.1028,1.0283,-16.0633
36039,0.1028,1.0285,-16.0462
36040,0.1028,1.0311,-15.8067
36041,0.1028,1.0311,-15.8067
36042,0.1028,1.0315,-15.7724
36043,0.1028,1.0315,-15.7724
36044,0.1028,1.0318,-15.7382
36045,0.1028,1.0317,-15.7553
36046,0.1028,1.0315,-15.7724
36047,0.1028,1.0315,-15.7724
36048,0.1028,1.0313,-15.7896
36049,0.1028,1.0311,-15.8067
36050,0.1028,1.0307,-15.8409
36051,0.1026,1.0303,-15.8751
36052,0.1026,1.0302,-15.8922
36053,0.1028,1.0275,-16.1317
36055,0.1028,1.0275,-16.1317
36056,0.1028,1.0277,-16.1146
36057,0.1028,1.0279,-16.0975
36058,0.1028,1.0281,-16.0804
36059,0.1028,1.0279,-16.0975
36060,0.1028,1.0277,-16.1146
36061,0.1028,1.0279,-16.0975
36062,0.1028,1.0279,-16.0975
36063,0.1028,1.0277,-16.1146
36064,0.1028,1.0279,-16.0975
36065,0.1028,1.0283,-16.0633
36066,0.1028,1.0287,-16.0291
36067,0.1028,1.0290,-15.9949
36068,0.1029,1.0296,-15.9436
36069,0.1029,1.0300,-15.9094
36070,0.1029,1.0326,-15.6697
36071,0.1029,1.0333,-15.6012
36072,0.1029,1.0335,-15.5841
36073,0.1029,1.0337,-15.5669
36075,0.1031,1.0341,-15.5327
36076,0.1031,1.0345,-15.4984
36077,0.1031,1.0348,-15.4641
36078,0.1031,1.0352,-15.4299
36079,0.1033,1.0358,-15.3785
36080,0.1033,1.0363,-15.3270
36081,0.1033,1.0369,-15.2756
36082,0.1033,1.0371,-15.2585
36083,0.1033,1.0375,-15.2242
36084,0.1033,1.0378,-15.1899
36085,0.1033,1.0382,-15.1556
36086,0.1035,1.0358,-15.3785
36087,0.1035,1.0356,-15.3956
36088,0.1035,1.0354,-15.4127
36089,0.1035,1.0352,-15.4299
36090,0.1035,1.0354,-15.4127
36091,0.1035,1.0354,-15.4127
36092,0.1035,1.0358,-15.3785
36094,0.1035,1.0356,-15.3956
36095,0.1035,1.0356,-15.3956
36096,0.1035,1.0356,-15.3956
36097,0.1035,1.0358,-15.3785
36098,0.1035,1.0360,-15.3613
36099,0.1035,1.0362,-15.3442
36100,0.1035,1.0360,-15.3613
36101,0.1035,1.0360,-15.3613
36102,0.1035,1.0360,-15.3613
36103,0.1035,1.0360,-15.3613
36104,0.1035,1.0360,-15.3613
36105,0.1035,1.0358,-15.3785
36106,0.1035,1.0356,-15.3956
36107,0.1035,1.0354,-15.4127
36108,0.1035,1.0352,-15.4299
36109,0.1033,1.0350,-15.4470
36110,0.1035,1.0347,-15.4813
36111,0.1033,1.0348,-15.4641
36112,0.1035,1.0350,-15.4470
36113,0.1035,1.0352,-15.4299
36115,0.1035,1.0356,-15.3956
36116,0.1035,1.0363,-15.3270
36117,0.1037,1.0369,-15.2756
36118,0.1037,1.0375,-15.2242
36119,0.1037,1.0377,-15.2070
36120,0.1037,1.0380,-15.1727
36121,0.1039,1.0384,-15.1384
36122,0.1039,1.0393,-15.0526
36123,0.1039,1.0397,-15.0183
36124,0.1039,1.0401,-14.9840
36125,0.1039,1.0403,-14.9668
36126,0.1041,1.0405,-14.9497
36127,0.1039,1.0405,-14.9497
36128,0.1041,1.0407,-14.9325
36129,0.1041,1.0407,-14.9325
36130,0.1039,1.0405,-14.9497
36131,0.1039,1.0403,-14.9668
36132,0.1039,1.0399,-15.0012
36134,0.1039,1.0393,-15.0526
36135,0.1039,1.0390,-15.0870
36136,0.1039,1.0390,-15.0870
36137,0.1039,1.0390,-15.0870
36138,0.1039,1.0392,-15.0698
36139,0.1039,1.0392,-15.0698
36140,0.1039,1.0393,-15.0526
36141,0.1039,1.0397,-15.0183
36142,0.1039,1.0423,-14.7780
36143,0.1039,1.0423,-14.7780
36144,0.1039,1.0425,-14.7608
36145,0.1039,1.0425,-14.7608
36146,0.1039,1.0429,-14.7265
36147,0.1039,1.0431,-14.7093
36148,0.1039,1.0433,-14.6922
36149,0.1039,1.0431,-14.7093
36150,0.1041,1.0433,-14.6922
36151,0.1041,1.0433,-14.6922
36152,0.1039,1.0435,-14.6750
36153,0.1039,1.0435,-14.6750
36155,0.1039,1.0433,-14.6922
36156,0.1039,1.0437,-14.6578
36157,0.1041,1.0438,-14.6406
36158,0.1041,1.0440,-14.6234
36159,0.1041,1.0444,-14.5891
36160,0.1041,1.0450,-14.5375
36161,0.1043,1.0457,-14.4688
36162,0.1043,1.0463,-14.4172
36163,0.1043,1.0467,-14.3828
36164,0.1043,1.0468,-14.3656
36165,0.1044,1.0470,-14.3485
36166,0.1044,1.0474,-14.3141
36167,0.1044,1.0478,-14.2797
36168,0.1044,1.0483,-14.2281
36169,0.1044,1.0489,-14.1765
36170,0.1046,1.0491,-14.1593
36171,0.1046,1.0472,-14.3313
36172,0.1046,1.0498,-14.0904
36173,0.1046,1.0500,-14.0732
36175,0.1046,1.0500,-14.0732
36176,0.1046,1.0500,-14.0732
36177,0.1046,1.0497,-14.1077
36178,0.1046,1.0493,-14.1421
36179,0.1046,1.0491,-14.1593
36180,0.1044,1.0489,-14.1765
36181,0.1044,1.0487,-14.1937
36182,0.1044,1.0489,-14.1765
36183,0.1044,1.0487,-14.1937
36184,0.1044,1.0485,-14.2109
36185,0.1044,1.0483,-14.2281
36186,0.1044,1.0482,-14.2453
36187,0.1044,1.0480,-14.2625
36188,0.1044,1.0455,-14.4860
36189,0.1044,1.0455,-14.4860
36190,0.1044,1.0457,-14.4688
36191,0.1044,1.0459,-14.4516
36192,0.1044,1.0459,-14.4516
36193,0.1044,1.0463,-14.4172
36195,0.1046,1.0461,-14.4344
36196,0.1044,1.0461,-14.4344
36197,0.1044,1.0461,-14.4344
36198,0.1044,1.0461,-14.4344
36199,0.1046,1.0461,-14.4344
36200,0.1046,1.0461,-14.4344
36201,0.1046,1.0463,-14.4172
36202,0.1046,1.0465,-14.4000
36203,0.1046,1.0465,-14.4000
36204,0.1046,1.0467,-14.3828
36205,0.1046,1.0470,-14.3485
36206,0.1046,1.0474,-14.3141
36207,0.1048,1.0478,-14.2797
36208,0.1048,1.0483,-14.2281
36209,0.1048,1.0487,-14.1937
36210,0.1048,1.0491,-14.1593
36211,0.1048,1.0493,-14.1421
36212,0.1048,1.0497,-14.1077
36213,0.1048,1.0500,-14.0732
36215,0.1050,1.0504,-14.0388
36216,0.1050,1.0510,-13.9872
36217,0.1050,1.0513,-13.9528
36218,0.1050,1.0517,-13.9183
36219,0.1052,1.0521,-13.8839
36220,0.1052,1.0521,-13.8839
36221,0.1052,1.0523,-13.8667
36222,0.1052,1.0523,-13.8667
36223,0.1052,1.0523,-13.8667
36224,0.1052,1.0521,-13.8839
36225,0.1052,1.0521,-13.8839
36226,0.1052,1.0521,-13.8839
36227,0.1052,1.0523,-13.8667
36228,0.1052,1.0521,-13.8839
36229,0.1050,1.0521,-13.8839
36230,0.1052,1.0515,-13.9355
36231,0.1050,1.0517,-13.9183
36232,0.1050,1.0513,-13.9528
36234,0.1050,1.0512,-13.9700
36235,0.1050,1.0508,-14.0044
36236,0.1050,1.0506,-14.0216
36237,0.1050,1.0504,-14.0388
36238,0.1050,1.0502,-14.0560
36239,0.1048,1.0500,-14.0732
36240,0.1050,1.0498,-14.0904
36241,0.1048,1.0498,-14.0904
36242,0.1048,1.0495,-14.1249
36243,0.1048,1.0493,-14.1421
36244,0.1048,1.0495,-14.1249
36245,0.1048,1.0497,-14.1077
36246,0.1050,1.0500,-14.0732
36247,0.1050,1.0500,-14.0732
36248,0.1048,1.0523,-13.8667
36249,0.1048,1.0527,-13.8322
36250,0.1048,1.0523,-13.8667
36251,0.1050,1.0528,-13.8150
36252,0.1050,1.0532,-13.7806
36253,0.1050,1.0536,-13.7461
36255,0.1050,1.0540,-13.7117
36256,0.1050,1.0543,-13.6772
36257,0.1050,1.0545,-13.6600
36258,0.1052,1.0549,-13.6255
36259,0.1052,1.0553,-13.5911
36260,0.1052,1.0558,-13.5393
36261,0.1052,1.0560,-13.5221
36262,0.1052,1.0566,-13.4704
36263,0.1054,1.0568,-13.4532
36264,0.1054,1.0549,-13.6255
36265,0.1054,1.0553,-13.5911
36266,0.1054,1.0557,-13.5566
36267,0.1054,1.0558,-13.5393
36268,0.1056,1.0562,-13.5049
36269,0.1056,1.0564,-13.4876
36270,0.1056,1.0564,-13.4876
36271,0.1056,1.0570,-13.4359
36272,0.1056,1.0575,-13.3842
36274,0.1058,1.0581,-13.3324
36275,0.1058,1.0587,-13.2807
36276,0.1059,1.0590,-13.2462
36277,0.1059,1.0596,-13.1944
36278,0.1058,1.0598,-13.1772
36279,0.1059,1.0602,-13.1427
36280,0.1059,1.0605,-13.1082
36281,0.1059,1.0605,-13.1082
36282,0.1061,1.0609,-13.0736
36283,0.1059,1.0609,-13.0736
36284,0.1059,1.0609,-13.0736
36285,0.1059,1.0611,-13.0564
36286,0.1059,1.0609,-13.0736
36287,0.1059,1.0609,-13.0736
36288,0.1061,1.0611,-13.0564
36289,0.1059,1.0611,-13.0564
36290,0.1059,1.0611,-13.0564
36291,0.1061,1.0609,-13.0736
36292,0.1061,1.0609,-13.0736
36293,0.1061,1.0609,-13.0736
36295,0.1061,1.0609,-13.0736
36296,0.1059,1.0611,-13.0564
36297,0.1059,1.0611,-13.0564
36298,0.1061,1.0615,-13.0219
36299,0.1061,1.0617,-13.0046
36300,0.1061,1.0618,-12.9873
36301,0.1061,1.0620,-12.9701
36302,0.1061,1.0622,-12.9528
36303,0.1061,1.0622,-12.9528
36304,0.1061,1.0624,-12.9355
36305,0.1061,1.0622,-12.9528
36306,0.1061,1.0622,-12.9528
36307,0.1061,1.0622,-12.9528
36308,0.1061,1.0620,-12.9701
36309,0.1061,1.0618,-12.9873
36310,0.1061,1.0617,-13.0046
36311,0.1061,1.0613,-13.0391
36312,0.1059,1.0611,-13.0564
36314,0.1061,1.0611,-13.0564
36315,0.1059,1.0611,-13.0564
36316,0.1059,1.0613,-13.0391
36317,0.1061,1.0617,-13.0046
36318,0.1061,1.0618,-12.9873
36319,0.1061,1.0620,-12.9701
36320,0.1061,1.0622,-12.9528
36321,0.1061,1.0620,-12.9701
36322,0.1061,1.0620,-12.9701
36323,0.1061,1.0617,-13.0046
36324,0.1061,1.0641,-12.7801
36325,0.1059,1.0639,-12.7974
36326,0.1059,1.0637,-12.8146
36327,0.1059,1.0639,-12.7974
36328,0.1059,1.0639,-12.7974
36329,0.1059,1.0639,-12.7974
36330,0.1059,1.0639,-12.7974
36331,0.1061,1.0639,-12.7974
36332,0.1059,1.0639,-12.7974
36333,0.1059,1.0639,-12.7974
36335,0.1061,1.0641,-12.7801
36336,0.1059,1.0639,-12.7974
36337,0.1059,1.0639,-12.7974
36338,0.1059,1.0637,-12.8146
36339,0.1059,1.0635,-12.8319
36340,0.1059,1.0609,-13.0736
36341,0.1059,1.0605,-13.1082
36342,0.1059,1.0603,-13.1254
36343,0.1059,1.0600,-13.1599
36344,0.1059,1.0602,-13.1427
36345,0.1059,1.0602,-13.1427
36346,0.1059,1.0603,-13.1254
36347,0.1059,1.0603,-13.1254
36348,0.1059,1.0603,-13.1254
36349,0.1059,1.0602,-13.1427
36350,0.1059,1.0600,-13.1599
36351,0.1059,1.0596,-13.1944
36352,0.1058,1.0592,-13.2290
36354,0.1058,1.0590,-13.2462
36355,0.1058,1.0590,-13.2462
36356,0.1059,1.0592,-13.2290
36357,0.1059,1.0594,-13.2117
36358,0.1059,1.0596,-13.1944
36359,0.1059,1.0600,-13.1599
36360,0.1059,1.0600,-13.1599
36361,0.1059,1.0602,-13.1427
36362,0.1059,1.0602,-13.1427
36363,0.1059,1.0603,-13.1254
36364,0.1059,1.0607,-13.0909
36365,0.1059,1.0609,-13.0736
36366,0.1059,1.0611,-13.0564
36367,0.1061,1.0611,-13.0564
36368,0.1061,1.0615,-13.0219
36369,0.1061,1.0617,-13.0046
36370,0.1061,1.0620,-12.9701
36371,0.1061,1.0620,-12.9701
36372,0.1061,1.0624,-12.9355
36374,0.1061,1.0624,-12.9355
36375,0.1061,1.0628,-12.9010
36376,0.1061,1.0630,-12.8837
36377,0.1063,1.0632,-12.8664
36378,0.1063,1.0633,-12.8492
36379,0.1063,1.0633,-12.8492
36380,0.1063,1.0635,-12.8319
36381,0.1063,1.0637,-12.8146
36382,0.1063,1.0635,-12.8319
36383,0.1063,1.0635,-12.8319
36384,0.1063,1.0639,-12.7974
36385,0.1063,1.0639,-12.7974
36386,0.1063,1.0639,-12.7974
36387,0.1063,1.0639,-12.7974
36388,0.1063,1.0639,-12.7974
36389,0.1063,1.0641,-12.7801
36390,0.1063,1.0641,-12.7801
36391,0.1063,1.0641,-12.7801
36392,0.1063,1.0639,-12.7974
36394,0.1063,1.0637,-12.8146
36395,0.1063,1.0645,-12.7455
36396,0.1063,1.0648,-12.7110
36397,0.1065,1.0654,-12.6591
36398,0.1065,1.0660,-12.6073
36399,0.1065,1.0667,-12.5381
36400,0.1067,1.0671,-12.5036
36401,0.1067,1.0699,-12.2441
36402,0.1067,1.0705,-12.1922
36403,0.1067,1.0707,-12.1749
36404,0.1067,1.0712,-12.1229
36405,0.1067,1.0714,-12.1056
36406,0.1067,1.0716,-12.0883
36407,0.1069,1.0718,-12.0710
36408,0.1069,1.0723,-12.0191
36409,0.1069,1.0731,-11.9498
36410,0.1069,1.0737,-11.8978
36411,0.1071,1.0742,-11.8459
36412,0.1071,1.0748,-11.7939
36414,0.1071,1.0753,-11.7419
36415,0.1073,1.0757,-11.7072
36416,0.1073,1.0761,-11.6726
36417,0.1073,1.0737,-11.8978
36418,0.1073,1.0733,-11.9325
36419,0.1073,1.0733,-11.9325
36420,0.1073,1.0731,-11.9498
36421,0.1073,1.0729,-11.9671
36422,0.1073,1.0727,-11.9844
36423,0.1071,1.0722,-12.0364
36424,0.1071,1.0722,-12.0364
36425,0.1071,1.0722,-12.0364
36426,0.1071,1.0718,-12.0710
36427,0.1071,1.0718,-12.0710
36428,0.1071,1.0718,-12.0710
36429,0.1071,1.0716,-12.0883
36430,0.1071,1.0716,-12.0883
36431,0.1071,1.0716,-12.0883
36432,0.1071,1.0716,-12.0883
36434,0.1071,1.0718,-12.0710
36435,0.1071,1.0718,-12.0710
36436,0.1071,1.0718,-12.0710
36437,0.1071,1.0718,-12.0710
36438,0.1071,1.0718,-12.0710
36439,0.1071,1.0718,-12.0710
36440,0.1071,1.0714,-12.1056
36441,0.1071,1.0714,-12.1056
36442,0.1071,1.0716,-12.0883
36443,0.1071,1.0712,-12.1229
36444,0.1071,1.0714,-12.1056
36445,0.1071,1.0714,-12.1056
36446,0.1071,1.0716,-12.0883
36447,0.1071,1.0718,-12.0710
36448,0.1071,1.0722,-12.0364
36449,0.1073,1.0727,-11.9844
36450,0.1073,1.0731,-11.9498
36451,0.1073,1.0737,-11.8978
36453,0.1073,1.0738,-11.8805
36454,0.1073,1.0742,-11.8459
36455,0.1074,1.0746,-11.8112
36456,0.1074,1.0750,-11.7766
36457,0.1074,1.0753,-11.7419
36458,0.1074,1.0757,-11.7072
36459,0.1074,1.0761,-11.6726
36460,0.1074,1.0761,-11.6726
36461,0.1074,1.0763,-11.6552
36462,0.1076,1.0763,-11.6552
36463,0.1076,1.0763,-11.6552
36464,0.1076,1.0765,-11.6379
36465,0.1074,1.0765,-11.6379
36466,0.1076,1.0768,-11.6032
36467,0.1076,1.0770,-11.5859
36468,0.1076,1.0772,-11.5686
36469,0.1076,1.0774,-11.5512
36470,0.1076,1.0774,-11.5512
36471,0.1076,1.0776,-11.5339
36473,0.1076,1.0795,-11.3604
36474,0.1074,1.0793,-11.3778
36475,0.1074,1.0791,-11.3951
36476,0.1074,1.0791,-11.3951
36477,0.1076,1.0791,-11.3951
36478,0.1076,1.0793,-11.3778
36479,0.1074,1.0793,-11.3778
36480,0.1074,1.0791,-11.3951
36481,0.1076,1.0795,-11.3604
36482,0.1076,1.0797,-11.3431
36483,0.1076,1.0797,-11.3431
36484,0.1076,1.0797,-11.3431
36485,0.1076,1.0797,-11.3431
36486,0.1076,1.0795,-11.3604
36487,0.1076,1.0795,-11.3604
36488,0.1076,1.0795,-11.3604
36489,0.1076,1.0798,-11.3257
36490,0.1076,1.0802,-11.2910
36491,0.1076,1.0804,-11.2737
36493,0.1076,0.1076,-89.1689
36494,0.1076,1.0813,-11.1869
36495,0.1078,1.0817,-11.1522
36496,0.1078,1.0823,-11.1001
36497,0.1078,1.0825,-11.0827
36498,0.1078,1.0825,-11.0827
36499,0.1078,1.0825,-11.0827
36500,0.1078,1.0825,-11.0827
36501,0.1078,1.0827,-11.0653
36502,0.1078,1.0827,-11.0653
36503,0.1078,1.0828,-11.0480
36504,0.1078,1.0827,-11.0653
36505,0.1078,1.0825,-11.0827
36506,0.1078,1.0823,-11.1001
36507,0.1078,1.0823,-11.1001
36508,0.1078,1.0823,-11.1001
36509,0.1078,1.0823,-11.1001
36510,0.1078,1.0825,-11.0827
36511,0.1078,1.0825,-11.0827
36513,0.1078,1.0825,-11.0827
36514,0.1078,1.0827,-11.0653
36515,0.1078,1.0827,-11.0653
36516,0.1078,1.0828,-11.0480
36517,0.1080,1.0830,-11.0306
36518,0.1080,1.0810,-11.2216
36519,0.1080,1.0813,-11.1869
36520,0.1082,1.0817,-11.1522
36521,0.1082,1.0821,-11.1174
36522,0.1082,1.0825,-11.0827
36523,0.1082,1.0828,-11.0480
36524,0.1082,1.0834,-10.9959
36525,0.1084,1.0838,-10.9611
36526,0.1084,1.0843,-10.9090
36527,0.1084,1.0849,-10.8569
36528,0.1084,1.0853,-10.8221
36529,0.1084,1.0855,-10.8048
36530,0.1086,1.0857,-10.7874
36532,0.1086,1.0858,-10.7700
36533,0.1086,1.0860,-10.7526
36534,0.1086,1.0860,-10.7526
36535,0.1086,1.0862,-10.7352
36536,0.1086,1.0862,-10.7352
36537,0.1086,1.0860,-10.7526
36538,0.1086,1.0858,-10.7700
36539,0.1084,1.0857,-10.7874
36540,0.1084,1.0853,-10.8221
36541,0.1084,1.0849,-10.8569
36542,0.1084,1.0849,-10.8569
36543,0.1084,1.0849,-10.8569
36544,0.1084,1.0847,-10.8743
36545,0.1084,1.0845,-10.8916
36546,0.1084,1.0847,-10.8743
36547,0.1084,1.0843,-10.9090
36548,0.1084,1.0843,-10.9090
36549,0.1084,1.0843,-10.9090
36550,0.1084,1.0842,-10.9264
36551,0.1084,1.0845,-10.8916
36553,0.1084,1.0847,-10.8743
36554,0.1084,1.0851,-10.8395
36555,0.1084,1.0855,-10.8048
36556,0.1086,1.0858,-10.7700
36557,0.1086,1.0864,-10.7179
36558,0.1086,1.0868,-10.6831
36559,0.1086,1.0873,-10.6309
36560,0.1088,1.0877,-10.5962
36561,0.1088,1.0881,-10.5614
36562,0.1088,1.0883,-10.5440
36563,0.1088,1.0887,-10.5092
36564,0.1088,1.0887,-10.5092
36565,0.1088,1.0885,-10.5266
36566,0.1088,1.0885,-10.5266
36567,0.1088,1.0885,-10.5266
36568,0.1088,1.0885,-10.5266
36569,0.1088,1.0885,-10.5266
36570,0.1088,1.0883,-10.5440
36571,0.1088,1.0883,-10.5440
36573,0.1088,1.0881,-10.5614
36574,0.1088,1.0883,-10.5440
36575,0.1088,1.0885,-10.5266
36576,0.1088,1.0887,-10.5092
36577,0.1088,1.0888,-10.4918
36578,0.1088,1.0888,-10.4918
36579,0.1088,1.0913,-10.2656
36580,0.1088,1.0915,-10.2482
36581,0.1088,1.0915,-10.2482
36582,0.1088,1.0918,-10.2134
36583,0.1088,1.0920,-10.1960
36584,0.1088,1.0920,-10.1960
36585,0.1088,1.0922,-10.1785
36586,0.1088,1.0922,-10.1785
36587,0.1089,1.0928,-10.1263
36588,0.1089,1.0932,-10.0915
36589,0.1089,1.0937,-10.0392
36590,0.1091,1.0943,-9.9870
36592,0.1091,1.0947,-9.9521
36593,0.1091,1.0952,-9.8998
36594,0.1091,1.0958,-9.8476
36595,0.1093,1.0939,-10.0218
36596,0.1093,1.0945,-9.9695
36597,0.1093,1.0950,-9.9173
36598,0.1095,1.0956,-9.8650
36599,0.1095,1.0962,-9.8127
36600,0.1095,1.0967,-9.7604
36601,0.1097,1.0971,-9.7255
36602,0.1097,1.0973,-9.7081
36603,0.1097,1.0973,-9.7081
36604,0.1097,1.0973,-9.7081
36605,0.1097,1.0973,-9.7081
36606,0.1097,1.0973,-9.7081
36607,0.1097,1.0973,-9.7081
36608,0.1097,1.0971,-9.7255
36609,0.1097,1.0971,-9.7255
36610,0.1097,1.0973,-9.7081
36611,0.1097,1.0973,-9.7081
36613,0.1097,1.0971,-9.7255
36614,0.1097,1.0973,-9.7081
36615,0.1097,1.0973,-9.7081
36616,0.1097,1.0975,-9.6907
36617,0.1097,1.0975,-9.6907
36618,0.1097,1.0973,-9.7081
36619,0.1095,1.0971,-9.7255
36620,0.1097,1.0969,-9.7430
36621,0.1097,1.0967,-9.7604
36622,0.1097,1.0969,-9.7430
36623,0.1097,1.0969,-9.7430
36624,0.1095,1.0969,-9.7430
36625,0.1097,1.0969,-9.7430
36626,0.1095,1.0967,-9.7604
36627,0.1095,1.0965,-9.7778
36628,0.1097,1.0967,-9.7604
36629,0.1095,1.0969,-9.7430
36630,0.1097,1.0969,-9.7430
36632,0.1097,1.0971,-9.7255
36633,0.1097,1.0973,-9.7081
36634,0.1097,1.0975,-9.6907
36635,0.1097,1.0977,-9.6732
36636,0.1097,1.0978,-9.6558
36637,0.1097,1.0978,-9.6558
36638,0.1097,1.0977,-9.6732
36639,0.1097,1.0978,-9.6558
36640,0.1097,1.0978,-9.6558
36641,0.1097,1.0978,-9.6558
36642,0.1097,1.0978,-9.6558
36643,0.1097,1.0982,-9.6209
36644,0.1097,1.0982,-9.6209
36645,0.1097,1.0984,-9.6035
36646,0.1097,1.0988,-9.5686
36647,0.1099,1.0992,-9.5337
36648,0.1099,1.0995,-9.4988
36649,0.1099,1.0999,-9.4639
36650,0.1099,1.1005,-9.4116
36652,0.1099,1.1010,-9.3592
36653,0.1101,1.1014,-9.3243
36654,0.1101,1.1042,-9.0624
36655,0.1101,1.1048,-9.0100
36656,0.1103,1.1053,-8.9575
36657,0.1103,1.1059,-8.9051
36658,0.1103,1.1065,-8.8527
36659,0.1103,1.1068,-8.8177
36660,0.1103,1.1072,-8.7828
36661,0.1104,1.1076,-8.7478
36662,0.1104,1.1080,-8.7128
36663,0.1104,1.1083,-8.6778
36664,0.1104,1.1083,-8.6778
36665,0.1104,1.1089,-8.6254
36666,0.1106,1.1091,-8.6079
36667,0.1106,1.1093,-8.5904
36668,0.1106,1.1093,-8.5904
36669,0.1106,1.1093,-8.5904
36670,0.1106,1.1093,-8.5904
36672,0.1104,1.1097,-8.5554
36673,0.1106,1.1098,-8.5379
36674,0.1106,1.1102,-8.5029
36675,0.1106,1.1100,-8.5204
36676,0.1106,1.1106,-8.4679
36677,0.1106,1.1110,-8.4329
36678,0.1108,1.1112,-8.4154
36679,0.1108,1.1113,-8.3979
36680,0.1108,1.1117,-8.3629
36681,0.1108,1.1121,-8.3279
36682,0.1108,1.1123,-8.3104
36683,0.1110,1.1102,-8.5029
36684,0.1110,1.1108,-8.4504
36685,0.1110,1.1112,-8.4154
36686,0.1110,1.1117,-8.3629
36687,0.1112,1.1123,-8.3104
36688,0.1112,1.1127,-8.2754
36689,0.1112,1.1130,-8.2403
36690,0.1112,1.1132,-8.2228
36692,0.1112,1.1134,-8.2053
36693,0.1112,1.1138,-8.1703
36694,0.1114,1.1142,-8.1353
36695,0.1114,1.1143,-8.1177
36696,0.1114,1.1147,-8.0827
36697,0.1114,1.1147,-8.0827
36698,0.1114,1.1145,-8.1002
36699,0.1114,1.1151,-8.0477
36700,0.1114,1.1151,-8.0477
36701,0.1114,1.1155,-8.0126
36702,0.1114,1.1155,-8.0126
36703,0.1114,1.1155,-8.0126
36704,0.1114,1.1155,-8.0126
36705,0.1114,1.1155,-8.0126
36706,0.1114,1.1155,-8.0126
36707,0.1114,1.1157,-7.9951
36708,0.1114,1.1157,-7.9951
36709,0.1114,1.1158,-7.9776
36710,0.1116,1.1158,-7.9776
36712,0.1116,1.1162,-7.9425
36713,0.1116,1.1162,-7.9425
36714,0.1116,1.1162,-7.9425
36715,0.1116,1.1162,-7.9425
36716,0.1116,1.1162,-7.9425
36717,0.1116,1.1162,-7.9425
36718,0.1116,1.1166,-7.9075
36719,0.1116,1.1168,-7.8899
36720,0.1116,1.1175,-7.8198
36721,0.1118,1.1179,-7.7847
36722,0.1118,1.1181,-7.7672
36723,0.1118,1.1185,-7.7321
36724,0.1118,1.1187,-7.7146
36725,0.1118,1.1190,-7.6795
36726,0.1118,1.1194,-7.6444
36727,0.1119,1.1198,-7.6093
36728,0.1119,1.1203,-7.5567
36729,0.1119,1.1207,-7.5216
36731,0.1121,1.1215,-7.4514
36732,0.1121,1.1217,-7.4339
36733,0.1121,1.1222,-7.3812
36734,0.1121,1.1226,-7.3461
36735,0.1121,1.1230,-7.3110
36736,0.1121,1.1233,-7.2759
36737,0.1123,1.1237,-7.2407
36738,0.1123,1.1241,-7.2056
36739,0.1123,1.1247,-7.1529
36740,0.1123,1.1247,-7.1529
36741,0.1125,1.1254,-7.0826
36742,0.1125,1.1258,-7.0475
36743,0.1125,1.1260,-7.0299
36744,0.1125,1.1284,-6.8014
36745,0.1125,1.1288,-6.7662
36746,0.1125,1.1290,-6.7486
36747,0.1125,1.1292,-6.7310
36748,0.1125,1.1292,-6.7310
36749,0.1125,1.1292,-6.7310
36751,0.1125,1.1292,-6.7310
36752,0.1125,1.1292,-6.7310
36753,0.1125,1.1290,-6.7486
36754,0.1125,1.1288,-6.7662
36755,0.1125,1.1288,-6.7662
36756,0.1125,1.1286,-6.7838
36757,0.1125,1.1284,-6.8014
36758,0.1125,1.1284,-6.8014
36759,0.1125,1.1282,-6.8190
36760,0.1125,1.1260,-7.0299
36761,0.1125,1.1258,-7.0475
36762,0.1125,1.1258,-7.0475
36763,0.1125,1.1256,-7.0651
36764,0.1125,1.1256,-7.0651
36765,0.1125,1.1256,-7.0651
36766,0.1125,1.1254,-7.0826
36767,0.1125,1.1254,-7.0826
36768,0.1125,1.1252,-7.1002
36770,0.1123,1.1250,-7.1178
36771,0.1123,1.1250,-7.1178
36772,0.1123,1.1247,-7.1529
36773,0.1123,1.1247,-7.1529
36774,0.1123,1.1245,-7.1705
36775,0.1123,1.1245,-7.1705
36776,0.1123,1.1243,-7.1880
36777,0.1123,1.1243,-7.1880
36778,0.1123,1.1245,-7.1705
36779,0.1123,1.1245,-7.1705
36780,0.1123,1.1245,-7.1705
36781,0.1123,1.1245,-7.1705
36782,0.1123,1.1245,-7.1705
36783,0.1123,1.1243,-7.1880
36784,0.1123,1.1245,-7.1705
36785,0.1123,1.1243,-7.1880
36786,0.1123,1.1243,-7.1880
36787,0.1123,1.1241,-7.2056
36788,0.1123,1.1241,-7.2056
36790,0.1123,1.1241,-7.2056
36791,0.1123,1.1239,-7.2232
36792,0.1123,1.1237,-7.2407
36793,0.1123,1.1233,-7.2759
36794,0.1121,1.1228,-7.3285
36795,0.1121,1.1226,-7.3461
36796,0.1121,1.1224,-7.3636
36797,0.1121,1.1222,-7.3812
36798,0.1121,1.1220,-7.3988
36799,0.1121,1.1220,-7.3988
36800,0.1121,1.1218,-7.4163
36801,0.1121,1.1218,-7.4163
36802,0.1119,1.1239,-7.2232
36803,0.1119,1.1239,-7.2232
36804,0.1119,1.1239,-7.2232
36805,0.1119,1.1241,-7.2056
36806,0.1119,1.1239,-7.2232
36807,0.1121,1.1241,-7.2056
36808,0.1121,1.1241,-7.2056
36809,0.1121,1.1245,-7.1705
36811,0.1121,1.1248,-7.1353
36812,0.1121,1.1252,-7.1002
36813,0.1121,1.1258,-7.0475
36814,0.1123,1.1262,-7.0123
36815,0.1123,1.1267,-6.9596
36816,0.1123,1.1269,-6.9420
36817,0.1123,1.1271,-6.9245
36818,0.1123,1.1275,-6.8893
36819,0.1123,1.1277,-6.8717
36820,0.1123,1.1282,-6.8190
36821,0.1125,1.1284,-6.8014
36822,0.1125,1.1288,-6.7662
36823,0.1125,1.1292,-6.7310
36824,0.1125,1.1292,-6.7310
36825,0.1127,1.1295,-6.6958
36826,0.1125,1.1299,-6.6607
36827,0.1127,1.1301,-6.6431
36828,0.1127,1.1305,-6.6079
36829,0.1127,1.1307,-6.5903
36831,0.1127,1.1307,-6.5903
36832,0.1127,1.1307,-6.5903
36833,0.1127,1.1307,-6.5903
36834,0.1127,1.1308,-6.5727
36835,0.1127,1.1310,-6.5551
36836,0.1127,1.1316,-6.5023
36837,0.1129,1.1320,-6.4671
36838,0.1129,1.1323,-6.4319
36839,0.1129,1.1327,-6.3967
36840,0.1129,1.1331,-6.3615
36841,0.1129,1.1333,-6.3439
36842,0.1129,1.1333,-6.3439
36843,0.1129,1.1331,-6.3615
36844,0.1129,1.1327,-6.3967
36845,0.1129,1.1327,-6.3967
36846,0.1129,1.1327,-6.3967
36847,0.1129,1.1323,-6.4319
36848,0.1129,1.1301,-6.6431
36849,0.1129,1.1299,-6.6607
36851,0.1129,1.1297,-6.6783
36852,0.1129,1.1293,-6.7134
36853,0.1129,1.1290,-6.7486
36854,0.1127,1.1286,-6.7838
36855,0.1127,1.1280,-6.8365
36856,0.1127,1.1280,-6.8365
36857,0.1127,1.1277,-6.8717
36858,0.1127,1.1275,-6.8893
36859,0.1127,1.1275,-6.8893
36860,0.1127,1.1273,-6.9069
36861,0.1127,1.1273,-6.9069
36862,0.1127,1.1275,-6.8893
36863,0.1127,1.1275,-6.8893
36864,0.1127,1.1275,-6.8893
36865,0.1127,1.1273,-6.9069
36866,0.1127,1.1277,-6.8717
36867,0.1127,1.1278,-6.8541
36868,0.1127,1.1280,-6.8365
36869,0.1127,1.1282,-6.8190
36870,0.1127,1.1282,-6.8190
36872,0.1127,1.1284,-6.8014
36873,0.1127,1.1284,-6.8014
36874,0.1127,1.1286,-6.7838
36875,0.1127,1.1286,-6.7838
36876,0.1127,1.1284,-6.8014
36877,0.1127,1.1286,-6.7838
36878,0.1129,1.1286,-6.7838
36879,0.1127,1.1286,-6.7838
36880,0.1127,1.1286,-6.7838
36881,0.1127,1.1288,-6.7662
36882,0.1129,1.1293,-6.7134
36883,0.1129,1.1299,-6.6607
36884,0.1129,1.1303,-6.6255
36885,0.1131,1.1308,-6.5727
36886,0.1131,1.1310,-6.5551
36887,0.1131,1.1318,-6.4847
36888,0.1131,1.1322,-6.4495
36889,0.1131,1.1325,-6.4143
36890,0.1133,1.1329,-6.3791
36892,0.1133,1.1333,-6.3439
36893,0.1133,1.1335,-6.3262
36894,0.1133,1.1338,-6.2910
36895,0.1133,1.1342,-6.2558
36896,0.1134,1.1346,-6.2206
36897,0.1134,1.1346,-6.2206
36898,0.1134,1.1352,-6.1677
36899,0.1134,1.1355,-6.1325
36900,0.1134,1.1359,-6.0972
36901,0.1134,1.1363,-6.0620
36902,0.1136,1.1365,-6.0444
36903,0.1136,1.1367,-6.0267
36904,0.1136,1.1368,-6.0091
36905,0.1136,1.1370,-5.9915
36906,0.1136,1.1372,-5.9739
36907,0.1136,1.1370,-5.9915
36908,0.1136,1.1397,-5.7446
36909,0.1136,1.1397,-5.7446
36910,0.1136,1.1397,-5.7446
36911,0.1136,1.1397,-5.7446
36913,0.1136,1.1395,-5.7623
36914,0.1136,1.1395,-5.7623
36915,0.1136,1.1395,-5.7623
36916,0.1136,1.1395,-5.7623
36917,0.1136,1.1395,-5.7623
36918,0.1136,1.1395,-5.7623
36919,0.1136,1.1397,-5.7446
36920,0.1136,1.1398,-5.7270
36921,0.1136,1.1398,-5.7270
36922,0.1136,1.1398,-5.7270
36923,0.1136,1.1398,-5.7270
36924,0.1136,1.1397,-5.7446
36925,0.1136,1.1374,-5.9562
36926,0.1136,1.1372,-5.9739
36927,0.1136,1.1372,-5.9739
36928,0.1136,1.1372,-5.9739
36929,0.1136,1.1370,-5.9915
36930,0.1136,1.1368,-6.0091
36932,0.1136,1.1368,-6.0091
36933,0.1136,1.1368,-6.0091
36934,0.1136,1.1368,-6.0091
36935,0.1136,1.1367,-6.0267
36936,0.1134,1.1367,-6.0267
36937,0.1136,1.1365,-6.0444
36938,1.1365,0.1136,-88.7628
36939,0.1136,1.1370,-5.9915
36940,0.1136,1.1372,-5.9739
36941,0.1136,1.1372,-5.9739
36942,0.1136,1.1374,-5.9562
36943,0.1136,1.1374,-5.9562
36944,0.1136,1.1374,-5.9562
36945,0.1136,1.1374,-5.9562
36946,0.1136,1.1374,-5.9562
36947,0.1136,1.1372,-5.9739
36948,0.1136,1.1372,-5.9739
36949,0.1136,1.1372,-5.9739
36950,0.1136,1.1372,-5.9739
36952,0.1136,1.1374,-5.9562
36953,0.1136,1.1374,-5.9562
36954,0.1136,1.1374,-5.9562
36955,0.1136,1.1374,-5.9562
36956,0.1136,1.1374,-5.9562
36957,0.1136,1.1372,-5.9739
36958,0.1136,1.1376,-5.9386
36959,0.1136,1.1376,-5.9386
36960,0.1136,1.1376,-5.9386
36961,0.1136,1.1376,-5.9386
36962,0.1136,1.1376,-5.9386
36963,0.1136,1.1376,-5.9386
36964,0.1136,1.1376,-5.9386
36965,0.1136,1.1374,-5.9562
36966,0.1136,1.1374,-5.9562
36967,0.1136,1.1372,-5.9739
36968,0.1136,1.1370,-5.9915
36969,0.1136,1.1368,-6.0091
36970,0.1136,1.1367,-6.0267
36972,0.1134,1.1365,-6.0444
36973,0.1136,1.1365,-6.0444
36974,0.1134,1.1365,-6.0444
36975,0.1136,1.1365,-6.0444
36976,0.1134,1.1365,-6.0444
36977,0.1134,1.1365,-6.0444
36978,0.1134,1.1363,-6.0620
36979,0.1136,1.1367,-6.0267
36980,0.1136,1.1368,-6.0091
36981,0.1136,1.1370,-5.9915
36982,0.1136,1.1370,-5.9915
36983,0.1136,1.1374,-5.9562
36984,0.1136,1.1378,-5.9210
36985,0.1136,1.1400,-5.7094
36986,0.1136,1.1402,-5.6917
36987,0.1136,1.1402,-5.6917
36988,0.1136,1.1402,-5.6917
36989,0.1136,1.1402,-5.6917
36990,0.1136,1.1404,-5.6741
36992,0.1136,1.1402,-5.6917
36993,0.1136,1.1402,-5.6917
36994,0.1136,1.1402,-5.6917
36995,0.1136,1.1402,-5.6917
36996,0.1136,1.1402,-5.6917
36997,0.1136,1.1404,-5.6741
36998,0.1136,1.1404,-5.6741
36999,0.1136,1.1406,-5.6564
37000,0.1136,1.1408,-5.6388
37001,0.1138,1.1385,-5.8505
37002,0.1138,1.1385,-5.8505
37003,0.1136,1.1383,-5.8681
37004,0.1136,1.1383,-5.8681
37005,0.1136,1.1382,-5.8857
37006,0.1136,1.1382,-5.8857
37007,0.1136,1.1380,-5.9034
37008,0.1136,1.1378,-5.9210
37009,0.1136,1.1372,-5.9739
37010,0.1136,1.1376,-5.9386
37011,0.1136,1.1376,-5.9386
37013,0.1136,1.1376,-5.9386
37014,0.1136,1.1378,-5.9210
37015,0.1136,1.1380,-5.9034
37016,0.1136,1.1382,-5.8857
37017,0.1136,1.1383,-5.8681
37018,0.1136,1.1383,-5.8681
37019,0.1136,1.1383,-5.8681
37020,0.1136,1.1382,-5.8857
37021,0.1138,1.1387,-5.8328
37022,0.1138,1.1387,-5.8328
37023,0.1136,1.1387,-5.8328
37024,0.1138,1.1387,-5.8328
37025,0.1138,1.1389,-5.8152
37026,0.1138,1.1389,-5.8152
37027,0.1138,1.1391,-5.7975
37028,0.1138,1.1391,-5.7975
37029,0.1138,1.1391,-5.7975
37030,0.1138,1.1395,-5.7623
37031,0.1138,1.1395,-5.7623
37033,0.1138,1.1395,-5.7623
37034,0.1138,1.1395,-5.7623
37035,0.1138,1.1393,-5.7799
37036,0.1138,1.1391,-5.7975
37037,0.1138,1.1389,-5.8152
37038,0.1136,1.1385,-5.8505
37039,0.1136,1.1383,-5.8681
37040,0.1136,1.1382,-5.8857
37041,0.1138,1.1385,-5.8505
37042,0.1136,1.1385,-5.8505
37043,0.1138,1.1385,-5.8505
37044,0.1138,1.1387,-5.8328
37045,0.1138,1.1389,-5.8152
37046,0.1138,1.1391,-5.7975
37047,0.1138,1.1391,-5.7975
37048,0.1138,1.1393,-5.7799
37049,0.1138,1.1397,-5.7446
37050,0.1138,1.1400,-5.7094
37051,0.1140,1.1406,-5.6564
37053,0.1140,1.1412,-5.6035
37054,0.1140,1.1417,-5.5505
37055,0.1140,1.1423,-5.4976
37056,0.1142,1.1428,-5.4446
37057,0.1142,1.1432,-5.4093
37058,0.1142,1.1436,-5.3740
37059,0.1142,1.1440,-5.3387
37060,0.1144,1.1443,-5.3034
37061,0.1144,1.1473,-5.0207
37062,0.1144,1.1479,-4.9676
37063,0.1144,1.1485,-4.9146
37064,0.1144,1.1488,-4.8792
37065,0.1146,1.1490,-4.8615
37066,0.1144,1.1490,-4.8615
37067,0.1146,1.1490,-4.8615
37068,0.1146,1.1490,-4.8615
37069,0.1146,1.1488,-4.8792
37070,0.1146,1.1488,-4.8792
37071,0.1146,1.1488,-4.8792
37073,0.1144,1.1488,-4.8792
37074,0.1146,1.1488,-4.8792
37075,0.1144,1.1487,-4.8969
37076,0.1144,1.1487,-4.8969
37077,0.1146,1.1464,-5.1090
37078,0.1144,1.1462,-5.1267
37079,0.1146,1.1460,-5.1444
37080,0.1146,1.1457,-5.1797
37081,0.1146,1.1458,-5.1620
37082,0.1144,1.1458,-5.1620
37083,0.1144,1.1458,-5.1620
37084,0.1146,1.1458,-5.1620
37085,0.1146,1.1458,-5.1620
37086,0.1146,1.1458,-5.1620
37087,0.1146,1.1458,-5.1620
37088,0.1144,1.1460,-5.1444
37089,0.1146,1.1462,-5.1267
37090,0.1146,1.1466,-5.0914
37091,0.1146,1.1472,-5.0383
37093,0.1146,1.1477,-4.9853
37094,0.1148,1.1481,-4.9499
37095,0.1148,1.1487,-4.8969
37096,0.1148,1.1492,-4.8438
37097,0.1148,1.1498,-4.7908
37098,0.1149,1.1500,-4.7731
37099,0.1149,1.1502,-4.7554
37100,0.1149,1.1502,-4.7554
37101,0.1148,1.1503,-4.7377
37102,0.1149,1.1503,-4.7377
37103,0.1149,1.1503,-4.7377
37104,0.1149,1.1503,-4.7377
37105,0.1149,1.1503,-4.7377
37106,0.1149,1.1503,-4.7377
37107,0.1149,1.1503,-4.7377
37108,0.1149,1.1503,-4.7377
37109,0.1149,1.1503,-4.7377
37110,0.1149,1.1503,-4.7377
37111,0.1149,1.1507,-4.7023
37113,0.1149,1.1507,-4.7023
37114,0.1149,1.1509,-4.6846
37115,0.1149,1.1509,-4.6846
37116,0.1149,1.1507,-4.7023
37117,0.1149,1.1507,-4.7023
37118,0.1149,1.1507,-4.7023
37119,0.1149,1.1507,-4.7023
37120,0.1149,1.1509,-4.6846
37121,0.1149,1.1507,-4.7023
37122,0.1149,1.1509,-4.6846
37123,0.1149,1.1509,-4.6846
37124,0.1149,1.1511,-4.6669
37125,0.1149,1.1513,-4.6493
37126,0.1149,1.1515,-4.6316
37127,0.1149,1.1518,-4.5962
37128,0.1151,1.1520,-4.5785
37129,0.1151,1.1526,-4.5254
37130,0.1151,1.1533,-4.4545
37132,0.1151,1.1537,-4.4191
37133,0.1151,1.1560,-4.2066
37134,0.1153,1.1563,-4.1711
37135,0.1153,1.1567,-4.1357
37136,0.1153,1.1571,-4.1003
37137,0.1153,1.1577,-4.0471
37138,0.1153,1.1578,-4.0294
37139,0.1153,1.1578,-4.0294
37140,0.1153,1.1575,-4.0648
37141,0.1153,1.1577,-4.0471
37142,0.1153,1.1578,-4.0294
37143,0.1153,1.1577,-4.0471
37144,0.1153,1.1577,-4.0471
37145,0.1153,1.1578,-4.0294
37146,0.1153,1.1578,-4.0294
37147,0.1153,1.1578,-4.0294
37148,0.1155,1.1580,-4.0116
37149,0.1153,1.1580,-4.0116
37150,0.1153,1.1578,-4.0294
37152,0.1153,1.1578,-4.0294
37153,0.1153,1.1578,-4.0294
37154,0.1153,1.1577,-4.0471
37155,0.1153,1.1578,-4.0294
37156,0.1153,1.1578,-4.0294
37157,0.1153,1.1578,-4.0294
37158,0.1153,1.1577,-4.0471
37159,0.1153,1.1577,-4.0471
37160,0.1153,1.1573,-4.0825
37161,0.1153,1.1573,-4.0825
37162,0.1153,1.1573,-4.0825
37163,0.1153,1.1573,-4.0825
37164,0.1153,1.1573,-4.0825
37165,0.1153,1.1573,-4.0825
37166,0.1153,1.1575,-4.0648
37167,0.1153,1.1577,-4.0471
37168,0.1153,1.1578,-4.0294
37169,0.1155,1.1580,-4.0116
37170,0.1155,1.1588,-3.9407
37172,0.1155,1.1592,-3.9053
37173,0.1155,1.1595,-3.8698
37174,0.1155,1.1597,-3.8520
37175,0.1155,1.1601,-3.8166
37176,0.1157,1.1605,-3.7811
37177,0.1157,1.1608,-3.7456
37178,0.1157,1.1616,-3.6746
37179,0.1159,1.1593,-3.8875
37180,0.1157,0.1157,-88.6230
37181,0.1159,1.1593,-3.8875
37182,0.1159,1.1595,-3.8698
37183,0.1159,1.1593,-3.8875
37184,0.1159,1.1593,-3.8875
37185,0.1159,1.1595,-3.8698
37186,0.1159,1.1593,-3.8875
37187,0.1159,1.1595,-3.8698
37188,0.1159,1.1595,-3.8698
37189,0.1159,1.1595,-3.8698
37190,0.1159,1.1595,-3.8698
37192,0.1159,1.1597,-3.8520
37193,0.1159,1.1597,-3.8520
37194,0.1159,1.1597,-3.8520
37195,0.1159,1.1595,-3.8698
37196,0.1159,1.1597,-3.8520
37197,0.1159,1.1595,-3.8698
37198,0.1159,1.1595,-3.8698
37199,0.1159,1.1595,-3.8698
37200,0.1159,1.1595,-3.8698
37201,0.1159,1.1593,-3.8875
37202,0.1159,1.1593,-3.8875
37203,0.1157,1.1592,-3.9053
37204,0.1159,1.1592,-3.9053
37205,0.1157,1.1592,-3.9053
37206,0.1157,1.1590,-3.9230
37207,0.1159,1.1590,-3.9230
37208,0.1157,1.1592,-3.9053
37209,0.1159,1.1593,-3.8875
37210,0.1157,1.1595,-3.8698
37212,0.1159,1.1599,-3.8343
37213,0.1159,1.1603,-3.7988
37214,0.1159,1.1608,-3.7456
37215,0.1161,1.1612,-3.7101
37216,0.1161,1.1618,-3.6569
37217,0.1161,1.1620,-3.6392
37218,0.1161,1.1625,-3.5859
37219,0.1163,1.1629,-3.5504
37220,0.1163,0.1163,-88.5849
37221,0.1163,1.1637,-3.4794
37222,0.1163,1.1640,-3.4439
37223,0.1163,1.1644,-3.4084
37224,0.1163,1.1646,-3.3906
37225,0.1163,1.1646,-3.3906
37226,0.1163,1.1646,-3.3906
37227,0.1163,1.1644,-3.4084
37228,0.1163,1.1644,-3.4084
37229,0.1163,1.1644,-3.4084
37230,0.1163,1.1642,-3.4261
37232,0.1163,1.1642,-3.4261
37233,0.1163,1.1642,-3.4261
37234,0.1163,1.1640,-3.4439
37235,0.1163,1.1640,-3.4439
37236,0.1163,1.1642,-3.4261
37237,0.1163,1.1640,-3.4439
37238,0.1163,1.1640,-3.4439
37239,0.1163,1.1659,-3.2663
37240,0.1163,1.1655,-3.3018
37241,0.1161,1.1653,-3.3196
37242,0.1161,1.1652,-3.3373
37243,0.1161,1.1650,-3.3551
37244,0.1161,1.1648,-3.3728
37245,0.1161,1.1648,-3.3728
37246,0.1161,1.1646,-3.3906
37247,0.1161,1.1646,-3.3906
37248,0.1161,1.1646,-3.3906
37249,0.1161,1.1648,-3.3728
37250,0.1161,1.1646,-3.3906
37252,0.1161,1.1648,-3.3728
37253,0.1161,1.1646,-3.3906
37254,0.1161,1.1646,-3.3906
37255,0.1161,1.1622,-3.6214
37256,0.1161,1.1622,-3.6214
37257,0.1161,1.1622,-3.6214
37258,0.1161,1.1622,-3.6214
37259,0.1161,1.1622,-3.6214
37260,0.1161,1.1620,-3.6392
37261,0.1161,1.1620,-3.6392
37262,0.1161,1.1620,-3.6392
37263,0.1161,1.1620,-3.6392
37264,0.1161,1.1622,-3.6214
37265,0.1161,1.1622,-3.6214
37266,0.1161,1.1622,-3.6214
37267,0.1161,1.1644,-3.4084
37268,0.1161,1.1644,-3.4084
37269,0.1161,1.1642,-3.4261
37270,0.1161,1.1644,-3.4084
37272,0.1161,1.1644,-3.4084
37273,0.1161,1.1642,-3.4261
37274,0.1161,1.1644,-3.4084
37275,0.1161,1.1640,-3.4439
37276,0.1161,1.1638,-3.4616
37277,0.1159,1.1638,-3.4616
37278,0.1161,1.1637,-3.4794
37279,0.1161,1.1635,-3.4971
37280,0.1159,1.1635,-3.4971
37281,0.1159,1.1612,-3.7101
37282,0.1161,1.1610,-3.7279
37283,0.1161,1.1610,-3.7279
37284,0.1161,1.1610,-3.7279
37285,0.1159,1.1610,-3.7279
37286,0.1161,1.1608,-3.7456
37287,0.1159,1.1608,-3.7456
37288,0.1159,1.1608,-3.7456
37289,0.1159,1.1608,-3.7456
37291,0.1159,1.1610,-3.7279
37292,0.1159,1.1608,-3.7456
37293,0.1159,1.1608,-3.7456
37294,0.1159,1.1608,-3.7456
37295,0.1159,1.1608,-3.7456
37296,0.1159,1.1608,-3.7456
37297,0.1161,1.1610,-3.7279
37298,0.1159,1.1610,-3.7279
37299,0.1161,0.1161,-88.5976
37300,0.1161,1.1614,-3.6924
37301,0.1161,1.1612,-3.7101
37302,0.1161,1.1614,-3.6924
37303,0.1161,1.1612,-3.7101
37304,0.1161,1.1614,-3.6924
37305,0.1161,1.1614,-3.6924
37306,0.1161,1.1614,-3.6924
37307,0.1161,1.1616,-3.6746
37308,0.1161,1.1616,-3.6746
37309,0.1161,1.1616,-3.6746
37311,0.1161,1.1616,-3.6746
37312,0.1161,1.1614,-3.6924
37313,0.1161,1.1614,-3.6924
37314,0.1161,1.1614,-3.6924
37315,0.1159,1.1635,-3.4971
37316,0.1159,1.1637,-3.4794
37317,0.1159,1.1637,-3.4794
37318,0.1161,1.1638,-3.4616
37319,0.1161,1.1638,-3.4616
37320,0.1161,1.1640,-3.4439
37321,0.1161,1.1640,-3.4439
37322,0.1159,1.1640,-3.4439
37323,0.1161,1.1640,-3.4439
37324,0.1161,1.1640,-3.4439
37325,0.1161,1.1642,-3.4261
37326,0.1161,1.1642,-3.4261
37327,0.1161,1.1642,-3.4261
37328,0.1161,1.1640,-3.4439
37330,0.1161,1.1644,-3.4084
37331,0.1161,1.1644,-3.4084
37332,0.1161,1.1622,-3.6214
37333,0.1161,1.1623,-3.6037
37334,0.1161,1.1623,-3.6037
37335,0.1161,1.1625,-3.5859
37336,0.1161,1.1625,-3.5859
37337,0.1161,1.1627,-3.5682
37338,0.1163,1.1629,-3.5504
37339,0.1163,1.1629,-3.5504
37340,0.1163,1.1631,-3.5327
37341,0.1163,1.1633,-3.5149
37342,0.1163,1.1633,-3.5149
37343,0.1163,1.1635,-3.4971
37344,0.1163,1.1635,-3.4971
37345,0.1163,1.1635,-3.4971
37346,0.1163,1.1633,-3.5149
37347,0.1163,1.1633,-3.5149
37348,0.1163,1.1633,-3.5149
37350,0.1163,1.1635,-3.4971
37351,0.1163,1.1635,-3.4971
37352,0.1163,1.1637,-3.4794
37353,0.1163,1.1637,-3.4794
37354,0.1163,1.1638,-3.4616
37355,0.1163,1.1638,-3.4616
37356,0.1163,1.1638,-3.4616
37357,0.1163,1.1640,-3.4439
37358,0.1163,1.1640,-3.4439
37359,0.1163,1.1642,-3.4261
37360,0.1163,1.1644,-3.4084
37361,0.1163,1.1644,-3.4084
37362,0.1163,1.1644,-3.4084
37363,0.1164,1.1644,-3.4084
37364,0.1163,1.1644,-3.4084
37365,0.1163,1.1644,-3.4084
37366,0.1163,1.1644,-3.4084
37367,0.1163,1.1642,-3.4261
37369,0.1163,1.1644,-3.4084
37370,0.1164,1.1644,-3.4084
37371,0.1163,1.1646,-3.3906
37372,0.1163,1.1646,-3.3906
37373,0.1163,1.1646,-3.3906
37374,0.1163,1.1646,-3.3906
37375,0.1164,1.1648,-3.3728
37376,0.1164,1.1648,-3.3728
37377,0.1164,1.1650,-3.3551
37378,0.1163,1.1646,-3.3906
37379,0.1164,1.1650,-3.3551
37380,0.1164,1.1650,-3.3551
37381,0.1164,1.1648,-3.3728
37382,0.1163,1.1650,-3.3551
37383,0.1164,1.1650,-3.3551
37384,0.1164,1.1650,-3.3551
37385,0.1163,1.1650,-3.3551
37386,0.1164,1.1650,-3.3551
37387,0.1164,1.1646,-3.3906
37388,0.1164,1.1646,-3.3906
37390,0.1164,1.1646,-3.3906
37391,0.1164,1.1646,-3.3906
37392,0.1163,1.1665,-3.2130
37393,0.1163,1.1663,-3.2307
37394,0.1163,1.1663,-3.2307
37395,0.1163,1.1665,-3.2130
37396,0.1163,1.1665,-3.2130
37397,0.1163,1.1667,-3.1952
37398,0.1163,1.1670,-3.1597
37399,0.1163,1.1672,-3.1419
37400,0.1164,1.1678,-3.0886
37401,0.1164,1.1683,-3.0352
37402,0.1164,1.1691,-2.9641
37403,0.1164,1.1695,-2.9286
37404,0.1166,1.1698,-2.8930
37405,0.1166,1.1704,-2.8396
37406,0.1166,1.1708,-2.8041
37407,0.1168,1.1691,-2.9641
37408,0.1168,1.1695,-2.9286
37410,0.1168,1.1698,-2.8930
37411,0.1168,1.1702,-2.8574
37412,0.1168,1.1704,-2.8396
37413,0.1168,1.1704,-2.8396
37414,0.1170,1.1708,-2.8041
37415,0.1170,1.1712,-2.7685
37416,0.1170,1.1715,-2.7329
37417,0.1170,1.1717,-2.7151
37418,0.1170,1.1721,-2.6795
37419,0.1172,1.1721,-2.6795
37420,0.1172,1.1727,-2.6261
37421,0.1172,1.1730,-2.5905
37422,0.1172,1.1734,-2.5549
37423,0.1172,1.1738,-2.5193
37424,0.1172,1.1740,-2.5015
37425,0.1172,1.1742,-2.4837
37426,0.1174,1.1745,-2.4481
37427,0.1174,1.1749,-2.4125
37428,0.1174,1.1751,-2.3947
37430,0.1174,1.1753,-2.3769
37431,0.1174,1.1757,-2.3412
37432,0.1174,1.1758,-2.3234
37433,0.1176,1.1758,-2.3234
37434,0.1174,1.1760,-2.3056
37435,0.1174,1.1758,-2.3234
37436,0.1176,1.1758,-2.3234
37437,0.1174,1.1757,-2.3412
37438,0.1174,1.1758,-2.3234
37439,0.1174,1.1757,-2.3412
37440,0.1174,1.1755,-2.3590
37441,0.1174,1.1753,-2.3769
37442,0.1174,1.1753,-2.3769
37443,0.1174,1.1751,-2.3947
37444,0.1174,1.1749,-2.4125
37445,0.1174,1.1751,-2.3947
37446,0.1174,1.1751,-2.3947
37447,0.1174,1.1753,-2.3769
37448,0.1174,1.1753,-2.3769
37449,0.1174,1.1753,-2.3769
37451,0.1174,1.1753,-2.3769
37452,0.1174,1.1753,-2.3769
37453,0.1174,1.1753,-2.3769
37454,0.1174,1.1753,-2.3769
37455,0.1174,1.1751,-2.3947
37456,0.1174,1.1751,-2.3947
37457,0.1174,1.1749,-2.4125
37458,0.1174,1.1749,-2.4125
37459,0.1174,1.1747,-2.4303
37460,0.1174,1.1743,-2.4659
37461,0.1174,1.1745,-2.4481
37462,0.1174,1.1745,-2.4481
37463,0.1172,1.1766,-2.2522
37464,0.1172,1.1766,-2.2522
37465,0.1174,1.1766,-2.2522
37466,0.1172,1.1766,-2.2522
37467,0.1172,1.1764,-2.2700
37468,0.1172,1.1762,-2.2878
37470,0.1172,1.1760,-2.3056
37471,0.1172,1.1762,-2.2878
37472,0.1172,1.1762,-2.2878
37473,0.1172,1.1764,-2.2700
37474,0.1172,1.1766,-2.2522
37475,0.1172,1.1764,-2.2700
37476,0.1174,1.1768,-2.2343
37477,0.1172,1.1772,-2.1987
37478,0.1174,1.1775,-2.1631
37479,0.1174,1.1779,-2.1274
37480,0.1174,1.1785,-2.0739
37481,0.1176,1.1788,-2.0383
37482,0.1176,1.1794,-1.9848
37483,0.1176,1.1800,-1.9313
37484,0.1176,1.1803,-1.8956
37485,0.1178,1.1809,-1.8421
37486,0.1178,1.1813,-1.8064
37487,0.1178,1.1813,-1.8064
37488,0.1178,1.1815,-1.7886
37489,0.1178,1.1815,-1.7886
37491,0.1178,1.1817,-1.7708
37492,0.1178,1.1818,-1.7529
37493,0.1178,1.1820,-1.7351
37494,0.1178,1.1824,-1.6994
37495,0.1179,1.1826,-1.6815
37496,0.1179,1.1828,-1.6637
37497,0.1179,1.1830,-1.6459
37498,0.1179,1.1833,-1.6102
37499,0.1179,1.1833,-1.6102
37500,0.1179,1.1835,-1.5923
37501,0.1179,1.1839,-1.5566
37502,0.1179,1.1841,-1.5387
37503,0.1179,1.1845,-1.5030
37504,0.1181,1.1848,-1.4673
37505,0.1181,1.1850,-1.4495
37506,0.1181,1.1854,-1.4138
37507,0.1181,1.1860,-1.3602
37508,0.1181,1.1862,-1.3423
37509,0.1183,1.1841,-1.5387
37510,0.1183,1.1841,-1.5387
37512,0.1183,1.1843,-1.5209
37513,0.1183,1.1841,-1.5387
37514,0.1183,1.1839,-1.5566
37515,0.1181,1.1837,-1.5745
37516,0.1183,1.1835,-1.5923
37517,0.1183,1.1833,-1.6102
37518,0.1181,1.1833,-1.6102
37519,0.1181,1.1830,-1.6459
37520,0.1181,1.1826,-1.6815
37521,0.1181,1.1828,-1.6637
37522,0.1181,1.1826,-1.6815
37523,0.1181,1.1826,-1.6815
37524,0.1181,1.1824,-1.6994
37525,0.1181,1.1824,-1.6994
37526,0.1181,1.1824,-1.6994
37527,0.1181,1.1824,-1.6994
37528,0.1181,1.1826,-1.6815
37529,0.1181,1.1826,-1.6815
37531,0.1181,1.1826,-1.6815
37532,0.1181,1.1826,-1.6815
37533,0.1181,1.1826,-1.6815
37534,0.1181,1.1824,-1.6994
37535,0.1181,1.1824,-1.6994
37536,0.1181,1.1824,-1.6994
37537,0.1181,1.1822,-1.7172
37538,0.1181,1.1822,-1.7172
37539,0.1181,1.1820,-1.7351
37540,0.1181,1.1818,-1.7529
37541,0.1181,1.1818,-1.7529
37542,0.1181,1.1818,-1.7529
37543,0.1181,1.1820,-1.7351
37544,0.1181,1.1820,-1.7351
37545,0.1181,1.1820,-1.7351
37546,0.1181,1.1820,-1.7351
37547,0.1181,1.1822,-1.7172
37548,0.1181,1.1820,-1.7351
37549,0.1181,1.1822,-1.7172
37551,0.1181,1.1824,-1.6994
37552,0.1181,1.1826,-1.6815
37553,0.1181,1.1830,-1.6459
37554,0.1181,1.1832,-1.6280
37555,0.1181,1.1835,-1.5923
37556,0.1181,1.1839,-1.5566
37557,0.1183,1.1843,-1.5209
37558,0.1183,1.1847,-1.4852
37559,0.1183,1.1850,-1.4495
37560,0.1183,1.1856,-1.3959
37561,0.1185,1.1860,-1.3602
37562,0.1185,1.1863,-1.3244
37563,1.1863,0.1185,-88.4322
37564,0.1187,1.1877,-1.1994
37565,0.1187,1.1880,-1.1636
37566,0.1187,1.1886,-1.1100
37567,0.1187,1.1890,-1.0743
37568,0.1189,1.1893,-1.0385
37569,0.1187,1.1916,-0.8239
37571,0.1187,1.1918,-0.8060
37572,0.1189,1.1918,-0.8060
37573,0.1187,1.1920,-0.7881
37574,0.1189,1.1923,-0.7523
37575,0.1189,1.1927,-0.7165
37576,0.1189,1.1931,-0.6808
37577,0.1189,1.1935,-0.6450
37578,0.1189,1.1938,-0.6092
37579,0.1191,1.1942,-0.5734
37580,0.1191,1.1946,-0.5376
37581,0.1191,1.1952,-0.4838
37582,0.1191,1.1955,-0.4480
37583,0.1193,1.1955,-0.4480
37584,0.1193,1.1959,-0.4122
37585,0.1193,1.1937,-0.6271
37586,0.1193,1.1937,-0.6271
37587,0.1193,1.1935,-0.6450
37588,0.1193,1.1935,-0.6450
37589,0.1193,1.1933,-0.6629
37590,0.1193,1.1935,-0.6450
37592,0.1193,1.1933,-0.6629
37593,0.1193,1.1933,-0.6629
37594,0.1191,1.1927,-0.7165
37595,0.1193,1.1929,-0.6987
37596,0.1191,1.1927,-0.7165
37597,0.1191,1.1927,-0.7165
37598,0.1191,1.1925,-0.7344
37599,0.1191,1.1925,-0.7344
37600,0.1191,1.1925,-0.7344
37601,0.1191,1.1923,-0.7523
37602,0.1191,1.1923,-0.7523
37603,0.1191,1.1922,-0.7702
37604,0.1191,1.1922,-0.7702
37605,0.1191,1.1923,-0.7523
37606,0.1191,1.1923,-0.7523
37607,0.1191,1.1922,-0.7702
37608,0.1191,1.1922,-0.7702
37609,0.1191,1.1920,-0.7881
37610,0.1191,1.1920,-0.7881
37612,0.1191,1.1918,-0.8060
37613,0.1191,1.1916,-0.8239
37614,0.1189,1.1914,-0.8418
37615,0.1191,1.1912,-0.8597
37616,0.1189,1.1910,-0.8776
37617,0.1189,1.1910,-0.8776
37618,0.1189,1.1910,-0.8776
37619,0.1189,1.1908,-0.8954
37620,0.1189,1.1908,-0.8954
37621,0.1189,1.1907,-0.9133
37622,0.1189,1.1907,-0.9133
37623,0.1189,1.1907,-0.9133
37624,0.1189,1.1907,-0.9133
37625,0.1189,1.1910,-0.8776
37626,0.1189,1.1912,-0.8597
37627,0.1191,1.1916,-0.8239
37628,0.1191,1.1920,-0.7881
37629,0.1191,1.1923,-0.7523
37630,0.1191,1.1927,-0.7165
37632,0.1191,1.1931,-0.6808
37633,0.1193,1.1933,-0.6629
37634,0.1193,1.1933,-0.6629
37635,0.1193,1.1938,-0.6092
37636,0.1193,1.1942,-0.5734
37637,0.1193,1.1946,-0.5376
37638,0.1194,1.1948,-0.5196
37639,0.1194,1.1953,-0.4659
37640,0.1194,1.1957,-0.4301
37641,0.1194,1.1961,-0.3943
37642,0.1194,1.1967,-0.3406
37643,0.1196,1.1970,-0.3047
37644,0.1196,1.1970,-0.3047
37645,0.1194,1.1993,-0.0897
37646,0.1194,1.1993,-0.0897
37647,0.1194,1.1993,-0.0897
37648,0.1194,1.1993,-0.0897
37649,0.1194,1.1991,-0.1076
37650,0.1194,1.1989,-0.1255
37652,0.1194,1.1987,-0.1435
37653,0.1194,1.1985,-0.1614
37654,0.1194,1.1982,-0.1972
37655,0.1194,1.1983,-0.1793
37656,0.1194,1.1983,-0.1793
37657,0.1194,1.1980,-0.2151
37658,0.1194,1.1978,-0.2331
37659,0.1194,1.1976,-0.2510
37660,0.1193,1.1972,-0.2868
37661,0.1194,1.1952,-0.4838
37662,0.1193,1.1950,-0.5017
37663,0.1193,1.1948,-0.5196
37664,0.1193,1.1944,-0.5555
37665,0.1193,1.1946,-0.5376
37666,0.1193,1.1946,-0.5376
37667,0.1193,1.1946,-0.5376
37668,0.1193,1.1944,-0.5555
37669,0.1193,1.1944,-0.5555
37670,0.1193,1.1944,-0.5555
37672,0.1193,1.1942,-0.5734
37673,0.1193,1.1942,-0.5734
37674,0.1193,1.1940,-0.5913
37675,0.1193,1.1940,-0.5913
37676,0.1193,1.1942,-0.5734
37677,0.1193,1.1942,-0.5734
37678,0.1193,1.1940,-0.5913
37679,0.1193,1.1940,-0.5913
37680,0.1193,1.1938,-0.6092
37681,0.1193,1.1938,-0.6092
37682,0.1193,1.1938,-0.6092
37683,0.1193,1.1938,-0.6092
37684,0.1193,1.1940,-0.5913
37685,0.1193,1.1942,-0.5734
37686,0.1193,1.1946,-0.5376
37687,0.1194,1.1950,-0.5017
37688,0.1194,1.1953,-0.4659
37689,0.1194,1.1959,-0.4122
37690,0.1194,1.1963,-0.3764
37692,0.1194,1.1967,-0.3406
37693,0.1194,1.1968,-0.3226
37694,0.1196,1.1970,-0.3047
37695,1.1970,0.1196,-88.3559
37696,0.1196,1.1983,-0.1793
37697,0.1196,1.1989,-0.1255
37698,0.1198,1.1993,-0.0897
37699,0.1198,1.1998,-0.0359
37700,0.1198,1.2002,-0.0000
37701,0.1200,1.2008,0.0538
37702,0.1200,1.2010,0.0717
37703,0.1200,1.2010,0.0717
37704,0.1198,1.2010,0.0717
37705,0.1200,1.2008,0.0538
37706,0.1200,1.2008,0.0538
37707,0.1198,1.2008,0.0538
37708,0.1200,1.2008,0.0538
37709,0.1200,1.2008,0.0538
37710,0.1200,1.2008,0.0538
37712,0.1198,1.2006,0.0358
37713,0.1200,1.2006,0.0358
37714,0.1200,1.2004,0.0179
37715,0.1198,1.2002,-0.0000
37716,0.1198,1.2004,0.0179
37717,0.1198,1.2004,0.0179
37718,0.1198,1.2002,-0.0000
37719,0.1198,1.2002,-0.0000
37720,0.1198,1.2002,-0.0000
37721,0.1198,1.2002,-0.0000
37722,0.1198,1.2023,0.1973
37723,0.1198,1.2021,0.1793
37724,0.1198,1.2021,0.1793
37725,0.1196,1.2017,0.1434
37726,0.1198,1.2017,0.1434
37727,0.1196,1.2015,0.1255
37728,0.1196,1.2015,0.1255
37729,0.1198,1.2013,0.1076
37730,0.1198,1.2015,0.1255
37731,0.1196,1.2015,0.1255
37733,0.1196,1.2015,0.1255
37734,0.1196,1.2013,0.1076
37735,0.1196,1.2013,0.1076
37736,0.1196,1.2013,0.1076
37737,0.1196,1.2013,0.1076
37738,0.1198,1.1993,-0.0897
37739,0.1198,1.1995,-0.0718
37740,0.1198,1.1997,-0.0538
37741,0.1198,1.2000,-0.0180
37742,0.1198,1.2002,-0.0000
37743,0.1200,1.2006,0.0358
37744,0.1200,1.2010,0.0717
37745,0.1200,1.2013,0.1076
37746,0.1200,1.2017,0.1434
37747,0.1200,1.2019,0.1614
37748,0.1200,1.2021,0.1793
37749,0.1202,1.2025,0.2152
37750,0.1202,1.2032,0.2870
37751,0.1202,1.2036,0.3229
37753,0.1204,1.2040,0.3588
37754,0.1204,1.2045,0.4126
37755,0.1204,1.2047,0.4306
37756,0.1204,1.2049,0.4485
37757,0.1204,1.2049,0.4485
37758,0.1204,1.2049,0.4485
37759,0.1204,1.2049,0.4485
37760,0.1204,1.2047,0.4306
37761,0.1202,1.2045,0.4126
37762,0.1204,1.2043,0.3947
37763,0.1202,1.2043,0.3947
37764,0.1202,1.2042,0.3767
37765,0.1202,1.2040,0.3588
37766,0.1202,1.2042,0.3767
37767,0.1202,1.2042,0.3767
37768,0.1202,1.2040,0.3588
37769,0.1202,1.2040,0.3588
37770,0.1202,1.2040,0.3588
37771,0.1202,1.2038,0.3408
37773,0.1202,1.2036,0.3229
37774,0.1202,1.2036,0.3229
37775,0.1202,1.2036,0.3229
37776,0.1202,1.2032,0.2870
37777,0.1202,1.2034,0.3049
37778,0.1202,1.2034,0.3049
37779,0.1202,1.2032,0.2870
37780,0.1202,1.2034,0.3049
37781,0.1202,1.2034,0.3049
37782,0.1202,1.2032,0.2870
37783,0.1202,1.2034,0.3049
37784,0.1202,1.2034,0.3049
37785,0.1202,1.2030,0.2690
37786,0.1202,1.2034,0.3049
37787,0.1202,1.2032,0.2870
37788,0.1202,1.2030,0.2690
37789,0.1202,1.2030,0.2690
37790,0.1202,1.2028,0.2511
37791,0.1202,1.2027,0.2331
37793,0.1202,1.2032,0.2870
37794,0.1200,1.2047,0.4306
37795,0.1200,1.2047,0.4306
37796,0.1200,1.2049,0.4485
37797,0.1200,1.2049,0.4485
37798,0.1200,1.2049,0.4485
37799,0.1200,1.2049,0.4485
37800,0.1200,1.2049,0.4485
37801,0.1200,1.2047,0.4306
37802,0.1200,1.2047,0.4306
37803,0.1200,1.2045,0.4126
37804,0.1200,1.2045,0.4126
37805,0.1200,1.2042,0.3767
37806,0.1200,1.2045,0.4126
37807,0.1200,1.2045,0.4126
37808,0.1200,1.2045,0.4126
37809,0.1200,1.2045,0.4126
37810,0.1200,1.2047,0.4306
37811,0.1200,1.2045,0.4126
37813,0.1200,1.2045,0.4126
37814,0.1200,1.2047,0.4306
37815,0.1200,1.2045,0.4126
37816,0.1200,1.2045,0.4126
37817,0.1200,1.2045,0.4126
37818,0.1200,1.2045,0.4126
37819,0.1200,1.2045,0.4126
37820,0.1200,1.2045,0.4126
37821,0.1200,1.2045,0.4126
37822,0.1200,1.2045,0.4126
37823,0.1200,1.2047,0.4306
37824,0.1200,1.2051,0.4665
37825,0.1202,1.2055,0.5024
37826,0.1202,1.2058,0.5383
37827,0.1202,1.2060,0.5563
37828,0.1202,1.2062,0.5742
37829,0.1202,1.2068,0.6281
37830,0.1202,1.2070,0.6461
37831,0.1204,1.2075,0.7000
37833,0.1204,1.2075,0.7000
37834,0.1204,1.2081,0.7539
37835,0.1204,1.2083,0.7718
37836,0.1204,1.2087,0.8078
37837,0.1204,1.2088,0.8257
37838,0.1206,1.2094,0.8797
37839,0.1206,1.2075,0.7000
37840,0.1206,1.2077,0.7179
37841,0.1208,1.2079,0.7359
37842,0.1206,1.2081,0.7539
37843,0.1208,1.2083,0.7718
37844,0.1208,1.2087,0.8078
37845,0.1208,1.2088,0.8257
37846,0.1208,1.2094,0.8797
37847,0.1208,1.2096,0.8976
37848,0.1208,1.2102,0.9516
37849,0.1209,1.2105,0.9875
37850,0.1209,1.2111,1.0415
37851,0.1209,1.2117,1.0954
37853,0.1211,1.2120,1.1314
37854,0.1211,1.2124,1.1674
37855,0.1211,1.2128,1.2034
37856,0.1211,1.2126,1.1854
37857,0.1211,1.2128,1.2034
37858,0.1211,1.2128,1.2034
37859,0.1211,1.2128,1.2034
37860,0.1211,1.2126,1.1854
37861,0.1211,1.2124,1.1674
37862,0.1211,1.2124,1.1674
37863,0.1211,1.2122,1.1494
37864,0.1211,1.2118,1.1134
37865,0.1211,1.2118,1.1134
37866,0.1209,1.2117,1.0954
37867,0.1209,1.2117,1.0954
37868,0.1209,1.2115,1.0774
37869,0.1209,1.2113,1.0595
37870,0.1209,1.2111,1.0415
37871,0.1209,1.2111,1.0415
37873,0.1209,1.2109,1.0235
37874,0.1209,1.2109,1.0235
37875,0.1209,1.2109,1.0235
37876,0.1209,1.2107,1.0055
37877,0.1209,1.2103,0.9695
37878,0.1209,1.2107,1.0055
37879,0.1209,1.2105,0.9875
37880,0.1209,1.2105,0.9875
37881,0.1208,1.2122,1.1494
37882,0.1208,1.2122,1.1494
37883,0.1208,1.2122,1.1494
37884,0.1208,1.2122,1.1494
37885,0.1208,1.2120,1.1314
37886,0.1208,1.2120,1.1314
37887,0.1208,1.2118,1.1134
37888,0.1208,1.2120,1.1314
37889,0.1208,1.2118,1.1134
37890,0.1208,1.2120,1.1314
37892,0.1208,1.2120,1.1314
37893,0.1208,1.2118,1.1134
37894,0.1208,1.2118,1.1134
37895,0.1208,1.2098,0.9156
37896,0.1208,1.2098,0.9156
37897,0.1208,1.2098,0.9156
37898,0.1209,1.2096,0.8976
37899,0.1208,1.2094,0.8797
37900,0.1208,1.2115,1.0774
37901,0.1208,1.2113,1.0595
37902,0.1208,1.2111,1.0415
37903,0.1208,1.2109,1.0235
37904,0.1208,1.2107,1.0055
37905,0.1208,1.2107,1.0055
37906,0.1206,1.2109,1.0235
37907,0.1208,1.2109,1.0235
37908,0.1208,1.2113,1.0595
37909,0.1208,1.2117,1.0954
37910,0.1208,1.2118,1.1134
37911,0.1208,1.2122,1.1494
37913,0.1208,1.2126,1.1854
37914,0.1209,1.2132,1.2393
37915,0.1209,1.2137,1.2933
37916,0.1209,1.2120,1.1314
37917,0.1211,1.2124,1.1674
37918,0.1211,1.2126,1.1854
37919,0.1211,1.2132,1.2393
37920,0.1211,1.2133,1.2573
37921,0.1211,1.2135,1.2753
37922,0.1211,1.2139,1.3113
37923,0.1213,1.2141,1.3293
37924,0.1213,1.2145,1.3653
37925,0.1213,1.2148,1.4013
37926,0.1213,1.2152,1.4373
37927,0.1213,1.2154,1.4553
37928,0.1215,1.2162,1.5273
37929,0.1215,1.2165,1.5634
37930,0.1215,1.2169,1.5994
37932,0.1217,1.2175,1.6534
37933,0.1217,1.2180,1.7075
37934,0.1217,1.2184,1.7435
37935,0.1217,1.2184,1.7435
37936,0.1217,1.2184,1.7435
37937,0.1217,1.2184,1.7435
37938,0.1217,1.2180,1.7075
37939,0.1217,1.2180,1.7075
37940,0.1217,1.2178,1.6894
37941,0.1217,1.2177,1.6714
37942,0.1215,1.2175,1.6534
37943,0.1217,1.2173,1.6354
37944,0.1215,1.2171,1.6174
37945,0.1215,1.2169,1.5994
37946,0.1215,1.2167,1.5814
37947,0.1215,1.2165,1.5634
37948,0.1215,1.2163,1.5453
37949,0.1215,1.2163,1.5453
37950,0.1215,1.2162,1.5273
37951,0.1213,1.2162,1.5273
37953,0.1215,1.2160,1.5093
37954,0.1215,1.2160,1.5093
37955,0.1213,1.2160,1.5093
37956,0.1213,1.2158,1.4913
37957,0.1213,1.2158,1.4913
37958,0.1215,1.2156,1.4733
37959,0.1213,1.2156,1.4733
37960,0.1213,1.2156,1.4733
37961,0.1213,1.2156,1.4733
37962,0.1213,1.2154,1.4553
37963,0.1213,1.2152,1.4373
37964,0.1213,1.2152,1.4373
37965,0.1213,1.2152,1.4373
37966,0.1213,1.2150,1.4193
37967,0.1213,1.2150,1.4193
37968,0.1213,1.2150,1.4193
37969,0.1213,1.2148,1.4013
37970,0.1213,1.2150,1.4193
37972,0.1213,1.2148,1.4013
37973,0.1213,1.2150,1.4193
37974,0.1213,1.2148,1.4013
37975,0.1213,1.2148,1.4013
37976,0.1213,1.2169,1.5994
37977,0.1211,1.2167,1.5814
37978,0.1213,1.2167,1.5814
37979,0.1213,1.2165,1.5634
37980,0.1213,1.2167,1.5814
37981,0.1211,1.2165,1.5634
37982,0.1213,1.2165,1.5634
37983,0.1211,1.2162,1.5273
37984,0.1211,1.2162,1.5273
37985,0.1211,1.2160,1.5093
37986,0.1211,1.2160,1.5093
37987,0.1211,1.2162,1.5273
37988,0.1211,1.2160,1.5093
37989,0.1211,1.2160,1.5093
37990,0.1211,1.2160,1.5093
37991,0.1213,1.2137,1.2933
37993,0.1211,1.2137,1.2933
37994,0.1211,1.2135,1.2753
37995,0.1211,1.2135,1.2753
37996,0.1211,1.2135,1.2753
37997,0.1213,1.2135,1.2753
37998,0.1211,1.2133,1.2573
37999,0.1211,1.2135,1.2753
38000,0.1211,1.2133,1.2573
38001,0.1211,1.2133,1.2573
38002,0.1211,1.2133,1.2573
38003,0.1211,1.2133,1.2573
38004,0.1211,1.2132,1.2393
38005,0.1211,1.2132,1.2393
38006,0.1211,1.2132,1.2393
38007,0.1211,1.2130,1.2213
38008,0.1211,1.2128,1.2034
38009,0.1211,1.2128,1.2034
38010,0.1211,1.2128,1.2034
38011,0.1211,1.2128,1.2034
38013,0.1211,1.2128,1.2034
38014,0.1211,1.2128,1.2034
38015,0.1211,1.2130,1.2213
38016,0.1211,1.2132,1.2393
38017,0.1211,1.2133,1.2573
38018,0.1211,1.2135,1.2753
38019,0.1211,1.2137,1.2933
38020,0.1213,1.2143,1.3473
38021,0.1213,1.2145,1.3653
38022,0.1213,1.2150,1.4193
38023,0.1213,1.2154,1.4553
38024,0.1215,1.2160,1.5093
38025,0.1215,1.2165,1.5634
38026,0.1215,1.2171,1.6174
38027,0.1215,1.2175,1.6534
38028,0.1217,1.2178,1.6894
38029,0.1217,1.2186,1.7615
38030,0.1217,1.2192,1.8156
38031,0.1217,1.2195,1.8516
38033,0.1219,1.2201,1.9057
38034,0.1219,1.2205,1.9418
38035,0.1219,1.2208,1.9778
38036,0.1219,1.2212,2.0139
38037,0.1219,1.2214,2.0319
38038,0.1221,1.2218,2.0680
38039,0.1221,1.2220,2.0860
38040,0.1221,1.2223,2.1221
38041,0.1221,1.2227,2.1582
38042,0.1221,1.2231,2.1942
38043,0.1223,1.2235,2.2303
38044,0.1223,1.2238,2.2664
38045,0.1223,1.2242,2.3025
38046,0.1223,1.2246,2.3386
38047,0.1224,1.2250,2.3747
38048,0.1224,1.2253,2.4108
38049,0.1224,1.2255,2.4288
38050,0.1224,1.2257,2.4469
38051,0.1223,1.2274,2.6094
38053,0.1223,1.2274,2.6094
38054,0.1224,1.2276,2.6275
38055,0.1223,1.2274,2.6094
38056,0.1223,1.2274,2.6094
38057,0.1223,1.2272,2.5914
38058,0.1223,1.2268,2.5552
38059,0.1223,1.2267,2.5372
38060,0.1223,1.2268,2.5552
38061,0.1223,1.2267,2.5372
38062,0.1223,1.2267,2.5372
38063,0.1223,1.2267,2.5372
38064,0.1223,1.2265,2.5191
38065,0.1223,1.2265,2.5191
38066,0.1223,1.2263,2.5011
38067,0.1223,1.2261,2.4830
38068,0.1223,1.2238,2.2664
38069,0.1223,1.2237,2.2484
38070,0.1223,1.2237,2.2484
38071,0.1221,1.2235,2.2303
38073,0.1223,1.2235,2.2303
38074,0.1223,1.2233,2.2123
38075,0.1221,1.2231,2.1942
38076,0.1221,1.2227,2.1582
38077,0.1221,1.2225,2.1401
38078,0.1221,1.2223,2.1221
38079,0.1221,1.2222,2.1040
38080,0.1221,1.2220,2.0860
38081,0.1221,1.2220,2.0860
38082,0.1221,1.2218,2.0680
38083,0.1221,1.2216,2.0499
38084,0.1221,1.2216,2.0499
38085,0.1221,1.2216,2.0499
38086,0.1219,1.2214,2.0319
38087,0.1221,1.2214,2.0319
38088,0.1221,1.2216,2.0499
38089,0.1221,1.2218,2.0680
38090,0.1221,1.2223,2.1221
38091,0.1221,1.2227,2.1582
38093,0.1221,1.2231,2.1942
38094,0.1221,1.2235,2.2303
38095,0.1223,1.2237,2.2484
38096,0.1223,1.2240,2.2845
38097,0.1223,1.2242,2.3025
38098,0.1223,1.2246,2.3386
38099,0.1224,1.2252,2.3927
38100,0.1224,1.2253,2.4108
38101,0.1224,1.2259,2.4650
38102,0.1224,1.2261,2.4830
38103,0.1224,1.2261,2.4830
38104,0.1224,1.2261,2.4830
38105,0.1224,1.2261,2.4830
38106,0.1224,1.2259,2.4650
38107,0.1224,1.2259,2.4650
38108,0.1224,1.2253,2.4108
38109,0.1224,1.2253,2.4108
38110,0.1224,1.2252,2.3927
38112,0.1223,1.2252,2.3927
38113,0.1224,1.2250,2.3747
38114,0.1224,1.2250,2.3747
38115,0.1223,1.2248,2.3566
38116,0.1223,1.2248,2.3566
38117,0.1223,1.2246,2.3386
38118,0.1223,1.2246,2.3386
38119,0.1223,1.2242,2.3025
38120,0.1223,1.2244,2.3205
38121,0.1223,1.2242,2.3025
38122,0.1223,1.2242,2.3025
38123,0.1223,1.2261,2.4830
38124,0.1223,1.2261,2.4830
38125,0.1223,1.2259,2.4650
38126,0.1223,1.2259,2.4650
38127,0.1223,1.2259,2.4650
38128,0.1223,1.2257,2.4469
38129,0.1223,1.2253,2.4108
38130,0.1221,1.2255,2.4288
38131,0.1221,1.2253,2.4108
38133,0.1221,1.2252,2.3927
38134,0.1221,1.2250,2.3747
38135,0.1221,1.2250,2.3747
38136,0.1221,1.2250,2.3747
38137,0.1221,1.2252,2.3927
38138,0.1221,1.2253,2.4108
38139,0.1221,1.2257,2.4469
38140,0.1221,1.2259,2.4650
38141,0.1223,1.2263,2.5011
38142,0.1223,1.2267,2.5372
38143,0.1223,1.2270,2.5733
38144,0.1223,1.2272,2.5914
38145,0.1223,1.2278,2.6455
38146,0.1224,1.2282,2.6817
38147,0.1224,1.2285,2.7178
38148,0.1224,1.2287,2.7359
38149,0.1224,1.2291,2.7720
38150,0.1224,1.2293,2.7901
38151,0.1224,1.2293,2.7901
38153,0.1224,1.2293,2.7901
38154,0.1224,1.2293,2.7901
38155,0.1224,1.2293,2.7901
38156,0.1224,1.2293,2.7901
38157,0.1224,1.2291,2.7720
38158,0.1224,1.2291,2.7720
38159,0.1224,1.2289,2.7539
38160,0.1224,1.2287,2.7359
38161,0.1224,1.2289,2.7539
38162,0.1224,1.2287,2.7359
38163,0.1224,1.2287,2.7359
38164,0.1224,1.2285,2.7178
38165,0.1224,1.2283,2.6997
38166,0.1224,1.2282,2.6817
38167,0.1224,1.2282,2.6817
38168,0.1224,1.2280,2.6636
38169,0.1224,1.2257,2.4469
38170,0.1224,1.2257,2.4469
38171,0.1224,1.2255,2.4288
38173,0.1224,1.2253,2.4108
38174,0.1224,1.2253,2.4108
38175,0.1224,1.2252,2.3927
38176,0.1224,1.2252,2.3927
38177,0.1224,1.2250,2.3747
38178,0.1223,1.2250,2.3747
38179,0.1223,1.2250,2.3747
38180,0.1223,1.2248,2.3566
38181,0.1223,1.2246,2.3386
38182,0.1223,1.2248,2.3566
38183,0.1223,1.2246,2.3386
38184,0.1223,1.2244,2.3205
38185,0.1223,1.2244,2.3205
38186,0.1223,1.2242,2.3025
38187,0.1223,1.2240,2.2845
38188,0.1223,1.2238,2.2664
38189,0.1223,1.2237,2.2484
38190,0.1223,1.2235,2.2303
38191,0.1223,1.2231,2.1942
38192,0.1221,1.2233,2.2123
38194,0.1221,1.2231,2.1942
38195,0.1223,1.2231,2.1942
38196,0.1221,1.2229,2.1762
38197,0.1221,1.2229,2.1762
38198,0.1221,1.2229,2.1762
38199,0.1221,1.2229,2.1762
38200,0.1221,1.2229,2.1762
38201,0.1221,1.2229,2.1762
38202,0.1221,1.2227,2.1582
38203,0.1221,1.2227,2.1582
38204,0.1221,1.2227,2.1582
38205,0.1223,1.2227,2.1582
38206,0.1221,1.2227,2.1582
38207,0.1221,1.2227,2.1582
38208,0.1221,1.2227,2.1582
38209,0.1221,1.2227,2.1582
38210,0.1221,1.2225,2.1401
38211,0.1221,1.2223,2.1221
38212,0.1221,1.2223,2.1221
38214,0.1221,1.2223,2.1221
38215,0.1221,1.2222,2.1040
38216,0.1221,1.2222,2.1040
38217,0.1221,1.2222,2.1040
38218,0.1221,1.2218,2.0680
38219,0.1221,1.2220,2.0860
38220,0.1221,1.2218,2.0680
38221,0.1221,1.2218,2.0680
38222,0.1221,1.2218,2.0680
38223,0.1221,1.2218,2.0680
38224,0.1221,1.2216,2.0499
38225,0.1221,1.2222,2.1040
38226,0.1221,1.2223,2.1221
38227,0.1221,1.2229,2.1762
38228,0.1221,1.2233,2.2123
38229,0.1221,1.2257,2.4469
38230,0.1223,1.2259,2.4650
38231,0.1223,1.2265,2.5191
38232,0.1223,1.2268,2.5552
38234,0.1223,1.2272,2.5914
38235,0.1223,1.2274,2.6094
38236,0.1224,1.2282,2.6817
38237,0.1224,1.2285,2.7178
38238,0.1224,1.2289,2.7539
38239,0.1224,1.2293,2.7901
38240,0.1226,1.2297,2.8262
38241,0.1226,1.2302,2.8804
38242,0.1226,1.2302,2.8804
38243,0.1226,1.2304,2.8985
38244,0.1226,1.2304,2.8985
38245,0.1226,1.2304,2.8985
38246,0.1226,1.2283,2.6997
38247,0.1226,1.2282,2.6817
38248,0.1226,1.2280,2.6636
38249,0.1226,1.2278,2.6455
38250,0.1226,1.2278,2.6455
38251,0.1226,1.2278,2.6455
38252,0.1226,1.2276,2.6275
38254,0.1226,1.2274,2.6094
38255,0.1226,1.2270,2.5733
38256,0.1226,1.2272,2.5914
38257,0.1226,1.2270,2.5733
38258,0.1224,1.2268,2.5552
38259,0.1224,1.2268,2.5552
38260,0.1224,1.2267,2.5372
38261,0.1224,1.2267,2.5372
38262,0.1224,1.2265,2.5191
38263,0.1224,1.2263,2.5011
38264,0.1224,1.2261,2.4830
38265,0.1224,1.2261,2.4830
38266,0.1224,1.2259,2.4650
38267,0.1224,1.2259,2.4650
38268,0.1224,1.2259,2.4650
38269,0.1224,1.2259,2.4650
38270,0.1224,1.2259,2.4650
38271,0.1224,1.2259,2.4650
38272,0.1224,1.2257,2.4469
38274,0.1224,1.2257,2.4469
38275,0.1224,1.2253,2.4108
38276,0.1224,1.2255,2.4288
38277,0.1224,1.2253,2.4108
38278,0.1224,1.2253,2.4108
38279,0.1224,1.2253,2.4108
38280,0.1224,1.2253,2.4108
38281,0.1224,1.2253,2.4108
38282,0.1224,1.2253,2.4108
38283,0.1224,1.2253,2.4108
38284,0.1224,1.2250,2.3747
38285,0.1224,1.2252,2.3927
38286,0.1223,1.2252,2.3927
38287,0.1223,1.2252,2.3927
38288,0.1224,1.2250,2.3747
38289,0.1223,1.2250,2.3747
38290,0.1223,1.2250,2.3747
38291,0.1223,1.2250,2.3747
38292,0.1223,1.2250,2.3747
38294,0.1223,1.2252,2.3927
38295,0.1224,1.2250,2.3747
38296,0.1224,1.2255,2.4288
38297,0.1224,1.2259,2.4650
38298,0.1224,1.2261,2.4830
38299,0.1224,1.2267,2.5372
38300,0.1224,1.2268,2.5552
38301,0.1224,1.2272,2.5914
38302,0.1226,1.2276,2.6275
38303,0.1226,1.2280,2.6636
38304,0.1226,1.2285,2.7178
38305,0.1228,1.2287,2.7359
38306,0.1226,1.2314,2.9889
38307,0.1228,1.2317,3.0251
38308,0.1228,1.2321,3.0612
38309,0.1228,1.2323,3.0793
38310,0.1228,1.2327,3.1155
38311,0.1228,1.2329,3.1336
38312,0.1228,1.2332,3.1698
38314,0.1230,1.2334,3.1878
38315,0.1230,1.2334,3.1878
38316,0.1228,1.2334,3.1878
38317,0.1230,1.2336,3.2059
38318,0.1230,1.2334,3.1878
38319,0.1228,1.2336,3.2059
38320,0.1230,1.2334,3.1878
38321,0.1230,1.2336,3.2059
38322,0.1230,1.2317,3.0251
38323,0.1230,1.2319,3.0432
38324,0.1230,1.2323,3.0793
38325,0.1232,1.2325,3.0974
38326,0.1232,1.2329,3.1336
38327,0.1232,1.2332,3.1698
38328,0.1232,1.2336,3.2059
38329,0.1232,1.2340,3.2421
38330,0.1232,1.2342,3.2602
38331,0.1232,1.2345,3.2964
38332,0.1234,1.2349,3.3326
38334,0.1234,1.2351,3.3507
38335,0.1234,1.2355,3.3869
38336,0.1234,1.2359,3.4231
38337,0.1236,1.2362,3.4593
38338,0.1236,1.2366,3.4955
38339,0.1236,1.2370,3.5317
38340,0.1236,1.2375,3.5861
38341,0.1236,1.2377,3.6042
38342,0.1236,1.2381,3.6404
38343,0.1238,1.2385,3.6766
38344,0.1238,1.2389,3.7129
38345,0.1238,1.2392,3.7491
38346,0.1238,1.2398,3.8034
38347,0.1238,1.2400,3.8216
38348,0.1238,1.2404,3.8578
38349,0.1239,1.2407,3.8941
38350,0.1239,1.2409,3.9122
38351,0.1239,1.2413,3.9484
38352,0.1239,1.2417,3.9847
38354,0.1239,1.2419,4.0028
38355,0.1241,1.2422,4.0391
38356,0.1241,1.2422,4.0391
38357,0.1241,1.2428,4.0935
38358,0.1241,1.2432,4.1298
38359,0.1241,1.2434,4.1479
38360,0.1241,1.2435,4.1660
38361,0.1243,1.2439,4.2023
38362,0.1241,1.2443,4.2386
38363,0.1243,1.2445,4.2568
38364,0.1243,1.2447,4.2749
38365,0.1243,1.2445,4.2568
38366,0.1243,1.2450,4.3112
38367,0.1243,1.2452,4.3293
38368,0.1243,1.2454,4.3475
38369,0.1243,1.2456,4.3656
38370,0.1243,1.2456,4.3656
38371,0.1243,1.2460,4.4019
38372,0.1245,1.2462,4.4201
38374,0.1243,1.2464,4.4382
38375,0.1245,1.2465,4.4564
38376,0.1245,1.2467,4.4745
38377,0.1245,1.2471,4.5109
38378,0.1245,1.2473,4.5290
38379,0.1245,1.2475,4.5472
38380,0.1247,1.2479,4.5835
38381,0.1247,1.2482,4.6198
38382,0.1247,1.2503,4.8196
38383,0.1247,1.2507,4.8560
38384,0.1247,1.2509,4.8742
38385,0.1247,1.2512,4.9105
38386,0.1247,1.2512,4.9105
38387,0.1247,1.2518,4.9650
38388,0.1247,1.2522,5.0014
38389,0.1247,1.2524,5.0196
38390,0.1249,1.2525,5.0378
38391,0.1249,1.2529,5.0741
38392,0.1249,1.2531,5.0923
38394,0.1249,1.2533,5.1105
38395,0.1249,1.2535,5.1287
38396,0.1249,1.2539,5.1651
38397,0.1249,1.2537,5.1469
38398,0.1251,1.2524,5.0196
38399,0.1251,1.2525,5.0378
38400,0.1251,1.2527,5.0560
38401,0.1251,1.2529,5.0741
38402,0.1253,1.2531,5.0923
38403,0.1251,1.2533,5.1105
38404,0.1251,1.2533,5.1105
38405,0.1253,1.2535,5.1287
38406,0.1253,1.2537,5.1469
38407,0.1253,1.2539,5.1651
38408,0.1253,1.2540,5.1833
38409,0.1253,1.2542,5.2014
38410,0.1253,1.2544,5.2196
38411,0.1253,1.2546,5.2378
38412,0.1253,1.2548,5.2560
38414,0.1254,1.2552,5.2924
38415,0.1254,1.2554,5.3106
38416,0.1254,1.2555,5.3288
38417,0.1254,1.2555,5.3288
38418,0.1254,1.2559,5.3652
38419,0.1254,1.2561,5.3834
38420,0.1254,1.2563,5.4016
38421,0.1254,1.2565,5.4198
38422,0.1254,1.2567,5.4380
38423,0.1256,1.2570,5.4744
38424,0.1254,1.2572,5.4926
38425,0.1254,1.2574,5.5108
38426,0.1256,1.2576,5.5290
38427,0.1256,1.2574,5.5108
38428,0.1256,1.2578,5.5472
38429,0.1256,1.2580,5.5654
38430,0.1256,1.2578,5.5472
38431,0.1256,1.2578,5.5472
38432,0.1256,1.2578,5.5472
38433,0.1256,1.2576,5.5290
38435,0.1254,1.2576,5.5290
38436,0.1254,1.2574,5.5108
38437,0.1254,1.2572,5.4926
38438,0.1254,1.2569,5.4562
38439,0.1256,1.2570,5.4744
38440,0.1256,1.2570,5.4744
38441,0.1254,1.2570,5.4744
38442,0.1254,1.2570,5.4744
38443,0.1256,1.2570,5.4744
38444,0.1254,1.2570,5.4744
38445,0.1254,1.2570,5.4744
38446,0.1254,1.2570,5.4744
38447,0.1254,1.2570,5.4744
38448,0.1254,1.2570,5.4744
38449,0.1254,1.2570,5.4744
38450,0.1256,1.2570,5.4744
38451,0.1256,1.2570,5.4744
38452,0.1254,1.2570,5.4744
38453,0.1254,1.2587,5.6383
38455,0.1254,1.2589,5.6565
38456,0.1254,1.2589,5.6565
38457,0.1254,1.2591,5.6747
38458,0.1254,1.2593,5.6929
38459,0.1254,1.2593,5.6929
38460,0.1254,1.2593,5.6929
38461,0.1256,1.2593,5.6929
38462,0.1254,1.2595,5.7111
38463,0.1256,1.2597,5.7294
38464,0.1254,1.2599,5.7476
38465,0.1254,1.2600,5.7658
38466,0.1256,1.2600,5.7658
38467,0.1256,1.2602,5.7840
38468,0.1256,1.2602,5.7840
38469,0.1256,1.2604,5.8022
38471,0.1256,1.2608,5.8387
38472,0.1256,1.2610,5.8569
38473,0.1256,1.2614,5.8933
38474,0.1256,1.2615,5.9116
38475,0.1256,1.2617,5.9298
38476,0.1258,1.2619,5.9480
38477,0.1258,1.2621,5.9662
38478,0.1258,1.2623,5.9845
38479,0.1258,1.2625,6.0027
38480,0.1258,1.2627,6.0209
38481,0.1258,1.2629,6.0392
38482,0.1258,1.2629,6.0392
38483,0.1258,1.2630,6.0574
38484,0.1258,1.2632,6.0756
38485,0.1258,1.2634,6.0939
38487,0.1260,1.2634,6.0939
38488,0.1258,1.2636,6.1121
38489,0.1260,1.2638,6.1303
38490,0.1260,1.2636,6.1121
38491,0.1260,1.2640,6.1486
38492,0.1260,1.2644,6.1851
38493,0.1260,1.2645,6.2033
38494,0.1260,1.2647,6.2215
38495,0.1260,1.2647,6.2215
38496,0.1260,1.2651,6.2580
38497,0.1260,1.2651,6.2580
38498,0.1262,1.2655,6.2945
38499,0.1262,1.2653,6.2763
38500,0.1262,1.2655,6.2945
38501,0.1262,1.2659,6.3310
38502,0.1262,1.2660,6.3492
38503,0.1262,1.2662,6.3675
38504,0.1262,1.2662,6.3675
38506,0.1262,1.2664,6.3857
38507,0.1262,1.2668,6.4222
38508,0.1262,1.2670,6.4405
38509,0.1262,1.2672,6.4587
38510,0.1262,1.2672,6.4587
38511,0.1264,1.2677,6.5135
38512,0.1264,1.2681,6.5500
38513,0.1264,1.2683,6.5683
38514,0.1264,1.2666,6.4040
38515,0.1264,1.2668,6.4222
38516,0.1266,1.2670,6.4405
38517,0.1266,1.2672,6.4587
38518,0.1266,1.2674,6.4770
38519,0.1266,1.2674,6.4770
38520,0.1266,1.2674,6.4770
38521,0.1266,1.2677,6.5135
38522,0.1266,1.2679,6.5318
38523,0.1266,1.2679,6.5318
38524,0.1266,1.2679,6.5318
38525,0.1266,1.2679,6.5318
38527,0.1266,1.2679,6.5318
38528,0.1266,1.2677,6.5135
38529,0.1266,1.2677,6.5135
38530,0.1266,1.2675,6.4953
38531,0.1266,1.2672,6.4587
38532,0.1266,1.2670,6.4405
38533,0.1266,1.2668,6.4222
38534,0.1264,1.2664,6.3857
38535,0.1264,1.2660,6.3492
38536,0.1264,1.2659,6.3310
38537,0.1264,1.2655,6.2945
38538,0.1264,1.2651,6.2580
38539,0.1262,1.2647,6.2215
38540,0.1262,1.2645,6.2033
38541,0.1262,1.2638,6.1303
38542,0.1262,1.2640,6.1486
38543,0.1262,1.2636,6.1121
38544,0.1262,1.2634,6.0939
38545,0.1262,1.2630,6.0574
38547,0.1260,1.2629,6.0392
38548,0.1260,1.2627,6.0209
38549,0.1260,1.2625,6.0027
38550,0.1260,1.2621,5.9662
38551,0.1260,1.2617,5.9298
38552,0.1260,1.2615,5.9116
38553,0.1260,1.2612,5.8751
38554,0.1258,1.2610,5.8569
38555,0.1258,1.2606,5.8204
38556,0.1258,1.2604,5.8022
38557,0.1258,1.2602,5.7840
38558,0.1258,1.2599,5.7476
38559,0.1258,1.2595,5.7111
38560,0.1256,1.2614,5.8933
38561,0.1256,1.2608,5.8387
38562,0.1256,1.2606,5.8204
38563,0.1256,1.2602,5.7840
38564,0.1256,1.2602,5.7840
38565,0.1254,1.2599,5.7476
38567,0.1256,1.2597,5.7294
38568,0.1254,1.2595,5.7111
38569,0.1254,1.2591,5.6747
38570,0.1254,1.2589,5.6565
38571,0.1254,1.2589,5.6565
38572,0.1254,1.2585,5.6201
38573,0.1254,1.2585,5.6201
38574,0.1254,1.2584,5.6019
38575,0.1254,1.2584,5.6019
38576,0.1254,1.2563,5.4016
38577,0.1254,1.2561,5.3834
38578,0.1254,1.2561,5.3834
38579,0.1254,1.2559,5.3652
38580,0.1254,1.2559,5.3652
38581,0.1254,1.2557,5.3470
38582,0.1254,1.2557,5.3470
38583,0.1253,1.2555,5.3288
38584,0.1254,1.2555,5.3288
38585,0.1254,1.2554,5.3106
38587,0.1253,1.2552,5.2924
38588,0.1253,1.2550,5.2742
38589,0.1253,1.2548,5.2560
38590,0.1253,1.2544,5.2196
38591,0.1253,1.2542,5.2014
38592,0.1253,1.2540,5.1833
38593,0.1253,1.2539,5.1651
38594,0.1253,1.2537,5.1469
38595,0.1253,1.2533,5.1105
38596,0.1251,1.2533,5.1105
38597,0.1251,1.2531,5.0923
38598,0.1251,1.2529,5.0741
38599,0.1251,1.2527,5.0560
38600,0.1251,1.2525,5.0378
38601,0.1251,1.2522,5.0014
38602,0.1251,1.2518,4.9650
38603,0.1251,1.2520,4.9832
38604,0.1251,1.2520,4.9832
38605,0.1251,1.2520,4.9832
38607,0.1251,1.2518,4.9650
38608,0.1251,1.2516,4.9469
38609,0.1249,1.2514,4.9287
38610,0.1249,1.2514,4.9287
38611,0.1249,1.2512,4.9105
38612,0.1249,1.2512,4.9105
38613,0.1249,0.1249,-87.9990
38614,0.1249,1.2514,4.9287
38615,0.1249,1.2514,4.9287
38616,0.1251,1.2516,4.9469
38617,0.1249,1.2518,4.9650
38618,0.1251,1.2520,4.9832
38619,0.1251,1.2522,5.0014
38620,0.1251,1.2524,5.0196
38621,0.1251,1.2525,5.0378
38622,0.1251,1.2527,5.0560
38623,0.1251,1.2529,5.0741
38624,0.1251,1.2531,5.0923
38625,0.1251,1.2533,5.1105
38627,0.1253,1.2535,5.1287
38628,0.1253,1.2537,5.1469
38629,0.1253,1.2539,5.1651
38630,0.1253,1.2540,5.1833
38631,0.1253,1.2544,5.2196
38632,0.1253,1.2546,5.2378
38633,0.1253,1.2548,5.2560
38634,0.1253,1.2554,5.3106
38635,0.1253,1.2555,5.3288
38636,0.1254,1.2578,5.5472
38637,0.1254,1.2582,5.5836
38638,0.1254,1.2585,5.6201
38639,0.1254,1.2589,5.6565
38640,0.1254,1.2593,5.6929
38641,0.1254,1.2597,5.7294
38642,0.1256,1.2599,5.7476
38643,0.1256,1.2600,5.7658
38644,0.1256,1.2604,5.8022
38645,0.1256,1.2608,5.8387
38647,0.1256,1.2610,5.8569
38648,0.1256,1.2614,5.8933
38649,0.1256,1.2615,5.9116
38650,0.1258,1.2619,5.9480
38651,0.1258,1.2621,5.9662
38652,0.1258,1.2602,5.7840
38653,0.1258,1.2604,5.8022
38654,0.1258,1.2604,5.8022
38655,0.1258,1.2604,5.8022
38656,0.1258,1.2604,5.8022
38657,0.1258,1.2602,5.7840
38658,0.1258,1.2602,5.7840
38659,0.1258,1.2602,5.7840
38660,0.1258,1.2600,5.7658
38661,0.1258,1.2602,5.7840
38662,0.1258,1.2604,5.8022
38663,0.1258,1.2600,5.7658
38664,0.1258,1.2606,5.8204
38665,0.1258,1.2610,5.8569
38667,0.1260,1.2612,5.8751
38668,0.1260,1.2615,5.9116
38669,0.1260,1.2619,5.9480
38670,0.1260,1.2621,5.9662
38671,0.1260,1.2625,6.0027
38672,0.1260,1.2627,6.0209
38673,0.1262,1.2630,6.0574
38674,0.1262,1.2634,6.0939
38675,0.1262,1.2638,6.1303
38676,0.1262,1.2640,6.1486
38677,0.1262,1.2644,6.1851
38678,0.1262,1.2645,6.2033
38679,0.1264,1.2649,6.2398
38680,0.1264,1.2651,6.2580
38681,0.1264,1.2655,6.2945
38682,0.1264,1.2659,6.3310
38683,0.1264,1.2660,6.3492
38684,0.1264,1.2659,6.3310
38685,0.1264,1.2659,6.3310
38687,0.1264,1.2659,6.3310
38688,0.1264,1.2657,6.3128
38689,0.1264,1.2655,6.2945
38690,0.1264,1.2653,6.2763
38691,0.1264,1.2649,6.2398
38692,0.1264,1.2647,6.2215
38693,0.1262,1.2642,6.1668
38694,0.1262,1.2642,6.1668
38695,0.1262,1.2638,6.1303
38696,0.1262,1.2636,6.1121
38697,0.1262,1.2634,6.0939
38698,0.1262,1.2630,6.0574
38699,0.1260,1.2629,6.0392
38700,0.1260,1.2625,6.0027
38701,0.1260,1.2623,5.9845
38702,0.1260,1.2619,5.9480
38703,0.1260,1.2614,5.8933
38704,0.1260,1.2614,5.8933
38706,0.1258,1.2612,5.8751
38707,0.1260,1.2610,5.8569
38708,0.1258,1.2608,5.8387
38709,0.1258,1.2608,5.8387
38710,0.1258,1.2606,5.8204
38711,0.1258,1.2606,5.8204
38712,0.1258,1.2604,5.8022
38713,0.1258,1.2623,5.9845
38714,0.1258,1.2621,5.9662
38715,0.1258,1.2621,5.9662
38716,0.1258,1.2621,5.9662
38717,0.1258,1.2621,5.9662
38718,0.1258,1.2619,5.9480
38719,0.1258,1.2619,5.9480
38720,0.1258,1.2617,5.9298
38721,0.1256,1.2617,5.9298
38722,0.1256,1.2617,5.9298
38723,0.1256,1.2615,5.9116
38724,0.1256,1.2614,5.8933
38726,0.1256,1.2612,5.8751
38727,0.1256,1.2610,5.8569
38728,0.1256,1.2610,5.8569
38729,0.1256,1.2587,5.6383
38730,0.1256,1.2585,5.6201
38731,0.1256,1.2584,5.6019
38732,0.1256,1.2582,5.5836
38733,0.1256,1.2580,5.5654
38734,0.1256,1.2578,5.5472
38735,0.1256,1.2576,5.5290
38736,0.1256,1.2574,5.5108
38737,0.1254,1.2574,5.5108
38738,0.1256,1.2572,5.4926
38739,0.1254,1.2572,5.4926
38740,0.1254,1.2570,5.4744
38741,0.1254,1.2570,5.4744
38742,0.1254,1.2569,5.4562
38743,0.1254,1.2569,5.4562
38744,0.1254,1.2569,5.4562
38746,0.1254,1.2565,5.4198
38747,0.1254,1.2567,5.4380
38748,0.1254,1.2565,5.4198
38749,0.1254,1.2563,5.4016
38750,0.1254,1.2561,5.3834
38751,0.1254,1.2561,5.3834
38752,0.1254,1.2559,5.3652
38753,0.1254,1.2557,5.3470
38754,0.1254,1.2554,5.3106
38755,0.1253,1.2554,5.3106
38756,0.1253,1.2552,5.2924
38757,0.1253,1.2552,5.2924
38758,0.1253,1.2550,5.2742
38759,0.1253,1.2548,5.2560
38760,0.1253,1.2548,5.2560
38761,0.1253,1.2546,5.2378
38762,0.1253,1.2544,5.2196
38763,0.1253,1.2542,5.2014
38764,0.1253,1.2540,5.1833
38766,0.1253,1.2539,5.1651
38767,0.1253,1.2537,5.1469
38768,0.1253,1.2539,5.1651
38769,0.1253,1.2539,5.1651
38770,0.1253,1.2540,5.1833
38771,0.1253,1.2544,5.2196
38772,0.1253,1.2546,5.2378
38773,0.1253,1.2552,5.2924
38774,0.1254,1.2555,5.3288
38775,0.1254,1.2559,5.3652
38776,0.1254,1.2565,5.4198
38777,0.1254,1.2569,5.4562
38778,0.1256,1.2572,5.4926
38779,0.1256,1.2576,5.5290
38780,0.1256,1.2580,5.5654
38781,0.1256,1.2584,5.6019
38782,0.1256,1.2585,5.6201
38783,0.1256,1.2606,5.8204
38784,0.1256,1.2608,5.8387
38786,0.1258,1.2614,5.8933
38787,0.1258,1.2615,5.9116
38788,0.1258,1.2619,5.9480
38789,0.1258,1.2621,5.9662
38790,0.1258,1.2625,6.0027
38791,0.1258,1.2627,6.0209
38792,0.1258,1.2629,6.0392
38793,0.1258,1.2632,6.0756
38794,0.1258,1.2632,6.0756
38795,0.1258,1.2632,6.0756
38796,0.1258,1.2630,6.0574
38797,0.1258,1.2629,6.0392
38798,0.1258,1.2627,6.0209
38799,0.1258,1.2627,6.0209
38800,0.1258,1.2625,6.0027
38801,0.1258,1.2623,5.9845
38802,0.1258,1.2621,5.9662
38803,0.1258,1.2619,5.9480
38804,0.1256,1.2617,5.9298
38805,0.1258,1.2617,5.9298
38807,0.1256,1.2615,5.9116
38808,0.1256,1.2614,5.8933
38809,0.1256,1.2612,5.8751
38810,0.1256,1.2612,5.8751
38811,0.1256,1.2610,5.8569
38812,0.1256,1.2606,5.8204
38813,0.1256,1.2608,5.8387
38814,0.1256,1.2606,5.8204
38815,0.1256,1.2600,5.7658
38816,0.1256,1.2600,5.7658
38817,0.1256,1.2599,5.7476
38818,0.1256,1.2599,5.7476
38819,0.1254,1.2597,5.7294
38820,0.1254,1.2595,5.7111
38821,0.1254,1.2595,5.7111
38822,0.1254,1.2593,5.6929
38823,0.1254,1.2591,5.6747
38824,0.1254,1.2589,5.6565
38825,0.1254,1.2587,5.6383
38826,0.1254,1.2589,5.6565
38828,0.1254,1.2587,5.6383
38829,0.1254,1.2585,5.6201
38830,0.1254,1.2563,5.4016
38831,0.1254,1.2563,5.4016
38832,0.1254,1.2561,5.3834
38833,0.1254,1.2561,5.3834
38834,0.1254,1.2561,5.3834
38835,0.1254,1.2561,5.3834
38836,0.1254,1.2561,5.3834
38837,0.1254,1.2561,5.3834
38838,0.1254,1.2559,5.3652
38839,0.1254,1.2559,5.3652
38840,0.1254,1.2559,5.3652
38841,0.1254,1.2559,5.3652
38842,0.1254,1.2559,5.3652
38843,0.1254,1.2559,5.3652
38844,0.1254,1.2561,5.3834
38845,0.1254,1.2563,5.4016
38846,0.1254,1.2565,5.4198
38848,0.1254,1.2567,5.4380
38849,0.1254,1.2570,5.4744
38850,0.1254,1.2574,5.5108
38851,0.1256,1.2578,5.5472
38852,0.1256,1.2582,5.5836
38853,0.1256,1.2585,5.6201
38854,0.1256,1.2587,5.6383
38855,0.1256,1.2587,5.6383
38856,0.1256,1.2593,5.6929
38857,0.1258,1.2595,5.7111
38858,0.1258,1.2595,5.7111
38859,0.1258,1.2599,5.7476
38860,0.1258,1.2600,5.7658
38861,0.1258,1.2604,5.8022
38862,0.1258,1.2606,5.8204
38863,0.1258,1.2610,5.8569
38864,0.1260,1.2614,5.8933
38865,0.1260,1.2614,5.8933
38867,0.1260,1.2614,5.8933
38868,0.1260,1.2614,5.8933
38869,0.1260,1.2614,5.8933
38870,0.1260,1.2612,5.8751
38871,0.1258,1.2610,5.8569
38872,0.1260,1.2608,5.8387
38873,0.1258,1.2606,5.8204
38874,0.1258,1.2606,5.8204
38875,0.1258,1.2604,5.8022
38876,0.1258,1.2604,5.8022
38877,0.1258,1.2604,5.8022
38878,0.1258,1.2602,5.7840
38879,0.1258,1.2602,5.7840
38880,0.1258,1.2600,5.7658
38881,0.1258,1.2600,5.7658
38882,0.1258,1.2597,5.7294
38883,0.1258,1.2597,5.7294
38884,0.1258,1.2595,5.7111
38885,0.1258,1.2593,5.6929
38887,0.1256,1.2589,5.6565
38888,0.1256,1.2589,5.6565
38889,0.1256,1.2587,5.6383
38890,0.1256,1.2585,5.6201
38891,0.1256,1.2604,5.8022
38892,0.1256,1.2602,5.7840
38893,0.1256,1.2602,5.7840
38894,0.1256,1.2600,5.7658
38895,0.1256,1.2599,5.7476
38896,0.1256,1.2599,5.7476
38897,0.1254,1.2597,5.7294
38898,0.1256,1.2599,5.7476
38899,0.1254,1.2597,5.7294
38900,0.1256,1.2597,5.7294
38901,0.1254,1.2595,5.7111
38902,0.1256,1.2595,5.7111
38903,0.1254,1.2593,5.6929
38904,0.1254,1.2593,5.6929
38906,0.1254,1.2591,5.6747
38907,0.1254,1.2567,5.4380
38908,0.1254,1.2569,5.4562
38909,0.1254,1.2567,5.4380
38910,0.1254,1.2565,5.4198
38911,0.1254,1.2563,5.4016
38912,0.1254,1.2561,5.3834
38913,0.1254,1.2561,5.3834
38914,0.1254,1.2561,5.3834
38915,0.1254,1.2559,5.3652
38916,0.1254,1.2559,5.3652
38917,0.1254,1.2557,5.3470
38918,0.1254,1.2557,5.3470
38919,0.1254,1.2557,5.3470
38920,0.1254,1.2559,5.3652
38921,0.1254,1.2559,5.3652
38922,0.1254,1.2563,5.4016
38923,0.1254,1.2565,5.4198
38924,0.1254,1.2569,5.4562
38925,0.1256,1.2572,5.4926
38927,0.1256,1.2574,5.5108
38928,0.1256,1.2580,5.5654
38929,0.1256,1.2584,5.6019
38930,0.1256,1.2587,5.6383
38931,0.1256,1.2591,5.6747
38932,0.1258,1.2595,5.7111
38933,0.1258,1.2597,5.7294
38934,0.1258,1.2600,5.7658
38935,0.1258,1.2602,5.7840
38936,0.1258,1.2604,5.8022
38937,0.1258,1.2606,5.8204
38938,0.1258,1.2610,5.8569
38939,0.1260,1.2614,5.8933
38940,0.1260,1.2617,5.9298
38941,0.1260,1.2621,5.9662
38942,0.1260,1.2627,6.0209
38943,0.1262,1.2630,6.0574
38944,0.1260,1.2634,6.0939
38945,0.1262,1.2638,6.1303
38947,0.1262,1.2642,6.1668
38948,0.1262,1.2644,6.1851
38949,0.1262,1.2644,6.1851
38950,0.1262,1.2644,6.1851
38951,0.1262,1.2642,6.1668
38952,0.1262,1.2642,6.1668
38953,0.1262,1.2640,6.1486
38954,0.1262,1.2638,6.1303
38955,0.1262,1.2638,6.1303
38956,0.1262,1.2636,6.1121
38957,0.1262,1.2634,6.0939
38958,0.1262,1.2636,6.1121
38959,0.1262,1.2634,6.0939
38960,0.1262,1.2632,6.0756
38961,0.1262,1.2630,6.0574
38962,0.1260,1.2629,6.0392
38963,0.1260,1.2627,6.0209
38964,0.1260,1.2625,6.0027
38965,0.1260,1.2623,5.9845
38967,0.1260,1.2640,6.1486
38968,0.1260,1.2636,6.1121
38969,0.1260,1.2638,6.1303
38970,0.1260,1.2634,6.0939
38971,0.1258,1.2634,6.0939
38972,0.1260,1.2632,6.0756
38973,0.1258,1.2632,6.0756
38974,0.1258,1.2632,6.0756
38975,0.1258,1.2629,6.0392
38976,0.1258,1.2629,6.0392
38977,0.1258,1.2627,6.0209
38978,0.1258,1.2627,6.0209
38979,0.1258,1.2625,6.0027
38980,0.1258,1.2623,5.9845
38981,0.1258,1.2623,5.9845
38982,0.1258,1.2602,5.7840
38983,0.1258,1.2600,5.7658
38984,0.1258,1.2599,5.7476
38985,0.1258,1.2599,5.7476
38987,0.1258,1.2597,5.7294
38988,0.1258,1.2595,5.7111
38989,0.1258,1.2593,5.6929
38990,0.1258,1.2591,5.6747
38991,0.1256,1.2591,5.6747
38992,0.1258,1.2589,5.6565
38993,0.1256,1.2589,5.6565
38994,0.1256,1.2587,5.6383
38995,0.1256,1.2585,5.6201
38996,0.1256,1.2585,5.6201
38997,0.1256,1.2585,5.6201
38998,0.1256,1.2582,5.5836
38999,0.1256,1.2584,5.6019
39000,0.1256,1.2584,5.6019
39001,0.1256,1.2582,5.5836
39002,0.1256,1.2580,5.5654
39003,0.1256,1.2580,5.5654
39004,0.1256,1.2580,5.5654
39005,0.1256,1.2580,5.5654
39007,0.1256,1.2580,5.5654
39008,0.1256,1.2578,5.5472
39009,0.1254,1.2578,5.5472
39010,0.1256,1.2576,5.5290
39011,0.1256,1.2576,5.5290
39012,0.1256,1.2576,5.5290
39013,0.1256,1.2576,5.5290
39014,0.1256,1.2576,5.5290
39015,0.1254,1.2574,5.5108
39016,0.1256,1.2574,5.5108
39017,0.1254,1.2574,5.5108
39018,0.1256,1.2572,5.4926
39019,0.1256,1.2576,5.5290
39020,0.1256,1.2576,5.5290
39021,0.1256,1.2580,5.5654
39022,0.1256,1.2582,5.5836
39023,0.1256,1.2585,5.6201
39024,0.1256,1.2589,5.6565
39025,0.1256,1.2593,5.6929
39026,0.1258,1.2597,5.7294
39028,0.1258,1.2602,5.7840
39029,0.1258,1.2602,5.7840
39030,0.1260,1.2610,5.8569
39031,0.1260,1.2614,5.8933
39032,0.1260,1.2617,5.9298
39033,0.1260,1.2617,5.9298
39034,0.1260,1.2619,5.9480
39035,0.1260,1.2621,5.9662
39036,0.1260,1.2623,5.9845
39037,0.1260,1.2625,6.0027
39038,0.1260,1.2627,6.0209
39039,0.1260,1.2630,6.0574
39040,0.1262,1.2632,6.0756
39041,0.1262,1.2636,6.1121
39042,0.1262,1.2659,6.3310
39043,0.1262,1.2662,6.3675
39044,0.1262,1.2666,6.4040
39045,0.1262,1.2668,6.4222
39047,0.1262,1.2670,6.4405
39048,0.1262,1.2670,6.4405
39049,0.1262,1.2668,6.4222
39050,1.2668,0.1262,-87.9097
39051,0.1262,1.2666,6.4040
39052,0.1262,1.2666,6.4040
39053,0.1262,1.2666,6.4040
39054,0.1262,1.2664,6.3857
39055,0.1262,1.2664,6.3857
39056,0.1262,1.2662,6.3675
39057,0.1262,1.2662,6.3675
39058,0.1262,1.2649,6.2398
39059,0.1262,1.2638,6.1303
39060,0.1262,1.2640,6.1486
39061,0.1262,1.2640,6.1486
39062,0.1262,1.2638,6.1303
39063,0.1262,1.2638,6.1303
39064,0.1262,1.2636,6.1121
39065,0.1262,1.2636,6.1121
39067,0.1262,1.2634,6.0939
39068,0.1262,1.2634,6.0939
39069,0.1262,1.2634,6.0939
39070,0.1262,1.2630,6.0574
39071,0.1262,1.2630,6.0574
39072,0.1262,1.2632,6.0756
39073,0.1262,1.2632,6.0756
39074,0.1262,1.2630,6.0574
39075,0.1260,1.2630,6.0574
39076,0.1260,1.2630,6.0574
39077,0.1260,1.2629,6.0392
39078,0.1260,1.2629,6.0392
39079,0.1260,1.2627,6.0209
39080,0.1260,1.2623,5.9845
39081,0.1260,1.2625,6.0027
39082,0.1260,1.2625,6.0027
39083,0.1260,1.2625,6.0027
39084,0.1260,1.2623,5.9845
39085,0.1260,1.2623,5.9845
39086,0.1260,1.2621,5.9662
39088,0.1260,1.2621,5.9662
39089,0.1260,1.2621,5.9662
39090,0.1260,1.2619,5.9480
39091,0.1260,1.2619,5.9480
39092,0.1260,1.2617,5.9298
39093,0.1260,1.2617,5.9298
39094,0.1260,1.2617,5.9298
39095,0.1260,1.2615,5.9116
39096,0.1260,1.2615,5.9116
39097,0.1260,1.2615,5.9116
39098,0.1260,1.2615,5.9116
39099,0.1260,1.2615,5.9116
39100,0.1260,1.2615,5.9116
39101,0.1260,1.2617,5.9298
39102,0.1260,1.2621,5.9662
39103,0.1260,1.2623,5.9845
39104,0.1260,1.2627,6.0209
39105,0.1262,1.2630,6.0574
39106,0.1262,1.2632,6.0756
39108,0.1262,1.2636,6.1121
39109,0.1262,1.2640,6.1486
39110,0.1262,1.2644,6.1851
39111,0.1262,1.2647,6.2215
39112,0.1264,1.2649,6.2398
39113,0.1262,1.2651,6.2580
39114,0.1262,1.2670,6.4405
39115,0.1262,1.2672,6.4587
39116,0.1264,1.2675,6.4953
39117,0.1264,1.2679,6.5318
39118,0.1264,1.2683,6.5683
39119,0.1264,1.2685,6.5865
39120,0.1264,1.2687,6.6048
39121,0.1266,1.2692,6.6596
39122,0.1266,1.2694,6.6778
39123,0.1266,1.2698,6.7144
39124,0.1266,1.2700,6.7326
39125,0.1266,1.2698,6.7144
39126,0.1266,1.2698,6.7144
39128,0.1266,1.2696,6.6961
39129,0.1266,1.2696,6.6961
39130,0.1266,1.2694,6.6778
39131,0.1266,1.2690,6.6413
39132,1.2690,0.1266,-87.8841
39133,0.1266,1.2692,6.6596
39134,0.1264,1.2690,6.6413
39135,0.1264,1.2689,6.6231
39136,0.1264,1.2689,6.6231
39137,0.1264,1.2689,6.6231
39138,0.1264,1.2685,6.5865
39139,0.1264,1.2685,6.5865
39140,0.1264,1.2683,6.5683
39141,0.1264,1.2683,6.5683
39142,0.1264,1.2681,6.5500
39143,0.1264,1.2679,6.5318
39144,0.1264,1.2679,6.5318
39145,0.1264,1.2677,6.5135
39146,0.1264,1.2675,6.4953
39148,0.1262,1.2675,6.4953
39149,0.1264,1.2675,6.4953
39150,0.1262,1.2674,6.4770
39151,0.1262,1.2670,6.4405
39152,0.1262,1.2672,6.4587
39153,0.1262,1.2672,6.4587
39154,0.1262,1.2670,6.4405
39155,0.1262,1.2670,6.4405
39156,0.1262,1.2670,6.4405
39157,0.1262,1.2670,6.4405
39158,0.1262,1.2668,6.4222
39159,0.1262,1.2668,6.4222
39160,0.1262,1.2668,6.4222
39161,0.1262,1.2666,6.4040
39162,0.1262,1.2666,6.4040
39163,0.1262,1.2664,6.3857
39164,0.1262,1.2662,6.3675
39165,0.1262,1.2662,6.3675
39166,0.1262,1.2660,6.3492
39168,0.1262,1.2659,6.3310
39169,0.1260,1.2657,6.3128
39170,0.1262,1.2657,6.3128
39171,0.1260,1.2653,6.2763
39172,0.1260,1.2655,6.2945
39173,0.1260,1.2653,6.2763
39174,0.1260,1.2632,6.0756
39175,0.1262,1.2632,6.0756
39176,0.1262,1.2630,6.0574
39177,0.1262,1.2630,6.0574
39178,0.1260,1.2629,6.0392
39179,0.1262,1.2630,6.0574
39180,0.1262,1.2632,6.0756
39181,0.1260,0.1260,-87.9224
39182,0.1262,1.2638,6.1303
39183,0.1262,1.2642,6.1668
39184,0.1262,1.2644,6.1851
39185,0.1262,1.2649,6.2398
39186,0.1264,1.2653,6.2763
39188,0.1264,1.2657,6.3128
39189,0.1264,1.2660,6.3492
39190,0.1264,1.2666,6.4040
39191,0.1266,1.2666,6.4040
39192,0.1266,1.2672,6.4587
39193,0.1266,1.2674,6.4770
39194,0.1266,1.2677,6.5135
39195,0.1266,1.2679,6.5318
39196,0.1266,1.2683,6.5683
39197,0.1268,1.2687,6.6048
39198,0.1268,1.2690,6.6413
39199,0.1268,1.2696,6.6961
39200,0.1268,1.2698,6.7144
39201,0.1268,1.2702,6.7509
39202,0.1268,1.2705,6.7874
39203,0.1269,1.2707,6.8057
39204,0.1269,1.2707,6.8057
39205,0.1269,1.2707,6.8057
39206,0.1268,1.2705,6.7874
39208,0.1268,1.2705,6.7874
39209,0.1268,1.2704,6.7692
39210,0.1268,1.2702,6.7509
39211,0.1268,1.2702,6.7509
39212,0.1268,1.2700,6.7326
39213,0.1268,1.2698,6.7144
39214,0.1268,1.2696,6.6961
39215,0.1268,1.2694,6.6778
39216,0.1268,1.2692,6.6596
39217,0.1268,1.2690,6.6413
39218,0.1268,1.2690,6.6413
39219,0.1268,1.2689,6.6231
39220,0.1268,1.2687,6.6048
39221,0.1268,1.2687,6.6048
39222,0.1268,1.2687,6.6048
39223,0.1268,1.2685,6.5865
39224,0.1266,1.2685,6.5865
39225,0.1266,1.2683,6.5683
39226,0.1266,1.2683,6.5683
39228,0.1266,1.2681,6.5500
39229,0.1266,1.2681,6.5500
39230,0.1266,1.2679,6.5318
39231,0.1266,1.2679,6.5318
39232,0.1266,1.2677,6.5135
39233,0.1266,1.2677,6.5135
39234,0.1266,1.2694,6.6778
39235,0.1266,1.2694,6.6778
39236,0.1266,1.2692,6.6596
39237,0.1266,1.2692,6.6596
39238,0.1266,1.2690,6.6413
39239,0.1266,1.2690,6.6413
39240,0.1264,1.2690,6.6413
39241,0.1264,1.2690,6.6413
39242,0.1264,1.2689,6.6231
39243,0.1264,1.2689,6.6231
39244,0.1264,1.2683,6.5683
39245,0.1264,1.2687,6.6048
39246,0.1264,1.2685,6.5865
39248,0.1264,1.2683,6.5683
39249,0.1264,1.2683,6.5683
39250,0.1264,1.2681,6.5500
39251,0.1264,1.2659,6.3310
39252,0.1264,1.2659,6.3310
39253,0.1264,1.2657,6.3128
39254,0.1264,1.2655,6.2945
39255,0.1264,1.2653,6.2763
39256,0.1262,1.2653,6.2763
39257,0.1264,1.2653,6.2763
39258,0.1264,1.2653,6.2763
39259,0.1264,1.2655,6.2945
39260,0.1264,1.2657,6.3128
39261,0.1264,1.2659,6.3310
39262,0.1264,1.2662,6.3675
39263,0.1264,1.2664,6.3857
39264,0.1266,1.2668,6.4222
39265,0.1266,1.2672,6.4587
39266,0.1266,1.2670,6.4405
39267,0.1266,1.2677,6.5135
39269,0.1266,1.2679,6.5318
39270,0.1266,1.2681,6.5500
39271,0.1266,1.2683,6.5683
39272,0.1266,1.2685,6.5865
39273,0.1268,1.2687,6.6048
39274,0.1268,1.2689,6.6231
39275,0.1268,1.2690,6.6413
39276,0.1268,1.2694,6.6778
39277,0.1268,1.2696,6.6961
39278,0.1268,1.2702,6.7509
39279,0.1268,1.2705,6.7874
39280,0.1269,1.2709,6.8240
39281,0.1269,1.2711,6.8423
39282,0.1269,1.2711,6.8423
39283,0.1269,1.2711,6.8423
39284,0.1269,1.2709,6.8240
39285,0.1269,1.2707,6.8057
39286,0.1269,1.2707,6.8057
39287,0.1268,1.2704,6.7692
39289,0.1269,1.2702,6.7509
39290,0.1268,1.2702,6.7509
39291,0.1268,1.2698,6.7144
39292,0.1268,1.2696,6.6961
39293,0.1268,1.2694,6.6778
39294,0.1268,1.2692,6.6596
39295,0.1268,1.2690,6.6413
39296,0.1266,1.2689,6.6231
39297,0.1266,1.2687,6.6048
39298,0.1266,1.2685,6.5865
39299,0.1266,1.2683,6.5683
39300,0.1266,1.2681,6.5500
39301,0.1266,1.2681,6.5500
39302,0.1266,1.2679,6.5318
39303,0.1266,1.2677,6.5135
39304,0.1266,1.2675,6.4953
39305,0.1266,1.2675,6.4953
39306,0.1266,1.2674,6.4770
39307,0.1266,1.2672,6.4587
39309,0.1266,1.2670,6.4405
39310,0.1266,1.2670,6.4405
39311,0.1264,1.2687,6.6048
39312,0.1264,1.2687,6.6048
39313,0.1264,1.2687,6.6048
39314,0.1264,1.2685,6.5865
39315,0.1264,1.2685,6.5865
39316,0.1264,1.2683,6.5683
39317,0.1264,1.2683,6.5683
39318,0.1264,1.2683,6.5683
39319,0.1264,0.1264,-87.8969
39320,0.1264,1.2681,6.5500
39321,0.1264,1.2681,6.5500
39322,0.1264,1.2679,6.5318
39323,0.1264,1.2679,6.5318
39324,0.1264,1.2679,6.5318
39325,0.1264,1.2679,6.5318
39326,0.1264,1.2659,6.3310
39328,0.1264,1.2659,6.3310
39329,0.1264,1.2657,6.3128
39330,0.1264,1.2655,6.2945
39331,0.1264,1.2655,6.2945
39332,0.1264,1.2655,6.2945
39333,0.1264,1.2657,6.3128
39334,0.1264,1.2659,6.3310
39335,0.1264,1.2660,6.3492
39336,0.1264,1.2664,6.3857
39337,0.1266,1.2666,6.4040
39338,0.1266,1.2672,6.4587
39339,0.1266,1.2674,6.4770
39340,0.1266,1.2677,6.5135
39341,0.1266,1.2683,6.5683
39342,0.1266,1.2687,6.6048
39343,0.1268,1.2690,6.6413
39344,0.1268,1.2692,6.6596
39345,0.1268,1.2696,6.6961
39346,0.1268,1.2698,6.7144
39348,0.1268,1.2702,6.7509
39349,0.1268,1.2705,6.7874
39350,0.1269,1.2709,6.8240
39351,0.1269,1.2709,6.8240
39352,0.1269,1.2717,6.8971
39353,0.1269,1.2720,6.9336
39354,0.1269,1.2722,6.9519
39355,0.1271,1.2722,6.9519
39356,0.1269,1.2720,6.9336
39357,0.1269,1.2720,6.9336
39358,0.1269,1.2719,6.9153
39359,0.1269,1.2717,6.8971
39360,0.1269,1.2715,6.8788
39361,0.1269,1.2713,6.8605
39362,0.1269,1.2713,6.8605
39363,0.1269,1.2711,6.8423
39364,0.1269,1.2709,6.8240
39365,0.1269,1.2707,6.8057
39367,0.1269,1.2707,6.8057
39368,0.1269,1.2705,6.7874
39369,0.1268,1.2705,6.7874
39370,0.1268,1.2704,6.7692
39371,0.1268,1.2704,6.7692
39372,0.1268,1.2702,6.7509
39373,0.1268,1.2702,6.7509
39374,0.1268,1.2700,6.7326
39375,0.1268,1.2700,6.7326
39376,0.1268,1.2700,6.7326
39377,0.1268,1.2698,6.7144
39378,0.1268,1.2696,6.6961
39379,0.1268,1.2696,6.6961
39380,0.1268,1.2696,6.6961
39381,0.1268,1.2694,6.6778
39382,0.1268,1.2694,6.6778
39383,0.1268,1.2694,6.6778
39384,0.1268,1.2692,6.6596
39385,0.1268,1.2690,6.6413
39387,0.1268,1.2709,6.8240
39388,0.1266,1.2707,6.8057
39389,0.1266,1.2707,6.8057
39390,0.1266,1.2707,6.8057
39391,0.1266,1.2705,6.7874
39392,0.1266,1.2705,6.7874
39393,0.1266,1.2698,6.7144
39394,0.1266,1.2702,6.7509
39395,0.1266,1.2702,6.7509
39396,0.1266,1.2700,6.7326
39397,0.1266,1.2700,6.7326
39398,0.1266,1.2698,6.7144
39399,0.1266,1.2698,6.7144
39400,0.1266,1.2700,6.7326
39401,0.1266,1.2700,6.7326
39402,0.1266,1.2683,6.5683
39403,0.1266,1.2683,6.5683
39404,0.1268,1.2689,6.6231
39405,0.1268,1.2692,6.6596
39407,0.1268,1.2696,6.6961
39408,0.1268,1.2698,6.7144
39409,0.1268,1.2702,6.7509
39410,0.1268,1.2705,6.7874
39411,0.1269,1.2707,6.8057
39412,0.1269,1.2709,6.8240
39413,0.1269,1.2709,6.8240
39414,0.1269,1.2713,6.8605
39415,0.1269,1.2719,6.9153
39416,0.1271,1.2722,6.9519
39417,0.1271,1.2726,6.9885
39418,0.1271,1.2730,7.0250
39419,0.1271,1.2732,7.0433
39420,0.1271,1.2734,7.0616
39421,0.1271,1.2734,7.0616
39422,0.1271,1.2734,7.0616
39423,0.1271,1.2732,7.0433
39424,0.1271,1.2730,7.0250
39425,0.1271,1.2730,7.0250
39427,0.1271,1.2728,7.0067
39428,0.1271,1.2726,6.9885
39429,0.1271,1.2726,6.9885
39430,0.1271,1.2724,6.9702
39431,0.1271,1.2722,6.9519
39432,0.1269,1.2720,6.9336
39433,0.1271,1.2719,6.9153
39434,0.1269,1.2720,6.9336
39435,0.1269,1.2717,6.8971
39436,0.1269,1.2717,6.8971
39437,0.1269,1.2719,6.9153
39438,0.1269,1.2717,6.8971
39439,0.1269,1.2715,6.8788
39440,0.1269,1.2713,6.8605
39441,0.1269,1.2713,6.8605
39442,0.1269,1.2711,6.8423
39443,0.1269,1.2709,6.8240
39444,0.1269,1.2709,6.8240
39446,0.1269,1.2707,6.8057
39447,0.1269,1.2705,6.7874
39448,0.1268,1.2704,6.7692
39449,0.1268,1.2704,6.7692
39450,0.1268,1.2702,6.7509
39451,0.1268,1.2700,6.7326
39452,0.1268,1.2698,6.7144
39453,0.1268,1.2698,6.7144
39454,0.1268,1.2696,6.6961
39455,0.1268,1.2696,6.6961
39456,0.1268,1.2692,6.6596
39457,0.1268,1.2692,6.6596
39458,0.1268,1.2709,6.8240
39459,0.1266,1.2709,6.8240
39460,0.1266,1.2707,6.8057
39461,0.1266,1.2705,6.7874
39462,0.1266,1.2705,6.7874
39463,0.1266,1.2705,6.7874
39464,0.1266,1.2705,6.7874
39466,0.1266,1.2705,6.7874
39467,0.1266,1.2707,6.8057
39468,0.1268,1.2709,6.8240
39469,0.1268,1.2711,6.8423
39470,0.1268,1.2717,6.8971
39471,0.1268,1.2720,6.9336
39472,0.1268,1.2724,6.9702
39473,0.1268,1.2728,7.0067
39474,0.1269,1.2732,7.0433
39475,0.1269,1.2734,7.0616
39476,0.1269,1.2737,7.0981
39477,0.1269,1.2739,7.1164
39478,0.1269,1.2745,7.1713
39479,0.1269,1.2749,7.2079
39480,0.1271,1.2752,7.2445
39481,0.1271,1.2756,7.2810
39482,0.1271,1.2762,7.3359
39483,0.1271,1.2764,7.3542
39485,0.1271,1.2764,7.3542
39486,0.1271,1.2764,7.3542
39487,0.1271,1.2762,7.3359
39488,0.1271,1.2741,7.1347
39489,0.1271,1.2760,7.3176
39490,0.1271,1.2758,7.2993
39491,0.1271,1.2756,7.2810
39492,0.1271,0.1271,-87.8458
39493,0.1271,1.2754,7.2627
39494,0.1271,1.2752,7.2445
39495,0.1271,1.2750,7.2262
39496,0.1269,1.2750,7.2262
39497,0.1271,1.2749,7.2079
39498,0.1269,1.2745,7.1713
39499,0.1269,1.2745,7.1713
39500,0.1269,1.2745,7.1713
39501,0.1269,1.2743,7.1530
39502,0.1269,1.2741,7.1347
39503,0.1269,1.2741,7.1347
39505,0.1269,1.2720,6.9336
39506,0.1269,1.2719,6.9153
39507,0.1269,1.2717,6.8971
39508,0.1269,1.2717,6.8971
39509,0.1269,1.2717,6.8971
39510,0.1269,1.2715,6.8788
39511,0.1269,1.2715,6.8788
39512,0.1269,1.2715,6.8788
39513,0.1269,1.2713,6.8605
39514,0.1269,1.2711,6.8423
39515,0.1269,1.2711,6.8423
39516,0.1269,1.2711,6.8423
39517,0.1269,1.2709,6.8240
39518,0.1269,1.2707,6.8057
39519,0.1269,1.2707,6.8057
39520,0.1269,1.2707,6.8057
39521,0.1269,1.2702,6.7509
39522,0.1268,1.2705,6.7874
39523,0.1268,1.2704,6.7692
39525,0.1268,1.2702,6.7509
39526,0.1268,1.2702,6.7509
39527,0.1268,1.2700,6.7326
39528,0.1268,1.2700,6.7326
39529,0.1268,1.2700,6.7326
39530,0.1268,1.2702,6.7509
39531,0.1268,1.2700,6.7326
39532,0.1268,1.2705,6.7874
39533,0.1269,1.2707,6.8057
39534,0.1269,1.2711,6.8423
39535,0.1269,1.2715,6.8788
39536,0.1269,1.2719,6.9153
39537,0.1269,1.2722,6.9519
39538,0.1271,1.2726,6.9885
39539,0.1271,1.2728,7.0067
39540,0.1271,1.2732,7.0433
39541,0.1271,1.2735,7.0799
39542,0.1271,1.2739,7.1164
39543,0.1271,1.2743,7.1530
39545,0.1273,1.2747,7.1896
39546,0.1273,1.2750,7.2262
39547,0.1273,1.2756,7.2810
39548,0.1273,1.2758,7.2993
39549,0.1273,1.2760,7.3176
39550,0.1273,1.2760,7.3176
39551,0.1273,1.2760,7.3176
39552,0.1273,1.2758,7.2993
39553,0.1273,1.2756,7.2810
39554,0.1273,1.2754,7.2627
39555,0.1273,1.2752,7.2445
39556,0.1273,1.2750,7.2262
39557,0.1273,1.2749,7.2079
39558,0.1273,1.2749,7.2079
39559,0.1273,1.2747,7.1896
39560,0.1273,1.2745,7.1713
39561,0.1271,1.2743,7.1530
39562,0.1271,1.2741,7.1347
39563,0.1273,1.2739,7.1164
39565,0.1271,1.2758,7.2993
39566,0.1271,1.2756,7.2810
39567,0.1271,1.2756,7.2810
39568,0.1271,1.2756,7.2810
39569,0.1271,1.2754,7.2627
39570,0.1271,1.2754,7.2627
39571,0.1271,1.2752,7.2445
39572,0.1271,1.2750,7.2262
39573,0.1271,1.2752,7.2445
39574,0.1271,1.2750,7.2262
39575,0.1269,1.2749,7.2079
39576,0.1269,1.2749,7.2079
39577,0.1269,1.2749,7.2079
39578,0.1269,1.2747,7.1896
39579,0.1269,1.2747,7.1896
39580,0.1271,1.2726,6.9885
39581,0.1271,1.2726,6.9885
39582,0.1271,1.2724,6.9702
39583,0.1271,1.2722,6.9519
39585,0.1269,1.2720,6.9336
39586,0.1269,1.2720,6.9336
39587,0.1269,1.2720,6.9336
39588,0.1271,1.2719,6.9153
39589,0.1269,1.2717,6.8971
39590,0.1269,1.2715,6.8788
39591,0.1269,1.2715,6.8788
39592,0.1269,1.2715,6.8788
39593,0.1269,1.2715,6.8788
39594,0.1269,1.2713,6.8605
39595,0.1269,1.2719,6.9153
39596,0.1269,1.2720,6.9336
39597,0.1269,1.2722,6.9519
39598,0.1269,1.2726,6.9885
39599,0.1271,1.2730,7.0250
39600,0.1271,1.2734,7.0616
39601,0.1271,1.2735,7.0799
39602,0.1271,1.2737,7.0981
39603,0.1271,1.2739,7.1164
39605,0.1273,1.2743,7.1530
39606,0.1273,1.2747,7.1896
39607,0.1273,1.2750,7.2262
39608,0.1273,1.2754,7.2627
39609,0.1273,1.2756,7.2810
39610,0.1273,1.2762,7.3359
39611,0.1275,1.2764,7.3542
39612,0.1275,1.2764,7.3542
39613,0.1275,1.2765,7.3725
39614,0.1275,1.2762,7.3359
39615,0.1275,1.2762,7.3359
39616,0.1273,1.2762,7.3359
39617,0.1273,1.2762,7.3359
39618,0.1273,1.2760,7.3176
39619,0.1273,1.2758,7.2993
39620,0.1273,1.2758,7.2993
39621,0.1273,1.2756,7.2810
39622,0.1273,1.2754,7.2627
39623,0.1273,1.2752,7.2445
39625,0.1273,1.2752,7.2445
39626,0.1273,1.2750,7.2262
39627,0.1273,1.2749,7.2079
39628,0.1273,1.2747,7.1896
39629,0.1271,1.2747,7.1896
39630,0.1273,1.2743,7.1530
39631,0.1273,1.2743,7.1530
39632,0.1271,1.2741,7.1347
39633,0.1271,1.2739,7.1164
39634,0.1271,1.2735,7.0799
39635,0.1271,1.2737,7.0981
39636,0.1271,1.2735,7.0799
39637,0.1271,1.2734,7.0616
39638,0.1271,1.2734,7.0616
39639,0.1271,1.2734,7.0616
39640,0.1271,1.2749,7.2079
39641,0.1271,1.2749,7.2079
39642,0.1269,1.2749,7.2079
39644,0.1271,1.2745,7.1713
39645,0.1269,1.2749,7.2079
39646,0.1271,1.2747,7.1896
39647,0.1269,1.2747,7.1896
39648,0.1269,1.2745,7.1713
39649,0.1269,1.2745,7.1713
39650,0.1269,1.2743,7.1530
39651,0.1269,1.2741,7.1347
39652,0.1269,1.2741,7.1347
39653,0.1269,1.2741,7.1347
39654,0.1269,1.2741,7.1347
39655,0.1269,1.2745,7.1713
39656,0.1269,1.2728,7.0067
39657,0.1271,1.2730,7.0250
39658,0.1271,1.2734,7.0616
39659,0.1271,1.2739,7.1164
39660,0.1271,1.2743,7.1530
39661,0.1273,1.2747,7.1896
39662,0.1273,1.2749,7.2079
39663,0.1273,1.2750,7.2262
39665,0.1273,1.2752,7.2445
39666,0.1273,1.2758,7.2993
39667,0.1273,1.2760,7.3176
39668,0.1275,1.2765,7.3725
39669,0.1275,1.2769,7.4091
39670,0.1275,1.2773,7.4457
39671,0.1275,1.2777,7.4823
39672,0.1275,1.2779,7.5006
39673,0.1277,1.2780,7.5189
39674,0.1277,1.2779,7.5006
39675,0.1277,1.2779,7.5006
39676,0.1275,1.2777,7.4823
39677,0.1275,1.2775,7.4640
39678,0.1275,1.2773,7.4457
39679,0.1275,1.2773,7.4457
39680,0.1275,1.2771,7.4274
39681,0.1275,1.2769,7.4091
39682,0.1275,1.2767,7.3908
39683,0.1275,1.2765,7.3725
39685,0.1275,1.2764,7.3542
39686,0.1275,1.2764,7.3542
39687,0.1273,1.2762,7.3359
39688,0.1275,1.2762,7.3359
39689,0.1273,1.2760,7.3176
39690,0.1273,1.2758,7.2993
39691,0.1273,1.2756,7.2810
39692,0.1273,1.2756,7.2810
39693,0.1273,1.2754,7.2627
39694,0.1273,1.2754,7.2627
39695,0.1273,1.2752,7.2445
39696,0.1273,1.2750,7.2262
39697,0.1273,1.2750,7.2262
39698,0.1273,1.2749,7.2079
39699,0.1273,1.2747,7.1896
39700,0.1273,1.2747,7.1896
39701,0.1273,1.2745,7.1713
39702,0.1273,1.2745,7.1713
39703,0.1271,1.2745,7.1713
39705,0.1271,1.2743,7.1530
39706,0.1271,1.2743,7.1530
39707,0.1271,1.2741,7.1347
39708,0.1273,1.2739,7.1164
39709,0.1271,1.2739,7.1164
39710,0.1271,1.2739,7.1164
39711,0.1271,1.2737,7.0981
39712,0.1271,1.2737,7.0981
39713,0.1271,1.2735,7.0799
39714,0.1271,1.2735,7.0799
39715,0.1271,1.2732,7.0433
39716,0.1271,1.2735,7.0799
39717,0.1271,1.2754,7.2627
39718,0.1271,1.2756,7.2810
39719,0.1271,1.2758,7.2993
39720,0.1271,1.2762,7.3359
39721,0.1271,1.2764,7.3542
39722,0.1273,1.2767,7.3908
39723,0.1273,1.2773,7.4457
39724,0.1273,1.2777,7.4823
39726,0.1273,1.2780,7.5189
39727,0.1273,1.2784,7.5555
39728,0.1273,1.2786,7.5738
39729,0.1275,1.2790,7.6105
39730,0.1275,1.2792,7.6288
39731,0.1275,1.2795,7.6654
39732,0.1275,1.2799,7.7020
39733,0.1275,1.2805,7.7570
39734,0.1277,1.2809,7.7936
39735,0.1277,1.2810,7.8119
39736,0.1277,1.2816,7.8669
39737,0.1277,1.2820,7.9035
39738,0.1277,1.2820,7.9035
39739,0.1277,1.2820,7.9035
39740,0.1277,1.2818,7.8852
39741,0.1277,1.2818,7.8852
39742,0.1277,1.2818,7.8852
39743,0.1277,1.2816,7.8669
39745,0.1277,1.2814,7.8486
39746,0.1277,1.2812,7.8302
39747,0.1277,1.2792,7.6288
39748,0.1277,1.2792,7.6288
39749,0.1277,1.2790,7.6105
39750,0.1277,1.2788,7.5922
39751,0.1277,1.2786,7.5738
39752,0.1277,1.2786,7.5738
39753,0.1277,1.2786,7.5738
39754,0.1275,1.2784,7.5555
39755,0.1277,1.2782,7.5372
39756,0.1277,1.2782,7.5372
39757,0.1275,1.2780,7.5189
39758,0.1275,1.2779,7.5006
39759,0.1275,1.2779,7.5006
39760,0.1275,1.2777,7.4823
39761,0.1275,1.2777,7.4823
39762,0.1275,1.2777,7.4823
39763,0.1275,1.2775,7.4640
39765,0.1275,1.2775,7.4640
39766,0.1275,1.2773,7.4457
39767,0.1275,1.2771,7.4274
39768,0.1275,1.2771,7.4274
39769,0.1275,1.2771,7.4274
39770,0.1275,1.2769,7.4091
39771,0.1275,1.2769,7.4091
39772,0.1275,1.2767,7.3908
39773,0.1275,1.2767,7.3908
39774,0.1275,1.2765,7.3725
39775,0.1275,1.2765,7.3725
39776,0.1275,1.2764,7.3542
39777,0.1275,1.2764,7.3542
39778,0.1275,1.2762,7.3359
39779,0.1273,1.2762,7.3359
39780,0.1273,1.2760,7.3176
39781,0.1273,1.2760,7.3176
39782,0.1273,1.2760,7.3176
39783,0.1273,1.2758,7.2993
39784,0.1273,1.2758,7.2993
39786,0.1275,1.2756,7.2810
39787,0.1273,1.2760,7.3176
39788,0.1273,1.2762,7.3359
39789,0.1273,1.2782,7.5372
39790,0.1275,1.2786,7.5738
39791,0.1275,1.2790,7.6105
39792,0.1275,1.2792,7.6288
39793,0.1275,1.2795,7.6654
39794,0.1275,1.2799,7.7020
39795,0.1275,1.2803,7.7387
39796,0.1277,1.2801,7.7203
39797,0.1277,1.2807,7.7753
39798,0.1277,1.2809,7.7936
39799,0.1277,1.2812,7.8302
39800,0.1277,1.2814,7.8486
39801,0.1277,1.2816,7.8669
39802,0.1277,1.2820,7.9035
39803,0.1279,1.2825,7.9585
39804,0.1279,1.2827,7.9768
39806,0.1277,1.2833,8.0318
39807,0.1279,1.2831,8.0135
39808,0.1279,1.2839,8.0868
39809,0.1279,1.2839,8.0868
39810,0.1279,1.2839,8.0868
39811,0.1279,1.2837,8.0685
39812,0.1279,1.2837,8.0685
39813,0.1279,1.2837,8.0685
39814,0.1279,1.2835,8.0502
39815,0.1279,1.2833,8.0318
39816,0.1279,1.2831,8.0135
39817,0.1279,1.2831,8.0135
39818,0.1279,1.2827,7.9768
39819,0.1277,1.2827,7.9768
39820,0.1279,1.2825,7.9585
39821,0.1279,1.2825,7.9585
39822,0.1277,1.2824,7.9402
39823,0.1279,1.2822,7.9219
39824,0.1277,1.2822,7.9219
39826,0.1279,1.2820,7.9035
39827,0.1277,1.2816,7.8669
39828,0.1277,1.2818,7.8852
39829,0.1277,1.2818,7.8852
39830,0.1277,1.2816,7.8669
39831,0.1277,1.2814,7.8486
39832,0.1277,1.2812,7.8302
39833,0.1277,1.2814,7.8486
39834,0.1277,1.2810,7.8119
39835,0.1277,1.2792,7.6288
39836,0.1277,1.2790,7.6105
39837,0.1277,1.2788,7.5922
39838,0.1277,1.2788,7.5922
39839,0.1277,1.2786,7.5738
39840,0.1277,1.2784,7.5555
39841,0.1277,1.2782,7.5372
39842,0.1277,1.2782,7.5372
39843,0.1277,1.2779,7.5006
39844,0.1275,1.2777,7.4823
39846,0.1275,1.2775,7.4640
39847,0.1275,1.2773,7.4457
39848,0.1275,1.2767,7.3908
39849,0.1275,1.2769,7.4091
39850,0.1275,1.2767,7.3908
39851,0.1275,1.2765,7.3725
39852,0.1273,1.2764,7.3542
39853,0.1273,1.2762,7.3359
39854,0.1273,1.2760,7.3176
39855,0.1273,1.2758,7.2993
39856,0.1273,1.2758,7.2993
39857,0.1273,1.2756,7.2810
39858,0.1273,1.2756,7.2810
39859,0.1273,1.2756,7.2810
39860,0.1273,1.2758,7.2993
39861,0.1273,1.2760,7.3176
39862,0.1275,1.2764,7.3542
39863,0.1275,1.2765,7.3725
39864,0.1275,1.2769,7.4091
39866,0.1275,1.2773,7.4457
39867,0.1277,1.2779,7.5006
39868,0.1277,1.2780,7.5189
39869,0.1277,1.2780,7.5189
39870,0.1277,1.2788,7.5922
39871,0.1277,1.2790,7.6105
39872,0.1277,1.2794,7.6471
39873,0.1277,1.2795,7.6654
39874,0.1277,1.2799,7.7020
39875,0.1279,1.2803,7.7387
39876,0.1279,1.2807,7.7753
39877,0.1279,1.2810,7.8119
39878,0.1279,1.2814,7.8486
39879,0.1279,1.2818,7.8852
39880,1.2818,0.1281,-87.7820
39881,0.1281,1.2820,7.9035
39882,0.1281,1.2820,7.9035
39883,0.1281,1.2820,7.9035
39884,0.1279,1.2818,7.8852
39886,0.1279,1.2816,7.8669
39887,0.1279,1.2814,7.8486
39888,0.1279,1.2812,7.8302
39889,0.1279,1.2810,7.8119
39890,0.1279,1.2810,7.8119
39891,0.1279,1.2807,7.7753
39892,0.1279,1.2807,7.7753
39893,0.1279,1.2805,7.7570
39894,0.1279,1.2803,7.7387
39895,0.1277,1.2818,7.8852
39896,0.1277,1.2818,7.8852
39897,0.1277,1.2818,7.8852
39898,0.1277,1.2816,7.8669
39899,0.1277,1.2816,7.8669
39900,0.1277,1.2812,7.8302
39901,0.1277,1.2809,7.7936
39902,0.1277,1.2810,7.8119
39903,0.1277,1.2809,7.7936
39904,0.1277,1.2809,7.7936
39905,0.1277,1.2809,7.7936
39907,0.1275,1.2807,7.7753
39908,0.1277,1.2805,7.7570
39909,0.1277,1.2805,7.7570
39910,0.1277,1.2805,7.7570
39911,0.1277,1.2784,7.5555
39912,0.1275,1.2784,7.5555
39913,0.1277,1.2784,7.5555
39914,0.1277,1.2782,7.5372
39915,0.1277,1.2782,7.5372
39916,0.1275,1.2782,7.5372
39917,0.1277,1.2780,7.5189
39918,0.1277,1.2779,7.5006
39919,0.1275,1.2779,7.5006
39920,0.1275,1.2777,7.4823
39921,0.1275,1.2775,7.4640
39922,0.1275,1.2775,7.4640
39923,0.1275,1.2773,7.4457
39924,0.1275,1.2771,7.4274
39925,0.1275,1.2771,7.4274
39927,0.1275,1.2769,7.4091
39928,0.1273,1.2767,7.3908
39929,0.1275,1.2767,7.3908
39930,0.1275,1.2767,7.3908
39931,0.1275,1.2767,7.3908
39932,0.1275,1.2769,7.4091
39933,0.1275,1.2769,7.4091
39934,0.1275,1.2773,7.4457
39935,0.1275,1.2775,7.4640
39936,0.1275,1.2779,7.5006
39937,0.1275,1.2782,7.5372
39938,0.1277,1.2784,7.5555
39939,0.1277,1.2788,7.5922
39940,0.1277,1.2792,7.6288
39941,0.1277,1.2794,7.6471
39942,0.1277,1.2797,7.6837
39943,0.1277,1.2799,7.7020
39944,0.1279,1.2803,7.7387
39946,0.1279,1.2805,7.7570
39947,0.1279,1.2809,7.7936
39948,0.1279,1.2814,7.8486
39949,0.1279,1.2818,7.8852
39950,0.1281,1.2822,7.9219
39951,0.1281,1.2825,7.9585
39952,0.1281,0.1281,-87.7820
39953,0.1281,1.2827,7.9768
39954,0.1281,1.2825,7.9585
39955,0.1281,1.2827,7.9768
39956,0.1281,1.2825,7.9585
39957,0.1281,1.2824,7.9402
39958,0.1281,1.2824,7.9402
39959,0.1281,1.2822,7.9219
39960,0.1281,1.2822,7.9219
39961,0.1281,1.2818,7.8852
39962,0.1279,1.2820,7.9035
39963,0.1279,1.2818,7.8852
39964,0.1281,1.2818,7.8852
39966,0.1281,1.2816,7.8669
39967,0.1279,1.2816,7.8669
39968,0.1279,1.2816,7.8669
39969,0.1279,1.2814,7.8486
39970,0.1279,1.2814,7.8486
39971,0.1279,1.2831,8.0135
39972,0.1279,1.2829,7.9952
39973,0.1279,1.2829,7.9952
39974,0.1279,1.2829,7.9952
39975,0.1279,1.2827,7.9768
39976,0.1279,1.2827,7.9768
39977,0.1279,1.2825,7.9585
39978,0.1279,1.2827,7.9768
39979,0.1279,1.2825,7.9585
39980,0.1279,1.2825,7.9585
39981,0.1277,1.2820,7.9035
39982,0.1279,1.2824,7.9402
39983,0.1277,1.2822,7.9219
39984,0.1277,1.2820,7.9035
39985,0.1277,1.2820,7.9035
39987,0.1279,1.2799,7.7020
39988,0.1279,1.2799,7.7020
39989,0.1277,1.2797,7.6837
39990,0.1277,1.2795,7.6654
39991,0.1277,1.2794,7.6471
39992,0.1277,1.2792,7.6288
39993,0.1277,1.2792,7.6288
39994,0.1277,1.2790,7.6105
39995,0.1277,1.2788,7.5922
39996,0.1277,1.2786,7.5738
39997,0.1277,1.2784,7.5555
39998,0.1277,1.2782,7.5372
39999,0.1277,1.2782,7.5372
40000,0.1277,1.2782,7.5372
40001,0.1277,1.2784,7.5555
40002,0.1277,1.2786,7.5738
40003,0.1277,1.2788,7.5922
40004,0.1277,1.2790,7.6105
40006,0.1277,1.2794,7.6471
40007,0.1277,1.2797,7.6837
40008,0.1279,1.2799,7.7020
40009,0.1279,1.2803,7.7387
40010,0.1279,1.2807,7.7753
40011,0.1279,0.1279,-87.7948
40012,0.1279,1.2810,7.8119
40013,0.1279,1.2812,7.8302
40014,0.1279,1.2814,7.8486
40015,0.1279,1.2818,7.8852
40016,0.1281,1.2820,7.9035
40017,0.1281,1.2825,7.9585
40018,0.1281,1.2827,7.9768
40019,0.1281,1.2831,8.0135
40020,0.1283,1.2835,8.0502
40021,0.1283,1.2837,8.0685
40022,0.1283,1.2839,8.0868
40023,0.1283,1.2837,8.0685
40024,0.1283,1.2837,8.0685
40026,0.1283,1.2835,8.0502
40027,0.1281,1.2835,8.0502
40028,0.1281,1.2833,8.0318
40029,0.1281,1.2833,8.0318
40030,0.1281,1.2831,8.0135
40031,0.1281,1.2827,7.9768
40032,0.1281,1.2829,7.9952
40033,0.1281,1.2827,7.9768
40034,0.1281,1.2827,7.9768
40035,0.1281,1.2825,7.9585
40036,0.1281,1.2825,7.9585
40037,0.1281,1.2824,7.9402
40038,0.1281,1.2824,7.9402
40039,0.1281,1.2822,7.9219
40040,0.1281,1.2822,7.9219
40041,0.1281,1.2820,7.9035
40042,0.1281,1.2820,7.9035
40043,0.1279,1.2818,7.8852
40045,0.1279,1.2818,7.8852
40046,0.1279,1.2816,7.8669
40047,0.1279,1.2833,8.0318
40048,0.1279,1.2833,8.0318
40049,0.1279,1.2833,8.0318
40050,0.1279,1.2831,8.0135
40051,0.1277,1.2829,7.9952
40052,0.1279,1.2829,7.9952
40053,0.1279,1.2827,7.9768
40054,0.1277,1.2825,7.9585
40055,0.1277,1.2824,7.9402
40056,0.1277,1.2822,7.9219
40057,0.1277,1.2818,7.8852
40058,0.1277,1.2818,7.8852
40059,0.1277,1.2816,7.8669
40060,0.1277,1.2814,7.8486
40061,0.1277,1.2812,7.8302
40062,0.1277,1.2809,7.7936
40063,0.1277,1.2788,7.5922
40064,0.1277,1.2786,7.5738
40066,0.1277,1.2784,7.5555
40067,0.1277,1.2780,7.5189
40068,0.1275,1.2779,7.5006
40069,0.1275,1.2777,7.4823
40070,0.1275,1.2775,7.4640
40071,0.1275,1.2773,7.4457
40072,0.1275,1.2771,7.4274
40073,0.1275,1.2771,7.4274
40074,0.1275,1.2771,7.4274
40075,0.1275,1.2771,7.4274
40076,0.1275,1.2773,7.4457
40077,0.1275,1.2775,7.4640
40078,0.1275,1.2777,7.4823
40079,0.1277,1.2780,7.5189
40080,0.1277,1.2784,7.5555
40081,0.1277,1.2784,7.5555
40082,0.1277,1.2790,7.6105
40083,0.1277,1.2792,7.6288
40084,0.1277,1.2794,7.6471
40086,0.1277,1.2795,7.6654
40087,0.1277,1.2795,7.6654
40088,0.1279,1.2797,7.6837
40089,0.1279,1.2799,7.7020
40090,0.1279,1.2801,7.7203
40091,0.1279,1.2805,7.7570
40092,0.1279,1.2807,7.7753
40093,0.1279,1.2812,7.8302
40094,0.1279,1.2814,7.8486
40095,0.1281,1.2818,7.8852
40096,0.1281,1.2824,7.9402
40097,0.1281,1.2825,7.9585
40098,0.1281,1.2827,7.9768
40099,0.1281,1.2825,7.9585
40100,0.1281,1.2825,7.9585
40101,0.1281,1.2818,7.8852
40102,0.1279,1.2805,7.7570
40103,0.1277,1.2792,7.6288
40104,0.1275,1.2779,7.5006
40106,0.1275,1.2760,7.3176
40107,0.1271,1.2735,7.0799
40108,0.1269,1.2709,6.8240
40109,0.1266,1.2685,6.5865
40110,0.1264,1.2655,6.2945
40111,0.1260,1.2625,6.0027
40112,0.1258,1.2595,5.7111
40113,0.1254,1.2563,5.4016
40114,0.1253,1.2531,5.0923
40115,0.1249,1.2497,4.7651
40116,0.1245,1.2464,4.4382
40117,0.1241,1.2432,4.1298
40118,0.1238,1.2415,3.9666
40119,0.1234,1.2385,3.6766
40120,0.1230,1.2351,3.3507
40121,0.1228,1.2317,3.0251
40122,0.1224,1.2285,2.7178
40123,0.1221,1.2250,2.3747
40124,0.1217,1.2220,2.0860
40126,0.1213,1.2186,1.7615
40127,0.1211,1.2154,1.4553
40128,0.1208,1.2120,1.1314
40129,0.1204,1.2083,0.7718
40130,0.1202,1.2055,0.5024
40131,0.1198,1.2023,0.1973
40132,0.1194,1.1991,-0.1076
40133,0.1191,1.1957,-0.4301
40134,0.1189,1.1925,-0.7344
40135,0.1185,1.1893,-1.0385
40136,0.1183,1.1860,-1.3602
40137,0.1179,1.1828,-1.6637
40138,0.1176,1.1796,-1.9670
40139,0.1172,1.1762,-2.2878
40140,0.1168,1.1730,-2.5905
40141,0.1166,1.1697,-2.9108
40142,0.1163,1.1667,-3.1952
40143,0.1159,1.1633,-3.5149
40144,0.1157,1.1603,-3.7988
40146,0.1153,1.1575,-4.0648
40147,0.1149,1.1543,-4.3660
40148,0.1148,1.1509,-4.6846
40149,0.1144,1.1479,-4.9676
40150,0.1142,1.1455,-5.1974
40151,0.1138,1.1427,-5.4623
40152,0.1136,1.1397,-5.7446
40153,0.1133,1.1368,-6.0091
40154,0.1131,1.1335,-6.3262
40155,0.1127,1.1310,-6.5551
40156,0.1123,1.1282,-6.8190
40157,0.1121,1.1256,-7.0651
40158,0.1119,1.1230,-7.3110
40159,0.1118,1.1205,-7.5392
40160,0.1114,1.1177,-7.8023
40161,0.1112,1.1153,-8.0301
40162,0.1108,1.1127,-8.2754
40163,0.1106,1.1097,-8.5554
40164,0.1104,1.1053,-8.9575
40166,0.1101,1.1027,-9.2021
40167,0.1099,1.1001,-9.4465
40168,0.1097,1.0973,-9.7081
40169,0.1093,1.0947,-9.9521
40170,0.1091,1.0918,-10.2134
40171,0.1088,1.0894,-10.4396
40172,0.1086,1.0870,-10.6657
40173,0.1084,1.0843,-10.9090
40174,0.1080,1.0819,-11.1348
40175,0.1078,1.0793,-11.3778
40176,0.1076,1.0768,-11.6032
40177,0.1073,1.0744,-11.8285
40178,0.1071,1.0720,-12.0537
40179,0.1069,1.0693,-12.2960
40180,0.1065,1.0669,-12.5208
40181,0.1063,1.0643,-12.7628
40182,0.1061,1.0617,-13.0046
40183,0.1058,1.0590,-13.2462
40185,0.1056,1.0564,-13.4876
40186,0.1052,1.0538,-13.7289
40187,0.1050,1.0513,-13.9528
40188,0.1048,1.0487,-14.1937
40189,0.1044,1.0461,-14.4344
40190,0.1043,1.0435,-14.6750
40191,0.1041,1.0410,-14.8982
40192,0.1037,1.0382,-15.1556
40193,0.1035,1.0358,-15.3785
40194,0.1033,1.0332,-15.6183
40195,0.1029,1.0305,-15.8580
40196,0.1028,1.0281,-16.0804
40197,0.1024,1.0257,-16.3027
40198,0.1022,1.0230,-16.5419
40199,0.1020,1.0206,-16.7638
40200,0.1016,1.0180,-17.0027
40201,0.1014,1.0153,-17.2413
40202,0.1011,1.0127,-17.4798
40203,0.1009,1.0099,-17.7352
40205,0.1007,1.0073,-17.9733
40206,0.1003,1.0047,-18.2112
40207,0.1001,1.0020,-18.4490
40208,0.0999,0.9996,-18.6696
40209,0.0996,0.9970,-18.9071
40210,0.0994,0.9945,-19.1274
40211,0.0992,0.9921,-19.3475
40212,0.0988,0.9897,-19.5675
40213,0.0986,0.9870,-19.8043
40214,0.0984,0.9848,-20.0071
40215,0.0981,0.9823,-20.2266
40216,0.0979,0.9799,-20.4460
40217,0.0977,0.9777,-20.6484
40218,0.0975,0.9752,-20.8675
40219,0.0971,0.9730,-21.0697
40220,0.0969,0.9709,-21.2548
40221,0.0968,0.9687,-21.4567
40222,0.0966,0.9664,-21.6584
40223,0.0964,0.9642,-21.8600
40225,0.0960,0.9642,-21.8600
40226,0.0958,0.9621,-22.0447
40227,0.0956,0.9598,-22.2461
40228,0.0954,0.9578,-22.4305
40229,0.0953,0.9557,-22.6149
40230,0.0951,0.9537,-22.7991
40231,0.0949,0.9514,-23.0000
40232,0.0947,0.9495,-23.1673
40233,0.0943,0.9473,-23.3679
40234,0.0941,0.9454,-23.5350
40235,0.0939,0.9433,-23.7187
40236,0.0938,0.9415,-23.8856
40237,0.0936,0.9394,-24.0691
40238,0.0934,0.9375,-24.2358
40239,0.0932,0.9358,-24.3858
40240,0.0930,0.9340,-24.5523
40241,0.0928,0.9297,-24.9351
40242,0.0928,0.9278,-25.1013
40243,0.0926,0.9259,-25.2675
40244,0.0924,0.9242,-25.4169
40246,0.0923,0.9225,-25.5663
40247,0.0921,0.9208,-25.7156
40248,0.0919,0.9190,-25.8815
40249,0.0917,0.9173,-26.0306
40250,0.0915,0.9156,-26.1797
40251,0.0913,0.9137,-26.3453
40252,0.0911,0.9120,-26.4942
40253,0.0909,0.9102,-26.6596
40254,0.0908,0.9083,-26.8249
40255,0.0906,0.9066,-26.9736
40256,0.0904,0.9049,-27.1222
40257,0.0902,0.9030,-27.2873
40258,0.0900,0.9013,-27.4358
40259,0.0900,0.8997,-27.5842
40260,0.0898,0.8980,-27.7325
40261,0.0896,0.8961,-27.8972
40262,0.0894,0.8944,-28.0454
40263,0.0893,0.8927,-28.1935
40265,0.0891,0.8910,-28.3415
40266,0.0889,0.8893,-28.4895
40267,0.0887,0.8877,-28.6374
40268,0.0885,0.8862,-28.7687
40269,0.0885,0.8845,-28.9165
40270,0.0883,0.8828,-29.0642
40271,0.0879,0.8811,-29.2118
40272,0.0879,0.8794,-29.3593
40273,0.0878,0.8777,-29.5067
40274,0.0876,0.8760,-29.6541
40275,0.0874,0.8743,-29.8014
40276,0.0872,0.8727,-29.9486
40277,0.0870,0.8710,-30.0958
40278,0.0868,0.8691,-30.2592
40279,0.0866,0.8674,-30.4062
40280,0.0866,0.8657,-30.5532
40281,0.0864,0.8640,-30.7000
40282,0.0861,0.8623,-30.8468
40283,0.0861,0.8603,-31.0261
40285,0.0859,0.8588,-31.1564
40286,0.0857,0.8571,-31.3030
40287,0.0855,0.8552,-31.4657
40288,0.0853,0.8535,-31.6121
40289,0.0851,0.8518,-31.7585
40290,0.0849,0.8503,-31.8885
40291,0.0848,0.8487,-32.0347
40292,0.0846,0.8470,-32.1808
40293,0.0844,0.8453,-32.3268
40294,0.0844,0.8434,-32.4890
40295,0.0842,0.8419,-32.6187
40296,0.0840,0.8404,-32.7483
40297,0.0838,0.8389,-32.8779
40298,0.0836,0.8374,-33.0074
40299,0.0836,0.8359,-33.1369
40300,0.0834,0.8342,-33.2824
40301,0.0833,0.8350,-33.2178
40302,0.0831,0.8337,-33.3310
40303,0.0829,0.8322,-33.4603
40305,0.0829,0.8308,-33.5734
40306,0.0827,0.8295,-33.6864
40307,0.0825,0.8282,-33.7994
40308,0.0823,0.8267,-33.9285
40309,0.0821,0.8254,-34.0414
40310,0.0821,0.8239,-34.1704
40311,0.0819,0.8226,-34.2833
40312,0.0818,0.8211,-34.4121
40313,0.0816,0.8198,-34.5249
40314,0.0816,0.8185,-34.6375
40315,0.0814,0.8171,-34.7502
40316,0.0812,0.8158,-34.8628
40317,0.0812,0.8123,-35.1682
40318,0.0810,0.8110,-35.2806
40319,0.0808,0.8096,-35.3930
40320,0.0808,0.8083,-35.5053
40321,0.0806,0.8070,-35.6176
40322,0.0806,0.8057,-35.7299
40323,0.0804,0.8044,-35.8421
40325,0.0803,0.8031,-35.9542
40326,0.0801,0.8016,-36.0824
40327,0.0801,0.8003,-36.1944
40328,0.0799,0.7988,-36.3225
40329,0.0797,0.7973,-36.4504
40330,0.0795,0.7960,-36.5624
40331,0.0795,0.7945,-36.6902
40332,0.0793,0.7930,-36.8180
40333,0.0791,0.7918,-36.9138
40334,0.0789,0.7905,-37.0256
40335,0.0789,0.7894,-37.1213
40336,0.0788,0.7881,-37.2330
40337,0.0786,0.7868,-37.3446
40338,0.0786,0.7855,-37.4562
40339,0.0784,0.7841,-37.5677
40340,0.0782,0.7828,-37.6792
40341,0.0782,0.7817,-37.7747
40342,0.0780,0.7808,-37.8543
40343,0.0780,0.7795,-37.9656
40345,0.0778,0.7785,-38.0452
40346,0.0778,0.7778,-38.1088
40347,0.0774,0.7810,-37.8384
40348,0.0774,0.7802,-37.9020
40349,0.0773,0.7795,-37.9656
40350,0.0773,0.7783,-38.0611
40351,0.0771,0.7772,-38.1564
40352,0.0769,0.7761,-38.2518
40353,0.0769,0.7750,-38.3471
40354,0.0767,0.7740,-38.4265
40355,0.0767,0.7729,-38.5218
40356,0.0765,0.7716,-38.6329
40357,0.0765,0.7710,-38.6805
40358,0.0763,0.7699,-38.7757
40359,0.0761,0.7688,-38.8708
40360,0.0761,0.7626,-39.3936
40361,0.0761,0.7613,-39.5043
40362,0.0759,0.7601,-39.5992
40363,0.0759,0.7590,-39.6941
40365,0.0758,0.7579,-39.7889
40366,0.0758,0.7568,-39.8837
40367,0.0756,0.7558,-39.9627
40368,0.0754,0.7547,-40.0574
40369,0.0754,0.7538,-40.1364
40370,0.0752,0.7530,-40.1995
40371,0.0752,0.7521,-40.2784
40372,0.0752,0.7513,-40.3415
40373,0.0750,0.7502,-40.4361
40374,0.0750,0.7495,-40.4991
40375,0.0748,0.7485,-40.5779
40376,0.0748,0.7478,-40.6410
40377,0.0744,0.7517,-40.3099
40378,0.0744,0.7513,-40.3415
40379,0.0744,0.7498,-40.4676
40380,0.0743,0.7495,-40.4991
40381,0.0743,0.7489,-40.5464
40382,0.0741,0.7476,-40.6567
40383,0.0741,0.7472,-40.6882
40385,0.0739,0.7465,-40.7512
40386,0.0739,0.7457,-40.8142
40387,0.0737,0.7448,-40.8929
40388,0.0737,0.7438,-40.9716
40389,0.0735,0.7431,-41.0345
40390,0.0735,0.7423,-41.0975
40391,0.0735,0.7416,-41.1604
40392,0.0733,0.7408,-41.2233
40393,0.0735,0.7350,-41.7102
40394,0.0733,0.7341,-41.7886
40395,0.0733,0.7333,-41.8514
40396,0.0731,0.7324,-41.9298
40397,0.0731,0.7318,-41.9768
40398,0.0731,0.7311,-42.0395
40399,0.0731,0.7305,-42.0865
40400,0.0729,0.7300,-42.1335
40401,0.0729,0.7294,-42.1805
40402,0.0729,0.7286,-42.2432
40403,0.0728,0.7281,-42.2902
40404,0.0728,0.7273,-42.3528
40406,0.0726,0.7266,-42.4154
40407,0.0726,0.7258,-42.4780
40408,0.0726,0.7253,-42.5250
40409,0.0724,0.7245,-42.5876
40410,0.0724,0.7240,-42.6345
40411,0.0724,0.7232,-42.6970
40412,0.0722,0.7226,-42.7439
40413,0.0722,0.7219,-42.8065
40414,0.0722,0.7213,-42.8533
40415,0.0720,0.7206,-42.9158
40416,0.0720,0.7198,-42.9783
40417,0.0718,0.7191,-43.0408
40418,0.0718,0.7185,-43.0876
40419,0.0718,0.7178,-43.1501
40420,0.0716,0.7172,-43.1969
40421,0.0716,0.7165,-43.2593
40422,0.0716,0.7159,-43.3061
40423,0.0716,0.7151,-43.3685
40424,0.0714,0.7144,-43.4309
40426,0.0713,0.7136,-43.4933
40427,0.0713,0.7129,-43.5556
40428,0.0711,0.7121,-43.6180
40429,0.0711,0.7116,-43.6647
40430,0.0711,0.7108,-43.7270
40431,0.0711,0.7101,-43.7893
40432,0.0709,0.7093,-43.8516
40433,0.0709,0.7086,-43.9139
40434,0.0707,0.7078,-43.9761
40435,0.0707,0.7071,-44.0384
40436,0.0707,0.7060,-44.1317
40437,0.0705,0.7052,-44.1939
40438,0.0705,0.7043,-44.2717
40439,0.0703,0.7035,-44.3338
40440,0.0703,0.7024,-44.4271
40441,0.0701,0.7015,-44.5047
40442,0.0701,0.7005,-44.5824
40443,0.0699,0.6996,-44.6600
40444,0.0699,0.6988,-44.7221
40445,0.0698,0.6981,-44.7842
40447,0.0698,0.6971,-44.8617
40448,0.0696,0.6966,-44.9082
40449,0.0694,0.7007,-44.5669
40450,0.0694,0.7001,-44.6134
40451,0.0692,0.6996,-44.6600
40452,0.0692,0.6990,-44.7066
40453,0.0692,0.6985,-44.7531
40454,0.0690,0.6977,-44.8152
40455,0.0690,0.6971,-44.8617
40456,0.0688,0.6966,-44.9082
40457,0.0688,0.6958,-44.9703
40458,0.0688,0.6953,-45.0168
40459,0.0688,0.6945,-45.0788
40460,0.0686,0.6940,-45.1253
40461,0.0686,0.6934,-45.1718
40462,0.0686,0.6928,-45.2182
40463,0.0686,0.6926,-45.2337
40464,0.0686,0.6921,-45.2802
40465,0.0684,0.6919,-45.2957
40467,0.0684,0.6911,-45.3576
40468,0.0684,0.6908,-45.3886
40469,0.0683,0.6902,-45.4350
40470,0.0683,0.6898,-45.4659
40471,0.0683,0.6895,-45.4969
40472,0.0683,0.6893,-45.5124
40473,0.0683,0.6891,-45.5278
40474,0.0683,0.6885,-45.5743
40475,0.0683,0.6883,-45.5897
40476,0.0681,0.6881,-45.6052
40477,0.0681,0.6878,-45.6361
40478,0.0681,0.6876,-45.6516
40479,0.0681,0.6872,-45.6825
40480,0.0679,0.6868,-45.7134
40481,0.0679,0.6863,-45.7598
40482,0.0679,0.6861,-45.7753
40483,0.0679,0.6855,-45.8216
40484,0.0679,0.6851,-45.8526
40485,0.0679,0.6851,-45.8526
40487,0.0679,0.6846,-45.8989
40488,0.0677,0.6844,-45.9144
40489,0.0677,0.6840,-45.9453
40490,0.0677,0.6836,-45.9761
40491,0.0675,0.6833,-46.0070
40492,0.0677,0.6829,-46.0379
40493,0.0675,0.6825,-46.0688
40494,0.0675,0.6820,-46.1151
40495,0.0677,0.6765,-46.5624
40496,0.0675,0.6761,-46.5933
40497,0.0675,0.6756,-46.6395
40498,0.0675,0.6750,-46.6857
40499,0.0675,0.6743,-46.7473
40500,0.0673,0.6737,-46.7935
40501,0.0673,0.6731,-46.8397
40502,0.0673,0.6728,-46.8705
40503,0.0671,0.6720,-46.9320
40504,0.0671,0.6713,-46.9936
40505,0.0669,0.6703,-47.0705
40507,0.0669,0.6696,-47.1320
40508,0.0669,0.6690,-47.1782
40509,0.0669,0.6686,-47.2089
40510,0.0668,0.6683,-47.2397
40511,0.0668,0.6679,-47.2704
40512,0.0668,0.6675,-47.3011
40513,0.0668,0.6670,-47.3472
40514,0.0666,0.6662,-47.4087
40515,0.0666,0.6656,-47.4548
40516,0.0666,0.6651,-47.5008
40517,0.0664,0.6647,-47.5316
40518,0.0664,0.6641,-47.5776
40519,0.0664,0.6641,-47.5776
40520,0.0664,0.6640,-47.5930
40521,0.0664,0.6638,-47.6083
40522,0.0664,0.6634,-47.6390
40523,0.0664,0.6632,-47.6544
40524,0.0662,0.6628,-47.6851
40525,0.0662,0.6625,-47.7157
40526,0.0662,0.6621,-47.7464
40528,0.0662,0.6619,-47.7618
40529,0.0662,0.6617,-47.7771
40530,0.0662,0.6615,-47.7925
40531,0.0662,0.6611,-47.8231
40532,0.0660,0.6608,-47.8538
40533,0.0660,0.6604,-47.8845
40534,0.0660,0.6600,-47.9151
40535,0.0660,0.6598,-47.9305
40536,0.0660,0.6595,-47.9611
40537,0.0660,0.6593,-47.9765
40538,0.0660,0.6593,-47.9765
40539,0.0660,0.6591,-47.9918
40540,0.0658,0.6591,-47.9918
40541,0.0658,0.6589,-48.0071
40542,0.0658,0.6587,-48.0224
40543,0.0658,0.6587,-48.0224
40544,0.0658,0.6587,-48.0224
40545,0.0658,0.6585,-48.0378
40547,0.0658,0.6585,-48.0378
40548,0.0658,0.6583,-48.0531
40549,0.0658,0.6583,-48.0531
40550,0.0658,0.6581,-48.0684
40551,0.0658,0.6578,-48.0991
40552,0.0658,0.6576,-48.1144
40553,0.0658,0.6576,-48.1144
40554,0.0658,0.6574,-48.1297
40555,0.0654,0.6619,-47.7618
40556,0.0654,0.6619,-47.7618
40557,0.0654,0.6619,-47.7618
40558,0.0654,0.6619,-47.7618
40559,0.0654,0.6617,-47.7771
40560,0.0656,0.6617,-47.7771
40561,0.0654,0.6615,-47.7925
40562,0.0654,0.6619,-47.7618
40563,0.0654,0.6619,-47.7618
40564,0.0654,0.6617,-47.7771
40565,0.0654,0.6613,-47.8078
40566,0.0654,0.6611,-47.8231
40568,0.0654,0.6610,-47.8385
40569,0.0654,0.6608,-47.8538
40570,0.0653,0.6608,-47.8538
40571,0.0654,0.6606,-47.8691
40572,0.0654,0.6551,-48.3135
40573,0.0654,0.6548,-48.3441
40574,0.0654,0.6546,-48.3594
40575,0.0654,0.6542,-48.3900
40576,0.0654,0.6538,-48.4206
40577,0.0653,0.6533,-48.4665
40578,0.0653,0.6527,-48.5124
40579,0.0653,0.6523,-48.5430
40580,0.0651,0.6518,-48.5889
40581,0.0651,0.6510,-48.6500
40582,0.0651,0.6505,-48.6959
40583,0.0651,0.6501,-48.7265
40584,0.0649,0.6499,-48.7418
40585,0.0651,0.6495,-48.7723
40587,0.0649,0.6491,-48.8029
40588,0.0649,0.6488,-48.8334
40589,0.0649,0.6486,-48.8487
40590,0.0649,0.6484,-48.8640
40591,0.0649,0.6480,-48.8945
40592,0.0647,0.6476,-48.9251
40593,0.0647,0.6475,-48.9404
40594,0.0647,0.6473,-48.9556
40595,0.0647,0.6471,-48.9709
40596,0.0647,0.6471,-48.9709
40597,0.0647,0.6469,-48.9862
40598,0.0647,0.6467,-49.0014
40599,0.0647,0.6467,-49.0014
40600,0.0647,0.6467,-49.0014
40601,0.0647,0.6465,-49.0167
40602,0.0647,0.6465,-49.0167
40603,0.0647,0.6465,-49.0167
40604,0.0647,0.6465,-49.0167
40605,0.0647,0.6463,-49.0320
40606,0.0647,0.6461,-49.0472
40608,0.0645,0.6458,-49.0778
40609,0.0645,0.6456,-49.0930
40610,0.0645,0.6454,-49.1083
40611,0.0645,0.6454,-49.1083
40612,0.0645,0.6452,-49.1236
40613,0.0645,0.6452,-49.1236
40614,0.0645,0.6450,-49.1388
40615,0.0645,0.6448,-49.1541
40616,0.0645,0.6445,-49.1846
40617,0.0643,0.6441,-49.2151
40618,0.0643,0.6435,-49.2609
40619,0.0643,0.6431,-49.2914
40620,0.0643,0.6428,-49.3219
40621,0.0643,0.6424,-49.3524
40622,0.0641,0.6420,-49.3829
40623,0.0641,0.6418,-49.3981
40624,0.0641,0.6418,-49.3981
40625,0.0641,0.6416,-49.4133
40627,0.0641,0.6416,-49.4133
40628,0.0641,0.6415,-49.4286
40629,0.0641,0.6413,-49.4438
40630,0.0641,0.6409,-49.4743
40631,0.0641,0.6405,-49.5048
40632,0.0639,0.6452,-49.1236
40633,0.0638,0.6450,-49.1388
40634,0.0638,0.6448,-49.1541
40635,0.0638,0.6448,-49.1541
40636,0.0638,0.6446,-49.1693
40637,0.0638,0.6446,-49.1693
40638,0.0638,0.6445,-49.1846
40639,0.0638,0.6445,-49.1846
40640,0.0638,0.6443,-49.1998
40641,0.0638,0.6443,-49.1998
40642,0.0638,0.6443,-49.1998
40643,0.0638,0.6441,-49.2151
40644,0.0638,0.6439,-49.2304
40645,0.0638,0.6437,-49.2456
40647,0.0638,0.6437,-49.2456
40648,0.0638,0.6385,-49.6724
40649,0.0639,0.6383,-49.6876
40650,0.0638,0.6381,-49.7028
40651,0.0638,0.6377,-49.7333
40652,0.0638,0.6377,-49.7333
40653,0.0638,0.6375,-49.7485
40654,0.0638,0.6373,-49.7637
40655,0.0638,0.6373,-49.7637
40656,0.0638,0.6371,-49.7789
40657,0.0638,0.6371,-49.7789
40658,0.0638,0.6371,-49.7789
40659,0.0638,0.6370,-49.7942
40660,0.0638,0.6370,-49.7942
40661,0.0638,0.6368,-49.8094
40662,0.0636,0.6368,-49.8094
40663,0.0638,0.6366,-49.8246
40664,0.0636,0.6364,-49.8398
40666,0.0636,0.6362,-49.8550
40667,0.0636,0.6360,-49.8703
40668,0.0636,0.6360,-49.8703
40669,0.0636,0.6358,-49.8855
40670,0.0636,0.6358,-49.8855
40671,0.0636,0.6360,-49.8703
40672,0.0636,0.6360,-49.8703
40673,0.0636,0.6360,-49.8703
40674,0.0636,0.6362,-49.8550
40675,0.0636,0.6364,-49.8398
40676,0.0636,0.6364,-49.8398
40677,0.0636,0.6366,-49.8246
40678,0.0636,0.6366,-49.8246
40679,0.0636,0.6364,-49.8398
40680,0.0638,0.6364,-49.8398
40681,0.0636,0.6362,-49.8550
40682,0.0636,0.6362,-49.8550
40683,0.0636,0.6362,-49.8550
40684,0.0636,0.6364,-49.8398
40685,0.0636,0.6364,-49.8398
40687,0.0638,0.6366,-49.8246
40688,0.0638,0.6366,-49.8246
40689,0.0638,0.6366,-49.8246
40690,0.0638,0.6366,-49.8246
40691,0.0636,0.6366,-49.8246
40692,0.0638,0.0638,-92.1100
40693,0.0638,0.6364,-49.8398
40694,0.0638,0.6364,-49.8398
40695,0.0636,0.6360,-49.8703
40696,0.0636,0.6360,-49.8703
40697,0.0636,0.6358,-49.8855
40698,0.0636,0.6356,-49.9007
40699,0.0636,0.6356,-49.9007
40700,0.0636,0.6356,-49.9007
40701,0.0636,0.6356,-49.9007
40702,0.0636,0.6356,-49.9007
40703,0.0636,0.6355,-49.9159
40704,0.0634,0.6353,-49.9311
40705,0.0636,0.6351,-49.9463
40707,0.0634,0.6347,-49.9767
40708,0.0632,0.6396,-49.5810
40709,0.0632,0.6394,-49.5962
40710,0.0632,0.6394,-49.5962
40711,0.0632,0.6394,-49.5962
40712,0.0632,0.6388,-49.6419
40713,0.0632,0.6388,-49.6419
40714,0.0632,0.6386,-49.6571
40715,0.0632,0.6385,-49.6724
40716,0.0632,0.6383,-49.6876
40717,0.0630,0.6381,-49.7028
40718,0.0630,0.6379,-49.7180
40719,0.0630,0.6377,-49.7333
40720,0.0630,0.6375,-49.7485
40721,0.0630,0.6371,-49.7789
40722,0.0630,0.6371,-49.7789
40723,0.0632,0.6319,-50.2048
40724,0.0632,0.6319,-50.2048
40725,0.0632,0.6319,-50.2048
40727,0.0632,0.6319,-50.2048
40728,0.0632,0.6317,-50.2200
40729,0.0632,0.6315,-50.2352
40730,0.0632,0.6313,-50.2504
40731,0.0632,0.6310,-50.2808
40732,0.0630,0.6308,-50.2960
40733,0.0630,0.6306,-50.3112
40734,0.0630,0.6302,-50.3415
40735,0.0630,0.6300,-50.3567
40736,0.0630,0.6298,-50.3719
40737,0.0630,0.6296,-50.3871
40738,0.0628,0.6295,-50.4023
40739,0.0628,0.6293,-50.4175
40740,0.0628,0.6291,-50.4326
40741,0.0628,0.6289,-50.4478
40742,0.0628,0.6289,-50.4478
40743,0.0628,0.6289,-50.4478
40744,0.0628,0.6289,-50.4478
40745,0.0628,0.6287,-50.4630
40747,0.0628,0.6287,-50.4630
40748,0.0628,0.6285,-50.4782
40749,0.0628,0.6285,-50.4782
40750,0.0628,0.6285,-50.4782
40751,0.0628,0.6283,-50.4934
40752,0.0628,0.6281,-50.5086
40753,0.0628,0.6281,-50.5086
40754,0.0628,0.6281,-50.5086
40755,0.0628,0.6283,-50.4934
40756,0.0628,0.6283,-50.4934
40757,0.0628,0.6283,-50.4934
40758,0.0628,0.6283,-50.4934
40759,0.0628,0.6283,-50.4934
40760,0.0628,0.6281,-50.5086
40761,0.0628,0.6281,-50.5086
40762,0.0628,0.0628,-92.1723
40763,0.0628,0.6280,-50.5237
40764,0.0628,0.6278,-50.5389
40765,0.0628,0.6278,-50.5389
40767,0.0628,0.6278,-50.5389
40768,0.0628,0.6276,-50.5541
40769,0.0628,0.6274,-50.5693
40770,0.0626,0.6272,-50.5844
40771,0.0626,0.6270,-50.5996
40772,0.0626,0.6268,-50.6148
40773,0.0626,0.6266,-50.6300
40774,0.0626,0.6263,-50.6603
40775,0.0626,0.6259,-50.6906
40776,0.0626,0.6257,-50.7058
40777,0.0626,0.6255,-50.7210
40778,0.0624,0.6253,-50.7361
40779,0.0624,0.6300,-50.3567
40780,0.0623,0.6300,-50.3567
40781,0.0623,0.6296,-50.3871
40782,0.0623,0.6296,-50.3871
40783,0.0623,0.6296,-50.3871
40784,0.0623,0.6296,-50.3871
40786,0.0623,0.6296,-50.3871
40787,0.0623,0.6295,-50.4023
40788,0.0623,0.6293,-50.4175
40789,0.0623,0.6291,-50.4326
40790,0.0623,0.6287,-50.4630
40791,0.0621,0.6285,-50.4782
40792,0.0621,0.6283,-50.4934
40793,0.0621,0.6281,-50.5086
40794,0.0621,0.6280,-50.5237
40795,0.0621,0.6278,-50.5389
40796,0.0621,0.6276,-50.5541
40797,0.0621,0.6276,-50.5541
40798,0.0621,0.6274,-50.5693
40799,0.0621,0.6272,-50.5844
40800,0.0621,0.6268,-50.6148
40801,0.0619,0.6266,-50.6300
40802,0.0619,0.6263,-50.6603
40803,0.0619,0.6261,-50.6755
40804,0.0619,0.6259,-50.6906
40806,0.0619,0.6259,-50.6906
40807,0.0619,0.6257,-50.7058
40808,0.0619,0.6255,-50.7210
40809,0.0621,0.6199,-51.1755
40810,0.0619,0.6250,-50.7665
40811,0.0617,0.6246,-50.7968
40812,0.0617,0.6240,-50.8423
40813,0.0617,0.6236,-50.8726
40814,0.0617,0.6235,-50.8877
40815,0.0617,0.6227,-50.9484
40816,0.0615,0.6223,-50.9787
40817,0.0615,0.6220,-51.0090
40818,0.0615,0.6216,-51.0393
40819,0.0613,0.6214,-51.0544
40820,0.0615,0.6210,-51.0847
40821,0.0613,0.6206,-51.1150
40822,0.0613,0.6203,-51.1453
40823,0.0613,0.6197,-51.1907
40825,0.0611,0.6193,-51.2210
40826,0.0613,0.6137,-51.6746
40827,0.0613,0.6131,-51.7200
40828,0.0613,0.6128,-51.7502
40829,0.0611,0.6122,-51.7955
40830,0.0611,0.6116,-51.8408
40831,0.0611,0.6113,-51.8710
40832,0.0611,0.6109,-51.9012
40833,0.0611,0.6105,-51.9314
40834,0.0609,0.6101,-51.9615
40835,0.0609,0.6096,-52.0068
40836,0.0609,0.6094,-52.0219
40837,0.0609,0.6090,-52.0521
40838,0.0609,0.6086,-52.0823
40839,0.0608,0.6083,-52.1124
40840,0.0608,0.6077,-52.1577
40841,0.0608,0.6073,-52.1878
40842,0.0608,0.6070,-52.2180
40843,0.0608,0.6066,-52.2481
40845,0.0606,0.6062,-52.2783
40846,0.0606,0.6058,-52.3084
40847,0.0606,0.6055,-52.3386
40848,0.0606,0.6051,-52.3687
40849,0.0604,0.6045,-52.4139
40850,0.0604,0.6040,-52.4591
40851,0.0604,0.6036,-52.4892
40852,0.0604,0.6032,-52.5193
40853,0.0602,0.6028,-52.5495
40854,0.0602,0.6023,-52.5946
40855,0.0602,0.6021,-52.6097
40856,0.0602,0.6017,-52.6398
40857,0.0602,0.6013,-52.6699
40858,0.0602,0.6010,-52.7000
40859,0.0600,0.6006,-52.7301
40860,0.0600,0.6004,-52.7451
40861,0.0600,0.6000,-52.7752
40862,0.0600,0.6000,-52.7752
40863,0.0600,0.5998,-52.7902
40865,0.0600,0.5996,-52.8053
40866,0.0600,0.5996,-52.8053
40867,0.0600,0.5993,-52.8354
40868,0.0598,0.5991,-52.8504
40869,0.0598,0.5989,-52.8654
40870,0.0600,0.5989,-52.8654
40871,0.0600,0.5987,-52.8805
40872,0.0600,0.5989,-52.8654
40873,0.0598,0.5987,-52.8805
40874,0.0598,0.5985,-52.8955
40875,0.0598,0.5983,-52.9106
40876,0.0598,0.5981,-52.9256
40877,0.0598,0.5978,-52.9557
40878,0.0598,0.5976,-52.9707
40879,0.0596,0.5970,-53.0158
40880,0.0596,0.5965,-53.0609
40881,0.0596,0.5959,-53.1059
40882,0.0596,0.5953,-53.1510
40883,0.0594,0.5950,-53.1810
40885,0.0594,0.5944,-53.2261
40886,0.0593,0.5991,-52.8504
40887,0.0591,0.5989,-52.8654
40888,0.0591,0.5983,-52.9106
40889,0.0591,0.5980,-52.9406
40890,0.0591,0.5978,-52.9557
40891,0.0591,0.5974,-52.9857
40892,0.0591,0.5974,-52.9857
40893,0.0591,0.5970,-53.0158
40894,0.0589,0.5966,-53.0458
40895,0.0589,0.5965,-53.0609
40896,0.0589,0.5961,-53.0909
40897,0.0589,0.5959,-53.1059
40898,0.0589,0.5955,-53.1360
40899,0.0589,0.5953,-53.1510
40900,0.0589,0.5951,-53.1660
40901,0.0591,0.5897,-53.6012
40902,0.0589,0.5895,-53.6162
40903,0.0591,0.5893,-53.6312
40904,0.0589,0.5891,-53.6462
40906,0.0589,0.5890,-53.6612
40907,0.0589,0.5890,-53.6612
40908,0.0589,0.5888,-53.6762
40909,0.0589,0.5886,-53.6912
40910,0.0589,0.5886,-53.6912
40911,0.0589,0.5884,-53.7062
40912,0.0589,0.5882,-53.7211
40913,0.0587,0.5882,-53.7211
40914,0.0589,0.5880,-53.7361
40915,0.0587,0.5878,-53.7511
40916,0.0587,0.5875,-53.7811
40917,0.0587,0.5873,-53.7961
40918,0.0587,0.5871,-53.8110
40919,0.0587,0.5869,-53.8260
40920,0.0587,0.5865,-53.8560
40921,0.0587,0.5863,-53.8710
40922,0.0587,0.5860,-53.9009
40923,0.0585,0.5858,-53.9159
40925,0.0585,0.5854,-53.9458
40926,0.0585,0.5852,-53.9608
40927,0.0585,0.5850,-53.9758
40928,0.0585,0.5846,-54.0057
40929,0.0585,0.5845,-54.0207
40930,0.0583,0.5839,-54.0656
40931,0.0583,0.5835,-54.0955
40932,0.0583,0.5831,-54.1255
40933,0.0583,0.5826,-54.1703
40934,0.0581,0.5822,-54.2003
40935,0.0581,0.5816,-54.2451
40936,0.0581,0.5811,-54.2900
40937,0.0581,0.5807,-54.3199
40938,0.0579,0.5803,-54.3498
40939,0.0579,0.5798,-54.3946
40940,0.0579,0.5794,-54.4245
40941,0.0579,0.5786,-54.4843
40942,0.0578,0.5781,-54.5291
40943,0.0578,0.5777,-54.5590
40945,0.0578,0.5775,-54.5739
40946,0.0578,0.5770,-54.6187
40947,0.0576,0.5764,-54.6635
40948,0.0576,0.5760,-54.6934
40949,0.0576,0.5755,-54.7381
40950,0.0576,0.5751,-54.7680
40951,0.0574,0.5747,-54.7978
40952,0.0574,0.5741,-54.8426
40953,0.0574,0.5736,-54.8874
40954,0.0574,0.5732,-54.9172
40955,0.0574,0.5728,-54.9470
40956,0.0572,0.5723,-54.9917
40957,0.0572,0.5719,-55.0216
40958,0.0572,0.5717,-55.0365
40959,0.0572,0.5715,-55.0514
40960,0.0570,0.5762,-54.6784
40961,0.0568,0.5756,-54.7232
40962,0.0568,0.5749,-54.7829
40964,0.0566,0.5745,-54.8128
40965,0.0568,0.5743,-54.8277
40966,0.0566,0.5745,-54.8128
40967,0.0566,0.5745,-54.8128
40968,0.0566,0.5745,-54.8128
40969,0.0566,0.5741,-54.8426
40970,0.0566,0.5740,-54.8575
40971,0.0566,0.5736,-54.8874
40972,0.0566,0.5732,-54.9172
40973,0.0564,0.5725,-54.9768
40974,0.0566,0.5663,-55.4684
40975,0.0564,0.5710,-55.0961
40976,0.0563,0.5700,-55.1706
40977,0.0563,0.5691,-55.2451
40978,0.0561,0.5683,-55.3046
40979,0.0561,0.5676,-55.3642
40980,0.0559,0.5666,-55.4386
40981,0.0559,0.5663,-55.4684
40982,0.0559,0.5655,-55.5279
40984,0.0557,0.5653,-55.5428
40985,0.0557,0.5651,-55.5577
40986,0.0557,0.5646,-55.6023
40987,0.0557,0.5640,-55.6469
40988,0.0557,0.5636,-55.6766
40989,0.0555,0.5629,-55.7361
40990,0.0555,0.5625,-55.7658
40991,0.0557,0.5567,-56.2262
40992,0.0557,0.5563,-56.2558
40993,0.0555,0.5560,-56.2855
40994,0.0555,0.5554,-56.3300
40995,0.0555,0.5546,-56.3893
40996,0.0555,0.5541,-56.4338
40997,0.0553,0.5533,-56.4930
40998,0.0551,0.5524,-56.5671
40999,0.0551,0.5516,-56.6264
41000,0.0551,0.5509,-56.6856
41001,0.0551,0.5503,-56.7300
41002,0.0549,0.5496,-56.7892
41003,0.0549,0.5488,-56.8484
41005,0.0549,0.5483,-56.8928
41006,0.0548,0.5475,-56.9520
41007,0.0548,0.5468,-57.0111
41008,0.0546,0.5460,-57.0703
41009,0.0546,0.5453,-57.1294
41010,0.0544,0.5445,-57.1885
41011,0.0544,0.5438,-57.2476
41012,0.0544,0.5432,-57.2919
41013,0.0544,0.5425,-57.3510
41014,0.0542,0.5417,-57.4101
41015,0.0540,0.5411,-57.4544
41016,0.0542,0.5404,-57.5134
41017,0.0540,0.5398,-57.5576
41018,0.0538,0.5391,-57.6167
41019,0.0538,0.5383,-57.6757
41020,0.0538,0.5376,-57.7346
41021,0.0536,0.5368,-57.7936
41022,0.0536,0.5361,-57.8525
41023,0.0536,0.5351,-57.9262
41025,0.0534,0.5342,-57.9999
41026,0.0534,0.5335,-58.0588
41027,0.0533,0.5325,-58.1324
41028,0.0533,0.5318,-58.1912
41029,0.0531,0.5308,-58.2648
41030,0.0531,0.5301,-58.3236
41031,0.0529,0.5291,-58.3972
41032,0.0529,0.5284,-58.4560
41033,0.0529,0.5276,-58.5147
41034,0.0527,0.5269,-58.5735
41035,0.0527,0.5260,-58.6470
41036,0.0525,0.5252,-58.7057
41037,0.0525,0.5245,-58.7644
41038,0.0523,0.5237,-58.8231
41039,0.0523,0.5231,-58.8672
41040,0.0523,0.5224,-58.9259
41041,0.0521,0.5218,-58.9699
41042,0.0521,0.5211,-59.0285
41044,0.0521,0.5203,-59.0872
41045,0.0519,0.5198,-59.1311
41046,0.0519,0.5190,-59.1898
41047,0.0519,0.5183,-59.2484
41048,0.0518,0.5175,-59.3070
41049,0.0518,0.5170,-59.3509
41050,0.0516,0.5162,-59.4095
41051,0.0514,0.5211,-59.0285
41052,0.0514,0.5205,-59.0725
41053,0.0514,0.5201,-59.1018
41054,0.0512,0.5196,-59.1458
41055,0.0512,0.5190,-59.1898
41056,0.0512,0.5186,-59.2191
41057,0.0512,0.5183,-59.2484
41058,0.0510,0.5177,-59.2923
41059,0.0510,0.5173,-59.3216
41060,0.0510,0.5170,-59.3509
41061,0.0510,0.5166,-59.3802
41062,0.0508,0.5162,-59.4095
41064,0.0508,0.5158,-59.4387
41065,0.0508,0.5155,-59.4680
41066,0.0508,0.5151,-59.4973
41067,0.0510,0.5093,-59.9505
41068,0.0510,0.5091,-59.9651
41069,0.0510,0.5091,-59.9651
41070,0.0508,0.5089,-59.9797
41071,0.0508,0.5085,-60.0090
41072,0.0508,0.5083,-60.0236
41073,0.0508,0.5081,-60.0382
41074,0.5081,0.0508,-92.9679
41075,0.0508,0.5081,-60.0382
41076,0.0508,0.5081,-60.0382
41077,0.0508,0.5081,-60.0382
41078,0.0508,0.5083,-60.0236
41079,0.0508,0.5081,-60.0382
41080,0.0508,0.5083,-60.0236
41081,0.0508,0.5085,-60.0090
41082,0.0508,0.5087,-59.9944
41084,0.0508,0.5089,-59.9797
41085,0.0508,0.5091,-59.9651
41086,0.0510,0.5091,-59.9651
41087,0.0510,0.5093,-59.9505
41088,0.0510,0.5096,-59.9213
41089,0.0510,0.5100,-59.8921
41090,0.0510,0.5102,-59.8775
41091,0.0512,0.5108,-59.8337
41092,0.0512,0.5110,-59.8190
41093,0.0512,0.5111,-59.8044
41094,0.0512,0.5115,-59.7752
41095,0.0512,0.5117,-59.7606
41096,0.0512,0.5123,-59.7167
41097,0.0514,0.5128,-59.6728
41098,0.0514,0.5130,-59.6582
41099,0.0514,0.5136,-59.6143
41100,0.0514,0.5140,-59.5851
41101,0.0514,0.5141,-59.5705
41102,0.0516,0.5147,-59.5266
41104,0.0516,0.5153,-59.4827
41105,0.0516,0.5158,-59.4387
41106,0.0516,0.5162,-59.4095
41107,0.0516,0.5166,-59.3802
41108,0.0518,0.5171,-59.3363
41109,0.0518,0.5179,-59.2777
41110,0.0518,0.5239,-58.8085
41111,0.0518,0.5245,-58.7644
41112,0.0519,0.5252,-58.7057
41113,0.0518,0.5258,-58.6616
41114,0.0519,0.5261,-58.6323
41115,0.0519,0.5269,-58.5735
41116,0.0519,0.5275,-58.5294
41117,0.0521,0.5280,-58.4853
41118,0.0521,0.5286,-58.4413
41119,0.0521,0.5291,-58.3972
41120,0.0521,0.5297,-58.3530
41121,0.0521,0.5303,-58.3089
41122,0.0523,0.5308,-58.2648
41124,0.0523,0.0523,-92.8686
41125,0.0525,0.5320,-58.1765
41126,0.0525,0.5325,-58.1324
41127,0.0525,0.5329,-58.1029
41128,0.0525,0.5336,-58.0440
41129,0.0527,0.5342,-57.9999
41130,0.0527,0.5346,-57.9704
41131,0.0529,0.5351,-57.9262
41132,0.0529,0.5359,-57.8673
41133,0.0529,0.5365,-57.8231
41134,0.0531,0.5372,-57.7641
41135,0.0531,0.5380,-57.7051
41136,0.0531,0.5385,-57.6609
41137,0.0531,0.5391,-57.6167
41138,0.0533,0.5396,-57.5724
41139,0.0533,0.5402,-57.5281
41140,0.0534,0.5410,-57.4691
41141,0.0534,0.5415,-57.4248
41142,0.0534,0.5423,-57.3658
41144,0.0534,0.5428,-57.3215
41145,0.0536,0.5436,-57.2624
41146,0.0536,0.5443,-57.2033
41147,0.0538,0.5449,-57.1590
41148,0.0538,0.5456,-57.0998
41149,0.0538,0.5464,-57.0407
41150,0.0540,0.5471,-56.9816
41151,0.0540,0.5477,-56.9372
41152,0.0542,0.5486,-56.8632
41153,0.0542,0.5494,-56.8040
41154,0.0542,0.0542,-92.7445
41155,0.0544,0.5509,-56.6856
41156,0.0546,0.5462,-57.0555
41157,0.0548,0.5471,-56.9816
41158,0.0548,0.5479,-56.9224
41159,0.0549,0.5488,-56.8484
41160,0.0549,0.5498,-56.7744
41161,0.0551,0.5507,-56.7004
41162,0.0551,0.5516,-56.6264
41164,0.0553,0.5526,-56.5523
41165,0.0553,0.5537,-56.4634
41166,0.0555,0.5545,-56.4041
41167,0.0555,0.5556,-56.3151
41168,0.0557,0.5565,-56.2410
41169,0.0557,0.5576,-56.1520
41170,0.0559,0.5586,-56.0778
41171,0.0561,0.5593,-56.0184
41172,0.0561,0.5601,-55.9590
41173,0.0561,0.5608,-55.8996
41174,0.0563,0.5620,-55.8104
41175,0.0563,0.5629,-55.7361
41176,0.0564,0.5638,-55.6618
41177,0.0564,0.5648,-55.5874
41178,0.0566,0.5657,-55.5130
41179,0.0566,0.5668,-55.4237
41180,0.0568,0.5680,-55.3344
41181,0.0570,0.5689,-55.2600
41182,0.0570,0.5698,-55.1855
41183,0.0570,0.5708,-55.1110
41185,0.0572,0.5717,-55.0365
41186,0.0574,0.5728,-54.9470
41187,0.0574,0.5741,-54.8426
41188,0.0576,0.5753,-54.7531
41189,0.0578,0.5764,-54.6635
41190,0.0578,0.5779,-54.5440
41191,0.0579,0.5796,-54.4096
41192,0.0581,0.5811,-54.2900
41193,0.0581,0.5824,-54.1853
41194,0.0583,0.5833,-54.1105
41195,0.0585,0.5846,-54.0057
41196,0.0587,0.5860,-53.9009
41197,0.0587,0.5873,-53.7961
41198,0.0589,0.5882,-53.7211
41199,0.0589,0.5890,-53.6612
41200,0.0591,0.5899,-53.5862
41201,0.0591,0.5908,-53.5112
41202,0.0593,0.5918,-53.4362
41203,0.0593,0.5927,-53.3612
41205,0.0593,0.5935,-53.3012
41206,0.0594,0.5944,-53.2261
41207,0.0594,0.5953,-53.1510
41208,0.0596,0.5965,-53.0609
41209,0.0598,0.5974,-52.9857
41210,0.0598,0.5987,-52.8805
41211,0.0600,0.6002,-52.7602
41212,0.0602,0.6017,-52.6398
41213,0.0604,0.6028,-52.5495
41214,0.0604,0.6040,-52.4591
41215,0.0606,0.6047,-52.3988
41216,0.0604,0.6107,-51.9163
41217,0.0604,0.6116,-51.8408
41218,0.0606,0.6131,-51.7200
41219,0.0608,0.6146,-51.5991
41220,0.0609,0.6156,-51.5235
41221,0.0609,0.6165,-51.4479
41222,0.0609,0.6175,-51.3723
41223,0.0611,0.6184,-51.2966
41225,0.0611,0.6193,-51.2210
41226,0.0613,0.6203,-51.1453
41227,0.0615,0.6216,-51.0393
41228,0.0615,0.6233,-50.9029
41229,0.0617,0.6246,-50.7968
41230,0.0619,0.6257,-50.7058
41231,0.0619,0.6265,-50.6451
41232,0.0623,0.6220,-51.0090
41233,0.0623,0.6229,-50.9332
41234,0.0624,0.6236,-50.8726
41235,0.0624,0.6246,-50.7968
41236,0.0626,0.6257,-50.7058
41237,0.0626,0.6268,-50.6148
41238,0.0628,0.6281,-50.5086
41239,0.0628,0.6291,-50.4326
41240,0.0630,0.6298,-50.3719
41241,0.0632,0.6310,-50.2808
41242,0.0632,0.6321,-50.1896
41243,0.0634,0.6330,-50.1136
41245,0.0634,0.6340,-50.0376
41246,0.0634,0.6347,-49.9767
41247,0.0636,0.6358,-49.8855
41248,0.0638,0.6368,-49.8094
41249,0.0638,0.6377,-49.7333
41250,0.0639,0.6386,-49.6571
41251,0.0639,0.6396,-49.5810
41252,0.0641,0.6403,-49.5200
41253,0.0641,0.6415,-49.4286
41254,0.0643,0.6424,-49.3524
41255,0.0643,0.6433,-49.2761
41256,0.0643,0.6443,-49.1998
41257,0.0645,0.6452,-49.1236
41258,0.0645,0.6461,-49.0472
41259,0.0647,0.6469,-48.9862
41260,0.0647,0.6478,-48.9098
41261,0.0649,0.6490,-48.8182
41262,0.0649,0.6499,-48.7418
41263,0.0651,0.6506,-48.6806
41265,0.0651,0.6516,-48.6042
41266,0.0653,0.6523,-48.5430
41267,0.0653,0.6533,-48.4665
41268,0.0654,0.6540,-48.4053
41269,0.0654,0.6550,-48.3288
41270,0.0656,0.6559,-48.2522
41271,0.0656,0.6568,-48.1757
41272,0.0658,0.6578,-48.0991
41273,0.0660,0.6587,-48.0224
41274,0.0660,0.6595,-47.9611
41275,0.0660,0.6608,-47.8538
41276,0.0662,0.6615,-47.7925
41277,0.0662,0.6625,-47.7157
41278,0.0664,0.6634,-47.6390
41279,0.0664,0.6643,-47.5623
41280,0.0666,0.6653,-47.4855
41281,0.0666,0.6662,-47.4087
41282,0.0668,0.6673,-47.3165
41283,0.0669,0.6685,-47.2243
41285,0.0669,0.6694,-47.1474
41286,0.0671,0.6709,-47.0244
41287,0.0671,0.6718,-46.9474
41288,0.0673,0.6731,-46.8397
41289,0.0675,0.6743,-46.7473
41290,0.0675,0.6754,-46.6549
41291,0.0677,0.6763,-46.5778
41292,0.0675,0.6823,-46.0842
41293,0.0677,0.6833,-46.0070
41294,0.0677,0.6844,-45.9144
41295,0.0679,0.6853,-45.8371
41296,0.0679,0.6865,-45.7444
41297,0.0681,0.6878,-45.6361
41298,0.0681,0.6885,-45.5743
41299,0.0683,0.6896,-45.4814
41300,0.0683,0.6904,-45.4195
41301,0.0684,0.6913,-45.3421
41302,0.0684,0.6925,-45.2492
41303,0.0686,0.6934,-45.1718
41305,0.0686,0.6941,-45.1098
41306,0.0688,0.6953,-45.0168
41307,0.0688,0.6958,-44.9703
41308,0.0692,0.6917,-45.3111
41309,0.0692,0.6928,-45.2182
41310,0.0694,0.6938,-45.1408
41311,0.0694,0.6945,-45.0788
41312,0.0696,0.6955,-45.0013
41313,0.0696,0.6962,-44.9393
41314,0.0698,0.6970,-44.8772
41315,0.0698,0.6979,-44.7997
41316,0.0698,0.6986,-44.7376
41317,0.0699,0.6996,-44.6600
41318,0.0699,0.7007,-44.5669
41319,0.0701,0.7016,-44.4892
41320,0.0703,0.7026,-44.4115
41321,0.0703,0.7037,-44.3183
41322,0.0705,0.7046,-44.2406
41324,0.0705,0.7056,-44.1628
41325,0.0707,0.7065,-44.0851
41326,0.0707,0.7075,-44.0073
41327,0.0709,0.7084,-43.9295
41328,0.0709,0.7095,-43.8361
41329,0.0711,0.7105,-43.7582
41330,0.0711,0.7114,-43.6803
41331,0.0713,0.7123,-43.6024
41332,0.0713,0.7133,-43.5245
41333,0.0714,0.7142,-43.4465
41334,0.0714,0.7150,-43.3841
41335,0.0716,0.7159,-43.3061
41336,0.0716,0.7168,-43.2281
41337,0.0718,0.7176,-43.1657
41338,0.0718,0.7185,-43.0876
41339,0.0718,0.7193,-43.0252
41340,0.0720,0.7202,-42.9471
41341,0.0720,0.7211,-42.8690
41343,0.0722,0.7219,-42.8065
41344,0.0722,0.7226,-42.7439
41345,0.0724,0.7236,-42.6658
41346,0.0724,0.7245,-42.5876
41347,0.0726,0.7253,-42.5250
41348,0.0726,0.7262,-42.4467
41349,0.0728,0.7270,-42.3841
41350,0.0728,0.7277,-42.3215
41351,0.0729,0.7286,-42.2432
41352,0.0729,0.7296,-42.1649
41353,0.0729,0.7303,-42.1022
41354,0.0731,0.7313,-42.0238
41355,0.0731,0.7320,-41.9611
41356,0.0733,0.7330,-41.8827
41357,0.0733,0.7339,-41.8043
41358,0.0735,0.7346,-41.7416
41359,0.0735,0.7356,-41.6631
41360,0.0737,0.7363,-41.6003
41361,0.0737,0.7373,-41.5218
41362,0.0739,0.7380,-41.4590
41364,0.0739,0.7390,-41.3804
41365,0.0739,0.7399,-41.3019
41366,0.0741,0.7406,-41.2390
41367,0.0741,0.7416,-41.1604
41368,0.0741,0.7472,-40.6882
41369,0.0741,0.7481,-40.6095
41370,0.0743,0.7491,-40.5307
41371,0.0743,0.7500,-40.4519
41372,0.0743,0.7508,-40.3888
41373,0.0744,0.7515,-40.3257
41374,0.0744,0.7525,-40.2468
41375,0.0746,0.7534,-40.1679
41376,0.0746,0.7543,-40.0890
41377,0.0748,0.7553,-40.0101
41378,0.0748,0.7560,-39.9469
41379,0.0750,0.7568,-39.8837
41380,0.0750,0.7577,-39.8047
41381,0.0752,0.7585,-39.7415
41382,0.0752,0.7594,-39.6625
41384,0.0754,0.7601,-39.5992
41385,0.0756,0.7560,-39.9469
41386,0.0756,0.7568,-39.8837
41387,0.0758,0.7577,-39.8047
41388,0.0759,0.7586,-39.7257
41389,0.0759,0.7594,-39.6625
41390,0.0759,0.7601,-39.5992
41391,0.0761,0.7611,-39.5202
41392,0.0761,0.7618,-39.4569
41393,0.0763,0.7628,-39.3778
41394,0.0763,0.7637,-39.2986
41395,0.0765,0.7648,-39.2036
41396,0.0765,0.7658,-39.1244
41397,0.0767,0.7667,-39.0452
41398,0.0767,0.7676,-38.9660
41399,0.0769,0.7684,-38.9026
41400,0.0769,0.7695,-38.8074
41401,0.0771,0.7705,-38.7281
41402,0.0771,0.7714,-38.6488
41404,0.0773,0.7723,-38.5694
41405,0.0773,0.7733,-38.4901
41406,0.0774,0.7740,-38.4265
41407,0.0774,0.7750,-38.3471
41408,0.0776,0.7759,-38.2677
41409,0.0776,0.7768,-38.1882
41410,0.0778,0.7776,-38.1247
41411,0.0778,0.7785,-38.0452
41412,0.0778,0.7795,-37.9656
41413,0.0780,0.7804,-37.8861
41414,0.0782,0.7811,-37.8224
41415,0.0782,0.7823,-37.7269
41416,0.0784,0.7830,-37.6632
41417,0.0784,0.7840,-37.5836
41418,0.0784,0.7849,-37.5040
41419,0.0786,0.7856,-37.4402
41420,0.0786,0.7866,-37.3605
41421,0.0788,0.7875,-37.2808
41423,0.0788,0.7883,-37.2170
41424,0.0789,0.7890,-37.1532
41425,0.0789,0.7901,-37.0575
41426,0.0791,0.7909,-36.9937
41427,0.0791,0.7918,-36.9138
41428,0.0793,0.7926,-36.8500
41429,0.0793,0.7935,-36.7701
41430,0.0793,0.7943,-36.7062
41431,0.0795,0.7952,-36.6263
41432,0.0797,0.7961,-36.5464
41433,0.0797,0.7969,-36.4824
41434,0.0797,0.7976,-36.4184
41435,0.0799,0.7986,-36.3385
41436,0.0799,0.7993,-36.2745
41437,0.0799,0.8001,-36.2104
41438,0.0801,0.8010,-36.1304
41439,0.0801,0.8066,-35.6497
41440,0.0801,0.8074,-35.5855
41441,0.0801,0.8083,-35.5053
41442,0.0803,0.8091,-35.4411
41444,0.0803,0.8098,-35.3769
41445,0.0803,0.8108,-35.2967
41446,0.0804,0.8115,-35.2324
41447,0.0804,0.8125,-35.1521
41448,0.0806,0.8132,-35.0878
41449,0.0806,0.8140,-35.0235
41450,0.0808,0.8147,-34.9592
41451,0.0808,0.8156,-34.8789
41452,0.0808,0.8164,-34.8145
41453,0.0810,0.8171,-34.7502
41454,0.0810,0.8181,-34.6697
41455,0.0812,0.8186,-34.6214
41456,0.0812,0.8196,-34.5410
41457,0.0814,0.8203,-34.4766
41458,0.0814,0.8213,-34.3960
41459,0.0816,0.8220,-34.3316
41460,0.0816,0.8230,-34.2510
41461,0.0818,0.8237,-34.1866
41462,0.0818,0.8245,-34.1221
41464,0.0818,0.8254,-34.0414
41465,0.0819,0.8262,-33.9769
41466,0.0819,0.8271,-33.8963
41467,0.0821,0.8278,-33.8317
41468,0.0821,0.8288,-33.7510
41469,0.0823,0.8297,-33.6703
41470,0.0823,0.8305,-33.6057
41471,0.0825,0.8312,-33.5410
41472,0.0825,0.8323,-33.4441
41473,0.0827,0.8333,-33.3633
41474,0.0827,0.8342,-33.2824
41475,0.0829,0.8353,-33.1854
41476,0.0829,0.8361,-33.1207
41477,0.0831,0.8370,-33.0398
41478,0.0831,0.8378,-32.9751
41479,0.0831,0.8387,-32.8941
41480,0.0833,0.8395,-32.8293
41481,0.0833,0.8404,-32.7483
41482,0.0834,0.8415,-32.6511
41484,0.0834,0.8423,-32.5863
41485,0.0836,0.8430,-32.5215
41486,0.0838,0.8395,-32.8293
41487,0.0840,0.8404,-32.7483
41488,0.0842,0.8413,-32.6673
41489,0.0842,0.8425,-32.5701
41490,0.0844,0.8434,-32.4890
41491,0.0844,0.8443,-32.4079
41492,0.0844,0.8453,-32.3268
41493,0.0846,0.8462,-32.2457
41494,0.0848,0.8470,-32.1808
41495,0.0848,0.8479,-32.0996
41496,0.0849,0.8487,-32.0347
41497,0.0849,0.8496,-31.9535
41498,0.0849,0.8505,-31.8722
41499,0.0851,0.8515,-31.7910
41500,0.0851,0.8524,-31.7097
41501,0.0853,0.8532,-31.6447
41502,0.0853,0.8539,-31.5796
41504,0.0855,0.8548,-31.4983
41505,0.0855,0.8556,-31.4332
41506,0.0855,0.8565,-31.3518
41507,0.0857,0.8575,-31.2704
41508,0.0857,0.8582,-31.2053
41509,0.0859,0.8592,-31.1239
41510,0.0859,0.8599,-31.0587
41511,0.0861,0.8607,-30.9935
41512,0.0861,0.8614,-30.9283
41513,0.0861,0.8622,-30.8631
41514,0.0863,0.8629,-30.7979
41515,0.0863,0.8637,-30.7326
41516,0.0864,0.8646,-30.6511
41517,0.0864,0.8653,-30.5858
41518,0.0866,0.8663,-30.5042
41519,0.0866,0.8672,-30.4226
41520,0.0868,0.8682,-30.3409
41521,0.0868,0.8689,-30.2756
41523,0.0870,0.8698,-30.1939
41524,0.0870,0.8706,-30.1285
41525,0.0872,0.8713,-30.0631
41526,0.0872,0.8725,-29.9650
41527,0.0874,0.8734,-29.8832
41528,0.0874,0.8743,-29.8014
41529,0.0876,0.8751,-29.7359
41530,0.0876,0.8760,-29.6541
41531,0.0876,0.8768,-29.5886
41532,0.0878,0.8775,-29.5231
41533,0.0878,0.8785,-29.4412
41534,0.0879,0.8796,-29.3429
41535,0.0879,0.8807,-29.2445
41536,0.0881,0.8817,-29.1626
41537,0.0881,0.8824,-29.0970
41538,0.0883,0.8833,-29.0149
41539,0.0883,0.8843,-28.9329
41540,0.0885,0.8850,-28.8672
41541,0.0885,0.8860,-28.7852
41542,0.0885,0.8869,-28.7031
41544,0.0887,0.8877,-28.6374
41545,0.0889,0.8884,-28.5716
41546,0.0887,0.8935,-28.1277
41547,0.0889,0.8944,-28.0454
41548,0.0889,0.8953,-27.9631
41549,0.0889,0.8963,-27.8808
41550,0.0891,0.8972,-27.7984
41551,0.0891,0.8982,-27.7160
41552,0.0893,0.8991,-27.6336
41553,0.0893,0.9000,-27.5512
41554,0.0894,0.9008,-27.4852
41555,0.0894,0.9017,-27.4028
41556,0.0896,0.9027,-27.3203
41557,0.0896,0.9036,-27.2378
41558,0.0896,0.9042,-27.1883
41559,0.0898,0.9049,-27.1222
41560,0.0898,0.9055,-27.0727
41561,0.0898,0.9060,-27.0232
41563,0.0902,0.9017,-27.4028
41564,0.0902,0.9025,-27.3368
41565,0.0902,0.9032,-27.2708
41566,0.0904,0.9042,-27.1883
41567,0.0904,0.9049,-27.1222
41568,0.0906,0.9057,-27.0562
41569,0.0906,0.9064,-26.9901
41570,0.0908,0.9072,-26.9241
41571,0.0908,0.9079,-26.8580
41572,0.0908,0.9090,-26.7588
41573,0.0909,0.9096,-26.7092
41574,0.0909,0.9102,-26.6596
41575,0.0908,0.9154,-26.1963
41576,0.0909,0.9163,-26.1135
41577,0.0909,0.9175,-26.0140
41578,0.0911,0.9180,-25.9643
41579,0.0911,0.9190,-25.8815
41580,0.0913,0.9197,-25.8151
41581,0.0913,0.9205,-25.7488
41582,0.0915,0.9214,-25.6659
41584,0.0915,0.9223,-25.5829
41585,0.0917,0.9231,-25.5165
41586,0.0917,0.9240,-25.4335
41587,0.0919,0.9246,-25.3837
41588,0.0919,0.9257,-25.2841
41589,0.0921,0.9218,-25.6327
41590,0.0923,0.9225,-25.5663
41591,0.0923,0.9231,-25.5165
41592,0.0924,0.9238,-25.4501
41593,0.0924,0.9246,-25.3837
41594,0.0924,0.9253,-25.3173
41595,0.0926,0.9261,-25.2508
41596,0.0926,0.9268,-25.1844
41597,0.9268,0.0926,-90.1800
41598,0.0928,0.9283,-25.0514
41599,0.0928,0.9291,-24.9849
41600,0.0930,0.9298,-24.9184
41601,0.0930,0.9304,-24.8685
41603,0.0930,0.9313,-24.7854
41604,0.0932,0.9321,-24.7188
41605,0.0932,0.9327,-24.6689
41606,0.0932,0.9334,-24.6023
41607,0.0934,0.9340,-24.5523
41608,0.0934,0.9347,-24.4857
41609,0.0936,0.9355,-24.4191
41610,0.0936,0.9362,-24.3525
41611,0.0936,0.9370,-24.2858
41612,0.0938,0.9377,-24.2192
41613,0.0938,0.9385,-24.1525
41614,0.0939,0.9390,-24.1025
41615,0.0939,0.9398,-24.0358
41616,0.0939,0.9405,-23.9690
41617,0.0941,0.9413,-23.9023
41618,0.0941,0.9420,-23.8356
41619,0.0941,0.9426,-23.7855
41620,0.0943,0.9432,-23.7354
41621,0.0943,0.9439,-23.6686
41623,0.0941,0.9490,-23.2175
41624,0.0943,0.9495,-23.1673
41625,0.0943,0.9503,-23.1004
41626,0.0943,0.9510,-23.0335
41627,0.0945,0.9516,-22.9833
41628,0.0945,0.9523,-22.9163
41629,0.0947,0.9529,-22.8661
41630,0.0947,0.9537,-22.7991
41631,0.0947,0.9542,-22.7489
41632,0.0949,0.9552,-22.6651
41633,0.0949,0.9557,-22.6149
41634,0.0949,0.9565,-22.5479
41635,0.0951,0.9572,-22.4808
41636,0.0951,0.9578,-22.4305
41637,0.0951,0.9585,-22.3635
41638,0.0954,0.9548,-22.6986
41639,0.0954,0.9553,-22.6484
41640,0.0954,0.9561,-22.5814
41641,0.0956,0.9567,-22.5311
41643,0.0956,0.9574,-22.4641
41644,0.0958,0.9582,-22.3970
41645,0.0958,0.9587,-22.3467
41646,0.0958,0.9595,-22.2796
41647,0.0960,0.9602,-22.2125
41648,0.0960,0.9608,-22.1622
41649,0.0960,0.9613,-22.1118
41650,0.0962,0.9621,-22.0447
41651,0.0962,0.9627,-21.9944
41652,0.0962,0.9634,-21.9272
41653,0.0964,0.9640,-21.8768
41654,0.0964,0.9643,-21.8432
41655,0.0966,0.9653,-21.7592
41656,0.0966,0.9660,-21.6920
41657,0.0966,0.9666,-21.6416
41658,0.0968,0.9672,-21.5912
41659,0.0968,0.9677,-21.5407
41660,0.0968,0.9685,-21.4735
41661,0.0968,0.9690,-21.4230
41663,0.0969,0.9696,-21.3726
41664,0.0969,0.9702,-21.3221
41665,0.0969,0.9707,-21.2716
41666,0.0971,0.9715,-21.2043
41667,0.0971,0.9718,-21.1707
41668,0.0973,0.9726,-21.1033
41669,0.0973,0.9732,-21.0528
41670,0.0973,0.9737,-21.0023
41671,0.0973,0.9745,-20.9349
41672,0.0975,0.9750,-20.8844
41673,0.0975,0.9754,-20.8507
41674,0.0975,0.9762,-20.7833
41675,0.0975,0.9765,-20.7496
41676,0.0977,0.9775,-20.6653
41677,0.0977,0.9780,-20.6147
41678,0.0979,0.9788,-20.5473
41679,0.0979,0.9793,-20.4967
41680,0.0981,0.9801,-20.4292
41681,0.0981,0.9807,-20.3786
41683,0.0981,0.9816,-20.2942
41684,0.0981,0.9823,-20.2266
41685,0.0983,0.9829,-20.1760
41686,0.0983,0.9837,-20.1084
41687,0.0984,0.9844,-20.0409
41688,0.0984,0.9850,-19.9902
41689,0.0984,0.9859,-19.9057
41690,0.0986,0.9867,-19.8381
41691,0.0986,0.9874,-19.7705
41692,0.0986,0.9882,-19.7029
41693,0.0988,0.9887,-19.6521
41694,0.0988,0.9895,-19.5845
41695,0.0990,0.9900,-19.5337
41696,0.0990,0.9908,-19.4660
41697,0.0990,0.9915,-19.3983
41698,0.0990,0.9962,-18.9749
41699,0.0990,0.9970,-18.9071
41700,0.0990,0.9979,-18.8223
41701,0.0992,0.9983,-18.7884
41703,0.0992,0.9988,-18.7375
41704,0.0994,0.9996,-18.6696
41705,0.0994,1.0002,-18.6187
41706,0.0994,1.0007,-18.5678
41707,0.0994,1.0013,-18.5169
41708,0.0996,1.0022,-18.4320
41709,0.0996,1.0030,-18.3641
41710,0.0996,1.0033,-18.3301
41711,0.0998,1.0041,-18.2622
41712,0.0998,1.0045,-18.2282
41713,0.0998,1.0050,-18.1772
41714,0.1001,1.0015,-18.4999
41715,0.1001,1.0018,-18.4660
41716,0.1001,1.0024,-18.4150
41717,0.1001,0.1001,-89.6751
41718,0.1003,1.0035,-18.3132
41719,0.1003,1.0041,-18.2622
41720,0.1005,1.0047,-18.2112
41722,0.1005,1.0052,-18.1603
41723,0.1005,1.0056,-18.1263
41724,0.1005,1.0062,-18.0753
41725,0.1007,1.0067,-18.0243
41726,0.1007,1.0071,-17.9903
41727,0.1007,1.0078,-17.9223
41728,0.1007,1.0084,-17.8712
41729,0.1009,1.0092,-17.8032
41730,0.1009,1.0099,-17.7352
41731,0.1009,1.0105,-17.6841
41732,0.1011,1.0110,-17.6330
41733,0.1011,1.0116,-17.5820
41734,0.1011,1.0122,-17.5309
41735,0.1013,1.0127,-17.4798
41736,0.1013,1.0131,-17.4458
41737,0.1013,1.0140,-17.3606
41738,0.1014,1.0144,-17.3265
41739,0.1014,1.0153,-17.2413
41740,0.1014,1.0159,-17.1902
41742,0.1016,1.0167,-17.1220
41743,0.1016,1.0172,-17.0709
41744,0.1016,1.0178,-17.0197
41745,0.1018,1.0185,-16.9515
41746,0.1018,1.0191,-16.9003
41747,0.1018,1.0197,-16.8491
41748,0.1020,1.0202,-16.7980
41749,0.1020,1.0212,-16.7126
41750,0.1020,1.0217,-16.6614
41751,0.1022,1.0225,-16.5931
41752,0.1022,1.0232,-16.5248
41753,0.1024,1.0242,-16.4394
41754,0.1024,1.0249,-16.3710
41755,0.1026,1.0258,-16.2856
41756,0.1026,1.0262,-16.2514
41757,0.1026,1.0272,-16.1659
41758,0.1028,1.0277,-16.1146
41759,0.1028,1.0281,-16.0804
41760,0.1029,1.0288,-16.0120
41762,0.1028,1.0294,-15.9607
41763,0.1029,1.0302,-15.8922
41764,0.1029,1.0309,-15.8238
41765,0.1031,1.0318,-15.7382
41766,0.1031,1.0326,-15.6697
41767,0.1033,1.0333,-15.6012
41768,0.1033,1.0341,-15.5327
41769,0.1035,1.0347,-15.4813
41770,0.1033,1.0392,-15.0698
41771,0.1033,1.0399,-15.0012
41772,0.1033,1.0405,-14.9497
41773,0.1035,1.0412,-14.8810
41774,0.1035,1.0416,-14.8467
41775,0.1035,1.0422,-14.7952
41776,0.1035,1.0425,-14.7608
41777,0.1035,1.0433,-14.6922
41778,0.1037,1.0440,-14.6234
41779,0.1037,1.0444,-14.5891
41781,0.1039,1.0450,-14.5375
41782,0.1039,1.0457,-14.4688
41783,0.1039,1.0461,-14.4344
41784,0.1039,1.0467,-14.3828
41785,0.1041,1.0472,-14.3313
41786,0.1041,1.0476,-14.2969
41787,0.1041,1.0482,-14.2453
41788,0.1041,1.0489,-14.1765
41789,0.1043,1.0493,-14.1421
41790,0.1043,1.0500,-14.0732
41791,0.1044,1.0506,-14.0216
41792,0.1044,1.0513,-13.9528
41793,0.1044,1.0519,-13.9011
41794,0.1044,1.0525,-13.8495
41795,0.1046,1.0530,-13.7978
41796,0.1046,1.0538,-13.7289
41797,0.1048,1.0543,-13.6772
41798,0.1048,1.0549,-13.6255
41799,0.1048,1.0519,-13.9011
41800,0.1048,1.0558,-13.5393
41802,0.1050,1.0564,-13.4876
41803,0.1050,1.0568,-13.4532
41804,0.1050,1.0573,-13.4014
41805,0.1050,1.0581,-13.3324
41806,0.1052,1.0587,-13.2807
41807,0.1052,1.0592,-13.2290
41808,0.1054,1.0602,-13.1427
41809,0.1054,1.0607,-13.0909
41810,0.1054,1.0613,-13.0391
41811,0.1054,1.0618,-12.9873
41812,0.1056,1.0624,-12.9355
41813,0.1056,1.0626,-12.9183
41814,0.1056,1.0632,-12.8664
41815,0.1056,1.0637,-12.8146
41816,0.1059,1.0605,-13.1082
41817,0.1059,1.0611,-13.0564
41818,0.1061,1.0617,-13.0046
41819,0.1061,1.0624,-12.9355
41821,0.1061,1.0632,-12.8664
41822,0.1063,1.0639,-12.7974
41823,0.1063,1.0647,-12.7282
41824,0.1065,1.0654,-12.6591
41825,0.1065,1.0662,-12.5900
41826,0.1065,1.0667,-12.5381
41827,0.1067,1.0675,-12.4690
41828,0.1067,1.0678,-12.4344
41829,0.1067,1.0684,-12.3825
41830,0.1067,1.0688,-12.3479
41831,0.1069,1.0693,-12.2960
41832,0.1069,1.0697,-12.2614
41833,0.1069,1.0701,-12.2268
41834,0.1071,1.0705,-12.1922
41835,0.1069,1.0708,-12.1576
41836,0.1071,1.0714,-12.1056
41837,0.1071,1.0718,-12.0710
41838,0.1071,1.0723,-12.0191
41839,0.1073,1.0727,-11.9844
41840,0.1073,1.0733,-11.9325
41842,0.1073,1.0737,-11.8978
41843,0.1073,1.0742,-11.8459
41844,0.1074,1.0746,-11.8112
41845,0.1074,1.0750,-11.7766
41846,0.1074,1.0755,-11.7246
41847,0.1074,1.0757,-11.7072
41848,0.1076,1.0763,-11.6552
41849,0.1076,1.0768,-11.6032
41850,0.1076,1.0774,-11.5512
41851,0.1076,1.0780,-11.4992
41852,0.1078,1.0785,-11.4472
41853,0.1078,1.0795,-11.3604
41854,0.1080,1.0802,-11.2910
41855,0.1080,1.0808,-11.2390
41856,0.1080,1.0813,-11.1869
41857,0.1082,1.0821,-11.1174
41858,0.1082,1.0825,-11.0827
41859,0.1082,1.0828,-11.0480
41860,0.1082,1.0832,-11.0132
41862,0.1084,1.0838,-10.9611
41863,0.1084,1.0843,-10.9090
41864,0.1084,1.0851,-10.8395
41865,0.1086,1.0857,-10.7874
41866,0.1086,1.0862,-10.7352
41867,0.1086,1.0868,-10.6831
41868,0.1086,1.0872,-10.6483
41869,0.1088,1.0879,-10.5788
41870,0.1088,1.0885,-10.5266
41871,0.1088,1.0890,-10.4744
41872,0.1088,1.0894,-10.4396
41873,0.1089,1.0898,-10.4048
41874,0.1089,1.0903,-10.3526
41875,0.1089,1.0909,-10.3004
41876,0.1089,1.0954,-9.8824
41877,0.1089,1.0960,-9.8301
41878,0.1089,1.0965,-9.7778
41879,0.1089,1.0969,-9.7430
41880,0.1091,1.0977,-9.6732
41882,0.1091,1.0982,-9.6209
41883,0.1091,1.0988,-9.5686
41884,0.1091,1.0993,-9.5163
41885,0.1093,1.0999,-9.4639
41886,0.1093,1.1005,-9.4116
41887,0.1093,1.1010,-9.3592
41888,0.1095,1.1016,-9.3069
41889,0.1095,1.1020,-9.2719
41890,0.1095,1.1027,-9.2021
41891,0.1097,1.1033,-9.1497
41892,0.1099,1.0999,-9.4639
41893,0.1099,1.1003,-9.4290
41894,0.1099,1.1008,-9.3767
41895,0.1101,1.1014,-9.3243
41896,0.1101,1.1020,-9.2719
41897,0.1101,1.1025,-9.2196
41898,0.1103,1.1031,-9.1672
41899,0.1103,1.1037,-9.1148
41900,0.1104,1.1042,-9.0624
41902,0.1104,1.1050,-8.9925
41903,0.1104,1.1055,-8.9401
41904,0.1104,1.1061,-8.8876
41905,0.1106,1.1067,-8.8352
41906,0.1106,1.1074,-8.7653
41907,0.1106,1.1080,-8.7128
41908,0.1108,1.1085,-8.6604
41909,0.1108,1.1091,-8.6079
41910,0.1108,1.1097,-8.5554
41911,0.1110,1.1104,-8.4854
41912,0.1110,1.1110,-8.4329
41913,0.1110,1.1115,-8.3804
41914,0.1110,1.1119,-8.3454
41915,0.1112,1.1125,-8.2929
41916,0.1112,1.1130,-8.2403
41917,0.1112,1.1138,-8.1703
41918,0.1114,1.1143,-8.1177
41919,0.1114,1.1149,-8.0652
41921,0.1114,1.1155,-8.0126
41922,0.1116,1.1160,-7.9600
41923,0.1116,1.1166,-7.9075
41924,0.1116,1.1172,-7.8549
41925,0.1116,1.1177,-7.8023
41926,0.1118,1.1181,-7.7672
41927,0.1118,1.1187,-7.7146
41928,0.1118,1.1192,-7.6620
41929,0.1119,1.1198,-7.6093
41930,0.1119,1.1200,-7.5918
41931,0.1119,1.1205,-7.5392
41932,0.1119,1.1211,-7.4865
41933,0.1121,1.1217,-7.4339
41934,0.1121,1.1220,-7.3988
41935,0.1121,1.1224,-7.3636
41936,0.1121,1.1232,-7.2934
41937,0.1123,1.1237,-7.2407
41938,0.1123,1.1243,-7.1880
41940,0.1123,1.1247,-7.1529
41941,0.1125,1.1250,-7.1178
41942,0.1125,1.1256,-7.0651
41943,0.1125,1.1260,-7.0299
41944,0.1125,1.1263,-6.9948
41945,0.1125,1.1269,-6.9420
41946,0.1127,1.1273,-6.9069
41947,0.1127,1.1275,-6.8893
41948,0.1127,1.1280,-6.8365
41949,0.1127,1.1284,-6.8014
41950,0.1127,1.1288,-6.7662
41951,0.1129,1.1293,-6.7134
41952,0.1127,1.1335,-6.3262
41953,0.1127,1.1340,-6.2734
41954,0.1127,1.1348,-6.2030
41955,0.1129,1.1355,-6.1325
41956,0.1129,1.1361,-6.0796
41957,0.1131,1.1367,-6.0267
41958,0.1131,1.1374,-5.9562
41960,0.1131,1.1383,-5.8681
41961,0.1133,1.1393,-5.7799
41962,0.1133,1.1402,-5.6917
41963,0.1133,1.1408,-5.6388
41964,0.1134,1.1413,-5.5858
41965,0.1134,1.1419,-5.5329
41966,0.1136,1.1423,-5.4976
41967,0.1136,1.1434,-5.3917
41968,0.1138,1.1421,-5.5152
41969,0.1140,1.1408,-5.6388
41970,0.1140,1.1415,-5.5682
41971,0.1142,1.1423,-5.4976
41972,0.1142,1.1430,-5.4270
41973,0.1142,1.1438,-5.3563
41974,0.1144,1.1443,-5.3034
41975,0.1144,1.1451,-5.2327
41976,0.1144,1.1455,-5.1974
41977,0.1146,1.1464,-5.1090
41978,0.1146,1.1472,-5.0383
41980,0.1148,1.1477,-4.9853
41981,0.1148,1.1483,-4.9323
41982,0.1148,1.1490,-4.8615
41983,0.1148,1.1496,-4.8085
41984,0.1149,1.1502,-4.7554
41985,0.1149,1.1507,-4.7023
41986,0.1149,1.1513,-4.6493
41987,0.1149,1.1517,-4.6139
41988,0.1151,1.1522,-4.5608
41989,0.1151,1.1526,-4.5254
41990,0.1151,1.1532,-4.4723
41991,0.1153,1.1537,-4.4191
41992,0.1153,1.1545,-4.3483
41993,0.1153,1.1552,-4.2775
41994,0.1153,1.1554,-4.2597
41995,0.1155,1.1560,-4.2066
41996,0.1155,1.1562,-4.1889
41997,0.1155,1.1565,-4.1534
41998,0.1155,1.1569,-4.1180
42000,0.1155,1.1571,-4.1003
42001,0.1157,1.1575,-4.0648
42002,0.1157,1.1577,-4.0471
42003,0.1157,1.1578,-4.0294
42004,0.1157,1.1582,-3.9939
42005,0.1157,1.1586,-3.9584
42006,0.1157,1.1588,-3.9407
42007,0.1157,1.1592,-3.9053
42008,0.1159,1.1593,-3.8875
42009,0.1159,1.1597,-3.8520
42010,0.1159,1.1601,-3.8166
42011,0.1159,1.1605,-3.7811
42012,0.1159,1.1608,-3.7456
42013,0.1161,1.1612,-3.7101
42014,0.1161,1.1616,-3.6746
42015,0.1161,1.1618,-3.6569
42016,0.1161,1.1620,-3.6392
42017,0.1161,1.1629,-3.5504
42018,0.1163,1.1635,-3.4971
42020,0.1163,1.1637,-3.4794
42021,0.1163,1.1642,-3.4261
42022,0.1163,1.1644,-3.4084
42023,0.1164,1.1650,-3.3551
42024,0.1164,1.1655,-3.3018
42025,0.1164,1.1661,-3.2485
42026,0.1166,1.1667,-3.1952
42027,0.1166,1.1670,-3.1597
42028,0.1166,1.1676,-3.1063
42029,0.1164,1.1717,-2.7151
42030,0.1164,1.1723,-2.6617
42031,0.1164,1.1728,-2.6083
42032,0.1166,1.1734,-2.5549
42033,0.1166,1.1740,-2.5015
42034,0.1168,1.1745,-2.4481
42035,0.1168,1.1749,-2.4125
42036,0.1168,1.1755,-2.3590
42037,0.1168,1.1758,-2.3234
42038,0.1170,1.1760,-2.3056
42040,0.1170,1.1766,-2.2522
42041,0.1170,1.1768,-2.2343
42042,0.1170,1.1772,-2.1987
42043,0.1170,1.1777,-2.1452
42044,0.1172,1.1783,-2.0918
42045,0.1174,1.1751,-2.3947
42046,0.1174,1.1757,-2.3412
42047,0.1176,1.1758,-2.3234
42048,0.1176,1.1762,-2.2878
42049,0.1176,1.1766,-2.2522
42050,0.1176,1.1770,-2.2165
42051,0.1176,1.1775,-2.1631
42052,0.1178,1.1779,-2.1274
42053,0.1176,1.1783,-2.0918
42054,0.1178,1.1785,-2.0739
42055,0.1178,1.1788,-2.0383
42056,0.1178,1.1792,-2.0026
42057,0.1178,1.1794,-1.9848
42058,0.1178,1.1798,-1.9491
42060,0.1179,1.1802,-1.9135
42061,0.1179,1.1803,-1.8956
42062,0.1179,1.1807,-1.8600
42063,0.1179,1.1809,-1.8421
42064,0.1179,1.1813,-1.8064
42065,0.1179,1.1818,-1.7529
42066,0.1181,1.1824,-1.6994
42067,0.1181,1.1828,-1.6637
42068,0.1181,1.1832,-1.6280
42069,0.1181,1.1835,-1.5923
42070,0.1181,1.1837,-1.5745
42071,0.1183,1.1841,-1.5387
42072,0.1183,1.1845,-1.5030
42073,0.1183,1.1848,-1.4673
42074,0.1183,1.1852,-1.4316
42075,0.1185,1.1856,-1.3959
42076,0.1185,1.1860,-1.3602
42077,0.1185,1.1863,-1.3244
42078,0.1185,1.1867,-1.2887
42079,0.1185,1.1871,-1.2530
42081,0.1185,1.1873,-1.2351
42082,0.1187,1.1875,-1.2172
42083,0.1187,1.1878,-1.1815
42084,0.1187,1.1882,-1.1458
42085,0.1187,1.1886,-1.1100
42086,0.1187,1.1890,-1.0743
42087,0.1189,1.1895,-1.0206
42088,0.1189,1.1897,-1.0027
42089,0.1189,1.1903,-0.9491
42090,0.1189,1.1908,-0.8954
42091,0.1189,1.1912,-0.8597
42092,0.1191,1.1916,-0.8239
42093,0.1191,1.1920,-0.7881
42094,0.1191,1.1922,-0.7702
42095,0.1191,1.1925,-0.7344
42096,0.1191,1.1927,-0.7165
42097,0.1193,1.1927,-0.7165
42098,0.1193,1.1931,-0.6808
42100,0.1193,1.1937,-0.6271
42101,0.1191,1.1974,-0.2689
42102,0.1191,1.1976,-0.2510
42103,0.1191,1.1976,-0.2510
42104,0.1191,1.1976,-0.2510
42105,0.1191,1.1976,-0.2510
42106,0.1191,1.1978,-0.2331
42107,0.1191,1.1978,-0.2331
42108,0.1191,1.1980,-0.2151
42109,0.1191,1.1980,-0.2151
42110,0.1191,1.1982,-0.1972
42111,0.1191,1.1982,-0.1972
42112,0.1191,1.1983,-0.1793
42113,0.1193,1.1985,-0.1614
42114,0.1193,1.1987,-0.1435
42115,0.1193,1.1991,-0.1076
42116,0.1193,1.1991,-0.1076
42117,0.1193,1.1993,-0.0897
42119,0.1193,1.1995,-0.0718
42120,0.1193,1.1998,-0.0359
42121,0.1193,1.2000,-0.0180
42122,0.1193,1.2002,-0.0000
42123,0.1193,1.2004,0.0179
42124,0.1194,1.2008,0.0538
42125,0.1194,1.2010,0.0717
42126,0.1194,1.2013,0.1076
42127,0.1194,1.2015,0.1255
42128,0.1194,1.2021,0.1793
42129,0.1194,1.2025,0.2152
42130,0.1194,1.2027,0.2331
42131,0.1196,1.2028,0.2511
42132,0.1196,1.2034,0.3049
42133,0.1196,1.2038,0.3408
42134,0.1196,1.2042,0.3767
42135,0.1198,1.2045,0.4126
42136,0.1198,1.2047,0.4306
42137,0.1198,1.2051,0.4665
42139,0.1198,1.2055,0.5024
42140,0.1198,1.2057,0.5203
42141,0.1198,1.2062,0.5742
42142,0.1200,1.2066,0.6101
42143,0.1200,1.2070,0.6461
42144,0.1200,1.2072,0.6640
42145,0.1200,1.2073,0.6820
42146,0.1202,1.2040,0.3588
42147,0.1204,1.2047,0.4306
42148,0.1204,1.2051,0.4665
42149,0.1204,1.2057,0.5203
42150,0.1206,1.2060,0.5563
42151,0.1206,1.2064,0.5922
42152,0.1206,1.2068,0.6281
42153,0.1206,1.2073,0.6820
42154,0.1206,1.2077,0.7179
42155,0.1208,1.2081,0.7539
42156,0.1208,1.2088,0.8257
42157,0.1208,1.2094,0.8797
42159,0.1208,1.2100,0.9336
42160,0.1209,1.2103,0.9695
42161,0.1209,1.2107,1.0055
42162,0.1209,1.2113,1.0595
42163,0.1209,1.2120,1.1314
42164,0.1211,1.2124,1.1674
42165,0.1211,1.2130,1.2213
42166,0.1211,1.2135,1.2753
42167,0.1211,1.2139,1.3113
42168,0.1213,1.2145,1.3653
42169,0.1213,1.2150,1.4193
42170,0.1213,1.2156,1.4733
42171,0.1215,1.2163,1.5453
42172,0.1215,1.2169,1.5994
42173,0.1215,1.2173,1.6354
42174,0.1217,1.2178,1.6894
42175,0.1217,1.2182,1.7255
42176,0.1217,1.2188,1.7795
42177,0.1219,1.2193,1.8336
42179,0.1219,1.2201,1.9057
42180,0.1219,1.2205,1.9418
42181,0.1219,1.2210,1.9958
42182,0.1219,1.2212,2.0139
42183,0.1221,1.2218,2.0680
42184,0.1221,1.2223,2.1221
42185,0.1221,1.2229,2.1762
42186,0.1223,1.2235,2.2303
42187,0.1223,1.2240,2.2845
42188,0.1223,1.2244,2.3205
42189,0.1221,1.2282,2.6817
42190,0.1221,1.2287,2.7359
42191,0.1223,1.2293,2.7901
42192,0.1223,1.2299,2.8443
42193,0.1223,1.2306,2.9166
42194,0.1224,1.2312,2.9708
42195,0.1224,1.2315,3.0070
42196,0.1224,1.2319,3.0432
42197,0.1224,1.2323,3.0793
42199,0.1226,1.2327,3.1155
42200,0.1226,1.2332,3.1698
42201,0.1226,1.2338,3.2240
42202,0.1226,1.2344,3.2783
42203,0.1230,1.2315,3.0070
42204,0.1230,1.2321,3.0612
42205,0.1232,1.2327,3.1155
42206,0.1232,1.2330,3.1517
42207,0.1230,1.2366,3.4955
42208,0.1230,1.2372,3.5498
42209,0.1230,1.2372,3.5498
42210,0.1230,1.2379,3.6223
42211,0.1230,1.2383,3.6585
42212,0.1232,1.2389,3.7129
42213,0.1232,1.2394,3.7672
42214,0.1232,1.2398,3.8034
42215,0.1232,1.2402,3.8397
42216,0.1232,1.2405,3.8759
42217,0.1234,1.2409,3.9122
42218,0.1234,1.2411,3.9303
42220,0.1234,1.2413,3.9484
42221,0.1234,1.2419,4.0028
42222,0.1236,1.2420,4.0210
42223,0.1238,1.2389,3.7129
42224,0.1238,1.2390,3.7310
42225,0.1238,1.2392,3.7491
42226,0.1238,1.2396,3.7853
42227,0.1238,1.2400,3.8216
42228,0.1239,1.2405,3.8759
42229,0.1239,1.2409,3.9122
42230,0.1239,1.2413,3.9484
42231,0.1239,1.2417,3.9847
42232,0.1241,1.2420,4.0210
42233,0.1241,1.2424,4.0572
42234,0.1241,1.2428,4.0935
42235,0.1241,1.2430,4.1116
42236,0.1241,1.2434,4.1479
42237,0.1241,1.2437,4.1842
42238,0.1243,1.2439,4.2023
42240,0.1243,1.2445,4.2568
42241,0.1243,1.2449,4.2930
42242,0.1243,1.2452,4.3293
42243,0.1243,1.2458,4.3838
42244,0.1243,1.2462,4.4201
42245,0.1245,1.2467,4.4745
42246,0.1245,1.2473,4.5290
42247,0.1245,1.2479,4.5835
42248,0.1247,1.2480,4.6016
42249,0.1247,1.2486,4.6561
42250,0.1247,1.2490,4.6925
42251,0.1249,1.2494,4.7288
42252,0.1249,1.2497,4.7651
42253,0.1249,1.2499,4.7833
42254,0.1249,1.2503,4.8196
42255,0.1249,1.2507,4.8560
42256,0.1249,1.2510,4.8923
42257,0.1249,1.2512,4.9105
42259,0.1249,1.2516,4.9469
42260,0.1251,1.2518,4.9650
42261,0.1251,1.2520,4.9832
42262,0.1251,1.2522,5.0014
42263,0.1251,1.2525,5.0378
42264,0.1251,1.2531,5.0923
42265,0.1253,1.2535,5.1287
42266,0.1253,1.2537,5.1469
42267,0.1253,1.2540,5.1833
42268,0.1253,1.2544,5.2196
42269,0.1253,1.2544,5.2196
42270,0.1254,1.2552,5.2924
42271,0.1254,1.2555,5.3288
42272,0.1254,1.2559,5.3652
42273,0.1254,1.2563,5.4016
42274,0.1254,1.2567,5.4380
42275,0.1254,1.2570,5.4744
42276,0.1254,1.2574,5.5108
42278,0.1256,1.2578,5.5472
42279,0.1256,1.2582,5.5836
42280,0.1256,1.2585,5.6201
42281,0.1258,1.2587,5.6383
42282,0.1258,1.2591,5.6747
42283,0.1256,1.2629,6.0392
42284,0.1256,1.2632,6.0756
42285,0.1256,1.2636,6.1121
42286,0.1256,1.2638,6.1303
42287,0.1258,1.2642,6.1668
42288,0.1258,1.2645,6.2033
42289,0.1258,1.2651,6.2580
42290,0.1258,1.2657,6.3128
42291,0.1258,1.2662,6.3675
42292,0.1260,1.2668,6.4222
42293,0.1260,1.2672,6.4587
42294,0.1260,1.2675,6.4953
42295,0.1260,1.2679,6.5318
42296,0.1260,1.2683,6.5683
42297,0.1262,1.2687,6.6048
42299,0.1264,1.2655,6.2945
42300,0.1264,1.2660,6.3492
42301,0.1266,1.2664,6.3857
42302,0.1266,1.2668,6.4222
42303,0.1266,1.2672,6.4587
42304,0.1266,1.2675,6.4953
42305,0.1266,1.2681,6.5500
42306,0.1268,1.2685,6.5865
42307,0.1268,1.2690,6.6413
42308,0.1268,1.2694,6.6778
42309,0.1268,1.2698,6.7144
42310,0.1268,1.2704,6.7692
42311,0.1269,1.2709,6.8240
42312,0.1269,1.2713,6.8605
42313,0.1269,1.2717,6.8971
42314,0.1269,1.2720,6.9336
42315,0.1271,1.2724,6.9702
42316,0.1271,1.2726,6.9885
42317,0.1271,1.2734,7.0616
42319,0.1273,1.2739,7.1164
42320,0.1271,1.2745,7.1713
42321,0.1273,1.2750,7.2262
42322,0.1273,1.2754,7.2627
42323,0.1273,1.2758,7.2993
42324,0.1273,1.2762,7.3359
42325,0.1275,1.2767,7.3908
42326,0.1275,1.2773,7.4457
42327,0.1275,1.2779,7.5006
42328,0.1277,1.2782,7.5372
42329,0.1277,1.2786,7.5738
42330,0.1277,1.2790,7.6105
42331,0.1277,1.2795,7.6654
42332,0.1279,1.2799,7.7020
42333,0.1279,1.2805,7.7570
42334,0.1279,1.2809,7.7936
42335,0.1279,1.2812,7.8302
42336,0.1281,1.2816,7.8669
42337,0.1281,1.2820,7.9035
42339,0.1281,1.2824,7.9402
42340,0.1281,1.2829,7.9952
42341,0.1283,1.2835,8.0502
42342,0.1283,1.2839,8.0868
42343,0.1283,1.2844,8.1418
42344,0.1283,1.2848,8.1785
42345,0.1283,1.2852,8.2152
42346,0.1284,1.2855,8.2519
42347,0.1284,1.2859,8.2885
42348,0.1284,1.2863,8.3252
42349,0.1284,1.2867,8.3619
42350,0.1284,1.2870,8.3986
42351,0.1284,1.2874,8.4353
42352,0.1286,1.2880,8.4904
42353,0.1286,1.2887,8.5638
42354,0.1288,1.2893,8.6189
42355,0.1288,1.2899,8.6739
42356,0.1288,1.2902,8.7107
42357,0.1288,1.2910,8.7841
42359,0.1286,1.2945,9.1333
42360,0.1288,1.2949,9.1700
42361,0.1288,1.2959,9.2620
42362,0.1288,1.2966,9.3356
42363,0.1290,1.2974,9.4091
42364,0.1290,1.2979,9.4643
42365,0.1292,1.2983,9.5011
42366,0.1292,1.2990,9.5748
42367,0.1292,1.2996,9.6300
42368,0.1294,1.3004,9.7036
42369,0.1294,1.3011,9.7773
42370,0.1294,1.3017,9.8325
42371,0.1294,1.3024,9.9062
42372,0.1296,1.3028,9.9431
42373,0.1296,1.3034,9.9983
42374,0.1296,1.3041,10.0721
42375,0.1299,1.3013,9.7957
42376,0.1299,1.3020,9.8694
42377,0.1301,1.3028,9.9431
42379,0.1301,1.3034,9.9983
42380,0.1301,1.3039,10.0536
42381,0.1301,1.3043,10.0905
42382,0.1303,1.3050,10.1642
42383,0.1303,1.3060,10.2564
42384,0.1305,1.3065,10.3117
42385,0.1305,1.3073,10.3855
42386,0.1305,1.3079,10.4409
42387,0.1307,1.3084,10.4962
42388,0.1307,1.3090,10.5516
42389,0.1307,1.3095,10.6069
42390,0.1309,1.3103,10.6808
42391,0.1309,1.3109,10.7361
42392,0.1309,1.3116,10.8100
42393,0.1311,1.3122,10.8654
42394,0.1311,1.3127,10.9208
42395,0.1311,1.3133,10.9762
42396,0.1311,1.3139,11.0317
42397,0.1313,1.3144,11.0871
42399,0.1313,1.3152,11.1610
42400,0.1314,1.3155,11.1980
42401,0.1314,1.3167,11.3089
42402,0.1314,1.3170,11.3459
42403,0.1316,1.3176,11.4014
42404,0.1316,1.3182,11.4569
42405,0.1316,1.3187,11.5124
42406,0.1316,1.3195,11.5864
42407,0.1318,1.3199,11.6234
42408,0.1318,1.3204,11.6789
42409,0.1318,1.3206,11.6974
42410,0.1320,1.3214,11.7715
42411,0.1318,1.3219,11.8270
42412,0.1320,1.3225,11.8826
42413,0.1320,1.3230,11.9381
42414,0.1322,1.3238,12.0122
42415,0.1322,1.3245,12.0863
42416,0.1324,1.3253,12.1605
42418,0.1324,1.3259,12.2161
42419,0.1324,1.3264,12.2717
42420,0.1326,1.3272,12.3458
42421,0.1326,1.3277,12.4015
42422,0.1326,1.3283,12.4571
42423,0.1326,1.3287,12.4942
42424,0.1328,1.3290,12.5313
42425,0.1328,1.3294,12.5684
42426,0.1328,1.3298,12.6055
42427,0.1328,1.3300,12.6241
42428,0.1328,1.3304,12.6612
42429,0.1328,1.3305,12.6797
42430,0.1328,1.3339,13.0139
42431,0.1328,1.3341,13.0325
42432,0.1328,1.3343,13.0511
42433,0.1326,1.3347,13.0882
42434,0.1328,1.3349,13.1068
42435,0.1328,1.3352,13.1440
42436,0.1328,1.3356,13.1811
42437,0.1328,1.3360,13.2183
42439,0.1329,1.3364,13.2555
42440,0.1328,1.3364,13.2555
42441,0.1329,1.3367,13.2926
42442,0.1329,1.3369,13.3112
42443,0.1329,1.3373,13.3484
42444,0.1331,1.3379,13.4042
42445,0.1331,1.3380,13.4228
42446,0.1331,1.3384,13.4600
42447,0.1331,1.3386,13.4785
42448,0.1331,1.3390,13.5157
42449,0.1331,1.3392,13.5343
42450,0.1331,1.3394,13.5529
42451,0.1331,1.3399,13.6087
42452,0.1333,1.3401,13.6274
42453,0.1333,1.3405,13.6646
42454,0.1333,1.3409,13.7018
42455,0.1333,1.3410,13.7204
42456,0.1333,1.3414,13.7576
42458,0.1335,1.3418,13.7948
42459,0.1335,1.3422,13.8320
42460,0.1335,1.3427,13.8879
42461,0.1335,1.3435,13.9624
42462,0.1335,1.3437,13.9810
42463,0.1337,1.3439,13.9996
42464,0.1337,1.3442,14.0369
42465,0.1337,1.3446,14.0741
42466,0.1337,1.3448,14.0927
42467,0.1337,1.3452,14.1300
42468,0.1337,1.3457,14.1859
42469,0.1339,1.3459,14.2045
42470,0.1339,1.3465,14.2604
42471,0.1339,1.3470,14.3163
42472,0.1339,1.3474,14.3536
42473,0.1339,1.3478,14.3909
42474,0.1341,1.3480,14.4095
42475,0.1341,1.3485,14.4654
42476,0.1344,1.3459,14.2045
42477,0.1344,1.3465,14.2604
42479,0.1344,1.3472,14.3349
42480,0.1344,1.3474,14.3536
42481,0.1346,1.3482,14.4281
42482,0.1346,1.3485,14.4654
42483,0.1346,1.3489,14.5027
42484,0.1346,1.3495,14.5587
42485,0.1348,1.3500,14.6146
42486,0.1348,1.3504,14.6519
42487,0.1348,1.3508,14.6892
42488,0.1348,1.3510,14.7079
42489,0.1348,1.3515,14.7639
42490,0.1348,1.3517,14.7825
42491,0.1350,1.3523,14.8385
42492,0.1350,1.3529,14.8945
42493,0.1350,1.3532,14.9318
42494,0.1352,1.3538,14.9878
42495,0.1352,1.3544,15.0438
42496,0.1352,1.3549,15.0999
42497,0.1352,1.3555,15.1559
42499,0.1354,1.3559,15.1932
42500,0.1354,1.3560,15.2119
42501,0.1354,1.3566,15.2680
42502,0.1354,1.3570,15.3053
42503,0.1354,1.3574,15.3427
42504,0.1356,1.3579,15.3988
42505,0.1356,1.3587,15.4735
42506,0.1356,1.3592,15.5296
42507,0.1358,1.3596,15.5670
42508,0.1358,1.3600,15.6044
42509,0.1358,1.3605,15.6605
42510,0.1358,1.3611,15.7166
42511,0.1359,1.3619,15.7915
42512,0.1359,1.3626,15.8663
42513,0.1361,1.3632,15.9224
42514,0.1361,1.3637,15.9786
42515,0.1361,1.3643,16.0347
42516,0.1361,1.3649,16.0909
42518,0.1363,1.3654,16.1471
42519,0.1363,1.3660,16.2033
42520,0.1363,1.3667,16.2782
42521,0.1365,1.3675,16.3531
42522,0.1365,1.3680,16.4093
42523,0.1365,1.3684,16.4468
42524,0.1367,1.3688,16.4843
42525,0.1367,1.3692,16.5218
42526,0.1367,1.3694,16.5405
42527,0.1367,1.3695,16.5593
42528,0.1367,1.3701,16.6155
42529,0.1367,1.3705,16.6530
42530,0.1369,1.3709,16.6905
42531,0.1369,1.3712,16.7280
42532,0.1369,1.3714,16.7468
42533,0.1369,1.3718,16.7843
42534,0.1369,1.3720,16.8030
42535,0.1369,1.3724,16.8405
42536,0.1367,1.3754,17.1408
42538,0.1367,1.3757,17.1783
42539,0.1369,1.3759,17.1971
42540,0.1369,1.3763,17.2347
42541,0.1369,1.3767,17.2722
42542,0.1369,1.3772,17.3286
42543,0.1371,1.3778,17.3849
42544,0.1371,1.3780,17.4037
42545,0.1371,1.3784,17.4413
42546,0.1371,1.3787,17.4789
42547,0.1373,1.3791,17.5164
42548,0.1371,1.3797,17.5728
42549,0.1373,1.3800,17.6104
42550,0.1373,1.3804,17.6480
42551,0.1373,1.3806,17.6668
42552,0.1373,1.3812,17.7232
42553,0.1374,1.3785,17.4601
42554,0.1376,1.3791,17.5164
42555,0.1376,1.3795,17.5540
42556,0.1378,1.3797,17.5728
42558,0.1376,1.3800,17.6104
42559,0.1378,1.3804,17.6480
42560,0.1378,1.3810,17.7044
42561,0.1378,1.3814,17.7420
42562,0.1378,1.3817,17.7796
42563,0.1378,1.3821,17.8172
42564,0.1380,1.3827,17.8736
42565,0.1380,1.3832,17.9301
42566,0.1380,1.3838,17.9865
42567,0.1382,1.3844,18.0430
42568,0.1382,1.3849,18.0994
42569,0.1382,1.3853,18.1370
42570,0.1382,1.3859,18.1935
42571,0.1384,1.3862,18.2312
42572,0.1384,1.3868,18.2876
42573,0.1384,1.3874,18.3441
42574,0.1386,1.3877,18.3818
42575,0.1386,1.3883,18.4383
42576,0.1386,1.3887,18.4760
42578,0.1386,1.3890,18.5136
42579,0.1386,1.3896,18.5702
42580,0.1388,1.3900,18.6079
42581,0.1388,1.3905,18.6644
42582,0.1388,1.3909,18.7021
42583,0.1388,1.3915,18.7586
42584,0.1389,1.3920,18.8152
42585,0.1389,1.3926,18.8718
42586,0.1389,1.3930,18.9095
42587,0.1389,1.3937,18.9849
42588,0.1391,1.3941,19.0226
42589,0.1391,1.3945,19.0604
42590,0.1391,1.3949,19.0981
42591,0.1391,1.3952,19.1358
42592,0.1393,1.3958,19.1924
42593,0.1393,1.3962,19.2302
42594,0.1393,1.3969,19.3057
42595,0.1395,1.3977,19.3812
42597,0.1395,1.3982,19.4379
42598,0.1395,1.3988,19.4945
42599,0.1397,1.3995,19.5701
42600,0.1397,1.4001,19.6267
42601,0.1397,1.4007,19.6834
42602,0.1399,1.4014,19.7590
42603,0.1399,1.4022,19.8346
42604,0.1399,1.4029,19.9102
42605,0.1401,1.4037,19.9858
42606,0.1401,1.4044,20.0615
42607,0.1401,1.4050,20.1182
42608,0.1403,1.4057,20.1939
42609,0.1403,1.4063,20.2507
42610,0.1404,1.4069,20.3074
42611,0.1404,1.4076,20.3831
42612,0.1404,1.4084,20.4589
42613,0.1403,1.4117,20.7998
42614,0.1404,1.4119,20.8187
42615,0.1404,1.4130,20.9325
42617,0.1404,1.4138,21.0083
42618,0.1406,1.4145,21.0841
42619,0.1406,1.4151,21.1410
42620,0.1408,1.4159,21.2169
42621,0.1408,1.4166,21.2928
42622,0.1408,1.4172,21.3497
42623,0.1410,1.4179,21.4256
42624,0.1410,1.4185,21.4825
42625,0.1410,1.4194,21.5774
42626,0.1412,1.4202,21.6534
42627,0.1412,1.4209,21.7293
42628,0.1414,1.4215,21.7863
42629,0.1416,1.4194,21.5774
42630,0.1416,1.4200,21.6344
42631,0.1418,1.4209,21.7293
42632,0.1418,1.4217,21.8053
42633,0.1419,1.4224,21.8813
42634,0.1419,1.4230,21.9383
42636,0.1419,1.4232,21.9573
42637,0.1421,1.4241,22.0523
42638,0.1421,1.4249,22.1284
42639,0.1421,1.4254,22.1854
42640,0.1423,1.4258,22.2235
42641,0.1423,1.4267,22.3185
42642,0.1423,1.4273,22.3756
42643,0.1425,1.4279,22.4327
42644,0.1425,1.4284,22.4898
42645,0.1425,1.4292,22.5659
42646,0.1427,1.4299,22.6420
42647,0.1427,1.4309,22.7372
42648,0.1429,1.4316,22.8134
42649,0.1429,1.4324,22.8896
42650,0.1429,1.4329,22.9467
42651,0.1431,1.4335,23.0039
42652,0.1431,1.4340,23.0610
42653,0.1431,1.4346,23.1182
42654,0.1431,1.4352,23.1754
42655,0.1431,1.4355,23.2135
42657,0.1433,1.4357,23.2326
42658,0.1433,1.4367,23.3279
42659,0.1433,1.4372,23.3851
42660,0.1434,1.4374,23.4042
42661,0.1434,1.4382,23.4805
42662,0.1434,1.4385,23.5186
42663,0.1434,1.4391,23.5759
42664,0.1436,1.4399,23.6522
42665,0.1436,1.4404,23.7094
42666,0.1436,1.4412,23.7858
42667,0.1438,1.4415,23.8240
42668,0.1438,1.4423,23.9004
42669,0.1438,1.4429,23.9576
42670,0.1440,1.4434,24.0149
42671,0.1440,1.4444,24.1105
42672,0.1440,1.4451,24.1869
42673,0.1442,1.4459,24.2633
42674,0.1442,1.4466,24.3398
42676,0.1444,1.4474,24.4163
42677,0.1444,1.4481,24.4927
42678,0.1444,1.4487,24.5501
42679,0.1446,1.4494,24.6266
42680,0.1446,1.4500,24.6840
42681,0.1446,1.4507,24.7606
42682,0.1448,1.4515,24.8371
42683,0.1448,1.4522,24.9137
42684,0.1449,1.4532,25.0094
42685,0.1449,1.4541,25.1051
42686,0.1451,1.4550,25.2009
42687,0.1451,1.4560,25.2967
42688,0.1451,1.4569,25.3925
42689,0.1453,1.4575,25.4500
42690,0.1453,1.4582,25.5267
42691,0.1455,1.4588,25.5842
42692,0.1455,1.4594,25.6418
42693,0.1455,1.4599,25.6993
42694,0.1457,1.4607,25.7760
42696,0.1457,1.4612,25.8336
42697,0.1457,1.4618,25.8911
42698,0.1457,1.4625,25.9679
42699,0.1459,1.4631,26.0255
42700,0.1459,1.4637,26.0831
42701,0.1459,1.4644,26.1599
42702,0.1461,1.4650,26.2175
42703,0.1461,1.4657,26.2943
42704,0.1463,1.4663,26.3519
42705,0.1463,1.4670,26.4288
42706,0.1463,1.4676,26.4864
42707,0.1464,1.4684,26.5633
42708,0.1464,1.4689,26.6210
42709,0.1464,1.4697,26.6979
42710,0.1464,1.4700,26.7363
42711,0.1466,1.4708,26.8133
42712,0.1466,1.4715,26.8902
42713,0.1466,1.4721,26.9479
42714,0.1468,1.4729,27.0249
42716,0.1468,1.4734,27.0826
42717,0.1470,1.4740,27.1403
42718,0.1470,1.4747,27.2173
42719,0.1470,1.4753,27.2751
42720,0.1470,1.4759,27.3329
42721,0.1472,1.4764,27.3906
42722,0.1472,1.4770,27.4484
42723,0.1472,1.4777,27.5255
42724,0.1474,1.4783,27.5833
42725,0.1474,1.4789,27.6411
42726,0.1474,1.4794,27.6989
42727,0.1474,1.4800,27.7567
42728,0.1476,1.4805,27.8146
42729,0.1476,1.4811,27.8724
42730,0.1478,1.4817,27.9303
42731,0.1478,1.4824,28.0074
42732,0.1478,1.4828,28.0460
42733,0.1478,1.4835,28.1232
42734,0.1479,1.4839,28.1617
42736,0.1479,1.4845,28.2196
42737,0.1479,1.4850,28.2775
42738,0.1481,1.4856,28.3354
42739,0.1481,1.4862,28.3934
42740,0.1481,1.4867,28.4513
42741,0.1481,1.4867,28.4513
42742,0.1483,1.4877,28.5478
42743,0.1483,1.4882,28.6058
42744,0.1483,1.4888,28.6637
42745,0.1485,1.4894,28.7217
42746,0.1485,1.4897,28.7603
42747,0.1485,1.4901,28.7990
42748,0.1485,1.4907,28.8570
42749,0.1485,1.4910,28.8956
42750,0.1487,1.4914,28.9343
42751,0.1487,1.4920,28.9923
42752,0.1487,1.4925,29.0503
42754,0.1487,1.4929,29.0890
42755,0.1487,1.4935,29.1470
42756,0.1489,1.4939,29.1857
42757,0.1489,1.4942,29.2244
42758,0.1489,1.4948,29.2824
42759,0.1489,1.4952,29.3211
42760,0.1491,1.4955,29.3598
42761,0.1491,1.4961,29.4179
42762,0.1491,1.4961,29.4179
42763,0.1491,1.4969,29.4953
42764,0.1493,1.4974,29.5534
42765,0.1493,1.4978,29.5921
42766,0.1493,1.4984,29.6502
42767,0.1493,1.4987,29.6889
42768,0.1493,1.4991,29.7277
42769,0.1494,1.4995,29.7664
42770,0.1494,1.4999,29.8051
42771,0.1494,1.5002,29.8439
42772,0.1494,1.5004,29.8633
42773,0.1494,1.5010,29.9214
42775,0.1496,1.5014,29.9601
42776,0.1496,1.5017,29.9989
42777,0.1496,1.5021,30.0377
42778,0.1496,1.5025,30.0764
42779,0.1498,1.5029,30.1152
42780,0.1498,1.5032,30.1540
42781,0.1498,1.5036,30.1928
42782,0.1498,1.5040,30.2315
42783,0.1498,1.5040,30.2315
42784,0.1498,1.5045,30.2897
42785,0.1498,1.5049,30.3285
42786,0.1500,1.5053,30.3673
42787,0.1500,1.5055,30.3867
42788,0.1500,1.5059,30.4255
42789,0.1500,1.5062,30.4643
42790,0.1500,1.5066,30.5031
42791,0.1502,1.5070,30.5419
42792,0.1500,1.5074,30.5807
42794,0.1502,1.5074,30.5807
42795,0.1502,1.5077,30.6196
42796,0.1502,1.5081,30.6584
42797,0.1502,1.5083,30.6778
42798,0.1502,1.5087,30.7166
42799,0.1504,1.5090,30.7555
42800,0.1504,1.5092,30.7749
42801,0.1504,1.5096,30.8137
42802,0.1504,1.5098,30.8331
42803,0.1504,1.5100,30.8526
42804,0.1504,1.5104,30.8914
42805,0.1504,1.5104,30.8914
42806,0.1504,1.5107,30.9302
42807,0.1506,1.5109,30.9497
42808,0.1504,1.5111,30.9691
42809,0.1506,1.5113,30.9885
42810,0.1506,1.5115,31.0079
42811,0.1506,1.5117,31.0274
42812,0.1506,1.5119,31.0468
42814,0.1506,1.5120,31.0662
42815,0.1506,1.5124,31.1051
42816,0.1506,1.5128,31.1440
42817,0.1506,1.5128,31.1440
42818,0.1508,1.5132,31.1828
42819,0.1508,1.5134,31.2023
42820,0.1508,1.5135,31.2217
42821,0.1508,1.5137,31.2412
42822,0.1508,1.5139,31.2606
42823,0.1508,1.5141,31.2800
42824,0.1508,1.5143,31.2995
42825,0.1508,1.5141,31.2800
42826,0.1509,1.5149,31.3578
42827,0.1509,1.5150,31.3772
42828,0.1509,1.5152,31.3967
42829,0.1509,1.5154,31.4161
42830,0.1509,1.5158,31.4550
42831,0.1509,1.5160,31.4745
42832,0.1509,1.5162,31.4939
42834,0.1509,1.5165,31.5328
42835,0.1509,1.5167,31.5523
42836,0.1511,1.5165,31.5328
42837,0.1511,1.5171,31.5912
42838,0.1511,1.5171,31.5912
42839,0.1511,1.5173,31.6107
42840,0.1511,1.5175,31.6301
42841,0.1511,1.5175,31.6301
42842,0.1511,1.5177,31.6496
42843,0.1511,1.5177,31.6496
42844,0.1511,1.5179,31.6690
42845,0.1511,1.5179,31.6690
42846,0.1511,1.5177,31.6496
42847,0.1511,1.5180,31.6885
42848,0.1511,1.5182,31.7079
42849,0.1511,1.5182,31.7079
42850,0.1511,1.5184,31.7274
42851,0.1511,1.5186,31.7469
42852,0.1511,1.5186,31.7469
42854,0.1511,1.5188,31.7663
42855,0.1511,1.5190,31.7858
42856,0.1513,1.5192,31.8053
42857,0.1513,1.5194,31.8247
42858,0.1513,1.5195,31.8442
42859,0.1513,1.5197,31.8637
42860,0.1513,1.5201,31.9026
42861,0.1513,1.5201,31.9026
42862,0.1513,1.5203,31.9221
42863,0.1513,1.5205,31.9415
42864,0.1513,1.5205,31.9415
42865,0.1515,1.5207,31.9610
42866,0.1515,1.5209,31.9805
42867,0.1515,1.5209,31.9805
42868,0.1515,1.5212,32.0194
42869,0.1515,1.5212,32.0194
42870,0.1515,1.5212,32.0194
42871,0.1515,1.5214,32.0389
42873,0.1515,1.5214,32.0389
42874,0.1515,1.5214,32.0389
42875,0.1515,1.5216,32.0584
42876,0.1515,1.5216,32.0584
42877,0.1515,1.5216,32.0584
42878,0.1515,1.5216,32.0584
42879,0.1515,1.5218,32.0779
42880,0.1515,1.5218,32.0779
42881,0.1515,1.5220,32.0973
42882,0.1515,1.5220,32.0973
42883,0.1515,1.5220,32.0973
42884,0.1515,1.5220,32.0973
42885,0.1515,1.5220,32.0973
42886,0.1515,1.5222,32.1168
42887,0.1515,1.5222,32.1168
42888,0.1515,1.5224,32.1363
42889,0.1515,1.5225,32.1558
42890,0.1517,1.5227,32.1753
42891,0.1517,1.5227,32.1753
42893,0.1517,1.5229,32.1947
42894,0.1517,1.5231,32.2142
42895,0.1517,1.5233,32.2337
42896,0.1517,1.5233,32.2337
42897,0.1517,1.5237,32.2727
42898,0.1517,1.5239,32.2922
42899,0.1517,1.5240,32.3117
42900,0.1517,1.5242,32.3312
42901,0.1517,1.5244,32.3506
42902,0.1517,1.5246,32.3701
42903,0.1519,1.5248,32.3896
42904,0.1519,1.5250,32.4091
42905,0.1519,1.5250,32.4091
42906,0.1519,1.5252,32.4286
42907,0.1519,1.5254,32.4481
42908,0.1519,1.5255,32.4676
42909,0.1519,1.5254,32.4481
42910,0.1519,1.5261,32.5261
42912,0.1519,1.5263,32.5456
42913,0.1519,1.5263,32.5456
42914,0.1519,1.5265,32.5651
42915,0.1519,1.5267,32.5846
42916,0.1519,1.5269,32.6041
42917,0.1521,1.5272,32.6431
42918,0.1521,1.5274,32.6626
42919,0.1521,1.5278,32.7016
42920,0.1521,1.5278,32.7016
42921,0.1521,1.5282,32.7406
42922,0.1521,1.5282,32.7406
42923,0.1521,1.5284,32.7601
42924,0.1521,1.5285,32.7796
42925,0.1521,1.5285,32.7796
42926,0.1523,1.5287,32.7992
42927,0.1523,1.5289,32.8187
42928,0.1523,1.5289,32.8187
42929,0.1523,1.5289,32.8187
42930,0.1521,1.5287,32.7992
42932,0.1523,1.5293,32.8577
42933,0.1523,1.5295,32.8772
42934,0.1523,1.5295,32.8772
42935,0.1523,1.5297,32.8967
42936,0.1523,1.5299,32.9162
42937,0.1523,1.5300,32.9358
42938,0.1523,1.5302,32.9553
42939,0.1523,1.5304,32.9748
42940,0.1524,1.5306,32.9943
42941,0.1523,1.5306,32.9943
42942,0.1524,1.5310,33.0334
42943,0.1524,1.5312,33.0529
42944,0.1524,1.5314,33.0724
42945,0.1524,1.5315,33.0919
42946,0.1524,1.5317,33.1115
42947,0.1524,1.5319,33.1310
42948,0.1524,1.5321,33.1505
42949,0.1524,1.5323,33.1700
42950,0.1524,1.5327,33.2091
42952,0.1526,1.5327,33.2091
42953,0.1526,1.5330,33.2482
42954,0.1526,1.5330,33.2482
42955,0.1526,1.5334,33.2872
42956,0.1526,1.5336,33.3068
42957,0.1526,1.5336,33.3068
42958,0.1526,1.5340,33.3458
42959,0.1526,1.5340,33.3458
42960,0.1526,1.5342,33.3654
42961,0.1526,1.5344,33.3849
42962,0.1526,1.5345,33.4044
42963,0.1528,1.5347,33.4240
42964,0.1528,1.5349,33.4435
42965,0.1526,1.5349,33.4435
42966,0.1528,1.5351,33.4631
42967,0.1528,1.5353,33.4826
42968,0.1528,1.5355,33.5021
42969,0.1528,1.5355,33.5021
42970,0.1528,1.5357,33.5217
42972,0.1528,1.5355,33.5021
42973,0.1528,1.5357,33.5217
42974,0.1528,1.5357,33.5217
42975,0.1528,1.5357,33.5217
42976,0.1528,1.5359,33.5412
42977,0.1528,1.5359,33.5412
42978,0.1528,1.5359,33.5412
42979,0.1528,1.5360,33.5608
42980,0.1528,1.5362,33.5803
42981,0.1528,1.5362,33.5803
42982,0.1528,1.5362,33.5803
42983,0.1528,1.5362,33.5803
42984,0.1528,1.5360,33.5608
42985,0.1528,1.5364,33.5999
42986,0.1528,1.5364,33.5999
42987,0.1528,1.5364,33.5999
42988,0.1528,1.5364,33.5999
42989,0.1528,1.5364,33.5999
42990,0.1528,1.5364,33.5999
42992,0.1528,1.5366,33.6194
42993,0.1528,1.5366,33.6194
42994,0.1528,1.5366,33.6194
42995,0.1530,1.5362,33.5803
42996,0.1530,1.5366,33.6194
42997,0.1530,1.5366,33.6194
42998,0.1528,1.5366,33.6194
42999,0.1530,1.5366,33.6194
43000,0.1528,1.5368,33.6390
43001,0.1528,1.5368,33.6390
43002,0.1528,1.5368,33.6390
43003,0.1530,1.5370,33.6585
43004,0.1530,1.5370,33.6585
43005,0.1530,1.5370,33.6585
43006,0.1530,1.5372,33.6781
43007,0.1530,1.5372,33.6781
43008,0.1530,1.5372,33.6781
43009,0.1530,1.5372,33.6781
43010,0.1530,1.5372,33.6781
43012,0.1530,1.5370,33.6585
43013,0.1528,1.5370,33.6585
43014,0.1528,1.5370,33.6585
43015,0.1528,1.5370,33.6585
43016,0.1530,1.5368,33.6390
43017,0.1530,1.5372,33.6781
43018,0.1528,1.5372,33.6781
43019,0.1528,1.5372,33.6781
43020,0.1530,1.5372,33.6781
43021,0.1528,1.5372,33.6781
43022,0.1530,1.5372,33.6781
43023,0.1530,1.5370,33.6585
43024,0.1530,1.5370,33.6585
43025,0.1530,1.5370,33.6585
43026,0.1528,1.5370,33.6585
43027,0.1530,1.5370,33.6585
43028,0.1530,1.5370,33.6585
43029,0.1530,1.5372,33.6781
43030,0.1528,1.5372,33.6781
43032,0.1530,1.5374,33.6976
43033,0.1530,1.5374,33.6976
43034,0.1530,1.5374,33.6976
43035,0.1530,1.5374,33.6976
43036,0.1530,1.5374,33.6976
43037,0.1528,1.5374,33.6976
43038,0.1530,1.5375,33.7172
43039,0.1530,1.5375,33.7172
43040,0.1530,1.5379,33.7563
43041,0.1530,1.5379,33.7563
43042,0.1530,1.5381,33.7758
43043,0.1530,1.5383,33.7954
43044,0.1530,1.5385,33.8150
43045,0.1532,1.5385,33.8150
43046,0.1530,1.5387,33.8345
43047,0.1530,1.5389,33.8541
43048,0.1532,1.5390,33.8736
43049,0.1532,1.5390,33.8736
43050,0.1530,1.5392,33.8932
43051,0.1532,1.5392,33.8932
43053,0.1532,1.5394,33.9128
43054,0.1532,1.5396,33.9323
43055,0.1532,1.5398,33.9519
43056,0.1532,1.5402,33.9910
43057,0.1532,1.5404,34.0106
43058,0.1532,1.5405,34.0302
43059,0.1532,1.5407,34.0497
43060,0.1532,1.5409,34.0693
43061,0.1534,1.5411,34.0889
43062,0.1534,1.5415,34.1280
43063,0.1534,1.5415,34.1280
43064,0.1534,1.5417,34.1476
43065,0.1534,1.5419,34.1672
43066,0.1534,1.5420,34.1867
43067,0.1534,1.5422,34.2063
43068,0.1534,1.5424,34.2259
43069,0.1534,1.5426,34.2455
43070,0.1534,1.5426,34.2455
43071,0.1534,1.5428,34.2650
43073,0.1536,1.5430,34.2846
43074,0.1536,1.5432,34.3042
43075,0.1536,1.5432,34.3042
43076,0.1536,1.5432,34.3042
43077,0.1536,1.5432,34.3042
43078,0.1536,1.5434,34.3238
43079,0.1536,1.5434,34.3238
43080,0.1536,1.5434,34.3238
43081,0.1536,1.5434,34.3238
43082,0.1536,1.5435,34.3434
43083,0.1536,1.5434,34.3238
43084,0.1536,1.5434,34.3238
43085,0.1536,1.5434,34.3238
43086,0.1536,1.5434,34.3238
43087,0.1536,1.5434,34.3238
43088,0.1536,1.5432,34.3042
43089,0.1536,1.5432,34.3042
43090,0.1536,1.5432,34.3042
43091,0.1534,1.5432,34.3042
43093,0.1534,1.5430,34.2846
43094,0.1534,1.5430,34.2846
43095,0.1534,1.5432,34.3042
43096,0.1536,1.5432,34.3042
43097,0.1536,1.5430,34.2846
43098,0.1536,1.5432,34.3042
43099,0.1536,1.5434,34.3238
43100,0.1536,1.5434,34.3238
43101,0.1536,1.5432,34.3042
43102,0.1536,1.5430,34.2846
43103,0.1536,1.5432,34.3042
43104,0.1536,1.5432,34.3042
43105,0.1534,1.5430,34.2846
43106,0.1534,1.5424,34.2259
43107,0.1534,1.5428,34.2650
43108,0.1534,1.5426,34.2455
43109,0.1534,1.5424,34.2259
43110,0.1534,1.5424,34.2259
43112,0.1534,1.5422,34.2063
43113,0.1534,1.5420,34.1867
43114,0.1534,1.5420,34.1867
43115,0.1534,1.5419,34.1672
43116,0.1534,1.5417,34.1476
43117,0.1534,1.5415,34.1280
43118,0.1534,1.5411,34.0889
43119,0.1532,1.5409,34.0693
43120,0.1532,1.5407,34.0497
43121,0.1532,1.5404,34.0106
43122,0.1532,1.5402,33.9910
43123,0.1532,1.5400,33.9715
43124,0.1532,1.5398,33.9519
43125,0.1532,1.5398,33.9519
43126,0.1532,1.5398,33.9519
43127,0.1532,1.5398,33.9519
43128,0.1532,1.5398,33.9519
43129,0.1532,1.5398,33.9519
43130,0.1532,1.5398,33.9519
43132,0.1532,1.5398,33.9519
43133,0.1532,1.5398,33.9519
43134,0.1532,1.5398,33.9519
43135,0.1532,1.5398,33.9519
43136,0.1532,1.5396,33.9323
43137,0.1532,1.5400,33.9715
43138,0.1532,1.5400,33.9715
43139,0.1532,1.5400,33.9715
43140,0.1532,1.5400,33.9715
43141,0.1532,1.5400,33.9715
43142,0.1532,1.5402,33.9910
43143,0.1532,1.5402,33.9910
43144,0.1532,1.5402,33.9910
43145,0.1532,1.5402,33.9910
43146,0.1532,1.5402,33.9910
43147,0.1532,1.5402,33.9910
43148,0.1532,1.5400,33.9715
43149,0.1532,1.5400,33.9715
43151,0.1532,1.5400,33.9715
43152,0.1532,1.5400,33.9715
43153,0.1532,1.5400,33.9715
43154,0.1532,1.5400,33.9715
43155,0.1532,1.5400,33.9715
43156,0.1532,1.5400,33.9715
43157,0.1532,1.5400,33.9715
43158,0.1532,1.5400,33.9715
43159,0.1532,1.5400,33.9715
43160,0.1532,1.5400,33.9715
43161,0.1532,1.5402,33.9910
43162,0.1532,1.5402,33.9910
43163,0.1532,1.5402,33.9910
43164,0.1532,1.5402,33.9910
43165,0.1532,1.5402,33.9910
43166,0.1532,1.5402,33.9910
43167,0.1532,1.5402,33.9910
43168,0.1532,1.5402,33.9910
43170,0.1532,1.5402,33.9910
43171,0.1532,1.5402,33.9910
43172,0.1532,1.5400,33.9715
43173,0.1532,1.5400,33.9715
43174,0.1532,1.5400,33.9715
43175,0.1532,1.5400,33.9715
43176,0.1532,1.5402,33.9910
43177,0.1532,1.5402,33.9910
43178,0.1532,1.5402,33.9910
43179,0.1532,1.5404,34.0106
43180,0.1532,1.5405,34.0302
43181,0.1532,1.5405,34.0302
43182,0.1534,1.5407,34.0497
43183,0.1534,1.5409,34.0693
43184,0.1534,1.5411,34.0889
43185,0.1534,1.5411,34.0889
43186,0.1534,1.5413,34.1084
43187,0.1534,1.5411,34.0889
43188,0.1534,1.5413,34.1084
43190,0.1534,1.5413,34.1084
43191,0.1532,1.5413,34.1084
43192,0.1534,1.5413,34.1084
43193,0.1534,1.5415,34.1280
43194,0.1534,1.5417,34.1476
43195,0.1534,1.5419,34.1672
43196,0.1534,1.5420,34.1867
43197,0.1534,1.5420,34.1867
43198,0.1534,1.5426,34.2455
43199,0.1534,1.5428,34.2650
43200,0.1534,1.5430,34.2846
43201,0.1536,1.5432,34.3042
43202,0.1536,1.5434,34.3238
43203,0.1536,1.5435,34.3434
43204,0.1536,1.5437,34.3629
43205,0.1536,1.5437,34.3629
43206,0.1536,1.5439,34.3825
43207,0.1536,1.5439,34.3825
43208,0.1536,1.5439,34.3825
43210,0.1536,1.5439,34.3825
43211,0.1536,1.5439,34.3825
43212,0.1536,1.5439,34.3825
43213,0.1536,1.5439,34.3825
43214,0.1536,1.5441,34.4021
43215,0.1536,1.5441,34.4021
43216,0.1536,1.5441,34.4021
43217,0.1536,1.5437,34.3629
43218,0.1536,1.5441,34.4021
43219,0.1536,1.5441,34.4021
43220,0.1536,1.5439,34.3825
43221,0.1536,1.5437,34.3629
43222,0.1536,1.5437,34.3629
43223,0.1536,1.5437,34.3629
43224,0.1536,1.5435,34.3434
43225,0.1536,1.5435,34.3434
43226,0.1536,1.5434,34.3238
43227,0.1536,1.5430,34.2846
43229,0.1534,1.5430,34.2846
43230,0.1534,1.5428,34.2650
43231,0.1534,1.5424,34.2259
43232,0.1534,1.5422,34.2063
43233,0.1534,1.5419,34.1672
43234,0.1534,1.5417,34.1476
43235,0.1534,1.5413,34.1084
43236,0.1532,1.5409,34.0693
43237,0.1532,1.5407,34.0497
43238,0.1532,1.5405,34.0302
43239,0.1534,1.5404,34.0106
43240,0.1532,1.5404,34.0106
43241,0.1532,1.5402,33.9910
43242,0.1532,1.5400,33.9715
43243,0.1532,1.5398,33.9519
43244,0.1532,1.5396,33.9323
43245,0.1532,1.5396,33.9323
43246,0.1532,1.5394,33.9128
43247,0.1530,1.5392,33.8932
43249,0.1532,1.5390,33.8736
43250,0.1530,1.5389,33.8541
43251,0.1530,1.5387,33.8345
43252,0.1530,1.5385,33.8150
43253,0.1530,1.5383,33.7954
43254,0.1530,1.5381,33.7758
43255,0.1530,1.5379,33.7563
43256,0.1530,1.5377,33.7367
43257,0.1530,1.5377,33.7367
43258,0.1530,1.5375,33.7172
43259,0.1530,1.5375,33.7172
43260,0.1530,1.5374,33.6976
43261,0.1530,1.5374,33.6976
43262,0.1530,1.5374,33.6976
43263,0.1530,1.5372,33.6781
43264,0.1528,1.5370,33.6585
43265,0.1528,1.5370,33.6585
43266,0.1528,1.5368,33.6390
43267,0.1530,1.5370,33.6585
43269,0.1530,1.5368,33.6390
43270,0.1528,1.5362,33.5803
43271,0.1528,1.5364,33.5999
43272,0.1528,1.5362,33.5803
43273,0.1528,1.5360,33.5608
43274,0.1528,1.5359,33.5412
43275,0.1528,1.5357,33.5217
43276,0.1528,1.5357,33.5217
43277,0.1528,1.5355,33.5021
43278,0.1528,1.5353,33.4826
43279,0.1528,1.5353,33.4826
43280,0.1528,1.5353,33.4826
43281,0.1526,1.5351,33.4631
43282,0.1526,1.5351,33.4631
43283,0.1526,1.5349,33.4435
43284,0.1528,1.5347,33.4240
43285,0.1526,1.5347,33.4240
43286,0.1526,1.5347,33.4240
43287,0.1526,1.5345,33.4044
43289,0.1526,1.5345,33.4044
43290,0.1526,1.5345,33.4044
43291,0.1526,1.5347,33.4240
43292,0.1526,1.5345,33.4044
43293,0.1526,1.5345,33.4044
43294,0.1526,1.5345,33.4044
43295,0.1526,1.5345,33.4044
43296,0.1526,1.5345,33.4044
43297,0.1528,1.5345,33.4044
43298,0.1526,1.5347,33.4240
43299,0.1526,1.5345,33.4044
43300,0.1526,1.5344,33.3849
43301,0.1526,1.5344,33.3849
43302,0.1526,1.5344,33.3849
43303,0.1526,1.5342,33.3654
43304,0.1526,1.5342,33.3654
43305,0.1526,1.5342,33.3654
43306,0.1526,1.5342,33.3654
43308,0.1526,1.5342,33.3654
43309,0.1526,1.5342,33.3654
43310,0.1526,1.5342,33.3654
43311,0.1526,1.5342,33.3654
43312,0.1526,1.5342,33.3654
43313,0.1526,1.5344,33.3849
43314,0.1526,1.5342,33.3654
43315,0.1526,1.5340,33.3458
43316,0.1526,1.5340,33.3458
43317,0.1526,1.5338,33.3263
43318,0.1526,1.5336,33.3068
43319,0.1526,1.5336,33.3068
43320,0.1526,1.5336,33.3068
43321,0.1526,1.5338,33.3263
43322,0.1526,1.5336,33.3068
43323,0.1526,1.5336,33.3068
43324,0.1526,1.5336,33.3068
43325,0.1526,1.5334,33.2872
43326,0.1526,1.5332,33.2677
43328,0.1524,1.5332,33.2677
43329,0.1526,1.5332,33.2677
43330,0.1526,1.5330,33.2482
43331,0.1524,1.5330,33.2482
43332,0.1524,1.5327,33.2091
43333,0.1524,1.5325,33.1896
43334,0.1524,1.5325,33.1896
43335,0.1524,1.5323,33.1700
43336,0.1524,1.5323,33.1700
43337,0.1524,1.5321,33.1505
43338,0.1524,1.5319,33.1310
43339,0.1524,1.5321,33.1505
43340,0.1524,1.5319,33.1310
43341,0.1524,1.5319,33.1310
43342,0.1524,1.5317,33.1115
43343,0.1524,1.5312,33.0529
43344,0.1524,1.5315,33.0919
43345,0.1524,1.5315,33.0919
43347,0.1524,1.5315,33.0919
43348,0.1524,1.5315,33.0919
43349,0.1524,1.5315,33.0919
43350,0.1524,1.5317,33.1115
43351,0.1524,1.5317,33.1115
43352,0.1524,1.5317,33.1115
43353,0.1524,1.5319,33.1310
43354,0.1524,1.5317,33.1115
43355,0.1524,1.5319,33.1310
43356,0.1524,1.5319,33.1310
43357,0.1524,1.5319,33.1310
43358,0.1524,1.5319,33.1310
43359,0.1524,1.5319,33.1310
43360,0.1524,1.5317,33.1115
43361,0.1524,1.5317,33.1115
43362,0.1524,1.5319,33.1310
43363,0.1524,1.5317,33.1115
43364,0.1524,1.5315,33.0919
43365,0.1524,1.5317,33.1115
43367,0.1524,1.5317,33.1115
43368,0.1524,1.5317,33.1115
43369,0.1524,1.5317,33.1115
43370,0.1524,1.5319,33.1310
43371,0.1524,1.5319,33.1310
43372,0.1524,1.5319,33.1310
43373,0.1524,1.5319,33.1310
43374,0.1524,1.5319,33.1310
43375,0.1524,1.5315,33.0919
43376,0.1524,1.5317,33.1115
43377,0.1524,1.5317,33.1115
43378,0.1524,1.5317,33.1115
43379,0.1524,1.5317,33.1115
43380,0.1524,1.5319,33.1310
43381,0.1524,1.5319,33.1310
43382,0.1524,1.5319,33.1310
43383,0.1524,1.5317,33.1115
43384,0.1524,1.5317,33.1115
43385,0.1524,1.5317,33.1115
43387,0.1524,1.5317,33.1115
43388,0.1524,1.5317,33.1115
43389,0.1524,1.5317,33.1115
43390,0.1524,1.5317,33.1115
43391,0.1524,1.5317,33.1115
43392,0.1524,1.5319,33.1310
43393,0.1524,1.5319,33.1310
43394,0.1524,1.5321,33.1505
43395,0.1524,1.5323,33.1700
43396,0.1524,1.5327,33.2091
43397,0.1524,1.5329,33.2286
43398,0.1524,1.5329,33.2286
43399,0.1526,1.5330,33.2482
43400,0.1526,1.5329,33.2286
43401,0.1524,1.5329,33.2286
43402,0.1524,1.5329,33.2286
43403,0.1526,1.5329,33.2286
43404,0.1524,1.5330,33.2482
43405,0.1526,1.5330,33.2482
43407,0.1526,1.5332,33.2677
43408,0.1526,1.5334,33.2872
43409,0.1526,1.5334,33.2872
43410,0.1526,1.5336,33.3068
43411,0.1526,1.5336,33.3068
43412,0.1526,1.5336,33.3068
43413,0.1526,1.5336,33.3068
43414,0.1526,1.5334,33.2872
43415,0.1526,1.5332,33.2677
43416,0.1524,1.5330,33.2482
43417,0.1524,1.5330,33.2482
43418,0.1524,1.5329,33.2286
43419,0.1524,1.5327,33.2091
43420,0.1524,1.5327,33.2091
43421,0.1524,1.5325,33.1896
43422,0.1524,1.5325,33.1896
43423,0.1524,1.5321,33.1505
43424,0.1524,1.5321,33.1505
43426,0.1524,1.5319,33.1310
43427,0.1524,1.5317,33.1115
43428,0.1524,1.5317,33.1115
43429,0.1524,1.5317,33.1115
43430,0.1524,1.5317,33.1115
43431,0.1524,1.5315,33.0919
43432,0.1524,1.5315,33.0919
43433,0.1524,1.5315,33.0919
43434,0.1524,1.5315,33.0919
43435,0.1524,1.5315,33.0919
43436,0.1524,1.5314,33.0724
43437,0.1524,1.5314,33.0724
43438,0.1524,1.5314,33.0724
43439,0.1523,1.5314,33.0724
43440,0.1524,1.5314,33.0724
43441,0.1523,1.5312,33.0529
43442,0.1524,1.5312,33.0529
43443,0.1524,1.5310,33.0334
43444,0.1523,1.5310,33.0334
43446,0.1523,1.5308,33.0138
43447,0.1523,1.5308,33.0138
43448,0.1523,1.5304,32.9748
43449,0.1523,1.5304,32.9748
43450,0.1523,1.5302,32.9553
43451,0.1523,1.5302,32.9553
43452,0.1523,1.5302,32.9553
43453,0.1523,1.5302,32.9553
43454,0.1523,1.5300,32.9358
43455,0.1523,1.5300,32.9358
43456,0.1523,1.5300,32.9358
43457,0.1523,1.5300,32.9358
43458,0.1523,1.5302,32.9553
43459,0.1523,1.5302,32.9553
43460,0.1523,1.5297,32.8967
43461,0.1523,1.5302,32.9553
43462,0.1523,1.5302,32.9553
43463,0.1523,1.5304,32.9748
43464,0.1523,1.5302,32.9553
43466,0.1523,1.5304,32.9748
43467,0.1523,1.5302,32.9553
43468,0.1523,1.5304,32.9748
43469,0.1523,1.5304,32.9748
43470,0.1523,1.5304,32.9748
43471,0.1523,1.5302,32.9553
43472,0.1523,1.5304,32.9748
43473,0.1523,1.5302,32.9553
43474,0.1523,1.5302,32.9553
43475,0.1523,1.5302,32.9553
43476,0.1523,1.5304,32.9748
43477,0.1523,1.5304,32.9748
43478,0.1523,1.5306,32.9943
43479,0.1523,1.5306,32.9943
43480,0.1523,1.5306,32.9943
43481,0.1523,1.5300,32.9358
43482,0.1523,1.5304,32.9748
43483,0.1523,1.5304,32.9748
43484,0.1523,1.5304,32.9748
43486,0.1523,1.5304,32.9748
43487,0.1523,1.5302,32.9553
43488,0.1523,1.5302,32.9553
43489,0.1523,1.5302,32.9553
43490,0.1523,1.5302,32.9553
43491,0.1523,1.5300,32.9358
43492,0.1523,1.5300,32.9358
43493,0.1523,1.5299,32.9162
43494,0.1523,1.5300,32.9358
43495,0.1523,1.5299,32.9162
43496,0.1523,1.5299,32.9162
43497,0.1523,1.5299,32.9162
43498,0.1523,1.5300,32.9358
43499,0.1523,1.5300,32.9358
43500,0.1523,1.5302,32.9553
43501,0.1523,1.5302,32.9553
43502,0.1523,1.5300,32.9358
43503,0.1523,1.5304,32.9748
43504,0.1523,1.5304,32.9748
43506,0.1523,1.5306,32.9943
43507,0.1523,1.5306,32.9943
43508,0.1523,1.5308,33.0138
43509,0.1523,1.5308,33.0138
43510,0.1523,1.5310,33.0334
43511,0.1524,1.5310,33.0334
43512,0.1523,1.5310,33.0334
43513,0.1523,1.5310,33.0334
43514,0.1524,1.5312,33.0529
43515,0.1523,1.5312,33.0529
43516,0.1523,1.5312,33.0529
43517,0.1524,1.5312,33.0529
43518,0.1524,1.5310,33.0334
43519,0.1523,1.5310,33.0334
43520,0.1523,1.5310,33.0334
43521,0.1523,1.5308,33.0138
43522,0.1524,1.5306,32.9943
43523,0.1523,1.5302,32.9553
43525,0.1523,1.5304,32.9748
43526,0.1523,1.5304,32.9748
43527,0.1523,1.5302,32.9553
43528,0.1523,1.5302,32.9553
43529,0.1523,1.5300,32.9358
43530,0.1523,1.5302,32.9553
43531,0.1523,1.5302,32.9553
43532,0.1523,1.5302,32.9553
43533,0.1523,1.5300,32.9358
43534,0.1523,1.5300,32.9358
43535,0.1523,1.5300,32.9358
43536,0.1523,1.5300,32.9358
43537,0.1523,1.5300,32.9358
43538,0.1523,1.5300,32.9358
43539,0.1523,1.5300,32.9358
43540,0.1523,1.5302,32.9553
43541,0.1523,1.5302,32.9553
43542,0.1523,1.5302,32.9553
43543,0.1523,1.5304,32.9748
43544,0.1523,1.5300,32.9358
43546,0.1523,1.5304,32.9748
43547,0.1523,1.5304,32.9748
43548,0.1523,1.5304,32.9748
43549,0.1523,1.5304,32.9748
43550,0.1523,1.5306,32.9943
43551,0.1523,1.5306,32.9943
43552,0.1523,1.5308,33.0138
43553,0.1523,1.5308,33.0138
43554,0.1523,1.5308,33.0138
43555,0.1523,1.5306,32.9943
43556,0.1523,1.5310,33.0334
43557,0.1523,1.5310,33.0334
43558,0.1524,1.5312,33.0529
43559,0.1524,1.5312,33.0529
43560,0.1523,1.5312,33.0529
43561,0.1524,1.5312,33.0529
43562,0.1523,1.5310,33.0334
43564,0.1523,1.5310,33.0334
43565,0.1523,1.5306,32.9943
43566,0.1523,1.5308,33.0138
43567,0.1523,1.5306,32.9943
43568,0.1523,1.5306,32.9943
43569,0.1523,1.5304,32.9748
43570,0.1523,1.5302,32.9553
43571,0.1523,1.5300,32.9358
43572,0.1523,1.5300,32.9358
43573,0.1523,1.5299,32.9162
43574,0.1523,1.5297,32.8967
43575,0.1523,1.5295,32.8772
43576,0.1523,1.5297,32.8967
43577,0.1523,1.5297,32.8967
43578,0.1523,1.5297,32.8967
43579,0.1523,1.5299,32.9162
43580,0.1523,1.5299,32.9162
43581,0.1523,1.5299,32.9162
43582,0.1523,1.5299,32.9162
43584,0.1523,1.5299,32.9162
43585,0.1523,1.5297,32.8967
43586,0.1523,1.5297,32.8967
43587,0.1523,1.5297,32.8967
43588,0.1523,1.5299,32.9162
43589,0.1523,1.5299,32.9162
43590,0.1523,1.5299,32.9162
43591,0.1523,1.5299,32.9162
43592,0.1523,1.5299,32.9162
43593,0.1523,1.5299,32.9162
43594,0.1523,1.5300,32.9358
43595,0.1523,1.5300,32.9358
43596,0.1523,1.5300,32.9358
43597,0.1523,1.5300,32.9358
43598,0.1523,1.5300,32.9358
43599,0.1523,1.5300,32.9358
43600,0.1523,1.5300,32.9358
43601,0.1523,1.5300,32.9358
43602,0.1523,1.5300,32.9358
43604,0.1523,1.5302,32.9553
43605,0.1523,1.5302,32.9553
43606,0.1523,1.5302,32.9553
43607,0.1523,1.5304,32.9748
43608,0.1523,1.5299,32.9162
43609,0.1523,1.5304,32.9748
43610,0.1523,1.5306,32.9943
43611,0.1523,1.5304,32.9748
43612,0.1523,1.5304,32.9748
43613,0.1523,1.5306,32.9943
43614,0.1523,1.5306,32.9943
43615,0.1523,1.5306,32.9943
43616,0.1523,1.5306,32.9943
43617,0.1523,1.5306,32.9943
43618,0.1523,1.5304,32.9748
43619,0.1523,1.5308,33.0138
43620,0.1523,1.5308,33.0138
43621,0.1523,1.5310,33.0334
43622,0.1523,1.5310,33.0334
43624,0.1523,1.5312,33.0529
43625,0.1523,1.5312,33.0529
43626,0.1524,1.5314,33.0724
43627,0.1524,1.5314,33.0724
43628,0.1524,1.5314,33.0724
43629,0.1523,1.5310,33.0334
43630,0.1523,1.5314,33.0724
43631,0.1524,1.5314,33.0724
43632,0.1524,1.5315,33.0919
43633,0.1524,1.5315,33.0919
43634,0.1524,1.5315,33.0919
43635,0.1524,1.5317,33.1115
43636,0.1524,1.5319,33.1310
43637,0.1524,1.5321,33.1505
43638,0.1524,1.5323,33.1700
43639,0.1524,1.5319,33.1310
43640,0.1524,1.5327,33.2091
43641,0.1524,1.5329,33.2286
43642,0.1524,1.5332,33.2677
43644,0.1524,1.5332,33.2677
43645,0.1526,1.5334,33.2872
43646,0.1526,1.5336,33.3068
43647,0.1526,1.5336,33.3068
43648,0.1526,1.5338,33.3263
43649,0.1526,1.5340,33.3458
43650,0.1526,1.5342,33.3654
43651,0.1526,1.5344,33.3849
43652,0.1526,1.5345,33.4044
43653,0.1526,1.5345,33.4044
43654,0.1526,1.5347,33.4240
43655,0.1526,1.5349,33.4435
43656,0.1526,1.5351,33.4631
43657,0.1528,1.5353,33.4826
43658,0.1528,1.5355,33.5021
43659,0.1528,1.5357,33.5217
43660,0.1528,1.5359,33.5412
43661,0.1528,1.5355,33.5021
43662,0.1528,1.5359,33.5412
43664,0.1528,1.5359,33.5412
43665,0.1528,1.5357,33.5217
43666,0.1528,1.5357,33.5217
43667,0.1528,1.5355,33.5021
43668,0.1528,1.5355,33.5021
43669,0.1528,1.5355,33.5021
43670,0.1528,1.5355,33.5021
43671,0.1528,1.5355,33.5021
43672,0.1528,1.5351,33.4631
43673,0.1528,1.5357,33.5217
43674,0.1528,1.5357,33.5217
43675,0.1528,1.5359,33.5412
43676,0.1528,1.5359,33.5412
43677,0.1528,1.5360,33.5608
43678,0.1528,1.5362,33.5803
43679,0.1528,1.5362,33.5803
43680,0.1528,1.5364,33.5999
43681,0.1528,1.5364,33.5999
43682,0.1528,1.5366,33.6194
43684,0.1528,1.5368,33.6390
43685,0.1528,1.5370,33.6585
43686,0.1530,1.5372,33.6781
43687,0.1530,1.5374,33.6976
43688,0.1528,1.5374,33.6976
43689,0.1530,1.5375,33.7172
43690,0.1530,1.5377,33.7367
43691,0.1530,1.5377,33.7367
43692,0.1530,1.5379,33.7563
43693,0.1530,1.5379,33.7563
43694,0.1530,1.5381,33.7758
43695,0.1530,1.5381,33.7758
43696,0.1530,1.5381,33.7758
43697,0.1530,1.5381,33.7758
43698,0.1530,1.5381,33.7758
43699,0.1530,1.5383,33.7954
43700,0.1530,1.5383,33.7954
43701,0.1530,1.5379,33.7563
43702,0.1530,1.5383,33.7954
43704,0.1530,1.5383,33.7954
43705,0.1530,1.5383,33.7954
43706,0.1530,1.5383,33.7954
43707,0.1530,1.5383,33.7954
43708,0.1530,1.5385,33.8150
43709,0.1530,1.5385,33.8150
43710,0.1530,1.5385,33.8150
43711,0.1530,1.5387,33.8345
43712,0.1530,1.5389,33.8541
43713,0.1530,1.5389,33.8541
43714,0.1530,1.5389,33.8541
43715,0.1530,1.5390,33.8736
43716,0.1530,1.5390,33.8736
43717,0.1530,1.5390,33.8736
43718,0.1530,1.5390,33.8736
43719,0.1530,1.5390,33.8736
43720,0.1530,1.5389,33.8541
43721,0.1530,1.5389,33.8541
43722,0.1530,1.5390,33.8736
43724,0.1530,1.5389,33.8541
43725,0.1530,1.5390,33.8736
43726,0.1532,1.5390,33.8736
43727,0.1530,1.5392,33.8932
43728,0.1530,1.5392,33.8932
43729,0.1530,1.5392,33.8932
43730,0.1532,1.5392,33.8932
43731,0.1532,1.5392,33.8932
43732,0.1530,1.5392,33.8932
43733,0.1530,1.5394,33.9128
43734,0.1530,1.5394,33.9128
43735,0.1532,1.5394,33.9128
43736,0.1532,1.5394,33.9128
43737,1.5394,0.1532,-86.0623
43738,0.1532,1.5394,33.9128
43739,0.1532,1.5396,33.9323
43740,0.1532,1.5396,33.9323
43741,0.1532,1.5396,33.9323
43742,0.1532,1.5396,33.9323
43743,1.5396,0.1532,-86.0623
43745,0.1532,1.5400,33.9715
43746,0.1532,1.5400,33.9715
43747,0.1532,1.5402,33.9910
43748,0.1532,1.5404,34.0106
43749,0.1532,1.5405,34.0302
43750,0.1532,1.5407,34.0497
43751,0.1532,1.5409,34.0693
43752,0.1532,1.5409,34.0693
43753,0.1534,1.5411,34.0889
43754,0.1534,1.5413,34.1084
43755,0.1534,1.5413,34.1084
43756,0.1534,1.5415,34.1280
43757,0.1532,1.5413,34.1084
43758,0.1532,1.5413,34.1084
43759,0.1532,1.5413,34.1084
43760,0.1532,1.5411,34.0889
43761,0.1532,1.5411,34.0889
43762,0.1532,1.5407,34.0497
43763,0.1532,1.5409,34.0693
43765,0.1532,1.5409,34.0693
43766,0.1532,1.5409,34.0693
43767,0.1532,1.5409,34.0693
43768,0.1532,1.5409,34.0693
43769,0.1532,1.5409,34.0693
43770,0.1532,1.5409,34.0693
43771,0.1532,1.5409,34.0693
43772,0.1532,1.5409,34.0693
43773,0.1532,1.5411,34.0889
43774,0.1534,1.5411,34.0889
43775,0.1532,1.5411,34.0889
43776,0.1532,1.5411,34.0889
43777,0.1534,1.5413,34.1084
43778,0.1532,1.5413,34.1084
43779,0.1532,1.5413,34.1084
43780,0.1534,1.5415,34.1280
43781,0.1532,1.5415,34.1280
43782,0.1534,1.5417,34.1476
43784,0.1534,1.5415,34.1280
43785,0.1534,1.5417,34.1476
43786,0.1534,1.5417,34.1476
43787,0.1534,1.5417,34.1476
43788,0.1534,1.5417,34.1476
43789,0.1534,1.5417,34.1476
43790,0.1534,1.5417,34.1476
43791,0.1534,1.5417,34.1476
43792,0.1534,1.5413,34.1084
43793,0.1532,1.5415,34.1280
43794,0.1532,1.5415,34.1280
43795,0.1534,1.5415,34.1280
43796,0.1534,1.5415,34.1280
43797,0.1534,1.5417,34.1476
43798,0.1534,1.5419,34.1672
43799,0.1534,1.5420,34.1867
43800,0.1534,1.5422,34.2063
43801,0.1534,1.5422,34.2063
43802,0.1534,1.5426,34.2455
43804,0.1534,1.5428,34.2650
43805,0.1534,1.5428,34.2650
43806,0.1534,1.5430,34.2846
43807,0.1536,1.5432,34.3042
43808,0.1534,1.5434,34.3238
43809,0.1536,1.5435,34.3434
43810,0.1536,1.5437,34.3629
43811,0.1536,1.5437,34.3629
43812,0.1536,1.5439,34.3825
43813,0.1536,1.5439,34.3825
43814,0.1536,1.5441,34.4021
43815,0.1536,1.5439,34.3825
43816,0.1536,1.5441,34.4021
43817,0.1536,1.5441,34.4021
43818,0.1536,1.5443,34.4217
43819,0.1536,1.5443,34.4217
43820,0.1536,1.5445,34.4413
43821,0.1536,1.5443,34.4217
43823,0.1536,1.5449,34.4805
43824,0.1536,1.5452,34.5196
43825,0.1536,1.5454,34.5392
43826,0.1538,1.5454,34.5392
43827,0.1536,1.5458,34.5784
43828,0.1538,1.5458,34.5784
43829,0.1538,1.5460,34.5980
43830,0.1538,1.5462,34.6176
43831,0.1538,1.5462,34.6176
43832,0.1538,1.5464,34.6372
43833,0.1538,1.5465,34.6568
43834,0.1538,1.5465,34.6568
43835,0.1538,1.5465,34.6568
43836,0.1538,1.5467,34.6764
43837,0.1538,1.5467,34.6764
43838,0.1539,1.5469,34.6960
43839,0.1538,1.5469,34.6960
43840,0.1539,1.5469,34.6960
43841,0.1538,1.5471,34.7156
43843,0.1538,1.5467,34.6764
43844,0.1538,1.5471,34.7156
43845,0.1539,1.5471,34.7156
43846,0.1538,1.5473,34.7352
43847,0.1538,1.5473,34.7352
43848,0.1538,1.5475,34.7548
43849,0.1539,1.5477,34.7744
43850,0.1539,1.5479,34.7940
43851,0.1539,1.5482,34.8332
43852,0.1539,1.5480,34.8136
43853,0.1539,1.5486,34.8724
43854,0.1539,1.5488,34.8920
43855,0.1539,1.5490,34.9116
43856,0.1539,1.5492,34.9312
43857,0.1539,1.5492,34.9312
43858,0.1541,1.5494,34.9508
43859,0.1541,1.5495,34.9705
43860,0.1539,1.5497,34.9901
43861,0.1541,1.5497,34.9901
43863,0.1541,1.5499,35.0097
43864,0.1541,1.5501,35.0293
43865,0.1541,1.5503,35.0489
43866,0.1541,1.5505,35.0685
43867,0.1541,1.5505,35.0685
43868,0.1541,1.5507,35.0881
43869,0.1541,1.5509,35.1078
43870,0.1541,1.5509,35.1078
43871,0.1541,1.5512,35.1470
43872,0.1541,1.5514,35.1666
43873,0.1543,1.5514,35.1666
43874,0.1541,1.5516,35.1862
43875,0.1541,1.5516,35.1862
43876,0.1543,1.5516,35.1862
43877,0.1541,1.5516,35.1862
43878,0.1543,1.5516,35.1862
43879,0.1543,1.5516,35.1862
43880,0.1541,1.5514,35.1666
43882,0.1541,1.5512,35.1470
43883,0.1541,1.5510,35.1274
43884,0.1541,1.5509,35.1078
43885,0.1541,1.5507,35.0881
43886,0.1541,1.5505,35.0685
43887,0.1541,1.5505,35.0685
43888,0.1541,1.5503,35.0489
43889,0.1541,1.5501,35.0293
43890,0.1539,1.5497,34.9901
43891,0.1539,1.5497,34.9901
43892,0.1541,1.5495,34.9705
43893,0.1541,1.5495,34.9705
43894,0.1539,1.5490,34.9116
43895,0.1539,1.5492,34.9312
43896,0.1539,1.5492,34.9312
43897,0.1539,1.5490,34.9116
43898,0.1539,1.5488,34.8920
43899,0.1539,1.5486,34.8724
43900,0.1539,1.5484,34.8528
43902,0.1539,1.5484,34.8528
43903,0.1539,1.5482,34.8332
43904,0.1539,1.5482,34.8332
43905,0.1539,1.5479,34.7940
43906,0.1539,1.5480,34.8136
43907,0.1539,1.5479,34.7940
43908,0.1539,1.5477,34.7744
43909,0.1539,1.5475,34.7548
43910,0.1538,1.5473,34.7352
43911,0.1538,1.5471,34.7156
43912,0.1538,1.5469,34.6960
43913,0.1538,1.5467,34.6764
43914,0.1538,1.5465,34.6568
43915,0.1538,1.5462,34.6176
43916,0.1538,1.5462,34.6176
43917,0.1538,1.5460,34.5980
43918,0.1538,1.5458,34.5784
43919,0.1538,1.5456,34.5588
43920,0.1536,1.5456,34.5588
43922,0.1536,1.5454,34.5392
43923,0.1538,1.5452,34.5196
43924,0.1536,1.5450,34.5000
43925,0.1536,1.5449,34.4805
43926,0.1536,1.5447,34.4609
43927,0.1536,1.5445,34.4413
43928,0.1536,1.5443,34.4217
43929,0.1536,1.5441,34.4021
43930,0.1536,1.5439,34.3825
43931,0.1536,1.5439,34.3825
43932,0.1536,1.5437,34.3629
43933,0.1536,1.5435,34.3434
43934,0.1536,1.5434,34.3238
43935,0.1534,1.5430,34.2846
43936,0.1534,1.5428,34.2650
43937,0.1534,1.5424,34.2259
43938,0.1534,1.5420,34.1867
43939,0.1534,1.5419,34.1672
43941,0.1534,1.5417,34.1476
43942,0.1534,1.5415,34.1280
43943,0.1534,1.5413,34.1084
43944,0.1532,1.5411,34.0889
43945,0.1532,1.5411,34.0889
43946,0.1534,1.5409,34.0693
43947,0.1532,1.5409,34.0693
43948,1.5409,0.1532,-86.0623
43949,0.1532,1.5407,34.0497
43950,0.1532,1.5405,34.0302
43951,0.1532,1.5405,34.0302
43952,0.1532,1.5404,34.0106
43953,0.1532,1.5402,33.9910
43954,0.1532,1.5402,33.9910
43955,0.1532,1.5400,33.9715
43956,0.1530,1.5398,33.9519
43957,0.1532,1.5398,33.9519
43958,0.1532,1.5396,33.9323
43959,0.1532,1.5396,33.9323
43961,0.1530,1.5396,33.9323
43962,0.1530,1.5394,33.9128
43963,0.1532,1.5394,33.9128
43964,0.1530,1.5394,33.9128
43965,0.1532,1.5392,33.8932
43966,0.1530,1.5392,33.8932
43967,0.1530,1.5394,33.9128
43968,0.1532,1.5394,33.9128
43969,0.1530,1.5394,33.9128
43970,0.1532,1.5394,33.9128
43971,0.1532,1.5396,33.9323
43972,0.1532,1.5396,33.9323
43973,0.1532,1.5398,33.9519
43974,0.1532,1.5400,33.9715
43975,0.1532,1.5400,33.9715
43976,0.1532,1.5402,33.9910
43977,0.1532,1.5404,34.0106
43978,0.1532,1.5404,34.0106
43980,0.1532,1.5404,34.0106
43981,0.1532,1.5404,34.0106
43982,0.1532,1.5404,34.0106
43983,0.1532,1.5404,34.0106
43984,0.1532,1.5400,33.9715
43985,0.1532,1.5400,33.9715
43986,0.1530,1.5398,33.9519
43987,0.1532,1.5396,33.9323
43988,0.1532,1.5396,33.9323
43989,0.1532,1.5394,33.9128
43990,0.1530,1.5389,33.8541
43991,0.1530,1.5392,33.8932
43992,0.1530,1.5390,33.8736
43993,0.1530,1.5390,33.8736
43994,0.1530,1.5390,33.8736
43995,0.1530,1.5390,33.8736
43996,0.1530,1.5390,33.8736
43997,0.1530,1.5390,33.8736
43998,0.1530,1.5392,33.8932
43999,0.1530,1.5392,33.8932
44001,0.1532,1.5394,33.9128
44002,0.1532,1.5394,33.9128
44003,0.1530,1.5394,33.9128
44004,0.1530,1.5394,33.9128
44005,0.1530,1.5396,33.9323
44006,0.1532,1.5396,33.9323
44007,0.1532,1.5398,33.9519
44008,0.1530,1.5398,33.9519
44009,0.1532,1.5398,33.9519
44010,0.1532,1.5398,33.9519
44011,0.1530,1.5396,33.9323
44012,0.1530,1.5396,33.9323
44013,0.1532,1.5396,33.9323
44014,0.1532,1.5396,33.9323
44015,0.1532,1.5396,33.9323
44016,0.1530,1.5398,33.9519
44017,0.1532,1.5398,33.9519
44018,0.1532,1.5398,33.9519
44019,0.1530,1.5398,33.9519
44021,0.1532,1.5394,33.9128
44022,0.1532,1.5396,33.9323
44023,0.1532,1.5396,33.9323
44024,0.1530,1.5394,33.9128
44025,0.1530,1.5394,33.9128
44026,0.1530,1.5392,33.8932
44027,0.1530,1.5392,33.8932
44028,0.1530,1.5392,33.8932
44029,0.1530,1.5392,33.8932
44030,0.1530,1.5390,33.8736
44031,0.1530,1.5390,33.8736
44032,0.1530,1.5392,33.8932
44033,0.1530,1.5392,33.8932
44034,0.1532,1.5394,33.9128
44035,0.1530,1.5394,33.9128
44036,0.1532,1.5394,33.9128
44037,0.1530,1.5394,33.9128
44038,0.1532,1.5396,33.9323
44039,0.1532,1.5396,33.9323
44041,0.1532,1.5396,33.9323
44042,0.1532,1.5400,33.9715
44043,0.1532,1.5402,33.9910
44044,0.1532,1.5402,33.9910
44045,0.1532,1.5404,34.0106
44046,0.1532,1.5404,34.0106
44047,0.1532,1.5405,34.0302
44048,0.1532,1.5405,34.0302
44049,0.1532,1.5407,34.0497
44050,0.1532,1.5407,34.0497
44051,0.1532,1.5405,34.0302
44052,0.1532,1.5405,34.0302
44053,0.1532,1.5407,34.0497
44054,0.1532,1.5405,34.0302
44055,0.1532,1.5407,34.0497
44056,0.1532,1.5405,34.0302
44057,0.1532,1.5405,34.0302
44058,0.1532,1.5407,34.0497
44059,0.1532,1.5407,34.0497
44061,0.1532,1.5405,34.0302
44062,0.1532,1.5409,34.0693
44063,0.1532,1.5409,34.0693
44064,0.1532,1.5411,34.0889
44065,0.1534,1.5411,34.0889
44066,0.1534,1.5411,34.0889
44067,0.1532,1.5413,34.1084
44068,0.1532,1.5413,34.1084
44069,0.1534,1.5415,34.1280
44070,0.1534,1.5417,34.1476
44071,0.1534,1.5413,34.1084
44072,0.1534,1.5419,34.1672
44073,0.1534,1.5420,34.1867
44074,0.1534,1.5424,34.2259
44075,0.1534,1.5426,34.2455
44076,0.1534,1.5428,34.2650
44077,0.1534,1.5430,34.2846
44078,0.1534,1.5432,34.3042
44079,0.1534,1.5434,34.3238
44081,0.1534,1.5435,34.3434
44082,0.1534,1.5437,34.3629
44083,0.1536,1.5439,34.3825
44084,0.1536,1.5441,34.4021
44085,0.1536,1.5445,34.4413
44086,0.1536,1.5447,34.4609
44087,0.1536,1.5450,34.5000
44088,0.1536,1.5452,34.5196
44089,0.1536,1.5454,34.5392
44090,0.1538,1.5454,34.5392
44091,0.1536,1.5456,34.5588
44092,0.1538,1.5454,34.5392
44093,0.1536,1.5456,34.5588
44094,0.1538,1.5454,34.5392
44095,0.1538,1.5456,34.5588
44096,0.1536,1.5454,34.5392
44097,0.1536,1.5454,34.5392
44098,0.1538,1.5454,34.5392
44099,0.1538,1.5456,34.5588
44101,0.1538,1.5458,34.5784
44102,0.1538,1.5458,34.5784
44103,0.1538,1.5460,34.5980
44104,0.1538,1.5460,34.5980
44105,0.1538,1.5462,34.6176
44106,0.1538,1.5462,34.6176
44107,0.1538,1.5460,34.5980
44108,0.1538,1.5460,34.5980
44109,0.1538,1.5458,34.5784
44110,0.1538,1.5456,34.5588
44111,0.1536,1.5454,34.5392
44112,0.1536,1.5452,34.5196
44113,0.1536,1.5450,34.5000
44114,0.1536,1.5449,34.4805
44115,0.1536,1.5445,34.4413
44116,0.1536,1.5441,34.4021
44117,0.1536,1.5439,34.3825
44118,0.1536,1.5437,34.3629
44119,0.1534,1.5437,34.3629
44120,0.1536,1.5435,34.3434
44122,0.1536,1.5430,34.2846
44123,0.1534,1.5432,34.3042
44124,0.1534,1.5430,34.2846
44125,0.1534,1.5428,34.2650
44126,0.1534,1.5428,34.2650
44127,0.1534,1.5428,34.2650
44128,0.1534,1.5426,34.2455
44129,0.1534,1.5426,34.2455
44130,0.1534,1.5426,34.2455
44131,0.1534,1.5426,34.2455
44132,0.1534,1.5426,34.2455
44133,0.1534,1.5424,34.2259
44134,0.1534,1.5422,34.2063
44135,0.1534,1.5420,34.1867
44136,0.1534,1.5420,34.1867
44137,0.1534,1.5419,34.1672
44138,0.1534,1.5419,34.1672
44139,0.1534,1.5419,34.1672
44140,0.1534,1.5417,34.1476
44142,0.1532,1.5415,34.1280
44143,0.1534,1.5417,34.1476
44144,0.1534,1.5417,34.1476
44145,0.1534,1.5415,34.1280
44146,0.1534,1.5417,34.1476
44147,0.1534,1.5415,34.1280
44148,0.1534,1.5415,34.1280
44149,0.1532,1.5417,34.1476
44150,0.1534,1.5417,34.1476
44151,0.1534,1.5417,34.1476
44152,0.1534,1.5415,34.1280
44153,0.1534,1.5420,34.1867
44154,0.1534,1.5420,34.1867
44155,0.1534,1.5422,34.2063
44156,0.1534,1.5422,34.2063
44157,0.1534,1.5422,34.2063
44158,0.1534,1.5422,34.2063
44159,0.1534,1.5424,34.2259
44160,0.1534,1.5422,34.2063
44162,0.1534,1.5422,34.2063
44163,0.1534,1.5422,34.2063
44164,0.1534,1.5422,34.2063
44165,0.1534,1.5420,34.1867
44166,0.1534,1.5419,34.1672
44167,0.1534,1.5417,34.1476
44168,0.1532,1.5415,34.1280
44169,0.1534,1.5413,34.1084
44170,0.1532,1.5411,34.0889
44171,0.1532,1.5411,34.0889
44172,0.1532,1.5411,34.0889
44173,0.1532,1.5409,34.0693
44174,0.1532,1.5409,34.0693
44175,0.1532,1.5409,34.0693
44176,0.1532,1.5409,34.0693
44177,0.1532,1.5409,34.0693
44178,0.1532,1.5409,34.0693
44179,0.1532,1.5409,34.0693
44181,0.1532,1.5411,34.0889
44182,0.1532,1.5409,34.0693
44183,0.1532,1.5409,34.0693
44184,0.1532,1.5409,34.0693
44185,0.1532,1.5409,34.0693
44186,0.1532,1.5409,34.0693
44187,0.1532,1.5407,34.0497
44188,0.1532,1.5407,34.0497
44189,0.1532,1.5407,34.0497
44190,0.1532,1.5407,34.0497
44191,0.1532,1.5407,34.0497
44192,0.1532,1.5409,34.0693
44193,0.1532,1.5409,34.0693
44194,0.1532,1.5409,34.0693
44195,0.1532,1.5407,34.0497
44196,0.1532,1.5407,34.0497
44197,0.1532,1.5407,34.0497
44198,0.1532,1.5407,34.0497
44200,0.1532,1.5405,34.0302
44201,0.1532,1.5405,34.0302
44202,0.1532,1.5405,34.0302
44203,0.1532,1.5405,34.0302
44204,0.1532,1.5405,34.0302
44205,0.1532,1.5405,34.0302
44206,0.1532,1.5405,34.0302
44207,0.1532,1.5405,34.0302
44208,0.1532,1.5405,34.0302
44209,0.1532,1.5405,34.0302
44210,0.1532,1.5405,34.0302
44211,0.1532,1.5405,34.0302
44212,0.1532,1.5407,34.0497
44213,0.1532,1.5407,34.0497
44214,0.1532,1.5407,34.0497
44215,0.1532,1.5409,34.0693
44216,0.1532,1.5409,34.0693
44217,0.1532,1.5409,34.0693
44218,0.1534,1.5411,34.0889
44220,0.1534,1.5411,34.0889
44221,0.1532,1.5413,34.1084
44222,0.1532,1.5415,34.1280
44223,0.1532,1.5415,34.1280
44224,0.1534,1.5417,34.1476
44225,0.1532,1.5417,34.1476
44226,0.1534,1.5417,34.1476
44227,0.1534,1.5419,34.1672
44228,0.1534,1.5420,34.1867
44229,0.1534,1.5420,34.1867
44230,0.1534,1.5420,34.1867
44231,0.1534,1.5420,34.1867
44232,0.1534,1.5420,34.1867
44233,0.1534,1.5420,34.1867
44234,0.1534,1.5420,34.1867
44235,0.1534,1.5420,34.1867
44236,0.1534,1.5419,34.1672
44237,0.1534,1.5420,34.1867
44238,0.1534,1.5419,34.1672
44239,0.1534,1.5419,34.1672
44241,0.1534,1.5420,34.1867
44242,0.1534,1.5417,34.1476
44243,0.1534,1.5422,34.2063
44244,0.1534,1.5422,34.2063
44245,0.1534,1.5424,34.2259
44246,0.1534,1.5424,34.2259
44247,0.1534,1.5426,34.2455
44248,0.1534,1.5426,34.2455
44249,0.1534,1.5428,34.2650
44250,0.1534,1.5430,34.2846
44251,0.1534,1.5432,34.3042
44252,0.1534,1.5430,34.2846
44253,0.1536,1.5435,34.3434
44254,0.1536,1.5437,34.3629
44255,0.1536,1.5437,34.3629
44256,0.1536,1.5437,34.3629
44257,0.1536,1.5437,34.3629
44258,0.1536,1.5439,34.3825
44260,0.1536,1.5441,34.4021
44261,0.1536,1.5441,34.4021
44262,0.1536,1.5439,34.3825
44263,0.1536,1.5445,34.4413
44264,0.1536,1.5447,34.4609
44265,0.1536,1.5449,34.4805
44266,0.1536,1.5449,34.4805
44267,0.1536,1.5452,34.5196
44268,0.1536,1.5452,34.5196
44269,0.1536,1.5454,34.5392
44270,0.1536,1.5454,34.5392
44271,0.1536,1.5454,34.5392
44272,1.5454,0.1536,-86.0365
44273,0.1536,1.5454,34.5392
44274,0.1536,1.5452,34.5196
44275,0.1536,1.5452,34.5196
44276,0.1536,1.5452,34.5196
44277,0.1536,1.5452,34.5196
44278,0.1536,1.5450,34.5000
44280,0.1536,1.5450,34.5000
44281,0.1536,1.5450,34.5000
44282,0.1536,1.5449,34.4805
44283,0.1536,1.5449,34.4805
44284,0.1536,1.5449,34.4805
44285,0.1536,1.5449,34.4805
44286,0.1536,1.5449,34.4805
44287,0.1536,1.5449,34.4805
44288,0.1536,1.5449,34.4805
44289,0.1536,1.5449,34.4805
44290,0.1536,1.5449,34.4805
44291,0.1536,1.5445,34.4413
44292,0.1536,1.5449,34.4805
44293,0.1536,1.5449,34.4805
44294,0.1536,1.5449,34.4805
44295,0.1536,1.5449,34.4805
44296,0.1536,1.5449,34.4805
44297,0.1536,1.5449,34.4805
44298,0.1536,1.5449,34.4805
44300,0.1536,1.5447,34.4609
44301,0.1536,1.5447,34.4609
44302,0.1536,1.5447,34.4609
44303,0.1536,1.5445,34.4413
44304,0.1536,1.5447,34.4609
44305,0.1536,1.5447,34.4609
44306,0.1536,1.5447,34.4609
44307,0.1536,1.5447,34.4609
44308,0.1536,1.5447,34.4609
44309,0.1536,1.5447,34.4609
44310,0.1536,1.5447,34.4609
44311,0.1536,1.5447,34.4609
44312,0.1536,1.5449,34.4805
44313,0.1536,1.5449,34.4805
44314,0.1536,1.5450,34.5000
44315,0.1536,1.5450,34.5000
44316,0.1536,1.5450,34.5000
44317,0.1536,1.5450,34.5000
44319,0.1536,1.5450,34.5000
44320,0.1536,1.5450,34.5000
44321,0.1536,1.5447,34.4609
44322,0.1536,1.5445,34.4413
44323,0.1536,1.5443,34.4217
44324,0.1536,1.5441,34.4021
44325,0.1536,1.5439,34.3825
44326,0.1536,1.5437,34.3629
44327,0.1536,1.5434,34.3238
44328,0.1534,1.5434,34.3238
44329,0.1536,1.5434,34.3238
44330,0.1536,1.5432,34.3042
44331,0.1534,1.5432,34.3042
44332,0.1534,1.5430,34.2846
44333,0.1534,1.5430,34.2846
44334,0.1534,1.5430,34.2846
44335,0.1534,1.5430,34.2846
44336,0.1534,1.5428,34.2650
44337,0.1534,1.5428,34.2650
44338,0.1534,1.5428,34.2650
44340,0.1534,1.5428,34.2650
44341,0.1534,1.5428,34.2650
44342,0.1534,1.5426,34.2455
44343,0.1534,1.5426,34.2455
44344,0.1534,1.5426,34.2455
44345,0.1534,1.5424,34.2259
44346,0.1534,1.5424,34.2259
44347,0.1534,1.5422,34.2063
44348,0.1534,1.5420,34.1867
44349,0.1534,1.5420,34.1867
44350,0.1534,1.5419,34.1672
44351,0.1534,1.5419,34.1672
44352,0.1534,1.5419,34.1672
44353,0.1534,1.5419,34.1672
44354,0.1534,1.5419,34.1672
44355,0.1534,1.5419,34.1672
44356,0.1534,1.5420,34.1867
44357,0.1534,1.5420,34.1867
44359,0.1534,1.5420,34.1867
44360,0.1534,1.5420,34.1867
44361,0.1534,1.5422,34.2063
44362,0.1534,1.5424,34.2259
44363,0.1534,1.5424,34.2259
44364,0.1534,1.5426,34.2455
44365,0.1534,1.5426,34.2455
44366,0.1534,1.5426,34.2455
44367,0.1534,1.5428,34.2650
44368,0.1534,1.5428,34.2650
44369,0.1534,1.5430,34.2846
44370,0.1534,1.5430,34.2846
44371,0.1534,1.5430,34.2846
44372,0.1534,1.5432,34.3042
44373,0.1534,1.5432,34.3042
44374,0.1534,1.5432,34.3042
44375,0.1534,1.5432,34.3042
44376,0.1534,1.5434,34.3238
44378,0.1536,1.5435,34.3434
44379,0.1536,1.5435,34.3434
44380,0.1536,1.5437,34.3629
44381,0.1534,1.5435,34.3434
44382,0.1536,1.5437,34.3629
44383,0.1534,1.5437,34.3629
44384,0.1534,1.5437,34.3629
44385,0.1534,1.5435,34.3434
44386,0.1536,1.5435,34.3434
44387,0.1536,1.5435,34.3434
44388,0.1534,1.5435,34.3434
44389,0.1534,1.5435,34.3434
44390,0.1536,1.5434,34.3238
44391,0.1534,1.5434,34.3238
44392,0.1534,1.5432,34.3042
44393,0.1534,1.5432,34.3042
44394,0.1534,1.5432,34.3042
44395,0.1534,1.5430,34.2846
44396,0.1534,1.5430,34.2846
44398,0.1534,1.5428,34.2650
44399,0.1534,1.5428,34.2650
44400,0.1534,1.5430,34.2846
44401,0.1534,1.5430,34.2846
44402,0.1534,1.5432,34.3042
44403,0.1534,1.5432,34.3042
44404,0.1534,1.5434,34.3238
44405,0.1534,1.5434,34.3238
44406,0.1534,1.5430,34.2846
44407,0.1534,1.5434,34.3238
44408,0.1536,1.5435,34.3434
44409,0.1534,1.5434,34.3238
44410,0.1534,1.5434,34.3238
44411,0.1534,1.5434,34.3238
44412,0.1534,1.5432,34.3042
44413,0.1534,1.5432,34.3042
44414,0.1534,1.5428,34.2650
44415,0.1534,1.5426,34.2455
44416,0.1534,1.5422,34.2063
44418,0.1534,1.5420,34.1867
44419,0.1534,1.5417,34.1476
44420,0.1534,1.5415,34.1280
44421,0.1532,1.5413,34.1084
44422,0.1532,1.5409,34.0693
44423,0.1532,1.5405,34.0302
44424,0.1532,1.5404,34.0106
44425,0.1532,1.5400,33.9715
44426,0.1532,1.5400,33.9715
44427,0.1532,1.5392,33.8932
44428,0.1530,1.5396,33.9323
44429,0.1530,1.5392,33.8932
44430,0.1530,1.5390,33.8736
44431,0.1530,1.5389,33.8541
44432,0.1530,1.5389,33.8541
44433,0.1530,1.5387,33.8345
44434,0.1530,1.5387,33.8345
44435,0.1530,1.5387,33.8345
44436,0.1530,1.5385,33.8150
44438,0.1530,1.5385,33.8150
44439,0.1530,1.5383,33.7954
44440,0.1530,1.5383,33.7954
44441,0.1530,1.5383,33.7954
44442,0.1530,1.5383,33.7954
44443,0.1530,1.5381,33.7758
44444,0.1530,1.5381,33.7758
44445,0.1530,1.5379,33.7563
44446,0.1530,1.5379,33.7563
44447,0.1530,1.5379,33.7563
44448,0.1530,0.1530,-86.0752
44449,0.1530,1.5377,33.7367
44450,0.1530,1.5377,33.7367
44451,0.1530,1.5377,33.7367
44452,0.1530,1.5377,33.7367
44453,0.1528,1.5377,33.7367
44454,0.1530,1.5377,33.7367
44455,0.1530,1.5377,33.7367
44456,0.1530,1.5377,33.7367
44458,0.1530,1.5377,33.7367
44459,0.1530,1.5375,33.7172
44460,0.1530,1.5377,33.7367
44461,0.1530,1.5377,33.7367
44462,0.1530,1.5377,33.7367
44463,0.1530,1.5375,33.7172
44464,0.1530,1.5375,33.7172
44465,0.1528,1.5375,33.7172
44466,0.1530,1.5374,33.6976
44467,0.1528,1.5374,33.6976
44468,0.1528,1.5374,33.6976
44469,0.1530,1.5370,33.6585
44470,0.1528,1.5375,33.7172
44471,0.1530,1.5375,33.7172
44472,0.1530,1.5375,33.7172
44473,0.1530,1.5375,33.7172
44474,0.1528,1.5375,33.7172
44475,0.1530,1.5374,33.6976
44477,0.1530,1.5374,33.6976
44478,0.1528,1.5375,33.7172
44479,0.1528,1.5375,33.7172
44480,0.1528,1.5375,33.7172
44481,0.1528,1.5375,33.7172
44482,0.1530,1.5374,33.6976
44483,0.1528,1.5374,33.6976
44484,0.1530,1.5375,33.7172
44485,0.1530,1.5375,33.7172
44486,0.1530,1.5375,33.7172
44487,0.1530,1.5377,33.7367
44488,0.1530,1.5379,33.7563
44489,0.1530,1.5377,33.7367
44490,0.1530,1.5381,33.7758
44491,0.1530,1.5381,33.7758
44492,0.1530,1.5381,33.7758
44493,0.1530,1.5379,33.7563
44494,0.1530,1.5379,33.7563
44496,0.1528,1.5379,33.7563
44497,0.1530,1.5377,33.7367
44498,0.1530,1.5377,33.7367
44499,0.1530,1.5377,33.7367
44500,0.1530,1.5375,33.7172
44501,0.1528,0.1528,-86.0881
44502,0.1530,1.5377,33.7367
44503,0.1528,1.5377,33.7367
44504,0.1530,1.5379,33.7563
44505,0.1530,1.5379,33.7563
44506,0.1530,1.5379,33.7563
44507,0.1530,1.5379,33.7563
44508,0.1530,1.5381,33.7758
44509,0.1530,1.5381,33.7758
44510,0.1530,1.5381,33.7758
44511,0.1530,1.5381,33.7758
44512,0.1530,1.5383,33.7954
44513,0.1530,1.5383,33.7954
44514,0.1530,1.5383,33.7954
44515,0.1530,1.5383,33.7954
44517,0.1530,1.5383,33.7954
44518,0.1530,1.5383,33.7954
44519,0.1530,1.5383,33.7954
44520,0.1530,1.5381,33.7758
44521,0.1530,1.5379,33.7563
44522,0.1530,1.5377,33.7367
44523,0.1530,1.5375,33.7172
44524,0.1528,1.5374,33.6976
44525,0.1528,1.5372,33.6781
44526,0.1528,1.5372,33.6781
44527,0.1528,1.5370,33.6585
44528,0.1528,1.5370,33.6585
44529,0.1528,1.5370,33.6585
44530,0.1528,1.5370,33.6585
44531,0.1528,1.5370,33.6585
44532,0.1528,1.5370,33.6585
44533,0.1528,1.5370,33.6585
44534,0.1528,1.5370,33.6585
44536,0.1528,1.5368,33.6390
44537,0.1528,1.5368,33.6390
44538,0.1528,1.5366,33.6194
44539,0.1528,1.5366,33.6194
44540,0.1528,1.5364,33.5999
44541,0.1528,1.5364,33.5999
44542,0.1528,1.5362,33.5803
44543,0.1528,1.5362,33.5803
44544,0.1528,1.5362,33.5803
44545,0.1528,1.5362,33.5803
44546,0.1528,1.5362,33.5803
44547,0.1528,1.5360,33.5608
44548,0.1528,1.5360,33.5608
44549,0.1528,1.5360,33.5608
44550,0.1528,1.5360,33.5608
44551,0.1528,1.5359,33.5412
44552,0.1528,1.5359,33.5412
44553,0.1528,1.5355,33.5021
44555,0.1528,1.5357,33.5217
44556,0.1528,1.5357,33.5217
44557,0.1526,1.5355,33.5021
44558,0.1526,1.5353,33.4826
44559,0.1528,1.5353,33.4826
44560,0.1526,1.5351,33.4631
44561,0.1526,1.5351,33.4631
44562,0.1526,1.5351,33.4631
44563,0.1526,1.5349,33.4435
44564,0.1526,1.5345,33.4044
44565,0.1526,1.5347,33.4240
44566,0.1526,1.5347,33.4240
44567,0.1526,1.5345,33.4044
44568,0.1526,1.5347,33.4240
44569,0.1526,1.5345,33.4044
44570,0.1526,1.5345,33.4044
44571,0.1526,1.5345,33.4044
44572,0.1526,1.5345,33.4044
44573,0.1526,1.5345,33.4044
44574,0.1526,1.5342,33.3654
44576,0.1526,1.5345,33.4044
44577,0.1526,1.5344,33.3849
44578,0.1526,1.5345,33.4044
44579,0.1526,1.5345,33.4044
44580,0.1526,1.5345,33.4044
44581,0.1526,1.5345,33.4044
44582,0.1526,1.5345,33.4044
44583,0.1526,1.5345,33.4044
44584,0.1526,1.5345,33.4044
44585,0.1526,1.5347,33.4240
44586,0.1526,1.5349,33.4435
44587,0.1526,1.5349,33.4435
44588,0.1526,1.5351,33.4631
44589,0.1528,1.5353,33.4826
44590,0.1526,1.5353,33.4826
44591,0.1528,1.5355,33.5021
44592,0.1526,1.5357,33.5217
44593,0.1528,1.5357,33.5217
44595,0.1528,1.5357,33.5217
44596,0.1528,1.5359,33.5412
44597,0.1528,1.5359,33.5412
44598,0.1528,1.5359,33.5412
44599,0.1528,1.5360,33.5608
44600,0.1528,1.5360,33.5608
44601,0.1528,1.5360,33.5608
44602,0.1528,1.5360,33.5608
44603,0.1528,1.5360,33.5608
44604,0.1528,1.5360,33.5608
44605,0.1528,1.5360,33.5608
44606,0.1528,1.5359,33.5412
44607,0.1528,1.5359,33.5412
44608,0.1528,1.5359,33.5412
44609,0.1528,1.5359,33.5412
44610,0.1528,1.5359,33.5412
44611,0.1528,1.5359,33.5412
44612,0.1528,1.5360,33.5608
44613,0.1528,1.5359,33.5412
44615,0.1528,1.5359,33.5412
44616,0.1528,1.5359,33.5412
44617,0.1528,1.5359,33.5412
44618,0.1528,1.5359,33.5412
44619,0.1528,1.5359,33.5412
44620,0.1528,1.5360,33.5608
44621,0.1528,1.5360,33.5608
44622,0.1528,1.5360,33.5608
44623,0.1528,1.5360,33.5608
44624,0.1528,1.5360,33.5608
44625,0.1528,1.5359,33.5412
44626,0.1528,1.5360,33.5608
44627,0.1528,1.5359,33.5412
44628,0.1528,1.5355,33.5021
44629,0.1528,1.5360,33.5608
44630,0.1528,1.5360,33.5608
44631,0.1528,1.5362,33.5803
44632,0.1528,1.5364,33.5999
44633,0.1528,1.5364,33.5999
44634,0.1528,1.5366,33.6194
44636,0.1528,1.5366,33.6194
44637,0.1528,1.5368,33.6390
44638,0.1528,1.5370,33.6585
44639,0.1528,1.5370,33.6585
44640,0.1528,1.5370,33.6585
44641,0.1528,1.5372,33.6781
44642,0.1528,1.5372,33.6781
44643,0.1528,1.5372,33.6781
44644,0.1528,1.5372,33.6781
44645,0.1528,1.5372,33.6781
44646,0.1528,1.5372,33.6781
44647,0.1528,1.5372,33.6781
44648,0.1528,1.5372,33.6781
44649,0.1528,1.5370,33.6585
44650,0.1528,1.5372,33.6781
44651,0.1528,1.5370,33.6585
44652,0.1528,1.5370,33.6585
44653,0.1528,1.5372,33.6781
44655,0.1528,1.5372,33.6781
44656,0.1528,1.5372,33.6781
44657,0.1528,1.5372,33.6781
44658,0.1528,1.5370,33.6585
44659,0.1528,1.5368,33.6390
44660,0.1528,1.5364,33.5999
44661,0.1528,1.5366,33.6194
44662,0.1528,1.5364,33.5999
44663,0.1528,1.5362,33.5803
44664,0.1528,1.5362,33.5803
44665,0.1528,1.5360,33.5608
44666,0.1528,1.5359,33.5412
44667,0.1528,1.5357,33.5217
44668,0.1528,1.5357,33.5217
44669,0.1526,1.5355,33.5021
44670,0.1528,1.5351,33.4631
44671,0.1526,1.5353,33.4826
44672,0.1528,1.5353,33.4826
44673,0.1526,1.5351,33.4631
44675,0.1526,1.5351,33.4631
44676,0.1526,1.5349,33.4435
44677,0.1526,1.5349,33.4435
44678,0.1526,1.5347,33.4240
44679,0.1526,1.5347,33.4240
44680,0.1526,1.5347,33.4240
44681,0.1526,1.5345,33.4044
44682,0.1526,1.5344,33.3849
44683,0.1526,1.5344,33.3849
44684,0.1526,1.5342,33.3654
44685,0.1526,1.5342,33.3654
44686,0.1526,1.5342,33.3654
44687,0.1526,1.5342,33.3654
44688,0.1526,1.5344,33.3849
44689,0.1526,1.5344,33.3849
44690,0.1526,1.5345,33.4044
44691,0.1526,1.5345,33.4044
44692,0.1526,1.5347,33.4240
44693,0.1526,1.5349,33.4435
44695,0.1526,1.5349,33.4435
44696,0.1526,1.5351,33.4631
44697,0.1526,1.5351,33.4631
44698,0.1526,1.5351,33.4631
44699,0.1526,1.5351,33.4631
44700,0.1526,1.5353,33.4826
44701,0.1526,1.5353,33.4826
44702,0.1528,1.5351,33.4631
44703,0.1526,1.5351,33.4631
44704,0.1526,1.5353,33.4826
44705,0.1528,1.5351,33.4631
44706,0.1526,1.5351,33.4631
44707,0.1526,1.5351,33.4631
44708,0.1526,1.5351,33.4631
44709,0.1526,1.5353,33.4826
44710,0.1528,1.5353,33.4826
44711,0.1526,1.5353,33.4826
44712,0.1526,1.5347,33.4240
44714,0.1526,1.5353,33.4826
44715,0.1526,1.5351,33.4631
44716,0.1526,1.5349,33.4435
44717,0.1526,1.5347,33.4240
44718,0.1526,1.5345,33.4044
44719,0.1526,1.5345,33.4044
44720,0.1526,1.5344,33.3849
44721,0.1526,1.5342,33.3654
44722,0.1526,1.5340,33.3458
44723,0.1524,1.5340,33.3458
44724,0.1526,1.5338,33.3263
44725,0.1526,1.5340,33.3458
44726,0.1526,1.5338,33.3263
44727,0.1526,1.5338,33.3263
44728,0.1526,1.5338,33.3263
44729,0.1526,1.5338,33.3263
44730,0.1526,1.5336,33.3068
44731,0.1524,1.5336,33.3068
44732,0.1526,1.5334,33.2872
44734,0.1524,1.5329,33.2286
44735,0.1524,1.5332,33.2677
44736,0.1524,1.5332,33.2677
44737,0.1524,1.5332,33.2677
44738,0.1524,1.5332,33.2677
44739,0.1524,1.5330,33.2482
44740,0.1524,1.5332,33.2677
44741,0.1524,1.5332,33.2677
44742,0.1524,1.5332,33.2677
44743,0.1524,1.5330,33.2482
44744,0.1524,1.5330,33.2482
44745,0.1526,1.5332,33.2677
44746,0.1524,1.5332,33.2677
44747,0.1524,1.5334,33.2872
44748,0.1524,1.5334,33.2872
44749,0.1524,1.5334,33.2872
44750,0.1526,1.5334,33.2872
44751,0.1526,1.5334,33.2872
44752,0.1524,1.5336,33.3068
44754,0.1524,1.5336,33.3068
44755,0.1526,1.5330,33.2482
44756,0.1526,1.5336,33.3068
44757,0.1526,1.5334,33.2872
44758,0.1526,1.5336,33.3068
44759,0.1524,1.5336,33.3068
44760,0.1524,1.5336,33.3068
44761,0.1524,1.5336,33.3068
44762,0.1524,1.5336,33.3068
44763,0.1524,1.5336,33.3068
44764,0.1526,1.5336,33.3068
44765,0.1524,1.5334,33.2872
44766,0.1524,1.5334,33.2872
44767,0.1526,1.5334,33.2872
44768,0.1524,1.5334,33.2872
44769,0.1524,1.5334,33.2872
44770,0.1524,1.5334,33.2872
44771,0.1524,1.5334,33.2872
44773,0.1524,1.5334,33.2872
44774,0.1526,1.5334,33.2872
44775,0.1524,1.5334,33.2872
44776,0.1524,1.5330,33.2482
44777,0.1524,1.5332,33.2677
44778,0.1524,1.5332,33.2677
44779,0.1524,1.5332,33.2677
44780,0.1524,1.5332,33.2677
44781,0.1524,1.5332,33.2677
44782,0.1524,1.5332,33.2677
44783,0.1524,1.5334,33.2872
44784,0.1526,1.5336,33.3068
44785,0.1526,1.5336,33.3068
44786,0.1526,1.5334,33.2872
44787,0.1526,1.5338,33.3263
44788,0.1524,1.5340,33.3458
44789,0.1526,1.5340,33.3458
44790,0.1526,1.5342,33.3654
44791,0.1526,1.5344,33.3849
44793,0.1526,1.5347,33.4240
44794,0.1526,1.5349,33.4435
44795,0.1526,1.5351,33.4631
44796,0.1528,1.5353,33.4826
44797,0.1528,1.5351,33.4631
44798,0.1526,1.5357,33.5217
44799,0.1528,1.5359,33.5412
44800,0.1528,1.5359,33.5412
44801,0.1528,1.5360,33.5608
44802,0.1528,1.5362,33.5803
44803,0.1528,1.5364,33.5999
44804,0.1528,1.5362,33.5803
44805,0.1528,1.5364,33.5999
44806,0.1528,1.5366,33.6194
44807,0.1528,1.5366,33.6194
44808,0.1528,1.5366,33.6194
44809,0.1528,1.5368,33.6390
44810,0.1528,1.5368,33.6390
44811,0.1528,1.5368,33.6390
44813,0.1528,1.5370,33.6585
44814,0.1528,1.5372,33.6781
44815,0.1528,1.5374,33.6976
44816,0.1528,1.5375,33.7172
44817,0.1528,1.5377,33.7367
44818,0.1530,1.5377,33.7367
44819,0.1530,1.5379,33.7563
44820,0.1530,1.5379,33.7563
44821,0.1530,1.5381,33.7758
44822,0.1530,1.5381,33.7758
44823,0.1530,1.5381,33.7758
44824,0.1530,1.5381,33.7758
44825,0.1530,1.5381,33.7758
44826,0.1530,1.5383,33.7954
44827,0.1530,1.5383,33.7954
44828,0.1530,1.5383,33.7954
44829,0.1530,1.5385,33.8150
44830,0.1530,1.5385,33.8150
44831,0.1530,1.5383,33.7954
44833,0.1530,1.5383,33.7954
44834,0.1530,1.5381,33.7758
44835,0.1530,1.5381,33.7758
44836,0.1530,1.5381,33.7758
44837,0.1530,1.5381,33.7758
44838,0.1530,1.5381,33.7758
44839,0.1530,1.5383,33.7954
44840,0.1530,1.5383,33.7954
44841,0.1530,1.5385,33.8150
44842,0.1530,1.5385,33.8150
44843,0.1530,1.5385,33.8150
44844,0.1530,1.5385,33.8150
44845,0.1530,1.5387,33.8345
44846,0.1530,1.5387,33.8345
44847,0.1530,1.5387,33.8345
44848,0.1530,1.5389,33.8541
44849,0.1530,1.5390,33.8736
44850,0.1530,1.5390,33.8736
44852,0.1530,1.5392,33.8932
44853,0.1530,1.5392,33.8932
44854,0.1530,1.5394,33.9128
44855,0.1532,1.5394,33.9128
44856,0.1530,1.5394,33.9128
44857,0.1530,1.5394,33.9128
44858,0.1532,1.5396,33.9323
44859,0.1530,1.5396,33.9323
44860,0.1532,1.5396,33.9323
44861,0.1530,1.5396,33.9323
44862,0.1530,1.5396,33.9323
44863,0.1532,1.5398,33.9519
44864,0.1532,1.5398,33.9519
44865,0.1532,1.5398,33.9519
44866,0.1532,1.5398,33.9519
44867,0.1532,1.5400,33.9715
44868,0.1532,1.5400,33.9715
44869,0.1532,1.5398,33.9519
44870,0.1532,1.5396,33.9323
44872,0.1532,1.5396,33.9323
44873,0.1530,1.5394,33.9128
44874,0.1530,1.5392,33.8932
44875,0.1530,1.5390,33.8736
44876,0.1530,1.5390,33.8736
44877,0.1530,1.5389,33.8541
44878,0.1530,1.5387,33.8345
44879,0.1530,1.5387,33.8345
44880,0.1530,1.5385,33.8150
44881,0.1530,1.5381,33.7758
44882,0.1530,1.5381,33.7758
44883,0.1530,1.5381,33.7758
44884,0.1530,1.5379,33.7563
44885,0.1530,1.5379,33.7563
44886,0.1530,1.5377,33.7367
44887,0.1530,1.5377,33.7367
44888,0.1530,1.5374,33.6976
44889,0.1528,1.5374,33.6976
44890,0.1528,1.5374,33.6976
44892,0.1528,1.5372,33.6781
44893,0.1528,1.5372,33.6781
44894,0.1528,1.5372,33.6781
44895,0.1528,1.5370,33.6585
44896,0.1528,1.5368,33.6390
44897,0.1528,1.5366,33.6194
44898,0.1528,1.5364,33.5999
44899,0.1528,1.5362,33.5803
44900,0.1528,1.5359,33.5412
44901,0.1528,1.5355,33.5021
44902,0.1526,1.5349,33.4435
44903,0.1526,1.5347,33.4240
44904,0.1526,1.5344,33.3849
44905,0.1526,1.5340,33.3458
44906,0.1526,1.5340,33.3458
44907,0.1526,1.5334,33.2872
44908,0.1524,1.5334,33.2872
44909,0.1524,1.5330,33.2482
44911,0.1524,1.5329,33.2286
44912,0.1524,1.5327,33.2091
44913,0.1524,1.5321,33.1505
44914,0.1524,1.5321,33.1505
44915,0.1523,1.5317,33.1115
44916,0.1524,1.5315,33.0919
44917,0.1523,1.5312,33.0529
44918,0.1523,1.5310,33.0334
44919,0.1523,1.5308,33.0138
44920,0.1523,1.5306,32.9943
44921,0.1523,1.5304,32.9748
44922,0.1523,1.5302,32.9553
44923,0.1523,1.5300,32.9358
44924,0.1523,1.5300,32.9358
44925,0.1523,1.5300,32.9358
44926,0.1523,1.5299,32.9162
44927,0.1523,1.5300,32.9358
44928,0.1523,1.5300,32.9358
44929,0.1523,1.5300,32.9358
44931,0.1523,1.5302,32.9553
44932,0.1523,1.5302,32.9553
44933,0.1523,1.5302,32.9553
44934,0.1523,1.5304,32.9748
44935,0.1523,1.5304,32.9748
44936,0.1523,1.5304,32.9748
44937,0.1523,1.5304,32.9748
44938,0.1523,1.5304,32.9748
44939,0.1523,1.5304,32.9748
44940,0.1523,1.5304,32.9748
44941,0.1523,1.5304,32.9748
44942,0.1523,1.5304,32.9748
44943,0.1523,1.5304,32.9748
44944,0.1523,1.5300,32.9358
44945,0.1523,1.5306,32.9943
44946,0.1523,1.5306,32.9943
44947,0.1523,1.5306,32.9943
44948,0.1523,1.5306,32.9943
44949,0.1523,1.5306,32.9943
44951,0.1523,1.5306,32.9943
44952,0.1523,1.5304,32.9748
44953,0.1523,1.5304,32.9748
44954,0.1523,1.5304,32.9748
44955,0.1523,1.5300,32.9358
44956,0.1523,1.5302,32.9553
44957,0.1523,1.5302,32.9553
44958,0.1523,1.5302,32.9553
44959,0.1523,1.5300,32.9358
44960,0.1523,1.5300,32.9358
44961,0.1523,1.5302,32.9553
44962,0.1523,1.5302,32.9553
44963,0.1523,1.5302,32.9553
44964,0.1523,1.5302,32.9553
44965,0.1523,1.5300,32.9358
44966,0.1523,1.5300,32.9358
44967,0.1523,1.5300,32.9358
44969,0.1523,1.5300,32.9358
44970,0.1523,1.5302,32.9553
44971,0.1523,1.5300,32.9358
44972,0.1523,1.5300,32.9358
44973,0.1523,1.5300,32.9358
44974,0.1523,1.5299,32.9162
44975,0.1523,1.5299,32.9162
44976,0.1523,1.5299,32.9162
44977,0.1523,1.5299,32.9162
44978,0.1523,1.5299,32.9162
44979,0.1523,1.5300,32.9358
44980,0.1523,1.5300,32.9358
44981,0.1523,1.5302,32.9553
44982,0.1523,1.5302,32.9553
44983,0.1523,1.5304,32.9748
44984,0.1523,1.5306,32.9943
44985,0.1523,1.5304,32.9748
44986,0.1523,1.5308,33.0138
44987,0.1523,1.5310,33.0334
44989,0.1523,1.5312,33.0529
44990,0.1523,1.5314,33.0724
44991,0.1524,1.5317,33.1115
44992,0.1524,1.5317,33.1115
44993,0.1524,1.5319,33.1310
44994,0.1524,1.5321,33.1505
44995,0.1524,1.5321,33.1505
44996,0.1524,1.5323,33.1700
44997,0.1524,1.5325,33.1896
44998,0.1524,1.5325,33.1896
44999,0.1524,1.5325,33.1896
45000,0.1524,1.5325,33.1896
45001,0.1524,1.5327,33.2091
45002,0.1524,1.5327,33.2091
45003,0.1524,1.5329,33.2286
45004,0.1524,1.5329,33.2286
45005,0.1524,1.5329,33.2286
45006,0.1524,1.5330,33.2482
45007,0.1524,1.5329,33.2286
45008,0.1524,1.5330,33.2482
45010,0.1524,1.5332,33.2677
45011,0.1524,1.5332,33.2677
45012,0.1524,1.5332,33.2677
45013,0.1524,1.5332,33.2677
45014,0.1526,1.5334,33.2872
45015,0.1524,1.5332,33.2677
45016,0.1524,1.5332,33.2677
45017,0.1524,1.5330,33.2482
45018,0.1524,1.5327,33.2091
45019,0.1524,1.5329,33.2286
45020,0.1524,1.5327,33.2091
45021,0.1524,1.5327,33.2091
45022,0.1524,1.5327,33.2091
45023,0.1524,1.5325,33.1896
45024,0.1524,1.5325,33.1896
45025,0.1524,1.5323,33.1700
45026,0.1524,1.5323,33.1700
45027,0.1524,1.5323,33.1700
45028,0.1524,1.5317,33.1115
45030,0.1524,1.5323,33.1700
45031,0.1524,1.5321,33.1505
45032,0.1524,1.5323,33.1700
45033,0.1524,1.5323,33.1700
45034,0.1524,1.5321,33.1505
45035,0.1524,1.5321,33.1505
45036,0.1524,1.5319,33.1310
45037,0.1523,1.5319,33.1310
45038,0.1524,1.5317,33.1115
45039,0.1523,1.5315,33.0919
45040,0.1524,1.5315,33.0919
45041,0.1524,1.5314,33.0724
45042,0.1523,1.5314,33.0724
45043,0.1523,1.5314,33.0724
45044,0.1523,1.5314,33.0724
45045,0.1523,1.5312,33.0529
45046,0.1523,1.5314,33.0724
45047,0.1523,1.5314,33.0724
45049,0.1523,1.5314,33.0724
45050,0.1523,1.5308,33.0138
45051,0.1524,1.5314,33.0724
45052,0.1523,1.5315,33.0919
45053,0.1524,1.5317,33.1115
45054,0.1524,1.5317,33.1115
45055,0.1524,1.5319,33.1310
45056,0.1524,1.5321,33.1505
45057,0.1524,1.5321,33.1505
45058,0.1524,1.5323,33.1700
45059,0.1524,1.5325,33.1896
45060,0.1524,1.5325,33.1896
45061,0.1524,1.5329,33.2286
45062,0.1524,1.5329,33.2286
45063,0.1524,1.5329,33.2286
45064,0.1524,1.5329,33.2286
45065,0.1524,1.5329,33.2286
45066,0.1524,1.5329,33.2286
45067,0.1524,1.5330,33.2482
45069,0.1524,1.5330,33.2482
45070,0.1524,1.5330,33.2482
45071,0.1524,1.5327,33.2091
45072,0.1524,1.5330,33.2482
45073,0.1524,1.5330,33.2482
45074,0.1524,1.5330,33.2482
45075,0.1524,1.5330,33.2482
45076,0.1524,1.5330,33.2482
45077,0.1524,1.5330,33.2482
45078,0.1524,1.5330,33.2482
45079,0.1524,1.5330,33.2482
45080,0.1524,1.5332,33.2677
45081,0.1524,1.5332,33.2677
45082,1.5332,0.1524,-86.1139
45083,0.1524,1.5332,33.2677
45084,0.1524,1.5334,33.2872
45085,0.1524,1.5336,33.3068
45086,0.1524,1.5338,33.3263
45087,0.1524,1.5338,33.3263
45089,0.1526,1.5340,33.3458
45090,0.1526,1.5342,33.3654
45091,0.1526,1.5344,33.3849
45092,0.1526,1.5342,33.3654
45093,0.1526,1.5347,33.4240
45094,0.1526,1.5349,33.4435
45095,0.1526,1.5351,33.4631
45096,0.1526,1.5353,33.4826
45097,0.1526,1.5353,33.4826
45098,0.1528,1.5355,33.5021
45099,0.1528,1.5357,33.5217
45100,0.1528,1.5357,33.5217
45101,0.1528,1.5359,33.5412
45102,0.1528,1.5360,33.5608
45103,0.1528,1.5360,33.5608
45104,0.1528,1.5360,33.5608
45105,0.1528,1.5362,33.5803
45106,0.1528,1.5362,33.5803
45108,0.1528,1.5362,33.5803
45109,0.1528,1.5364,33.5999
45110,0.1528,1.5366,33.6194
45111,0.1528,1.5366,33.6194
45112,0.1528,1.5368,33.6390
45113,0.1528,1.5366,33.6194
45114,0.1528,1.5370,33.6585
45115,0.1530,1.5372,33.6781
45116,0.1528,1.5374,33.6976
45117,0.1530,1.5374,33.6976
45118,0.1528,1.5375,33.7172
45119,0.1528,1.5374,33.6976
45120,0.1528,1.5374,33.6976
45121,0.1528,1.5374,33.6976
45122,0.1528,1.5374,33.6976
45123,0.1528,1.5370,33.6585
45124,0.1528,1.5372,33.6781
45125,0.1528,1.5372,33.6781
45126,0.1528,1.5372,33.6781
45128,0.1528,1.5370,33.6585
45129,0.1528,1.5370,33.6585
45130,0.1528,1.5370,33.6585
45131,0.1528,1.5370,33.6585
45132,0.1528,1.5370,33.6585
45133,0.1528,1.5370,33.6585
45134,0.1528,1.5364,33.5999
45135,0.1528,1.5370,33.6585
45136,0.1528,1.5368,33.6390
45137,0.1528,1.5368,33.6390
45138,0.1528,1.5366,33.6194
45139,0.1528,1.5366,33.6194
45140,0.1528,1.5364,33.5999
45141,0.1528,1.5364,33.5999
45142,0.1528,1.5364,33.5999
45143,0.1528,1.5364,33.5999
45144,0.1528,1.5366,33.6194
45145,0.1528,1.5366,33.6194
45146,0.1528,1.5368,33.6390
45148,0.1528,1.5370,33.6585
45149,0.1528,1.5370,33.6585
45150,0.1528,1.5372,33.6781
45151,0.1528,1.5374,33.6976
45152,0.1530,1.5374,33.6976
45153,0.1530,1.5374,33.6976
45154,0.1528,1.5375,33.7172
45155,0.1528,1.5372,33.6781
45156,0.1530,1.5377,33.7367
45157,0.1530,1.5379,33.7563
45158,0.1530,1.5381,33.7758
45159,0.1530,1.5381,33.7758
45160,0.1530,1.5383,33.7954
45161,0.1530,1.5383,33.7954
45162,0.1530,1.5383,33.7954
45163,0.1530,1.5383,33.7954
45164,0.1530,1.5383,33.7954
45165,0.1530,1.5379,33.7563
45167,0.1530,1.5381,33.7758
45168,0.1530,1.5381,33.7758
45169,0.1530,1.5381,33.7758
45170,0.1530,1.5381,33.7758
45171,0.1530,1.5381,33.7758
45172,0.1530,1.5379,33.7563
45173,0.1528,1.5379,33.7563
45174,0.1530,1.5377,33.7367
45175,0.1530,1.5377,33.7367
45176,0.1530,1.5374,33.6976
45177,0.1528,1.5375,33.7172
45178,0.1530,1.5374,33.6976
45179,0.1528,1.5374,33.6976
45180,0.1528,1.5372,33.6781
45181,0.1528,1.5372,33.6781
45182,0.1528,1.5370,33.6585
45183,0.1528,1.5368,33.6390
45184,0.1528,1.5366,33.6194
45186,0.1528,1.5368,33.6390
45187,0.1528,1.5368,33.6390
45188,0.1528,1.5368,33.6390
45189,0.1528,1.5368,33.6390
45190,0.1528,1.5368,33.6390
45191,0.1528,1.5370,33.6585
45192,0.1528,1.5370,33.6585
45193,0.1528,1.5370,33.6585
45194,0.1528,1.5370,33.6585
45195,0.1528,1.5370,33.6585
45196,0.1528,1.5370,33.6585
45197,0.1528,1.5370,33.6585
45198,0.1528,1.5372,33.6781
45199,0.1528,1.5372,33.6781
45200,0.1528,1.5372,33.6781
45201,0.1528,1.5374,33.6976
45202,0.1528,1.5372,33.6781
45203,0.1528,1.5372,33.6781
45204,0.1530,1.5372,33.6781
45206,0.1528,1.5372,33.6781
45207,0.1528,1.5370,33.6585
45208,0.1528,1.5368,33.6390
45209,0.1528,1.5366,33.6194
45210,0.1528,1.5364,33.5999
45211,0.1528,1.5362,33.5803
45212,0.1526,1.5359,33.5412
45213,0.1528,1.5357,33.5217
45214,0.1526,1.5353,33.4826
45215,0.1526,1.5351,33.4631
45216,0.1526,1.5347,33.4240
45217,0.1526,1.5342,33.3654
45218,0.1526,1.5334,33.2872
45219,0.1524,1.5334,33.2872
45220,0.1524,1.5330,33.2482
45221,0.1524,1.5327,33.2091
45222,0.1524,1.5323,33.1700
45223,0.1524,1.5319,33.1310
45224,0.1523,1.5314,33.0724
45225,0.1523,1.5310,33.0334
45227,0.1523,1.5306,32.9943
45228,0.1523,1.5302,32.9553
45229,0.1523,1.5299,32.9162
45230,0.1521,1.5295,32.8772
45231,0.1521,1.5291,32.8382
45232,0.1521,1.5287,32.7992
45233,0.1521,1.5284,32.7601
45234,0.1521,1.5280,32.7211
45235,0.1521,1.5276,32.6821
45236,0.1519,1.5272,32.6431
45237,0.1519,1.5269,32.6041
45238,0.1519,1.5267,32.5846
45239,0.1519,1.5261,32.5261
45240,0.1519,1.5263,32.5456
45241,0.1519,1.5261,32.5261
45242,0.1519,1.5259,32.5066
45243,0.1517,1.5259,32.5066
45244,0.1519,1.5257,32.4871
45246,0.1519,1.5257,32.4871
45247,0.1519,1.5259,32.5066
45248,0.1517,1.5259,32.5066
45249,0.1519,1.5259,32.5066
45250,0.1519,1.5259,32.5066
45251,0.1519,1.5261,32.5261
45252,0.1519,1.5259,32.5066
45253,0.1517,1.5257,32.4871
45254,0.1519,1.5257,32.4871
45255,0.1519,1.5254,32.4481
45256,0.1517,1.5250,32.4091
45257,0.1517,1.5248,32.3896
45258,0.1517,1.5246,32.3701
45259,0.1517,1.5240,32.3117
45260,0.1517,1.5244,32.3506
45261,0.1517,1.5244,32.3506
45262,0.1517,1.5244,32.3506
45263,0.1517,1.5244,32.3506
45265,0.1517,1.5244,32.3506
45266,0.1517,1.5244,32.3506
45267,0.1517,1.5242,32.3312
45268,0.1517,1.5242,32.3312
45269,0.1517,1.5242,32.3312
45270,0.1517,1.5244,32.3506
45271,0.1517,1.5244,32.3506
45272,0.1517,1.5244,32.3506
45273,0.1517,1.5244,32.3506
45274,0.1517,1.5244,32.3506
45275,0.1517,1.5244,32.3506
45276,0.1517,1.5244,32.3506
45277,0.1517,1.5242,32.3312
45278,0.1517,1.5242,32.3312
45279,0.1517,1.5242,32.3312
45280,0.1517,1.5240,32.3117
45281,0.1517,1.5239,32.2922
45282,0.1515,1.5237,32.2727
45283,0.1515,1.5233,32.2337
45285,0.1515,1.5231,32.2142
45286,0.1515,1.5229,32.1947
45287,0.1515,1.5227,32.1753
45288,0.1515,1.5225,32.1558
45289,0.1515,1.5224,32.1363
45290,0.1515,1.5222,32.1168
45291,0.1515,1.5220,32.0973
45292,0.1513,1.5216,32.0584
45293,0.1513,1.5216,32.0584
45294,0.1513,1.5212,32.0194
45295,0.1513,1.5210,32.0000
45296,0.1513,1.5209,31.9805
45297,0.1513,1.5205,31.9415
45298,0.1513,1.5205,31.9415
45299,0.1513,1.5201,31.9026
45300,0.1513,1.5197,31.8637
45301,0.1513,1.5195,31.8442
45302,0.1511,1.5188,31.7663
45303,0.1511,1.5188,31.7663
45305,0.1511,1.5186,31.7469
45306,0.1511,1.5184,31.7274
45307,0.1511,1.5182,31.7079
45308,0.1511,1.5179,31.6690
45309,0.1509,1.5173,31.6107
45310,0.1509,1.5171,31.5912
45311,0.1509,1.5162,31.4939
45312,0.1508,1.5149,31.3578
45313,0.1508,1.5137,31.2412
45314,1.5137,0.1506,-86.2427
45315,0.1506,1.5120,31.0662
45316,0.1504,1.5113,30.9885
45317,0.1504,1.5109,30.9497
45318,0.1504,1.5104,30.8914
45319,0.1504,1.5100,30.8526
45320,0.1502,1.5094,30.7943
45321,0.1502,1.5089,30.7360
45322,0.1502,1.5085,30.6972
45323,0.1500,1.5074,30.5807
45325,0.1500,1.5074,30.5807
45326,0.1500,1.5068,30.5225
45327,0.1500,1.5064,30.4837
45328,0.1500,1.5060,30.4449
45329,0.1498,1.5057,30.4061
45330,0.1498,1.5053,30.3673
45331,0.1498,1.5049,30.3285
45332,0.1498,1.5044,30.2703
45333,0.1496,1.5040,30.2315
45334,0.1496,1.5032,30.1540
45335,0.1496,1.5029,30.1152
45336,0.1496,1.5025,30.0764
45337,0.1496,1.5019,30.0183
45338,0.1494,1.5015,29.9795
45339,0.1494,1.5010,29.9214
45340,0.1494,1.5004,29.8633
45341,0.1493,1.4999,29.8051
45342,0.1493,1.4995,29.7664
45343,0.1493,1.4991,29.7277
45345,0.1493,1.4984,29.6502
45346,0.1493,1.4982,29.6308
45347,0.1493,1.4978,29.5921
45348,0.1491,1.4970,29.5146
45349,0.1491,1.4961,29.4179
45350,0.1489,1.4954,29.3405
45351,0.1489,1.4946,29.2631
45352,0.1487,1.4940,29.2050
45353,0.1487,1.4937,29.1663
45354,0.1487,1.4933,29.1277
45355,0.1487,1.4927,29.0696
45356,0.1485,1.4922,29.0116
45357,0.1485,1.4914,28.9343
45358,0.1485,1.4910,28.8956
45359,0.1485,1.4907,28.8570
45360,0.1485,1.4903,28.8183
45361,0.1483,1.4901,28.7990
45362,0.1483,1.4897,28.7603
45364,0.1483,1.4894,28.7217
45365,0.1483,1.4890,28.6831
45366,0.1483,1.4884,28.6251
45367,0.1483,1.4886,28.6444
45368,0.1481,1.4882,28.6058
45369,0.1481,1.4880,28.5865
45370,0.1481,1.4877,28.5478
45371,0.1481,1.4875,28.5285
45372,0.1481,1.4871,28.4899
45373,0.1481,1.4869,28.4706
45374,0.1481,1.4864,28.4127
45375,0.1479,1.4858,28.3547
45376,0.1479,1.4852,28.2968
45377,0.1479,1.4847,28.2389
45378,0.1479,1.4845,28.2196
45379,0.1478,1.4839,28.1617
45380,0.1478,1.4830,28.0653
45381,0.1478,1.4822,27.9881
45382,0.1476,1.4815,27.9110
45384,0.1476,1.4805,27.8146
45385,0.1474,1.4798,27.7375
45386,0.1474,1.4790,27.6604
45387,0.1472,1.4783,27.5833
45388,0.1472,1.4779,27.5447
45389,0.1472,1.4774,27.4870
45390,0.1472,1.4770,27.4484
45391,0.1470,1.4766,27.4099
45392,0.1470,1.4762,27.3714
45393,0.1470,1.4760,27.3521
45394,0.1470,1.4760,27.3521
45395,0.1470,1.4757,27.3136
45396,0.1470,1.4757,27.3136
45397,0.1470,1.4753,27.2751
45398,0.1470,1.4755,27.2944
45399,0.1470,1.4753,27.2751
45400,0.1470,1.4751,27.2558
45401,0.1470,1.4749,27.2366
45403,0.1470,1.4747,27.2173
45404,0.1468,1.4740,27.1403
45405,0.1468,1.4734,27.0826
45406,0.1468,1.4730,27.0441
45407,0.1466,1.4727,27.0056
45408,0.1466,1.4723,26.9672
45409,0.1466,1.4721,26.9479
45410,0.1466,1.4721,26.9479
45411,0.1466,1.4719,26.9287
45412,0.1466,1.4717,26.9094
45413,0.1466,1.4715,26.8902
45414,0.1466,1.4715,26.8902
45415,0.1466,1.4714,26.8710
45416,0.1466,1.4714,26.8710
45417,0.1466,1.4710,26.8325
45418,0.1466,1.4714,26.8710
45419,0.1466,1.4714,26.8710
45420,0.1466,1.4714,26.8710
45421,0.1466,1.4714,26.8710
45423,0.1466,1.4712,26.8517
45424,0.1466,1.4712,26.8517
45425,0.1466,1.4710,26.8325
45426,0.1466,1.4710,26.8325
45427,0.1466,1.4708,26.8133
45428,0.1466,1.4704,26.7748
45429,0.1466,1.4708,26.8133
45430,0.1464,1.4708,26.8133
45431,0.1464,1.4710,26.8325
45432,0.1466,1.4710,26.8325
45433,0.1466,1.4712,26.8517
45434,0.1466,1.4712,26.8517
45435,0.1466,1.4714,26.8710
45436,0.1466,1.4714,26.8710
45437,0.1466,1.4715,26.8902
45438,0.1466,1.4715,26.8902
45439,0.1466,1.4717,26.9094
45440,0.1466,1.4717,26.9094
45441,0.1466,1.4717,26.9094
45442,0.1466,1.4717,26.9094
45444,0.1466,1.4717,26.9094
45445,0.1466,1.4717,26.9094
45446,0.1466,1.4717,26.9094
45447,0.1466,1.4717,26.9094
45448,0.1466,1.4717,26.9094
45449,0.1466,1.4717,26.9094
45450,0.1466,1.4717,26.9094
45451,0.1466,1.4715,26.8902
45452,0.1466,1.4717,26.9094
45453,0.1466,1.4715,26.8902
45454,0.1466,1.4715,26.8902
45455,0.1466,1.4715,26.8902
45456,0.1466,1.4715,26.8902
45457,0.1466,1.4715,26.8902
45458,0.1466,1.4715,26.8902
45459,0.1466,1.4715,26.8902
45460,0.1466,1.4715,26.8902
45461,0.1466,1.4714,26.8710
45462,0.1466,1.4715,26.8902
45464,0.1466,1.4714,26.8710
45465,0.1466,1.4715,26.8902
45466,0.1466,1.4715,26.8902
45467,0.1466,1.4715,26.8902
45468,0.1466,1.4710,26.8325
45469,0.1466,1.4714,26.8710
45470,0.1466,1.4714,26.8710
45471,0.1464,1.4714,26.8710
45472,0.1466,1.4712,26.8517
45473,0.1466,1.4712,26.8517
45474,0.1464,1.4712,26.8517
45475,0.1464,1.4710,26.8325
45476,0.1464,1.4708,26.8133
45477,0.1464,1.4706,26.7940
45478,0.1464,1.4704,26.7748
45479,0.1464,1.4704,26.7748
45480,0.1464,1.4702,26.7556
45481,0.1464,1.4700,26.7363
45483,0.1464,1.4700,26.7363
45484,0.1464,1.4699,26.7171
45485,0.1464,1.4699,26.7171
45486,0.1464,1.4697,26.6979
45487,0.1464,1.4697,26.6979
45488,0.1464,1.4697,26.6979
45489,0.1464,1.4695,26.6787
45490,0.1464,1.4695,26.6787
45491,0.1464,1.4693,26.6594
45492,0.1463,1.4693,26.6594
45493,0.1463,1.4693,26.6594
45494,0.1464,1.4693,26.6594
45495,0.1464,1.4691,26.6402
45496,0.1464,1.4691,26.6402
45497,0.1464,1.4687,26.6018
45498,0.1464,1.4693,26.6594
45499,0.1463,1.4691,26.6402
45500,0.1464,1.4691,26.6402
45501,0.1463,1.4687,26.6018
45503,0.1464,1.4693,26.6594
45504,0.1464,1.4691,26.6402
45505,0.1464,1.4691,26.6402
45506,0.1463,1.4691,26.6402
45507,0.1464,1.4691,26.6402
45508,0.1464,1.4691,26.6402
45509,0.1463,1.4691,26.6402
45510,0.1464,1.4693,26.6594
45511,0.1464,1.4693,26.6594
45512,0.1464,1.4695,26.6787
45513,0.1464,1.4699,26.7171
45514,0.1464,1.4700,26.7363
45515,0.1466,1.4704,26.7748
45516,0.1464,1.4708,26.8133
45517,0.1466,1.4712,26.8517
45518,0.1466,1.4715,26.8902
45519,0.1466,1.4719,26.9287
45520,0.1466,1.4723,26.9672
45522,0.1468,1.4725,26.9864
45523,0.1466,1.4729,27.0249
45524,0.1468,1.4732,27.0634
45525,0.1468,1.4734,27.0826
45526,0.1468,1.4738,27.1211
45527,0.1468,1.4738,27.1211
45528,0.1468,1.4744,27.1788
45529,0.1468,1.4749,27.2366
45530,0.1470,1.4751,27.2558
45531,0.1470,1.4755,27.2944
45532,0.1470,1.4759,27.3329
45533,0.1470,1.4759,27.3329
45534,0.1470,1.4762,27.3714
45535,0.1470,1.4764,27.3906
45536,0.1472,1.4768,27.4292
45537,0.1470,1.4768,27.4292
45538,0.1472,1.4772,27.4677
45539,0.1472,1.4774,27.4870
45540,0.1472,1.4777,27.5255
45541,0.1472,1.4779,27.5447
45543,0.1472,1.4781,27.5640
45544,0.1472,1.4783,27.5833
45545,0.1472,1.4785,27.6026
45546,0.1474,1.4789,27.6411
45547,0.1474,1.4790,27.6604
45548,0.1474,1.4792,27.6796
45549,0.1474,1.4794,27.6989
45550,0.1474,1.4794,27.6989
45551,0.1474,1.4798,27.7375
45552,0.1474,1.4800,27.7567
45553,0.1474,1.4802,27.7760
45554,0.1474,1.4804,27.7953
45555,0.1476,1.4805,27.8146
45556,0.1476,1.4807,27.8339
45557,0.1476,1.4809,27.8531
45558,0.1476,1.4811,27.8724
45559,0.1476,1.4813,27.8917
45560,0.1476,1.4815,27.9110
45561,0.1476,1.4817,27.9303
45563,0.1476,1.4817,27.9303
45564,0.1476,1.4819,27.9495
45565,0.1476,1.4820,27.9688
45566,0.1476,1.4822,27.9881
45567,0.1476,1.4824,28.0074
45568,0.1478,1.4822,27.9881
45569,0.1478,1.4828,28.0460
45570,0.1478,1.4830,28.0653
45571,0.1478,1.4832,28.0846
45572,0.1478,1.4834,28.1039
45573,0.1478,1.4834,28.1039
45574,0.1478,1.4835,28.1232
45575,0.1478,1.4835,28.1232
45576,0.1478,1.4835,28.1232
45577,0.1478,1.4835,28.1232
45578,0.1478,1.4837,28.1425
45579,0.1478,1.4837,28.1425
45580,0.1479,1.4839,28.1617
45581,0.1478,1.4839,28.1617
45583,0.1478,1.4841,28.1810
45584,0.1478,1.4841,28.1810
45585,0.1478,1.4841,28.1810
45586,0.1478,1.4843,28.2003
45587,0.1478,1.4843,28.2003
45588,0.1478,1.4841,28.1810
45589,0.1479,1.4845,28.2196
45590,0.1478,1.4845,28.2196
45591,0.1478,1.4845,28.2196
45592,0.1479,1.4847,28.2389
45593,0.1479,1.4847,28.2389
45594,0.1479,1.4847,28.2389
45595,0.1479,1.4847,28.2389
45596,0.1479,1.4847,28.2389
45597,0.1478,1.4847,28.2389
45598,0.1479,1.4845,28.2196
45599,0.1479,1.4847,28.2389
45600,0.1479,1.4847,28.2389
45601,0.1479,1.4847,28.2389
45603,0.1479,1.4849,28.2582
45604,0.1479,1.4849,28.2582
45605,0.1479,1.4850,28.2775
45606,0.1479,1.4850,28.2775
45607,0.1479,1.4852,28.2968
45608,0.1479,1.4850,28.2775
45609,0.1479,1.4854,28.3161
45610,0.1479,1.4854,28.3161
45611,0.1479,1.4856,28.3354
45612,0.1479,1.4856,28.3354
45613,0.1479,1.4858,28.3547
45614,0.1479,1.4858,28.3547
45615,0.1479,1.4858,28.3547
45616,0.1479,1.4860,28.3741
45617,0.1479,1.4860,28.3741
45618,0.1479,1.4858,28.3547
45619,0.1479,1.4860,28.3741
45620,0.1479,1.4862,28.3934
45621,0.1479,1.4860,28.3741
45623,0.1479,1.4860,28.3741
45624,0.1479,1.4862,28.3934
45625,0.1479,1.4862,28.3934
45626,0.1479,1.4862,28.3934
45627,0.1481,1.4862,28.3934
45628,0.1479,1.4862,28.3934
45629,0.1479,1.4862,28.3934
45630,0.1479,1.4862,28.3934
45631,0.1479,1.4864,28.4127
45632,0.1479,1.4864,28.4127
45633,0.1479,1.4867,28.4513
45634,0.1481,1.4869,28.4706
45635,0.1481,1.4869,28.4706
45636,0.1481,1.4873,28.5092
45637,0.1481,1.4875,28.5285
45638,0.1481,1.4880,28.5865
45639,0.1483,1.4890,28.6831
45640,0.1483,1.4897,28.7603
45641,0.1485,1.4905,28.8376
45643,0.1485,1.4910,28.8956
45644,0.1485,1.4914,28.9343
45645,0.1485,1.4918,28.9730
45646,0.1485,1.4920,28.9923
45647,0.1487,1.4924,29.0310
45648,0.1487,1.4925,29.0503
45649,0.1485,0.1485,-86.3844
45650,0.1487,1.4925,29.0503
45651,0.1487,1.4925,29.0503
45652,0.1487,1.4925,29.0503
45653,0.1487,1.4925,29.0503
45654,0.1487,1.4924,29.0310
45655,0.1487,1.4925,29.0503
45656,0.1487,1.4925,29.0503
45657,0.1485,1.4925,29.0503
45658,0.1487,0.1487,-86.3715
45659,0.1487,1.4922,29.0116
45660,0.1485,1.4920,28.9923
45662,0.1485,1.4918,28.9730
45663,0.1485,1.4916,28.9536
45664,0.1485,1.4912,28.9150
45665,0.1485,1.4910,28.8956
45666,0.1485,1.4909,28.8763
45667,0.1485,1.4907,28.8570
45668,0.1485,1.4903,28.8183
45669,0.1485,1.4903,28.8183
45670,0.1485,1.4903,28.8183
45671,0.1483,1.4901,28.7990
45672,0.1485,1.4901,28.7990
45673,0.1483,1.4899,28.7797
45674,0.1483,1.4899,28.7797
45675,0.1483,1.4899,28.7797
45676,0.1483,1.4897,28.7603
45677,0.1483,1.4897,28.7603
45678,0.1483,1.4895,28.7410
45679,0.1483,1.4895,28.7410
45680,0.1483,1.4894,28.7217
45682,0.1483,1.4894,28.7217
45683,0.1483,1.4892,28.7024
45684,0.1483,1.4892,28.7024
45685,0.1483,1.4890,28.6831
45686,0.1483,1.4890,28.6831
45687,0.1483,1.4888,28.6637
45688,0.1483,1.4884,28.6251
45689,0.1483,1.4888,28.6637
45690,0.1483,1.4888,28.6637
45691,0.1483,1.4888,28.6637
45692,0.1483,1.4886,28.6444
45693,0.1483,1.4886,28.6444
45694,0.1481,1.4886,28.6444
45695,0.1483,1.4886,28.6444
45696,0.1483,1.4886,28.6444
45697,0.1481,1.4886,28.6444
45698,0.1481,1.4884,28.6251
45699,0.1483,1.4884,28.6251
45700,0.1481,1.4884,28.6251
45702,0.1481,1.4884,28.6251
45703,0.1481,1.4884,28.6251
45704,0.1481,1.4884,28.6251
45705,0.1483,1.4884,28.6251
45706,0.1481,1.4884,28.6251
45707,0.1481,1.4884,28.6251
45708,0.1481,1.4882,28.6058
45709,0.1483,1.4884,28.6251
45710,0.1483,1.4884,28.6251
45711,0.1481,1.4884,28.6251
45712,0.1483,1.4884,28.6251
45713,0.1481,1.4882,28.6058
45714,0.1483,1.4884,28.6251
45715,0.1481,1.4882,28.6058
45716,0.1481,1.4882,28.6058
45717,0.1481,1.4879,28.5672
45718,0.1481,1.4880,28.5865
45719,0.1481,1.4880,28.5865
45720,0.1481,1.4880,28.5865
45722,0.1481,1.4880,28.5865
45723,0.1481,1.4880,28.5865
45724,0.1483,1.4879,28.5672
45725,0.1481,1.4880,28.5865
45726,0.1481,1.4880,28.5865
45727,0.1481,1.4880,28.5865
45728,0.1481,1.4880,28.5865
45729,0.1481,1.4880,28.5865
45730,0.1481,1.4880,28.5865
45731,0.1481,1.4880,28.5865
45732,0.1481,1.4879,28.5672
45733,0.1481,1.4880,28.5865
45734,0.1481,1.4880,28.5865
45735,0.1481,1.4880,28.5865
45736,0.1483,1.4880,28.5865
45737,0.1481,1.4879,28.5672
45738,0.1483,1.4882,28.6058
45739,0.1481,1.4882,28.6058
45740,0.1483,1.4882,28.6058
45742,0.1483,1.4882,28.6058
45743,0.1483,1.4884,28.6251
45744,0.1481,1.4882,28.6058
45745,0.1481,1.4884,28.6251
45746,0.1481,1.4884,28.6251
45747,0.1481,1.4884,28.6251
45748,0.1483,1.4884,28.6251
45749,0.1483,1.4886,28.6444
45750,0.1481,1.4886,28.6444
45751,0.1483,1.4886,28.6444
45752,0.1483,1.4888,28.6637
45753,0.1483,1.4888,28.6637
45754,0.1483,1.4886,28.6444
45755,0.1483,1.4888,28.6637
45756,0.1483,1.4888,28.6637
45757,0.1483,1.4888,28.6637
45758,0.1483,1.4888,28.6637
45759,0.1483,1.4888,28.6637
45761,0.1483,1.4888,28.6637
45762,0.1483,1.4888,28.6637
45763,0.1483,1.4888,28.6637
45764,0.1483,1.4890,28.6831
45765,0.1483,1.4888,28.6637
45766,0.1483,1.4890,28.6831
45767,0.1483,1.4888,28.6637
45768,0.1483,1.4888,28.6637
45769,0.1483,1.4890,28.6831
45770,0.1483,1.4888,28.6637
45771,0.1483,1.4888,28.6637
45772,0.1483,1.4890,28.6831
45773,0.1483,1.4888,28.6637
45774,0.1483,1.4888,28.6637
45775,0.1483,1.4888,28.6637
45776,0.1483,1.4888,28.6637
45777,0.1481,1.4884,28.6251
45778,0.1483,1.4886,28.6444
45779,0.1483,1.4886,28.6444
45780,0.1483,1.4886,28.6444
45782,0.1483,1.4886,28.6444
45783,0.1483,1.4886,28.6444
45784,0.1483,1.4886,28.6444
45785,0.1483,1.4886,28.6444
45786,0.1483,1.4886,28.6444
45787,0.1483,1.4886,28.6444
45788,0.1483,1.4886,28.6444
45789,0.1481,1.4886,28.6444
45790,0.1483,1.4884,28.6251
45791,0.1483,1.4884,28.6251
45792,0.1481,1.4884,28.6251
45793,0.1483,1.4884,28.6251
45794,0.1483,1.4884,28.6251
45795,0.1481,1.4884,28.6251
45796,0.1481,1.4884,28.6251
45797,0.1481,1.4880,28.5865
45798,0.1483,1.4882,28.6058
45799,0.1481,1.4882,28.6058
45800,0.1481,1.4882,28.6058
45802,0.1481,1.4882,28.6058
45803,0.1483,1.4882,28.6058
45804,0.1481,1.4884,28.6251
45805,0.1483,1.4884,28.6251
45806,0.1481,1.4884,28.6251
45807,0.1481,1.4884,28.6251
45808,0.1483,1.4880,28.5865
45809,0.1483,1.4884,28.6251
45810,0.1483,1.4884,28.6251
45811,0.1483,1.4884,28.6251
45812,0.1481,1.4884,28.6251
45813,0.1483,1.4886,28.6444
45814,0.1483,1.4884,28.6251
45815,0.1483,1.4884,28.6251
45816,0.1483,1.4886,28.6444
45817,0.1483,1.4886,28.6444
45818,0.1481,1.4886,28.6444
45819,0.1483,1.4888,28.6637
45820,0.1483,1.4888,28.6637
45822,0.1483,1.4888,28.6637
45823,0.1483,1.4888,28.6637
45824,0.1483,1.4888,28.6637
45825,0.1483,1.4888,28.6637
45826,0.1483,1.4888,28.6637
45827,0.1483,1.4890,28.6831
45828,0.1483,1.4890,28.6831
45829,0.1483,1.4890,28.6831
45830,0.1483,1.4890,28.6831
45831,0.1483,1.4890,28.6831
45832,0.1483,1.4892,28.7024
45833,0.1483,1.4892,28.7024
45834,0.1483,1.4892,28.7024
45835,0.1483,1.4892,28.7024
45836,0.1483,1.4892,28.7024
45837,0.1483,1.4894,28.7217
45838,0.1483,1.4890,28.6831
45839,0.1483,1.4894,28.7217
45840,0.1483,1.4894,28.7217
45842,0.1483,1.4894,28.7217
45843,0.1483,1.4894,28.7217
45844,0.1483,1.4894,28.7217
45845,0.1483,1.4894,28.7217
45846,0.1483,1.4894,28.7217
45847,0.1483,1.4895,28.7410
45848,0.1483,1.4895,28.7410
45849,0.1483,1.4894,28.7217
45850,0.1483,1.4895,28.7410
45851,0.1483,1.4895,28.7410
45852,0.1483,1.4895,28.7410
45853,0.1483,1.4895,28.7410
45854,0.1483,1.4895,28.7410
45855,0.1483,1.4895,28.7410
45856,0.1483,1.4895,28.7410
45857,0.1483,1.4895,28.7410
45858,0.1483,1.4895,28.7410
45859,0.1483,1.4895,28.7410
45860,0.1483,1.4895,28.7410
45862,0.1483,1.4894,28.7217
45863,0.1483,1.4894,28.7217
45864,0.1483,1.4894,28.7217
45865,0.1483,1.4895,28.7410
45866,0.1483,1.4895,28.7410
45867,0.1483,1.4895,28.7410
45868,0.1483,1.4895,28.7410
45869,0.1483,1.4895,28.7410
45870,0.1483,1.4895,28.7410
45871,0.1483,1.4895,28.7410
45872,0.1483,1.4897,28.7603
45873,0.1483,1.4897,28.7603
45874,0.1483,1.4897,28.7603
45875,0.1483,1.4899,28.7797
45876,0.1483,1.4899,28.7797
45877,0.1483,1.4899,28.7797
45878,0.1483,1.4899,28.7797
45879,0.1483,1.4901,28.7990
45880,0.1483,1.4901,28.7990
45882,0.1485,1.4901,28.7990
45883,0.1483,1.4901,28.7990
45884,0.1483,1.4903,28.8183
45885,0.1485,1.4905,28.8376
45886,0.1485,1.4903,28.8183
45887,0.1485,1.4907,28.8570
45888,0.1483,1.4907,28.8570
45889,0.1485,1.4909,28.8763
45890,0.1485,1.4909,28.8763
45891,0.1485,1.4910,28.8956
45892,0.1485,1.4912,28.9150
45893,0.1485,1.4912,28.9150
45894,0.1485,1.4914,28.9343
45895,0.1485,1.4916,28.9536
45896,0.1485,1.4918,28.9730
45897,0.1487,1.4920,28.9923
45898,0.1485,1.4922,29.0116
45899,0.1487,1.4922,29.0116
45901,0.1485,1.4925,29.0503
45902,0.1487,1.4925,29.0503
45903,0.1487,1.4925,29.0503
45904,0.1487,1.4925,29.0503
45905,0.1487,1.4925,29.0503
45906,0.1485,1.4924,29.0310
45907,0.1485,1.4924,29.0310
45908,0.1487,1.4922,29.0116
45909,0.1485,1.4920,28.9923
45910,0.1485,1.4920,28.9923
45911,0.1485,1.4920,28.9923
45912,0.1485,1.4918,28.9730
45913,0.1485,1.4920,28.9923
45914,0.1485,1.4920,28.9923
45915,0.1487,1.4922,29.0116
45916,0.1485,1.4924,29.0310
45917,0.1487,1.4922,29.0116
45918,0.1487,1.4925,29.0503
45919,0.1487,1.4927,29.0696
45921,0.1487,1.4929,29.0890
45922,0.1487,1.4929,29.0890
45923,0.1487,1.4931,29.1083
45924,0.1487,1.4933,29.1277
45925,0.1487,1.4933,29.1277
45926,0.1487,1.4935,29.1470
45927,0.1487,1.4933,29.1277
45928,0.1487,1.4937,29.1663
45929,0.1487,1.4937,29.1663
45930,0.1487,1.4937,29.1663
45931,0.1487,1.4937,29.1663
45932,0.1487,1.4935,29.1470
45933,0.1487,1.4935,29.1470
45934,0.1487,1.4935,29.1470
45935,0.1487,1.4935,29.1470
45936,0.1487,1.4935,29.1470
45937,0.1487,1.4935,29.1470
45938,0.1487,1.4935,29.1470
45939,0.1487,1.4935,29.1470
45941,0.1487,1.4933,29.1277
45942,0.1487,1.4933,29.1277
45943,0.1487,1.4931,29.1083
45944,0.1487,1.4929,29.0890
45945,0.1487,1.4927,29.0696
45946,0.1487,1.4927,29.0696
45947,0.1487,1.4922,29.0116
45948,0.1487,1.4924,29.0310
45949,0.1487,1.4925,29.0503
45950,0.1485,1.4925,29.0503
45951,0.1487,1.4925,29.0503
45952,0.1487,1.4925,29.0503
45953,0.1487,1.4925,29.0503
45954,0.1487,1.4925,29.0503
45955,0.1487,1.4925,29.0503
45956,0.1487,1.4922,29.0116
45957,0.1487,1.4925,29.0503
45958,0.1487,1.4925,29.0503
45960,0.1487,1.4924,29.0310
45961,0.1487,1.4924,29.0310
45962,0.1485,1.4924,29.0310
45963,0.1485,1.4922,29.0116
45964,0.1485,1.4922,29.0116
45965,0.1485,1.4920,28.9923
45966,0.1485,1.4918,28.9730
45967,0.1487,1.4922,29.0116
45968,0.1487,1.4922,29.0116
45969,0.1487,1.4922,29.0116
45970,0.1485,1.4922,29.0116
45971,0.1485,1.4920,28.9923
45972,0.1485,1.4920,28.9923
45973,0.1485,1.4922,29.0116
45974,0.1485,1.4922,29.0116
45975,0.1485,1.4920,28.9923
45976,0.1485,1.4922,29.0116
45977,0.1487,1.4922,29.0116
45979,0.1485,1.4924,29.0310
45980,0.1487,1.4925,29.0503
45981,0.1487,1.4925,29.0503
45982,0.1487,1.4927,29.0696
45983,0.1487,1.4925,29.0503
45984,0.1487,1.4925,29.0503
45985,0.1487,1.4925,29.0503
45986,0.1487,1.4922,29.0116
45987,0.1485,1.4925,29.0503
45988,0.1487,1.4925,29.0503
45989,0.1487,1.4925,29.0503
45990,0.1487,1.4925,29.0503
45991,0.1487,1.4925,29.0503
45992,0.1485,1.4925,29.0503
45993,0.1487,1.4925,29.0503
45994,0.1487,1.4925,29.0503
45995,0.1487,1.4922,29.0116
45996,0.1485,1.4925,29.0503
45997,0.1487,1.4925,29.0503
45999,0.1487,1.4925,29.0503
46000,0.1487,1.4925,29.0503
46001,0.1485,1.4925,29.0503
46002,0.1487,1.4927,29.0696
46003,0.1487,1.4929,29.0890
46004,0.1487,1.4929,29.0890
46005,0.1487,1.4929,29.0890
46006,0.1487,1.4925,29.0503
46007,0.1487,1.4927,29.0696
46008,0.1485,1.4927,29.0696
46009,0.1487,1.4927,29.0696
46010,0.1487,1.4927,29.0696
46011,0.1487,1.4925,29.0503
46012,0.1485,1.4924,29.0310
46013,0.1487,1.4924,29.0310
46014,0.1487,1.4922,29.0116
46015,0.1485,1.4922,29.0116
46016,0.1485,1.4918,28.9730
46017,0.1485,1.4922,29.0116
46018,0.1485,1.4920,28.9923
46020,0.1485,1.4920,28.9923
46021,0.1485,1.4918,28.9730
46022,0.1485,1.4918,28.9730
46023,0.1485,1.4916,28.9536
46024,0.1485,1.4916,28.9536
46025,0.1485,1.4912,28.9150
46026,0.1485,1.4912,28.9150
46027,0.1485,1.4909,28.8763
46028,0.1485,1.4910,28.8956
46029,0.1485,1.4910,28.8956
46030,0.1485,1.4909,28.8763
46031,0.1485,1.4909,28.8763
46032,0.1485,1.4907,28.8570
46033,0.1485,1.4907,28.8570
46034,0.1485,1.4907,28.8570
46035,0.1485,1.4905,28.8376
46036,0.1485,1.4905,28.8376
46037,0.1485,1.4903,28.8183
46038,0.1483,1.4905,28.8376
46039,0.1485,1.4905,28.8376
46041,0.1485,1.4903,28.8183
46042,0.1485,1.4903,28.8183
46043,0.1483,1.4903,28.8183
46044,0.1483,1.4901,28.7990
46045,0.1483,1.4901,28.7990
46046,0.1483,1.4901,28.7990
46047,0.1483,1.4901,28.7990
46048,0.1483,1.4897,28.7603
46049,0.1483,1.4901,28.7990
46050,0.1483,1.4899,28.7797
46051,0.1483,1.4899,28.7797
46052,0.1483,1.4899,28.7797
46053,0.1483,1.4899,28.7797
46054,0.1483,1.4899,28.7797
46055,0.1483,1.4899,28.7797
46056,0.1483,1.4899,28.7797
46057,0.1483,1.4899,28.7797
46058,0.1483,1.4895,28.7410
46059,0.1483,1.4897,28.7603
46060,0.1483,1.4895,28.7410
46062,0.1483,1.4895,28.7410
46063,0.1483,1.4895,28.7410
46064,0.1483,1.4895,28.7410
46065,0.1483,1.4895,28.7410
46066,0.1483,1.4895,28.7410
46067,0.1483,1.4895,28.7410
46068,0.1483,1.4894,28.7217
46069,0.1483,1.4895,28.7410
46070,0.1483,1.4895,28.7410
46071,0.1483,1.4895,28.7410
46072,0.1483,1.4897,28.7603
46073,0.1483,1.4897,28.7603
46074,0.1483,1.4897,28.7603
46075,0.1483,1.4897,28.7603
46076,0.1483,1.4899,28.7797
46077,0.1483,1.4899,28.7797
46078,0.1483,1.4897,28.7603
46079,0.1483,1.4899,28.7797
46081,0.1483,1.4899,28.7797
46082,0.1483,1.4901,28.7990
46083,0.1483,1.4903,28.8183
46084,0.1485,1.4901,28.7990
46085,0.1485,1.4903,28.8183
46086,0.1485,1.4905,28.8376
46087,0.1483,1.4905,28.8376
46088,0.1485,1.4903,28.8183
46089,0.1485,1.4905,28.8376
46090,0.1485,1.4905,28.8376
46091,0.1485,1.4905,28.8376
46092,0.1485,1.4907,28.8570
46093,0.1485,1.4907,28.8570
46094,0.1485,1.4909,28.8763
46095,0.1485,1.4909,28.8763
46096,0.1485,1.4909,28.8763
46097,0.1485,1.4910,28.8956
46098,0.1485,1.4907,28.8570
46099,0.1485,1.4910,28.8956
46100,0.1485,1.4912,28.9150
46102,0.1485,1.4912,28.9150
46103,0.1485,1.4912,28.9150
46104,0.1485,1.4914,28.9343
46105,0.1485,1.4916,28.9536
46106,0.1485,1.4916,28.9536
46107,0.1485,1.4916,28.9536
46108,0.1485,1.4916,28.9536
46109,0.1485,1.4918,28.9730
46110,0.1485,1.4918,28.9730
46111,0.1485,1.4918,28.9730
46112,0.1487,1.4922,29.0116
46113,0.1485,1.4922,29.0116
46114,0.1485,1.4922,29.0116
46115,0.1487,1.4924,29.0310
46116,0.1487,1.4924,29.0310
46117,0.1487,1.4924,29.0310
46118,0.1485,1.4922,29.0116
46119,0.1487,1.4924,29.0310
46120,0.1485,1.4924,29.0310
46122,0.1487,1.4924,29.0310
46123,0.1487,1.4924,29.0310
46124,0.1487,1.4925,29.0503
46125,0.1487,1.4925,29.0503
46126,0.1487,1.4927,29.0696
46127,0.1487,1.4927,29.0696
46128,0.1487,1.4927,29.0696
46129,0.1487,1.4929,29.0890
46130,0.1487,1.4931,29.1083
46131,0.1487,1.4931,29.1083
46132,0.1487,1.4933,29.1277
46133,0.1487,1.4933,29.1277
46134,0.1487,1.4935,29.1470
46135,0.1487,1.4935,29.1470
46136,0.1487,1.4935,29.1470
46137,0.1487,1.4937,29.1663
46138,0.1487,1.4935,29.1470
46139,0.1487,1.4939,29.1857
46141,0.1487,1.4939,29.1857
46142,0.1487,1.4939,29.1857
46143,0.1487,1.4940,29.2050
46144,0.1487,1.4939,29.1857
46145,0.1487,1.4935,29.1470
46146,0.1487,1.4935,29.1470
46147,0.1487,1.4940,29.2050
46148,0.1487,1.4940,29.2050
46149,0.1487,1.4940,29.2050
46150,0.1487,1.4942,29.2244
46151,0.1489,1.4944,29.2437
46152,0.1489,1.4944,29.2437
46153,0.1489,1.4944,29.2437
46154,0.1489,1.4944,29.2437
46155,0.1489,1.4946,29.2631
46156,0.1489,1.4946,29.2631
46157,0.1489,1.4946,29.2631
46158,0.1489,1.4946,29.2631
46159,0.1489,1.4948,29.2824
46161,0.1489,1.4948,29.2824
46162,0.1489,1.4948,29.2824
46163,0.1489,1.4950,29.3018
46164,0.1489,1.4948,29.2824
46165,0.1489,1.4948,29.2824
46166,0.1489,1.4948,29.2824
46167,0.1489,1.4948,29.2824
46168,0.1489,1.4948,29.2824
46169,0.1487,1.4948,29.2824
46170,0.1489,1.4948,29.2824
46171,0.1489,1.4948,29.2824
46172,0.1489,1.4948,29.2824
46173,0.1489,1.4946,29.2631
46174,0.1489,1.4946,29.2631
46175,0.1489,1.4944,29.2437
46176,0.1487,1.4942,29.2244
46177,0.1487,1.4940,29.2050
46178,0.1487,1.4937,29.1663
46179,0.1487,1.4939,29.1857
46181,0.1487,1.4939,29.1857
46182,0.1487,1.4939,29.1857
46183,0.1487,1.4937,29.1663
46184,0.1487,1.4937,29.1663
46185,0.1487,1.4937,29.1663
46186,0.1487,1.4935,29.1470
46187,0.1487,1.4935,29.1470
46188,0.1487,1.4931,29.1083
46189,0.1487,1.4933,29.1277
46190,0.1487,1.4933,29.1277
46191,0.1487,1.4933,29.1277
46192,0.1487,1.4933,29.1277
46193,0.1487,1.4933,29.1277
46194,0.1487,1.4933,29.1277
46195,0.1487,1.4931,29.1083
46196,0.1487,1.4933,29.1277
46197,0.1487,1.4931,29.1083
46198,0.1487,1.4933,29.1277
46199,0.1487,1.4931,29.1083
46200,0.1485,1.4927,29.0696
46202,0.1487,1.4925,29.0503
46203,0.1487,1.4925,29.0503
46204,0.1487,1.4925,29.0503
46205,0.1485,1.4924,29.0310
46206,0.1487,1.4924,29.0310
46207,0.1487,1.4920,28.9923
46208,0.1485,1.4920,28.9923
46209,0.1485,1.4920,28.9923
46210,0.1485,1.4918,28.9730
46211,0.1485,1.4918,28.9730
46212,0.1485,1.4916,28.9536
46213,0.1485,1.4914,28.9343
46214,0.1485,1.4912,28.9150
46215,0.1485,1.4912,28.9150
46216,0.1485,1.4910,28.8956
46217,0.1485,1.4909,28.8763
46218,0.1485,1.4907,28.8570
46219,0.1485,1.4905,28.8376
46220,0.1485,1.4903,28.8183
46222,0.1483,1.4901,28.7990
46223,0.1483,1.4899,28.7797
46224,0.1483,1.4897,28.7603
46225,0.1483,1.4897,28.7603
46226,0.1483,1.4897,28.7603
46227,0.1483,1.4897,28.7603
46228,0.1483,1.4897,28.7603
46229,0.1483,1.4897,28.7603
46230,0.1483,1.4897,28.7603
46231,0.1485,1.4897,28.7603
46232,0.1483,1.4897,28.7603
46233,0.1483,1.4901,28.7990
46234,0.1483,1.4901,28.7990
46235,0.1485,1.4903,28.8183
46236,0.1483,1.4903,28.8183
46237,0.1485,1.4903,28.8183
46238,0.1485,1.4905,28.8376
46239,0.1483,1.4905,28.8376
46240,0.1485,1.4905,28.8376
46241,0.1485,1.4907,28.8570
46243,0.1483,1.4905,28.8376
46244,0.1483,1.4905,28.8376
46245,0.1485,1.4905,28.8376
46246,0.1485,1.4905,28.8376
46247,0.1485,1.4907,28.8570
46248,0.1485,1.4907,28.8570
46249,0.1485,1.4907,28.8570
46250,0.1485,1.4907,28.8570
46251,0.1485,1.4907,28.8570
46252,0.1485,1.4905,28.8376
46253,0.1485,1.4907,28.8570
46254,0.1485,1.4909,28.8763
46255,0.1485,1.4907,28.8570
46256,0.1485,1.4910,28.8956
46257,0.1485,1.4914,28.9343
46258,0.1485,1.4916,28.9536
46259,0.1485,1.4916,28.9536
46260,0.1485,1.4918,28.9730
