24303,893
24304,893
24305,894
24306,894
24307,894
24307,895
24308,895
24308,897
24309,897
24310,897
24311,897
24312,898
24313,898
24314,898
24315,898
24316,898
24317,898
24318,898
24319,899
24320,899
24321,899
24322,899
24323,900
24324,900
24325,900
24326,900
24326,901
24327,901
24328,901
24328,902
24329,902
24330,902
24331,902
24332,903
24333,903
24333,904
24334,904
24335,904
24336,904
24337,904
24338,904
24339,905
24339,906
24340,907
24340,908
24341,908
24342,908
24343,909
24343,910
24344,910
24345,910
24346,910
24347,910
24348,910
24349,910
24350,910
24351,912
24352,913
24353,913
24354,913
24354,915
24355,915
24356,915
24357,915
24358,915
24359,915
24360,915
24360,916
24361,916
24362,916
24362,917
24364,918
24364,919
24365,919
24365,920
24366,921
24367,921
24368,921
24368,922
24369,922
24370,922
24371,922
24372,922
24372,923
24373,924
24374,924
24375,925
24376,926
24377,927
24378,928
24379,928
24380,929
24381,929
24382,929
24383,929
24384,930
24385,930
24385,931
24386,932
24387,932
24388,932
24389,932
24389,933
24390,933
24391,933
24392,934
24393,934
24394,934
24395,935
24396,935
24397,935
24397,936
24398,936
24399,936
24400,936
24401,936
24402,937
24403,937
24404,937
24405,937
24406,937
24407,937
24407,938
24408,939
24409,939
24410,939
24411,939
24412,939
24413,939
24413,940
24414,941
24415,941
24416,941
24417,941
24417,942
24418,943
24419,943
24420,943
24421,944
24421,946
24422,946
24423,946
24423,947
24425,947
24425,948
24426,949
24427,949
24428,949
24429,949
24429,950
24430,950
24430,951
24431,951
24431,952
24432,952
24433,953
24434,953
24435,953
24436,954
24436,955
24437,957
24438,957
24439,957
24440,958
24441,958
24441,959
24442,959
24443,959
24444,960
24445,960
24446,960
24447,960
24448,960
24448,961
24449,961
24450,961
24451,962
24452,962
24452,963
24453,963
24454,963
24454,964
24455,964
24455,965
24456,965
24457,965
24458,965
24459,965
24459,966
24460,966
24460,967
24461,967
24462,968
24463,968
24464,969
24465,969
24466,969
24467,969
24467,970
24468,970
24469,970
24470,970
24471,970
24472,970
24473,970
24473,971
24474,971
24475,972
24475,973
24476,973
24477,973
24478,974
24479,974
24480,974
24480,976
24481,976
24482,976
24482,977
24483,977
24484,977
24485,977
24486,977
24487,977
24487,978
24488,978
24489,978
24490,978
24491,978
24492,978
24493,978
24494,978
24495,978
24495,979
24496,979
24497,979
24498,979
24498,980
24499,980
24500,980
24501,980
24501,981
24502,981
24503,981
24504,981
24505,982
24506,983
24506,984
24507,984
24508,984
24509,985
24510,985
24511,985
24511,986
24512,986
24513,986
24514,987
24514,988
24515,989
24516,990
24517,991
24517,992
24518,993
24519,993
24520,993
24521,993
24522,993
24523,993
24524,993
24525,993
24525,994
24526,994
24527,994
24528,994
24529,994
24530,994
24531,994
24531,995
24532,995
24533,995
24534,995
24534,996
24535,998
24536,1000
24536,999
24537,1000
24537,1001
24538,1001
24539,1001
24540,1002
24541,1002
24542,1002
24602,1027
24603,1027
24604,1027
24605,1027
24606,1028
24607,1029
24608,1029
24609,1029
24609,1030
24610,1030
24610,1031
24611,1031
24612,1032
24613,1032
24613,1033
24614,1033
24615,1033
24616,1033
24617,1033
24618,1034
24618,1035
24619,1035
24620,1035
24620,1036
24621,1037
24622,1037
24623,1037
24624,1038
24625,1040
24626,1042
24627,1042
24628,1042
24629,1042
24630,1042
24631,1044
24632,1044
24632,1045
24633,1045
24633,1046
24634,1046
24634,1047
24635,1047
24636,1047
24637,1047
24638,1047
24638,1048
24639,1048
24640,1048
24641,1048
24642,1048
24643,1048
24643,1049
24644,1049
24644,1050
24645,1051
24646,1051
24647,1051
24648,1051
24648,1052
24649,1052
24650,1052
24651,1052
24651,1053
24652,1053
24653,1053
24654,1053
24655,1054
24656,1054
24657,1054
24658,1054
24659,1054
24660,1054
24661,1054
24661,1055
24662,1055
24662,1056
24663,1056
24664,1057
24665,1057
24666,1058
24667,1058
24668,1058
24669,1058
24670,1060
24671,1060
24672,1060
24673,1060
24674,1060
24675,1060
24676,1060
24676,1061
24677,1062
24678,1062
24679,1062
24680,1063
24680,1064
24681,1064
24682,1064
24683,1064
24684,1064
24685,1064
24686,1065
24686,1066
24687,1066
24688,1066
24689,1067
24690,1067
24690,1068
24691,1068
24691,1069
24692,1069
24693,1069
24694,1069
24695,1069
24696,1069
24697,1069
24698,1069
24699,1069
24700,1069
24700,1070
24701,1070
24702,1070
24703,1070
24704,1070
24704,1071
24705,1072
24705,1073
24706,1073
24707,1074
24708,1075
24709,1075
24710,1076
24711,1076
24712,1076
24713,1076
24714,1076
24715,1076
24716,1077
24717,1077
24718,1077
24718,1078
24719,1078
24720,1078
24721,1078
24722,1078
24722,1079
24723,1079
24724,1079
24724,1080
24725,1080
24726,1080
24727,1080
24728,1080
24729,1080
24729,1081
24730,1081
24730,1082
24731,1083
24732,1083
24733,1084
24734,1084
24735,1084
24736,1084
24737,1084
24738,1084
24739,1084
24740,1084
24741,1084
24742,1084
24743,1084
24744,1084
24745,1084
24746,1084
24747,1084
24748,1085
24748,1087
24749,1088
24750,1088
24751,1088
24752,1088
24753,1088
24754,1088
24754,1089
24755,1089
24756,1089
24756,1090
24757,1090
24758,1091
24759,1092
24760,1092
24761,1092
24762,1092
24763,1092
24764,1093
24765,1093
24766,1093
24767,1093
24768,1093
24769,1093
24770,1093
24771,1094
24772,1094
24773,1094
24774,1094
24774,1095
24775,1095
24776,1096
24777,1096
24778,1096
24779,1096
24780,1096
24780,1098
24781,1098
24781,1099
24782,1099
24783,1099
24784,1099
24785,1100
24786,1100
24787,1100
24788,1100
24789,1100
24790,1100
24791,1100
24792,1101
24793,1101
24794,1101
24794,1102
24795,1102
24795,1104
24796,1104
24797,1105
24797,1106
24798,1106
24799,1107
24800,1107
24800,1108
24801,1109
24802,1109
24803,1109
24804,1110
24804,1111
24805,1111
24806,1111
24807,1111
24808,1112
24809,1112
24810,1113
24811,1114
24812,1114
24813,1116
24814,1116
24814,1117
24815,1117
24816,1117
24817,1117
24818,1117
24818,1118
24819,1119
24820,1119
24821,1119
24822,1119
24822,1120
24823,1120
24824,1120
24825,1121
24825,1122
24826,1122
24826,1123
24827,1123
24828,1123
24828,1124
24829,1124
24829,1125
24830,1125
24831,1125
24832,1125
24832,1127
24833,1127
24834,1128
24835,1128
24836,1128
24837,1129
24838,1129
24839,1129
24840,1129
24840,1130
24841,1130
24842,1130
24843,1130
24844,1130
24844,1131
24845,1132
24846,1132
24847,1132
24848,1132
24848,1133
24849,1133
24849,1134
24850,1134
24851,1135
24852,1136
24853,1136
24854,1136
24855,1136
24856,1136
24856,1137
24857,1137
24857,1138
24858,1138
24859,1138
24860,1139
24861,1139
24862,1139
24863,1139
24864,1140
24864,1141
24865,1141
24866,1142
24867,1142
24867,1143
24868,1143
24869,1144
24870,1144
24871,1144
24872,1144
24873,1144
24874,1145
24875,1146
24876,1146
24877,1146
24877,1147
24878,1147
24879,1147
24880,1147
24881,1147
24882,1147
24883,1147
24884,1147
24885,1147
24885,1149
24886,1150
24887,1150
24887,1151
24888,1151
24888,1152
24889,1152
24890,1152
24891,1153
24892,1153
24893,1153
24894,1153
24894,1154
24895,1154
24896,1154
24897,1156
24898,1156
24899,1156
24900,1158
24901,1158
24902,1158
24903,1158
24904,1160
24905,1160
24906,1160
24907,1160
24908,1160
24909,1160
24910,1160
24911,1160
24911,1162
24912,1163
24913,1163
24914,1164
24915,1164
24916,1165
24917,1165
24918,1165
24919,1165
24919,1166
24920,1166
24921,1166
24922,1166
24923,1166
24924,1167
24925,1167
24925,1168
24926,1169
24926,1170
24927,1170
24928,1170
24928,1171
24929,1171
24929,1172
24930,1172
24931,1173
24932,1173
24933,1174
24934,1174
24934,1175
24935,1175
24936,1175
24936,1176
24937,1176
24938,1176
24939,1176
24939,1177
24940,1178
24941,1178
24941,1179
24942,1180
24943,1180
24944,1180
24945,1180
24946,1180
24947,1181
24948,1181
24949,1181
24950,1181
24951,1182
24952,1182
24953,1182
24954,1182
24955,1183
24956,1183
24957,1183
24958,1183
24959,1183
24960,1183
24961,1183
24962,1183
24962,1184
24963,1184
24964,1185
24965,1185
24965,1187
24966,1187
24967,1187
24968,1187
24969,1187
24970,1187
24971,1187
24972,1188
24973,1188
24974,1188
24974,1189
24975,1190
24976,1190
24976,1191
24977,1192
24978,1192
24979,1193
24980,1193
24981,1193
24982,1193
24983,1193
24984,1193
24985,1193
24986,1193
24987,1194
24987,1195
24988,1195
24989,1196
24990,1196
24991,1196
24991,1197
24992,1197
24993,1197
24994,1197
24995,1198
24996,1198
24997,1198
24998,1198
24999,1198
25000,1198
25001,1198
25002,1198
25003,1199
25004,1199
25005,1199
25006,1201
25007,1201
25008,1201
25009,1201
25010,1201
25011,1201
25011,1202
25012,1202
25013,1202
25013,1203
25014,1203
25015,1203
25016,1203
25017,1203
25018,1203
25018,1204
25019,1204
25019,1205
25020,1205
25020,1206
25021,1206
25022,1208
25023,1208
25024,1208
25025,1210
25026,1210
25027,1210
25028,1210
25029,1211
25030,1212
25030,1213
25031,1213
25032,1214
25033,1214
25034,1215
25035,1215
25036,1215
25037,1215
25038,1215
25039,1215
25040,1216
25041,1217
25042,1217
25043,1217
25044,1217
25045,1217
25046,1217
25047,1218
25048,1218
25049,1218
25050,1218
25051,1218
25052,1218
25053,1218
25054,1218
25054,1219
25055,1219
25056,1220
25056,1221
25057,1222
25058,1222
25059,1222
25060,1223
25061,1223
25062,1224
25063,1225
25063,1226
25064,1226
25065,1226
25066,1226
25066,1228
25067,1229
25068,1229
25069,1230
25069,1231
25070,1231
25071,1231
25072,1231
25073,1231
25073,1232
25074,1232
25075,1232
25076,1232
25077,1232
25078,1232
25078,1233
25079,1233
25080,1234
25081,1234
25082,1234
25083,1234
25084,1235
25084,1237
25085,1237
25086,1237
25087,1237
25087,1238
25088,1238
25089,1239
25090,1239
25091,1239
25091,1240
25092,1240
25092,1241
25093,1242
25094,1242
25094,1243
25095,1243
25096,1243
25097,1243
25098,1243
25099,1243
25100,1243
25101,1243
25102,1243
25103,1243
25104,1243
25105,1243
25106,1243
25107,1243
25108,1243
25109,1243
25110,1243
25111,1243
25112,1243
25113,1243
25114,1243
25115,1244
25116,1244
25117,1244
25117,1245
25118,1245
25119,1245
25119,1246
25120,1246
25121,1246
25122,1246
25123,1246
25124,1247
25125,1247
25126,1247
25126,1248
25127,1248
25128,1248
25128,1249
25129,1249
25130,1249
25131,1249
25131,1250
25132,1250
25133,1250
25134,1250
25135,1250
25136,1250
25137,1250
25138,1250
25139,1250
25140,1250
25140,1251
25141,1251
25141,1252
25142,1252
25143,1252
25144,1252
25145,1253
25146,1253
25146,1254
25147,1254
25148,1254
25149,1254
25150,1254
25151,1254
25152,1254
25153,1255
25154,1257
25155,1257
25156,1257
25156,1258
25157,1258
25158,1260
25159,1260
25159,1261
25160,1261
25161,1261
25162,1261
25163,1261
25164,1262
25164,1264
25165,1265
25166,1265
25167,1265
25168,1265
25169,1265
25169,1266
25170,1266
25170,1267
25171,1268
25172,1268
25173,1268
25174,1268
25175,1268
25176,1268
25177,1268
25177,1269
25178,1269
25178,1270
25179,1270
25179,1271
25180,1271
25181,1271
25181,1272
25182,1272
25183,1273
25184,1273
25185,1273
25186,1273
25187,1273
25187,1274
25188,1274
25189,1274
25190,1274
25191,1274
25192,1275
25193,1276
25194,1277
25195,1277
25196,1277
25197,1277
25198,1277
25198,1278
25199,1278
25200,1280
25201,1281
25203,1282
25204,1282
25205,1283
25206,1283
25207,1283
25208,1283
25209,1283
25210,1283
25211,1283
25212,1283
25213,1283
25214,1283
25214,1284
25215,1285
25216,1285
25217,1286
25218,1286
25219,1286
25220,1286
25221,1286
25222,1286
25222,1287
25223,1287
25224,1287
25224,1288
25225,1288
25226,1288
25227,1288
25228,1288
25229,1288
25230,1288
25230,1289
25231,1291
25232,1291
25233,1291
25234,1291
25235,1293
25236,1293
25237,1294
25238,1294
25239,1295
25239,1296
25240,1296
25241,1296
25242,1296
25243,1296
25244,1296
25245,1296
25246,1296
25246,1297
25247,1297
25248,1297
25249,1298
25250,1298
25250,1299
25251,1299
25252,1299
25253,1299
25254,1299
25254,1300
25255,1300
25255,1301
25256,1301
25257,1301
25258,1301
25259,1301
25260,1302
25261,1302
25262,1302
25263,1302
25264,1302
25265,1302
25266,1302
25267,1303
25268,1303
25268,1304
25269,1304
25270,1304
25271,1305
25272,1305
25272,1306
25273,1306
25274,1306
25275,1306
25276,1306
25277,1307
25278,1308
25279,1308
25280,1308
25281,1308
25281,1309
25282,1309
25283,1309
25284,1309
25284,1310
25285,1310
25286,1310
25287,1310
25288,1310
25289,1310
25290,1310
25291,1310
25292,1310
25292,1311
25293,1311
25294,1312
25295,1312
25296,1312
25297,1312
25298,1313
25299,1313
25300,1313
25301,1313
25301,1315
25302,1315
25303,1317
25304,1317
25305,1317
25306,1317
25307,1317
25308,1317
25309,1317
25310,1317
25310,1318
25311,1318
25311,1319
25312,1319
25313,1319
25313,1320
25314,1320
25314,1321
25315,1321
25316,1321
25317,1321
25317,1322
25318,1323
25319,1323
25320,1324
25320,1325
25321,1325
25321,1326
25322,1326
25322,1327
25323,1327
25324,1327
25325,1328
25326,1328
25327,1328
25328,1328
25329,1328
25330,1328
25331,1328
25331,1330
25332,1331
25333,1331
25334,1331
25335,1332
25336,1332
25336,1333
25337,1333
25338,1333
25338,1334
25339,1335
25340,1335
25341,1335
25342,1335
25343,1335
25344,1335
25345,1335
25346,1335
25347,1335
25348,1335
25349,1335
25350,1335
25351,1335
25352,1337
25353,1337
25354,1337
25355,1337
25356,1337
25356,1338
25357,1338
25358,1338
25359,1338
25360,1338
25360,1339
25361,1341
25362,1341
25363,1341
25364,1342
25365,1342
25366,1342
25367,1343
25367,1344
25368,1344
25369,1344
25369,1345
25370,1345
25371,1345
25372,1345
25373,1345
25374,1346
25375,1346
25376,1346
25377,1346
25378,1346
25378,1347
25379,1347
25379,1348
25380,1348
25380,1349
25381,1350
25382,1350
25383,1350
25384,1350
25385,1351
25386,1351
25387,1351
25388,1352
25389,1352
25390,1352
25391,1352
25392,1352
25393,1352
25393,1353
25394,1354
25395,1354
25396,1354
25396,1355
25397,1356
25397,1358
25398,1358
25399,1359
25400,1359
25401,1359
25402,1359
25403,1359
25404,1359
25405,1359
25405,1360
25406,1360
25407,1360
25408,1361
25409,1361
25410,1362
25411,1362
25411,1363
25412,1363
25413,1363
25414,1364
25415,1365
25416,1365
25417,1365
25418,1366
25419,1366
25420,1366
25421,1367
25422,1367
25422,1368
25423,1368
25424,1368
25424,1369
25425,1369
25426,1369
25427,1369
25428,1369
25429,1369
25430,1370
25431,1371
25432,1372
25433,1372
25434,1372
25434,1373
25435,1373
25436,1373
25437,1373
25438,1373
25439,1373
25440,1373
25441,1375
25441,1376
25442,1376
25443,1376
25444,1376
25445,1376
25445,1377
25446,1377
25447,1377
25448,1377
25449,1377
25450,1377
25451,1377
25452,1378
25453,1378
25454,1378
25455,1378
25456,1378
25457,1380
25458,1380
25459,1380
25460,1381
25461,1381
25462,1383
25462,1384
25463,1385
25464,1387
25465,1387
25466,1387
25467,1389
25468,1389
25469,1390
25470,1390
25471,1390
25472,1390
25473,1390
25474,1390
25474,1391
25475,1391
25476,1391
25477,1391
25478,1391
25479,1391
25480,1391
25481,1391
25482,1391
25483,1391
25484,1392
25484,1393
25485,1393
25486,1393
25487,1393
25488,1393
25489,1394
25490,1396
25490,1397
25491,1397
25492,1397
25493,1397
25494,1397
25495,1398
25496,1400
25497,1400
25497,1401
25498,1401
25499,1401
25499,1402
25500,1402
25500,1403
25501,1403
25502,1403
25503,1404
25504,1404
25505,1405
25506,1405
25507,1405
25508,1405
25509,1405
25510,1406
25511,1406
25512,1406
25512,1408
25513,1408
25514,1408
25515,1408
25516,1409
25516,1410
25517,1410
25518,1411
25519,1411
25520,1412
25521,1412
25522,1412
25523,1412
25524,1412
25525,1412
25525,1413
25526,1413
25526,1414
25527,1414
25528,1414
25528,1415
25529,1415
25951,175
25952,176
25953,178
25954,178
25955,179
25955,181
25956,181
25956,182
25957,182
25958,183
25958,185
25959,187
25960,188
25961,188
25962,188
25963,188
25963,189
25964,189
25964,190
25965,191
25966,191
25967,192
25968,192
25969,192
25970,192
25971,192
25972,193
25973,193
25974,193
25974,194
25975,195
25976,195
25976,196
25977,196
25977,198
25978,198
25979,199
25980,200
25981,200
25982,200
25983,200
25984,200
25985,201
25986,201
25987,202
25987,203
25988,203
25989,203
25990,203
25991,203
25992,203
25993,204
25993,205
25994,205
25995,205
25995,206
25996,206
25996,207
25997,207
25998,207
25999,207
26000,207
26000,208
26001,208
26002,208
26003,208
26004,208
26004,209
26005,209
26005,210
26006,210
26006,211
26007,211
26008,211
26009,211
26010,211
26011,211
26011,212
26012,213
26012,214
26013,214
26013,215
26014,216
26014,217
26015,219
26015,221
26016,221
26017,221
26018,221
26019,221
26020,221
26021,221
26021,222
26022,222
26022,223
26023,224
26024,224
26025,225
26026,225
26027,225
26028,225
26028,227
26029,227
26030,227
26031,227
26032,227
26032,228
26033,228
26034,229
26035,229
26035,230
26036,230
26037,230
26038,231
26039,231
26039,232
26040,232
26041,232
26042,233
26043,233
26044,233
26045,233
26045,234
26046,234
26047,234
26048,234
26049,234
26050,234
26051,234
26052,235
26052,236
26053,236
26054,236
26055,236
26056,236
26057,236
26058,236
26059,236
26060,237
26060,238
26061,238
26061,240
26062,240
26063,240
26063,241
26064,241
26065,241
26066,241
26067,241
26067,242
26068,242
26069,243
26070,243
26070,244
26070,245
26071,245
26072,245
26073,245
26074,245
26075,245
26076,246
26077,247
26077,248
26078,248
26079,248
26080,249
26081,249
26082,249
26083,250
26084,250
26085,250
26086,250
26087,250
26088,250
26089,250
26090,250
26091,250
26092,250
26093,251
26094,251
26094,252
26095,253
26096,253
26097,253
26098,253
26099,254
26099,256
26100,256
26101,257
26102,257
26103,258
26104,258
26105,258
26106,258
26107,258
26108,258
26109,258
26110,258
26111,259
26112,260
26112,261
26113,261
26114,261
26115,261
26116,261
26117,261
26118,261
26119,261
26120,262
26121,262
26122,262
26123,262
26123,263
26124,263
26124,264
26125,264
26125,265
26126,265
26126,266
26127,267
26127,268
26128,268
26129,268
26130,268
26130,270
26131,270
26132,270
26132,271
26133,271
26134,271
26135,271
26136,271
26136,272
26137,273
26137,274
26138,274
26139,274
26140,274
26141,274
26142,274
26143,274
26144,274
26145,275
26146,275
26147,275
26148,275
26148,276
26149,276
26150,276
26151,277
26152,277
26153,277
26154,277
26155,277
26156,277
26157,277
26158,277
26158,278
26159,281
26160,281
26161,281
26162,281
26163,281
26163,282
26164,282
26165,283
26165,284
26166,285
26166,286
26167,286
26168,286
26169,286
26170,286
26171,287
26172,287
26172,288
26173,290
26174,290
26175,290
26176,290
26177,291
26178,292
26179,292
26180,292
26181,293
26182,293
26183,293
26184,294
26185,294
26186,294
26187,295
26187,296
26188,296
26189,296
26190,296
26191,296
26192,296
26192,297
26193,297
26194,297
26195,297
26195,298
26196,299
26197,299
26198,299
26199,299
26200,299
26201,299
26202,299
26202,300
26203,300
26204,300
26205,300
26206,300
26207,300
26207,301
26208,301
26209,301
26210,301
26211,301
26212,303
26212,304
26213,304
26213,306
26214,307
26215,307
26216,307
26216,309
26217,309
26218,309
26219,309
26220,309
26221,310
26221,311
26222,311
26223,311
26224,311
26225,311
26226,312
26227,312
26227,313
26228,313
26228,315
26229,315
26230,315
26231,315
26232,317
26232,318
26233,319
26234,319
26235,320
26236,320
26237,320
26237,321
26238,321
26239,321
26240,321
26241,321
26242,321
26243,322
26244,322
26245,322
26246,322
26247,322
26248,322
26249,323
26250,324
26250,325
26251,326
26251,328
26252,328
26253,328
26254,328
26255,330
26256,330
26256,331
26257,331
26258,331
26259,332
26260,332
26260,333
26261,333
26262,333
26262,336
26263,336
26264,336
26264,337
26265,337
26266,337
26267,337
26268,337
26269,337
26269,338
26270,338
26271,338
26272,338
26273,340
26274,340
26275,340
26276,341
26277,342
26278,342
26279,342
26280,342
26281,342
26281,343
26282,344
26283,345
26283,346
26284,346
26285,346
26285,347
26286,347
26287,347
26288,347
26289,349
26290,349
26291,349
26292,349
26293,349
26294,349
26294,350
26295,350
26296,350
26297,350
26298,350
26298,351
26299,351
26299,352
26300,352
26301,352
26302,352
26303,352
26304,352
26304,353
26305,353
26305,354
26306,354
26307,355
26308,355
26309,356
26310,357
26310,358
26311,358
26312,358
26313,358
26314,358
26315,358
26316,358
26317,358
26318,358
26319,358
26320,358
26321,358
26322,358
26323,359
26324,359
26325,360
26325,362
26326,362
26327,362
26328,362
26329,362
26330,362
26331,362
26332,362
26333,362
26334,362
26335,362
26336,362
26337,362
26338,362
26339,362
26340,363
26341,363
26341,364
26342,364
26343,364
26344,364
26345,364
26346,364
26347,364
26348,364
26349,365
26350,365
26351,366
26352,366
26353,367
26353,368
26354,368
26355,368
26356,368
26357,368
26358,368
26359,369
26360,369
26361,369
26362,369
26363,370
26364,370
26365,370
26365,371
26366,371
26367,372
26368,372
26369,372
26370,372
26371,372
26371,373
26372,373
26373,373
26374,373
26375,373
26375,374
26376,374
26376,376
26377,376
26378,376
26379,376
26379,377
26380,377
26381,377
26382,377
26383,377
26384,377
26385,378
26386,379
26387,380
26388,380
26389,380
26390,380
26391,380
26391,381
26392,381
26393,383
26394,383
26394,384
26395,384
26396,384
26397,384
26398,384
26399,384
26400,384
26401,384
26402,384
26403,384
26403,385
26404,385
26405,385
26405,386
26406,386
26407,386
26407,388
26408,388
26408,389
26409,389
26410,389
26411,389
26411,390
26412,390
26413,390
26414,390
26415,390
26415,392
26416,392
26417,392
26418,392
26419,393
26420,393
26420,394
26421,395
26421,396
26422,397
26423,397
26423,398
26424,398
26425,398
26426,398
26426,400
26427,400
26428,400
26429,401
26429,402
26430,402
26430,404
26431,404
26432,405
26433,405
26434,405
26435,406
26436,406
26437,407
26438,408
26439,408
26440,408
26441,408
26442,408
26442,409
26443,409
26444,409
26445,409
26445,410
26446,410
26447,410
26448,410
26448,411
26449,411
26450,412
26451,413
26451,415
26452,415
26453,415
26454,415
26455,415
26456,415
26457,415
26458,415
26459,415
26460,415
26461,415
26461,416
26462,417
26463,417
26464,417
26465,417
26466,418
26467,418
26468,418
26469,419
26470,420
26471,420
26472,421
26472,422
26473,422
26474,422
26475,422
26476,422
26477,422
26478,422
26479,422
26479,423
26480,423
26481,424
26482,425
26483,425
26484,426
26485,428
26486,428
26487,428
26488,428
26488,429
26489,429
26490,430
26491,430
26492,430
26493,430
26493,431
26494,432
26495,432
26496,432
26497,432
26497,433
26498,433
26499,433
26500,433
26500,434
26501,435
26502,435
26503,435
26504,435
26505,435
26505,436
26506,436
26507,437
26508,437
26509,437
26510,437
26511,437
26512,437
26512,438
26513,438
26513,439
26514,439
26515,439
26516,440
26517,441
26518,441
26518,442
26519,443
26520,443
26520,444
26521,444
26521,445
26522,447
26523,448
26524,449
26525,449
26526,449
26527,449
26528,449
26529,449
26530,449
26531,449
26532,449
26532,450
26533,450
26533,451
26534,451
26535,451
26536,451
26537,451
26538,452
26538,453
26539,453
26540,454
26541,454
26541,455
26542,455
26543,456
26544,456
26545,456
26546,456
26546,457
26547,457
26548,457
26549,457
26550,457
26551,458
26552,458
26553,458
26554,458
26554,459
26555,459
26556,461
26557,461
26558,461
26559,462
26560,462
26560,465
26561,466
26562,466
26563,466
26564,466
26565,466
26566,467
26567,467
26568,467
26569,467
26570,467
26571,467
26571,468
26572,468
26572,470
26573,470
26574,471
26574,473
26575,473
26576,473
26577,473
26578,473
26578,474
26579,475
26580,475
26580,476
26581,477
26582,477
26583,478
26584,480
26585,481
26586,481
26586,484
26587,484
26587,485
26588,485
26589,485
26590,485
26591,485
26592,486
26592,487
26593,488
26594,488
26595,488
26596,488
26597,489
26598,489
26599,489
26600,489
26601,490
26602,490
26603,491
26604,491
26604,492
26605,492
26606,493
26606,494
26607,494
26607,496
26608,497
26608,498
26609,498
26610,498
26610,499
26611,499
26612,499
26612,500
26613,500
26614,502
26615,502
26615,503
26616,504
26617,504
26618,504
26619,504
26620,504
26621,504
26622,504
26622,505
26623,505
26624,505
26625,505
26625,506
26626,506
26626,507
26627,508
26628,508
26629,508
26629,509
26630,509
26631,509
26632,510
26633,511
26634,511
26635,511
26636,511
26637,511
26638,511
26638,512
26639,512
26640,512
26641,512
26642,512
26643,514
26644,514
26645,514
26646,514
26647,514
26647,515
26648,515
26648,516
26649,516
26649,517
26650,517
26651,517
26652,517
26653,517
26654,517
26655,518
26655,519
26656,519
26656,520
26657,520
26658,520
26659,520
26660,520
26661,520
26662,520
26663,521
26664,521
26665,521
26666,521
26667,521
26668,521
26668,522
26669,523
26670,523
26670,524
26671,524
26672,524
26673,524
26674,524
26674,525
26675,525
26676,525
26677,526
26678,527
26679,528
26680,528
26680,529
26681,530
26682,530
26682,532
26683,532
26684,533
26685,533
26686,533
26687,533
26688,533
26689,533
26690,533
26691,533
26691,534
26692,534
26693,534
26694,534
26695,534
26696,534
26697,534
26698,534
26698,535
26699,535
26700,535
26701,535
26702,535
26703,535
26704,535
26704,536
26705,536
26705,537
26706,538
26706,539
26707,539
26708,539
26709,539
26710,541
26711,541
26712,541
26713,541
26713,542
26714,542
26715,542
26715,543
26716,543
26717,544
26718,545
26718,546
26719,546
26720,547
26721,547
26722,547
26723,547
26724,547
26725,547
26726,547
26727,547
26727,548
26728,548
26728,549
26729,549
26729,550
26730,550
26731,550
26732,550
26732,551
26733,552
26734,552
26735,553
26736,553
26737,554
26738,554
26739,554
26740,554
26741,554
26742,554
26743,555
26744,555
26745,557
26746,557
26747,557
26748,557
26749,557
26750,557
26751,557
26751,558
26752,558
26753,561
26754,561
26755,561
26756,561
26757,562
26758,564
26759,565
26760,567
26761,567
26762,567
26763,567
26764,567
26765,567
26766,567
26767,567
26767,568
26768,568
26769,568
26770,569
26770,570
26771,570
26772,570
26772,571
26773,571
26774,571
26774,572
26775,572
26776,572
26776,573
26777,573
26778,574
26779,575
26780,575
26781,575
26782,575
26783,575
26784,575
26784,576
26785,577
26786,577
26786,579
26787,579
26788,580
26789,580
26789,581
26790,581
26790,582
26791,582
26792,582
26792,583
26793,583
26794,583
26795,584
26796,584
26797,584
26798,584
26798,585
26799,585
26800,585
26800,586
26801,588
26801,589
26802,589
26802,590
26803,591
26804,591
26805,591
26806,591
26807,591
26807,592
26808,592
26809,592
26810,593
26811,593
26812,594
26813,594
26813,595
26814,595
26815,595
26816,595
26817,595
26818,595
26819,595
26820,596
26821,596
26821,597
26822,598
26823,598
26823,599
26824,599
26825,599
26825,600
26826,601
26826,602
26827,602
26827,603
26828,604
26829,604
26830,604
26830,605
26831,605
26832,605
26832,606
26833,607
26834,607
26834,608
26835,608
26835,609
26836,609
26836,610
26837,610
26838,610
26839,610
26840,611
26841,612
26842,612
26843,612
26844,612
26845,612
26845,613
26846,613
26847,613
26848,613
26848,614
26849,616
26850,616
26851,616
26852,616
26853,616
26853,617
26854,617
26855,617
26856,617
26857,618
26858,618
26858,619
26859,619
26859,620
26860,620
26861,620
26862,620
26863,620
26864,621
26865,621
26865,622
26866,622
26867,622
26868,622
26869,622
26870,622
26871,622
26872,622
26873,622
26874,622
26875,622
26876,622
26877,622
26878,622
26878,623
26879,623
26880,623
26881,624
26882,624
26883,624
26884,624
26884,626
26885,626
26886,626
26887,626
26888,627
26889,627
26890,627
26891,627
26892,627
26893,627
26894,627
26895,628
26896,628
26896,630
26897,630
26898,630
26899,630
26900,630
26901,630
26902,630
26903,630
26904,630
26905,630
26905,631
26906,631
26907,631
26908,631
26909,631
26910,632
26911,632
26912,632
26912,633
26913,633
26914,634
26915,635
26916,635
26916,636
26917,636
26917,637
26918,637
26919,638
26920,638
26920,640
26921,640
26922,640
26923,640
26924,640
26925,641
26926,641
26927,641
26928,641
26929,641
26930,642
26931,642
26932,642
26933,642
26934,642
26934,643
26935,643
26935,644
26936,644
26937,645
26937,646
26938,646
26939,646
26940,646
26941,646
26942,647
26942,648
26943,649
26944,649
26945,649
26946,649
26947,649
26948,649
26949,649
26950,649
26951,650
26952,650
26953,650
26954,650
26954,651
26955,652
26955,653
26956,654
26957,654
26958,654
26959,654
26960,654
26961,654
26961,655
26962,655
26962,656
26963,656
26963,658
26964,658
26964,659
26965,660
26966,660
26967,660
26968,660
26969,661
26970,662
26970,663
26971,663
26972,663
26973,663
26974,663
26975,663
26976,663
26976,664
26977,664
26978,665
26979,665
26980,665
26981,665
26982,665
26983,665
26984,665
26985,665
26986,666
26987,666
26988,667
26989,667
26989,668
26990,668
26991,668
26992,668
26993,668
26994,668
26995,668
26996,668
26997,668
26997,670
26998,670
26999,670
27000,670
27000,671
27001,671
27002,671
27002,672
27003,672
27004,672
27004,673
27005,673
27006,674
27007,674
27008,674
27009,674
27009,675
27010,675
27010,676
27011,677
27012,678
27013,678
27014,680
27015,680
27016,680
27016,681
27017,681
27018,681
27018,682
27019,682
27020,682
27020,683
27021,683
27022,683
27022,684
27023,684
27024,684
27025,684
27026,684
27027,684
27028,684
27029,685
27029,686
27030,686
27031,688
27031,689
27032,690
27033,690
27034,692
27035,692
27036,692
27037,693
27038,693
27039,693
27040,694
27041,694
27041,696
27042,696
27043,697
27044,697
27045,697
27046,697
27047,697
27047,698
27048,699
27049,700
27049,701
27050,701
27051,702
27051,703
27052,703
27053,703
27053,704
27054,704
27055,705
27056,705
27057,706
27058,706
27059,706
27060,707
27061,708
27062,708
27062,710
27063,710
27063,711
27064,711
27065,711
27066,712
27067,713
27068,713
27069,713
27070,713
27070,714
27071,714
27072,714
27073,714
27074,714
27074,715
27075,715
27076,715
27077,716
27077,717
27078,717
27079,717
27080,717
27081,717
27082,717
27083,717
27084,717
27085,717
27086,717
27086,718
27087,718
27088,718
27088,719
27089,720
27090,720
27091,720
27092,720
27093,721
27093,722
27094,722
27095,722
27096,723
27096,724
27097,724
27098,724
27099,724
27099,725
27100,725
27101,725
27102,725
27103,725
27104,725
27105,725
27106,725
27106,726
27107,726
27108,726
27109,727
27110,727
27111,727
27112,728
27113,728
27114,728
27115,729
27115,730
27116,730
27117,730
27118,730
27118,731
27119,731
27120,731
27121,732
27122,732
27122,733
27123,733
27123,734
27124,734
27125,734
27126,734
27127,734
27127,735
27128,735
27129,735
27130,735
27131,735
27132,735
27132,736
27133,737
27134,737
27134,738
27135,738
27136,739
27137,740
27138,740
27139,740
27139,741
27140,741
27141,741
27142,741
27142,742
27143,742
27144,743
27145,743
27146,743
27147,744
27148,744
27149,744
27149,745
27150,745
27151,745
27152,745
27152,746
27153,746
27154,747
27155,747
27156,748
27156,749
27157,749
27158,749
27159,749
27160,750
27161,751
27162,751
27163,751
27164,752
27165,752
27165,754
27166,754
27167,755
27168,755
27169,755
27169,756
27170,756
27171,756
27172,756
27173,756
27173,757
27174,757
27175,757
27176,757
27177,758
27177,759
27178,759
27178,761
27179,761
27180,761
27181,762
27182,762
27182,763
27183,763
27184,764
27185,764
27186,764
27187,764
27188,764
27189,764
27190,764
27190,765
27191,765
27192,765
27193,765
27194,765
27194,766
27195,766
27195,767
27196,767
27197,767
27197,768
27198,768
27199,768
27200,768
27201,768
27202,768
27203,769
27204,769
27205,769
27206,769
27207,769
27208,769
27208,771
27209,771
27209,772
27210,772
27211,772
27212,773
27213,774
27214,775
27215,776
27215,777
27216,777
27216,778
27217,779
27218,781
27219,781
27220,781
27220,782
27221,783
27222,783
27223,783
27223,784
27224,784
27225,784
27226,784
27227,784
27228,784
27229,784
27230,784
27231,784
27231,786
27232,786
27233,786
27234,787
27235,787
27235,788
27236,788
27236,789
27237,789
27238,790
27239,790
27240,790
27241,791
27242,791
27243,791
27244,791
27245,791
27246,791
27246,792
27247,792
27248,792
27249,792
27250,793
27251,793
27252,793
27253,793
27254,793
27255,795
27256,795
27257,795
27258,795
27259,795
27260,795
27261,795
27262,795
27263,795
27264,795
27265,795
27265,796
27266,796
27267,796
27268,796
27269,796
27269,798
27270,798
27271,798
27271,799
27272,800
27273,800
27274,800
27275,800
27276,801
27277,801
27277,803
27278,804
27279,804
27280,805
27281,805
27282,805
27283,805
27284,805
27285,805
27286,805
27287,806
27288,806
27289,807
27289,808
27290,808
27291,809
27292,809
27292,810
27293,811
27294,811
27295,811
27295,812
27296,813
27297,814
27297,816
27298,816
27299,817
27300,818
27301,818
27302,818
27303,819
27303,820
27304,820
27305,820
27306,821
27307,822
27308,822
27309,822
27310,822
27311,822
27312,822
27312,823
27313,823
27313,824
27314,824
27315,824
27316,824
27317,824
27318,825
27318,826
27319,826
27320,826
27321,826
27322,826
27323,826
27324,826
27325,826
27325,828
27326,829
27327,829
27328,829
27329,829
27330,829
27331,830
27332,830
27333,830
27333,832
27334,832
27335,832
27335,833
27336,833
27337,833
27338,833
27339,833
27340,833
27340,834
27341,834
27341,835
27342,835
27343,835
27344,835
27344,836
27345,836
27346,836
27347,836
27348,836
27349,836
27350,837
27350,838
27351,838
27351,839
27352,839
27352,840
27353,840
27354,840
27355,841
27356,842
27357,842
27357,843
27358,843
27358,844
27359,844
27360,844
27361,844
27361,845
27362,845
27363,845
27364,845
27365,845
27366,845
27366,846
27367,846
27368,846
27369,846
27370,847
27371,847
27371,848
27372,848
27372,849
27373,849
27373,851
27374,851
27375,851
27376,851
27377,851
27378,851
27378,852
27379,852
27380,852
27381,854
27382,854
27383,854
27383,855
27384,855
27385,855
27386,855
27386,856
27387,856
27388,856
27388,857
27389,857
27391,858
27392,860
27393,860
27393,861
27394,861
27395,862
27395,864
27396,864
27397,864
27398,864
27398,865
27399,865
27400,865
27401,865
27402,866
27403,867
27404,867
27405,867
27406,867
27407,867
27408,867
27409,867
27410,868
27411,868
27412,868
27413,868
27414,868
27414,869
27415,869
27415,870
27416,870
27417,870
27418,870
27419,872
27419,873
27420,873
27420,874
27421,874
27422,874
27423,874
27424,874
27424,875
27425,875
27426,875
27427,875
27428,875
27428,877
27429,877
27429,878
27430,878
27431,878
27431,879
27432,880
27432,881
27433,882
27433,883
27434,883
27435,883
27435,884
27436,884
27436,885
27437,886
27438,886
27439,886
27440,886
27441,886
27441,887
27442,887
27443,887
27444,889
27444,890
27445,890
27445,891
27446,892
27447,893
27448,893
27449,893
27450,893
27451,893
27451,894
27452,894
27453,894
27454,895
27455,895
27456,896
27457,896
27457,897
27458,897
27459,897
27460,897
27461,897
27462,897
27463,898
27464,901
27465,902
27466,902
27467,902
27468,902
27469,902
27470,903
27471,903
27472,903
27473,903
27474,903
27474,905
27475,905
27476,905
27477,905
27478,905
27479,907
27479,910
27480,910
27481,910
27482,910
27483,910
27484,910
27485,910
27486,913
27487,913
27487,914
27488,916
27489,916
27490,916
27491,916
27492,916
27492,917
27493,917
27493,918
27494,918
27495,918
27496,918
27497,918
27498,918
27499,918
27500,919
27501,919
27502,919
27503,919
27504,919
27505,920
27505,921
27506,921
27507,921
27508,921
27509,921
27510,921
27510,922
27511,922
27511,923
27512,924
27513,924
27513,925
27514,925
27515,925
27515,926
27516,929
27517,929
27518,929
27519,929
27520,929
27520,930
27521,930
27522,930
27523,930
27524,932
27524,933
27525,933
27526,933
27526,934
27527,934
27528,934
27529,934
27530,934
27530,935
27531,935
27532,935
27533,935
27533,936
27534,936
27535,936
27536,936
27537,936
27538,937
27539,938
27540,938
27541,938
27542,938
27543,938
27544,938
27545,938
27546,938
27547,938
27548,938
27549,938
27549,939
27550,939
27551,939
27551,940
27552,940
27552,941
27553,942
27553,943
27554,943
27555,943
27556,943
27557,943
27558,943
27559,944
27560,945
27561,945
27562,945
27563,947
27564,947
27565,947
27565,948
27566,948
27566,949
27567,949
27568,949
27568,950
27569,950
27570,950
27571,951
27572,952
27573,952
27573,953
27574,953
27575,953
27576,954
27577,955
27578,955
27579,955
27580,955
27581,955
27582,955
27583,955
27583,956
27584,957
27585,958
27585,960
27586,961
27587,961
27588,961
27589,961
27590,961
27591,962
27592,962
27593,963
27594,963
27595,963
27595,965
27596,965
27597,965
27597,966
27598,967
27598,968
27599,968
27600,968
27601,968
27602,968
27603,968
27604,968
27605,969
27606,969
27607,969
27608,969
27609,969
27610,970
27610,971
27611,971
27612,972
27613,972
27613,974
27614,974
27614,975
27615,975
27616,975
27617,975
27618,975
27619,975
27620,975
27621,975
27621,976
27622,977
27623,977
27623,978
27624,978
27624,979
27625,979
27626,979
27626,980
27627,980
27628,982
27629,982
27630,982
27630,983
27631,984
27632,984
27633,985
27633,986
27634,986
27635,986
27636,986
27637,987
27638,987
27639,987
27640,987
27641,987
27641,988
27642,988
27643,988
27643,989
27644,989
27645,989
27646,989
27647,989
27648,989
27649,989
27650,990
27651,991
27652,991
27653,991
27654,992
27655,992
27655,993
27656,993
27657,993
27658,993
27658,995
27659,995
27660,995
27660,996
27661,997
27662,997
27662,999
27663,999
27664,999
27665,999
27666,999
27667,999
27668,1000
27669,1000
27669,1002
27670,1002
27671,1003
27672,1003
27673,1004
27673,1005
27674,1006
27674,1007
27675,1007
27676,1007
27677,1008
27678,1008
27679,1009
27680,1009
27681,1009
27682,1010
27683,1011
27684,1011
27685,1011
27686,1011
27687,1011
27688,1011
27689,1011
27690,1011
27691,1012
27692,1012
27693,1013
27694,1014
27694,1015
27695,1016
27696,1016
27696,1017
27697,1018
27697,1019
27698,1019
27699,1019
27700,1019
27701,1019
27702,1019
27703,1019
27704,1020
27704,1022
27705,1023
27706,1023
27707,1023
27707,1024
27708,1024
27709,1025
27710,1025
27711,1025
27711,1027
27712,1027
27713,1027
27714,1027
27714,1028
27715,1028
27716,1030
27717,1030
27718,1031
27719,1031
27719,1032
27720,1032
27721,1032
27722,1032
27723,1032
27724,1032
27725,1032
27725,1033
27726,1033
27726,1034
27727,1035
27728,1036
27729,1036
27730,1036
27731,1036
27732,1036
27733,1037
27734,1037
27735,1037
27735,1038
27736,1040
27737,1040
27738,1040
27739,1040
27740,1040
27741,1041
27742,1041
27743,1041
27744,1041
27745,1041
27746,1041
27747,1042
27748,1042
27749,1042
27750,1042
27751,1043
27751,1044
27752,1044
27752,1045
27753,1045
27754,1045
27755,1045
27755,1046
27756,1047
27757,1047
27758,1047
27759,1047
27760,1047
27760,1049
27761,1049
27761,1050
27762,1050
27763,1050
27763,1052
27764,1052
27765,1052
27766,1053
27766,1054
27767,1055
27768,1055
27769,1056
27770,1056
27770,1057
27771,1057
27771,1058
27772,1058
27773,1058
27774,1059
27774,1060
27775,1060
27776,1060
27777,1060
27778,1061
27779,1061
27780,1061
27781,1062
27782,1064
27782,1065
27783,1065
27783,1066
27784,1067
27785,1067
27785,1068
27786,1068
27787,1068
27788,1068
27789,1068
27789,1070
27790,1070
27791,1070
27792,1070
27793,1070
27794,1071
27795,1071
27795,1072
27796,1072
27796,1073
27797,1073
27798,1073
27799,1073
27800,1073
27801,1074
27802,1074
27803,1074
27804,1074
27805,1074
27806,1074
27806,1075
27807,1075
27808,1075
27809,1075
27810,1075
27810,1076
27811,1076
27812,1076
27812,1077
27813,1077
27814,1077
27814,1078
27815,1079
27815,1080
27816,1080
27817,1080
27818,1080
27819,1080
27820,1081
27821,1081
27822,1081
27823,1081
27824,1081
27825,1081
27826,1081
27827,1081
27828,1081
27828,1082
27829,1083
27830,1083
27831,1083
27832,1083
27833,1084
27834,1084
27835,1084
27836,1085
27837,1086
27838,1086
27839,1086
27839,1087
27840,1087
27841,1087
27842,1087
27843,1088
27844,1088
27845,1088
27846,1088
27846,1089
27847,1089
27848,1090
27849,1090
27850,1091
27851,1091
27852,1092
27852,1093
27853,1093
27854,1093
27855,1093
27856,1093
27857,1093
27858,1093
27859,1093
27860,1093
27860,1094
27861,1094
27862,1094
27863,1094
27864,1095
27865,1095
27866,1095
27867,1095
27868,1095
27868,1097
27869,1097
27869,1098
27870,1098
27871,1098
27872,1100
27873,1100
27874,1100
27875,1100
27876,1100
27877,1100
27878,1100
27879,1101
27879,1102
27880,1102
27881,1102
27882,1102
27883,1102
27884,1102
27885,1102
27886,1102
27886,1103
27887,1103
27887,1104
27888,1104
27889,1105
27890,1105
27891,1105
27892,1105
27892,1106
27893,1106
27893,1107
27894,1107
27895,1108
27896,1109
27897,1109
27898,1109
27899,1110
27900,1110
27901,1110
27901,1111
27902,1111
27902,1113
27903,1113
27904,1113
27904,1114
27905,1114
27906,1115
27907,1115
27907,1116
27908,1116
27909,1116
27910,1116
27910,1117
27911,1117
27912,1117
27913,1118
27914,1118
27915,1118
27916,1119
27917,1119
27918,1119
27919,1119
27920,1119
27920,1120
27921,1120
27922,1120
27923,1121
27924,1122
27925,1123
27926,1125
27927,1126
27928,1126
27929,1126
27929,1127
27930,1127
27931,1127
27932,1128
27933,1129
27934,1129
27934,1131
27935,1131
27936,1131
27937,1132
27938,1132
27939,1132
27940,1132
27941,1132
27942,1132
27943,1134
27944,1134
27945,1134
27946,1134
27947,1134
27948,1134
27948,1135
27949,1135
27950,1135
27950,1136
27951,1137
27952,1138
27952,1139
27953,1139
27954,1139
27955,1139
27956,1139
27957,1140
27958,1140
27959,1140
27960,1141
27961,1142
27962,1142
27962,1143
27963,1143
27964,1143
27965,1143
27966,1143
27966,1144
27967,1144
27968,1144
27969,1144
27970,1144
27971,1144
27972,1144
27973,1144
27974,1144
27975,1144
27976,1144
27977,1145
27978,1146
27979,1147
27979,1148
27980,1148
27981,1148
27982,1149
27983,1149
27983,1150
27984,1151
27984,1152
27985,1152
27986,1153
27987,1153
27988,1153
27988,1154
27989,1155
27991,1155
27992,1155
27993,1155
27994,1155
27994,1156
27995,1156
27996,1157
27997,1157
27998,1157
27999,1158
28000,1158
28001,1158
28001,1159
28002,1159
28003,1160
28004,1160
28004,1161
28005,1161
28005,1162
28006,1162
28007,1163
28008,1163
28008,1164
28009,1167
28010,1167
28011,1167
28012,1167
28013,1167
28013,1168
28014,1169
28015,1169
28016,1170
28017,1170
28018,1170
28019,1171
28019,1173
28020,1173
28020,1175
28021,1175
28022,1175
28023,1175
28023,1177
28024,1178
28025,1178
28026,1179
28027,1179
28027,1180
28028,1180
28029,1181
28029,1182
28030,1182
28031,1182
28032,1182
28033,1182
28034,1182
28035,1182
28036,1182
28036,1184
28037,1184
28038,1185
28039,1185
28040,1187
28040,1188
28041,1188
28041,1189
28042,1189
28043,1189
28043,1190
28044,1190
28044,1191
28045,1191
28046,1191
28047,1191
28048,1191
28049,1191
28050,1191
28050,1192
28051,1192
28052,1192
28053,1192
28054,1192
28055,1192
28056,1192
28057,1193
28058,1194
28059,1194
28059,1195
28060,1195
28061,1195
28062,1195
28062,1196
28063,1196
28064,1196
28065,1196
28066,1197
28066,1198
28067,1198
28067,1199
28068,1199
28069,1199
28070,1199
28071,1199
28072,1199
28073,1199
28073,1200
28074,1201
28074,1202
28075,1204
28076,1204
28076,1205
28077,1205
28078,1205
28079,1205
28080,1205
28081,1205
28082,1205
28083,1205
28083,1206
28084,1206
28085,1206
28086,1206
28087,1206
28088,1207
28089,1208
28090,1208
28091,1208
28091,1209
28092,1209
28093,1209
28094,1210
28094,1211
28095,1212
28096,1212
28097,1212
28098,1212
28098,1214
28099,1214
28099,1216
28100,1216
28101,1216
28102,1216
28103,1216
28104,1216
28105,1216
28106,1216
28107,1216
28107,1217
28108,1218
28109,1218
28109,1219
28110,1219
28111,1219
28112,1219
28112,1220
28113,1221
28114,1221
28115,1221
28115,1222
28116,1222
28117,1222
28118,1222
28119,1222
28120,1222
28120,1223
28121,1223
28122,1223
28122,1224
28123,1226
28124,1226
28125,1226
28126,1226
28127,1226
28128,1226
28129,1226
28129,1227
28130,1227
28131,1227
28132,1227
28133,1227
28134,1227
28135,1228
28136,1229
28137,1230
28138,1230
28139,1230
28140,1231
28141,1231
28141,1232
28142,1233
28143,1233
28144,1234
28145,1234
28146,1234
28147,1234
28148,1234
28149,1235
28150,1236
28150,1237
28151,1237
28151,1238
28152,1238
28152,1239
28153,1239
28154,1240
28155,1241
28156,1242
28157,1242
28158,1243
28159,1243
28160,1243
28161,1243
28162,1243
28162,1244
28163,1244
28164,1244
28165,1244
28166,1244
28167,1244
28168,1244
28169,1244
28170,1245
28171,1245
28172,1245
28173,1245
28174,1245
28175,1245
28175,1246
28176,1247
28177,1247
28178,1247
28179,1247
28180,1247
28181,1247
28181,1248
28182,1249
28182,1250
28183,1251
28184,1251
28185,1251
28186,1252
28187,1252
28188,1252
28189,1252
28190,1252
28191,1252
28191,1253
28192,1254
28193,1254
28194,1254
28194,1255
28195,1256
28196,1256
28197,1257
28198,1257
28199,1258
28200,1259
28201,1259
28202,1259
28203,1259
28204,1260
28205,1260
28206,1260
28207,1261
28208,1261
28209,1263
28210,1264
28211,1264
28212,1264
28213,1264
28214,1264
28215,1264
28215,1265
28216,1265
28217,1265
28218,1265
28218,1266
28219,1266
28219,1267
28220,1267
28220,1268
28221,1268
28222,1269
28222,1270
28223,1270
28224,1270
28225,1270
28226,1270
28227,1270
28228,1270
28228,1271
28229,1271
28229,1272
28230,1273
28231,1273
28232,1273
28233,1273
28234,1273
28234,1275
28235,1275
28236,1275
28236,1276
28237,1276
28238,1276
28239,1276
28240,1276
28241,1276
28242,1276
28243,1276
28244,1278
28245,1278
28245,1279
28246,1281
28247,1281
28248,1281
28249,1282
28250,1282
28251,1282
28252,1282
28253,1282
28254,1282
28255,1283
28255,1284
28256,1284
28257,1284
28258,1284
28259,1284
28260,1284
28260,1285
28261,1285
28262,1285
28263,1285
28264,1285
28265,1285
28265,1286
28266,1286
28267,1286
28268,1286
28269,1286
28269,1287
28270,1287
28270,1288
28271,1288
28271,1289
28272,1289
28273,1289
28274,1289
28275,1289
28276,1291
28277,1292
28278,1292
28279,1292
28280,1292
28281,1292
28282,1292
28282,1293
28283,1293
28284,1293
28285,1293
28286,1294
28287,1294
28287,1296
28288,1296
28289,1296
28290,1297
28290,1298
28291,1298
28292,1298
28293,1298
28293,1299
28294,1299
28294,1300
28295,1300
28296,1300
28297,1300
28298,1300
28299,1300
28299,1302
28300,1303
28300,1304
28301,1304
28301,1305
28302,1307
28303,1308
28304,1308
28305,1308
28306,1308
28307,1309
28308,1309
28309,1309
28310,1310
28311,1310
28312,1311
28312,1312
28313,1312
28314,1312
28314,1313
28315,1313
28316,1314
28317,1315
28318,1315
28318,1316
28319,1316
28319,1317
28320,1317
28320,1318
28321,1319
28322,1319
28323,1319
28324,1319
28325,1320
28326,1321
28327,1321
28328,1321
28329,1321
28329,1322
28330,1322
28330,1323
28331,1323
28332,1323
28333,1323
28334,1324
28335,1324
28336,1324
28337,1324
28337,1325
28338,1327
28339,1328
28340,1328
28340,1329
28341,1329
28341,1330
28342,1330
28343,1330
28344,1330
28345,1330
28346,1331
28347,1331
28347,1332
28348,1332
28349,1332
28350,1332
28351,1332
28352,1332
28353,1332
28354,1332
28355,1332
28356,1332
28357,1333
28357,1334
28358,1334
28358,1335
28359,1336
28360,1337
28361,1337
28362,1339
28363,1339
28364,1339
28365,1339
28365,1341
28366,1341
28367,1341
28368,1342
28369,1343
28370,1343
28371,1344
28372,1344
28373,1344
28374,1344
28375,1345
28376,1345
28377,1345
28378,1345
28379,1347
28379,1348
28380,1349
28381,1349
28381,1350
28382,1350
28383,1350
28384,1350
28385,1350
28385,1351
28386,1351
28387,1351
28387,1352
28388,1352
28389,1352
28390,1352
28390,1354
28391,1354
28392,1354
28392,1355
28393,1356
28394,1357
28395,1357
28396,1357
28396,1358
28397,1358
28397,1359
28398,1359
28399,1359
28399,1360
28400,1360
28401,1360
28402,1360
28402,1361
28403,1362
28404,1364
28405,1364
28405,1366
28406,1367
28407,1367
28408,1367
28408,1368
28409,1368
28410,1368
28411,1369
28412,1369
28413,1369
28414,1369
28414,1370
28415,1370
28416,1370
28417,1370
28417,1373
28418,1373
28418,1374
28419,1375
28420,1376
28421,1376
28422,1376
28422,1377
28423,1377
28424,1377
28425,1378
28426,1378
28427,1378
28428,1378
28429,1378
28430,1379
28431,1379
28432,1379
28433,1379
28434,1379
28435,1379
28436,1379
28437,1379
28438,1379
28438,1380
28439,1380
28440,1381
28441,1381
28441,1382
28442,1382
28443,1382
28443,1383
28444,1383
28445,1383
28446,1383
28447,1385
28448,1385
28449,1385
28450,1385
28451,1385
28452,1385
28453,1385
28454,1385
28455,1385
28456,1386
28457,1386
28458,1386
28459,1386
28460,1386
28461,1386
28462,1386
28463,1386
28464,1388
28465,1388
28466,1388
28467,1388
28468,1388
28469,1388
28470,1388
28470,1389
28471,1390
28472,1390
28473,1390
28474,1390
28475,1390
28476,1390
28477,1391
28478,1391
28479,1391
28480,1392
28481,1392
28482,1392
28483,1392
28483,1393
28484,1393
28485,1393
28486,1393
28486,1394
28487,1394
28488,1394
28488,1395
28489,1395
28490,1396
28491,1396
28491,1397
28492,1398
28493,1398
28493,1399
28494,1399
28495,1400
28495,1401
28496,1402
28496,1403
28497,1403
28497,1404
28498,1405
28499,1406
28499,1407
28500,1407
28500,1408
28501,1409
28501,1410
28502,1410
28503,1410
28504,1410
28505,1411
28505,1412
28506,1412
28507,1412
28507,1413
28508,1413
28509,1413
28510,1413
28511,1413
28512,1415
28513,1416
28514,1416
28514,1417
28515,1417
28516,1417
28517,1417
28518,1417
28518,1418
28519,1418
28520,1418
28521,1418
28522,1418
28522,1419
28523,1419
28524,1419
28525,1419
28526,1419
28527,1419
28528,1419
28528,1420
28529,1421
28530,1421
28531,1421
28532,1421
28532,1423
28533,1424
28533,1425
28534,1425
28534,1426
28535,1426
28536,1426
28536,1427
28537,1427
28537,1429
28538,1429
28539,1429
28540,1430
28541,1431
28541,1432
28542,1432
28542,1434
28543,1434
28544,1434
28545,1434
28546,1435
28547,1436
28548,1437
28549,1437
28550,1437
28551,1437
28552,1437
28553,1437
28553,1438
28554,1438
28555,1438
28556,1438
28556,1439
28557,1440
28558,1440
28559,1440
28560,1441
28560,1442
28561,1444
28561,1445
28562,1445
28562,1446
28563,1446
28564,1446
28565,1446
28566,1446
28567,1447
28568,1447
28569,1448
28570,1449
28571,1449
28572,1449
28572,1451
28573,1451
28574,1451
28575,1452
28576,1452
28576,1453
28577,1453
28578,1453
28579,1453
28580,1453
28581,1453
28582,1453
28583,1454
28584,1454
28585,1454
28586,1454
28587,1454
28588,1455
28588,1456
28589,1456
28591,1456
28591,1457
28592,1457
28593,1458
28594,1458
28595,1458
28596,1458
28596,1459
28597,1460
28598,1460
28599,1460
28600,1460
28601,1460
28602,1460
28603,1460
28604,1460
28605,1460
28606,1461
28607,1461
28608,1461
28609,1462
28609,1463
28610,1463
28611,1464
28612,1464
28613,1464
28614,1464
28615,1464
28616,1464
28617,1464
28618,1464
28619,1464
28620,1464
28621,1464
28622,1464
28623,1465
28624,1465
28625,1465
28626,1465
28627,1465
28627,1466
28628,1466
28629,1466
28630,1466
28631,1467
28632,1467
28633,1467
28634,1467
28635,1467
28636,1467
28636,1468
28637,1468
28638,1468
28638,1469
28639,1469
28640,1470
28641,1471
28642,1471
28642,1472
28643,1473
28643,1474
28644,1474
28645,1475
28646,1476
28647,1476
28648,1476
28649,1476
28650,1476
28650,1477
28651,1477
28652,1477
28653,1477
28654,1477
28655,1478
28655,1480
28656,1481
28657,1481
28658,1481
28659,1482
28660,1482
28661,1482
28662,1482
28663,1482
28664,1482
28665,1482
28666,1482
28667,1482
28668,1483
28669,1484
28670,1484
28671,1484
28671,1485
28672,1485
28673,1485
28674,1485
28675,1485
28676,1485
28677,1485
28678,1485
28679,1485
28679,1486
28680,1486
28680,1487
28681,1487
28682,1487
28683,1487
28684,1487
28685,1488
28686,1489
28687,1489
28688,1489
28688,1490
28689,1490
28689,1491
28690,1492
28691,1493
28692,1494
28693,1494
28694,1494
28694,1495
28695,1495
28695,1496
28696,1497
28697,1499
28697,1500
28698,1501
28699,1501
28699,1502
28700,1502
28701,1502
28702,1502
28702,1503
28703,1503
28704,1503
28705,1504
28706,1505
28707,1505
28707,1506
28708,1506
28708,1507
28709,1508
28710,1508
28711,1508
28712,1509
28713,1509
28713,1510
28714,1510
28715,1510
28716,1510
28716,1511
28717,1511
28717,1512
28718,1512
28719,1512
28720,1512
28721,1512
28722,1512
28723,1513
28724,1513
28725,1513
28725,1514
28726,1514
28727,1514
28728,1515
28729,1516
28730,1516
28731,1516
28732,1517
28733,1517
28734,1517
28735,1517
28736,1517
28737,1517
28738,1517
28739,1517
28740,1518
28741,1518
28741,1519
28742,1519
28742,1521
28743,1521
28744,1522
28745,1523
28746,1523
28747,1523
28748,1523
28748,1524
28749,1524
28750,1524
28750,1525
28751,1525
28752,1525
28752,1526
28753,1526
28753,1527
28754,1528
28755,1528
28755,1529
28756,1529
28757,1529
28757,1531
28758,1531
28759,1531
28760,1531
28761,1532
28762,1533
28763,1533
28764,1533
28765,1533
28766,1533
28767,1533
28767,1534
28768,1534
28769,1535
28770,1536
28771,1536
28771,1537
28772,1537
28772,1538
28773,1538
28774,1538
28775,1538
28775,1540
28776,1540
28777,1540
28778,1540
28779,1540
28779,1541
28780,1542
28781,1542
28782,1542
28783,1543
28784,1543
28785,1543
28786,1543
28787,1543
28788,1544
28789,1544
28790,1544
28791,1544
28792,1544
28793,1544
28794,1544
28794,1545
28795,1545
28796,1546
28797,1546
28798,1546
28799,1546
28800,1546
28801,1546
28802,1546
28803,1546
28804,1546
28805,1549
28805,1551
28806,1552
28807,1553
28808,1554
28809,1554
28809,1555
28810,1556
28811,1557
28812,1558
28813,1558
28814,1558
28815,1559
28816,1559
28817,1559
28818,1559
28819,1559
28820,1559
28821,1560
28821,1561
28822,1561
28823,1562
28824,1563
28825,1563
28826,1563
28827,1564
28828,1564
28829,1564
28830,1564
28831,1566
28832,1566
28833,1566
28834,1566
28835,1566
28836,1566
28837,1567
28838,1567
28839,1567
28840,1567
28840,1568
28841,1568
28842,1568
28843,1568
28844,1568
28845,1568
28845,1569
28846,1569
28847,1569
28848,1570
28849,1570
28850,1570
28851,1570
28852,1570
28853,1570
28854,1570
28855,1571
28855,1572
28856,1572
28856,1573
28857,1573
28857,1574
28858,1575
28858,1576
28859,1576
28860,1577
28861,1578
28862,1578
28863,1578
28864,1578
28865,1578
28866,1578
28867,1578
28868,1578
28869,1578
28870,1578
28871,1578
28871,1579
28872,1579
28873,1580
28874,1580
28875,1580
28876,1580
28877,1581
28878,1582
28879,1582
28879,1583
28880,1583
28881,1583
28881,1584
28882,1584
28882,1587
28883,1587
28884,1587
28885,1587
28886,1587
28887,1587
28888,1587
28889,1588
28890,1589
28891,1589
28892,1590
28893,1590
28893,1591
28894,1591
28895,1591
28896,1591
28897,1592
28898,1592
28899,1592
28900,1592
28901,1592
28901,1593
28902,1593
28902,1594
28903,1594
28904,1594
28905,1595
28905,1597
28906,1597
28907,1597
28908,1598
28908,1599
28909,1599
28910,1599
28911,1600
28912,1600
28912,1601
28913,1601
28913,1602
28914,1602
28914,1603
28915,1604
28916,1604
28916,1605
28917,1605
28918,1606
28919,1606
28920,1606
28921,1607
28921,1608
28922,1608
28923,1609
28924,1610
28925,1610
28926,1610
28927,1610
28927,1611
28928,1611
28929,1611
28930,1611
28930,1612
28931,1612
28931,1613
28932,1613
28933,1613
28933,1614
28934,1614
28934,1615
28935,1615
28936,1615
28937,1615
28938,1615
28938,1616
28939,1616
28940,1616
28941,1616
28942,1617
28943,1617
28943,1618
28944,1619
28945,1619
28946,1619
28947,1619
28948,1619
28949,1619
28950,1619
28951,1619
28952,1619
28953,1619
28954,1620
28955,1620
28955,1621
28956,1621
28957,1621
28958,1621
28959,1621
28960,1621
28961,1621
28962,1621
28962,1622
28963,1622
28964,1622
28965,1623
28966,1623
28966,1624
28967,1625
28967,1626
28968,1626
28969,1626
28970,1627
28971,1627
28972,1629
28973,1629
28974,1629
28975,1631
28976,1631
28977,1631
28978,1631
28978,1633
28979,1633
28980,1633
28981,1633
28982,1633
28983,1633
28983,1634
28984,1634
28985,1634
28986,1634
28986,1635
28987,1636
28988,1636
28989,1636
28990,1636
28990,1637
28991,1638
28992,1638
28993,1638
28994,1638
28995,1638
28996,1638
28996,1639
28997,1639
28998,1640
28999,1640
29000,1641
29001,1641
29002,1641
29003,1641
29004,1642
29005,1642
29006,1644
29007,1644
29008,1644
29010,1644
29010,1645
29011,1646
29012,1647
29013,1648
29014,1648
29014,1649
29015,1650
29016,1650
29017,1650
29018,1650
29019,1651
29020,1651
29020,1653
29021,1653
29021,1654
29022,1654
29022,1655
29023,1655
29024,1655
29024,1656
29025,1658
29026,1658
29027,1659
29028,1659
29029,1659
29030,1659
29031,1659
29031,1660
29032,1660
29033,1660
29034,1663
29034,1664
29035,1666
29036,1666
29036,1667
29037,1667
29037,1668
29038,1669
29039,1669
29040,1670
29041,1670
29042,1670
29043,1670
29044,1670
29045,1670
29046,1670
29047,1670
29048,1670
29048,1671
29049,1671
29050,1674
29051,1674
29051,1675
29052,1676
29053,1676
29053,1677
29054,1677
29055,1677
29056,1677
29057,1677
29058,1677
29059,1677
29059,1679
29060,1679
29061,1679
29061,1681
29062,1681
29063,1681
29064,1681
29065,1681
29065,1682
29066,1683
29067,1683
29068,1683
29069,1683
29069,1684
29070,1684
29071,1684
29072,1684
29073,1684
29074,1684
29075,1685
29076,1685
29077,1685
29077,1686
29078,1686
29078,1688
29079,1688
29080,1689
29081,1689
29082,1689
29083,1689
29084,1689
29085,1689
29086,1689
29087,1689
29088,1689
29089,1689
29090,1690
29091,1690
29092,1690
29092,1691
29093,1691
29094,1691
29095,1691
29095,1692
29096,1692
29097,1692
29098,1692
29099,1693
29100,1695
29100,1696
29101,1696
29102,1696
29103,1698
29103,1699
29104,1699
29105,1699
29105,1700
29106,1700
29107,1700
29108,1700
29108,1701
29109,1701
29110,1701
29111,1701
29112,1702
29113,1702
29113,1703
29114,1703
29115,1703
29115,1704
29116,1704
29117,1704
29118,1704
29118,1706
29119,1706
29119,1707
29120,1707
29121,1707
29122,1707
29122,1708
29123,1708
29124,1708
29125,1708
29125,1709
29126,1709
29126,1710
29127,1710
29128,1711
29128,1712
29129,1713
29131,1713
29132,1713
29133,1713
29134,1713
29135,1713
29136,1713
29137,1713
29138,1713
29138,1715
29139,1715
29140,1715
29140,1716
29141,1716
29142,1716
29143,1716
29143,1718
29144,1719
29145,1720
29146,1720
29146,1721
29147,1721
29148,1721
29149,1721
29150,1721
29151,1721
29152,1721
29153,1722
29154,1723
29154,1724
29155,1724
29156,1724
29156,1725
29157,1726
29158,1726
29159,1726
29159,1727
29160,1727
29161,1728
29162,1728
29163,1728
29164,1728
29164,1729
29165,1729
29165,1730
29166,1732
29167,1732
29168,1732
29169,1732
29170,1732
29171,1732
29172,1732
29173,1732
29174,1733
29175,1733
29175,1734
29176,1734
29177,1734
29178,1734
29179,1734
29180,1734
29181,1734
29181,1735
29182,1735
29183,1735
29183,1736
29184,1736
29185,1736
29186,1737
29186,1738
29187,1738
29188,1738
29189,1738
29190,1739
29191,1739
29192,1739
29192,1740
29193,1741
29194,1741
29195,1741
29196,1741
29197,1741
29198,1741
29199,1742
29200,1742
29200,1743
29201,1743
29202,1744
29203,1744
29203,1745
29204,1745
29204,1746
29205,1746
29205,1747
29206,1747
29207,1747
29208,1747
29209,1747
29210,1747
29210,1748
29211,1748
29211,1749
29212,1749
29213,1749
29214,1749
29215,1751
29216,1751
29217,1751
29218,1751
29219,1751
29220,1752
29220,1753
29221,1753
29222,1753
29223,1753
29224,1754
29225,1754
29226,1754
29226,1755
29227,1755
29228,1755
29229,1755
29230,1755
29231,1755
29232,1755
29233,1756
29234,1756
29235,1756
29236,1756
29237,1756
29238,1757
29239,1757
29240,1757
29241,1757
29242,1757
29242,1759
29243,1759
29244,1759
29244,1760
29245,1760
29245,1761
29246,1763
29247,1763
29248,1764
29249,1765
29250,1765
29251,1765
29252,1765
29252,1766
29253,1766
29254,1766
29255,1766
29256,1766
29257,1766
29258,1766
29259,1766
29260,1766
29260,1767
29261,1768
29262,1768
29262,1769
29263,1769
29264,1769
29265,1769
29266,1770
29266,1771
29267,1772
29268,1773
29269,1773
29270,1773
29271,1773
29272,1773
29273,1773
29273,1774
29274,1775
29275,1775
29275,1776
29276,1776
29277,1776
29278,1776
29279,1776
29280,1776
29281,1776
29282,1776
29283,1777
29284,1777
29284,1778
29285,1779
29286,1779
29287,1779
29288,1779
29289,1779
29289,1780
29290,1780
29291,1781
29291,1782
29292,1782
29292,1783
29293,1783
29293,1784
29294,1784
29295,1784
29296,1785
29297,1785
29298,1785
29299,1785
29299,1786
29300,1786
29301,1786
29301,1787
29302,1787
29303,1787
29304,1787
29305,1788
29306,1788
29306,1789
29307,1789
29308,1789
29308,1790
29309,1790
29310,1791
29310,1792
29310,1793
29311,1793
29312,1793
29313,1793
29313,1794
29314,1794
29315,1794
29316,1795
29316,1796
29317,1796
29318,1799
29319,1801
29319,1802
29320,1802
29320,1803
29321,1803
29322,1803
29323,1803
29324,1803
29325,1803
29326,1803
29327,1803
29327,1804
29328,1804
29329,1804
29330,1804
29331,1804
29331,1807
29332,1807
29332,1808
29333,1809
29334,1810
29334,1811
29335,1811
29335,1812
29336,1813
29337,1813
29337,1814
29338,1814
29339,1814
29340,1815
29341,1815
29342,1815
29342,1816
29343,1817
29344,1817
29344,1818
29345,1818
29345,1819
29346,1819
29347,1819
29347,1820
29348,1820
29348,1821
29349,1821
29350,1821
29351,1821
29352,1821
29352,1822
29353,1824
29354,1824
29355,1824
29356,1825
29356,1826
29357,1827
29358,1827
29359,1827
29360,1827
29361,1827
29362,1827
29363,1827
29363,1829
29364,1830
29364,1831
29365,1832
29366,1832
29366,1833
29367,1834
29368,1834
29369,1834
29370,1835
29370,1836
29371,1836
29372,1837
29372,1839
29373,1839
29374,1840
29375,1840
29376,1840
29377,1841
29378,1842
29379,1843
29380,1843
29381,1844
29382,1844
29382,1845
29383,1845
29384,1845
29385,1845
29385,1846
29386,1846
29387,1846
29387,1847
29388,1847
29389,1848
29390,1848
29391,1849
29392,1849
29393,1849
29394,1849
29394,1850
29395,1850
29396,1850
29397,1850
29397,1851
29398,1851
29399,1852
29399,1853
29400,1853
29401,1853
29402,1854
29403,1854
29404,1854
29404,1855
29405,1855
29406,1855
29407,1855
29408,1855
29409,1855
29410,1855
29411,1855
29412,1855
29413,1855
29413,1856
29414,1856
29415,1856
29416,1856
29417,1856
29418,1856
29418,1857
29419,1857
29420,1857
29421,1857
29422,1857
29423,1857
29424,1858
29425,1858
29426,1858
29427,1858
29428,1858
29429,1858
29430,1858
29430,1859
29431,1859
29432,1859
29433,1859
29434,1859
29435,1859
29436,1859
29437,1859
29438,1859
29439,1859
29440,1861
29441,1861
29442,1861
29443,1861
29444,1862
29444,1864
29445,1864
29446,1865
29447,1865
29448,1865
29449,1865
29450,1865
29451,1865
29452,1866
29453,1867
29454,1867
29455,1868
29456,1869
29457,1870
29458,1870
29459,1871
29460,1871
29461,1871
29462,1871
29463,1871
29464,1871
29465,1871
29466,1871
29467,1871
29467,1872
29468,1872
29469,1872
29470,1872
29471,1872
29472,1872
29473,1872
29474,1874
29475,1874
29476,1874
29476,1875
29477,1875
29478,1876
29479,1876
29479,1878
29480,1878
29481,1879
29482,1879
29483,1879
29484,1879
29484,1880
29485,1881
29486,1881
29487,1882
29488,1882
29489,1882
29489,1883
29490,1883
29491,1883
29491,1884
29492,1884
29493,1884
29494,1884
29495,1884
29496,1884
29497,1884
29498,1884
29499,1884
29500,1884
29501,1885
29501,1886
29502,1887
29503,1889
29504,1891
29504,1892
29505,1893
29506,1894
29507,1894
29508,1894
29509,1894
29510,1894
29511,1895
29512,1896
29512,1897
29513,1897
29513,1898
29514,1898
29514,1899
29515,1899
29516,1900
29517,1900
29518,1900
29519,1901
29520,1901
29521,1901
29522,1901
29523,1901
29524,1901
29525,1901
29525,1902
29526,1902
29527,1902
29528,1902
29529,1902
29529,1903
29530,1903
29531,1903
29532,1903
29533,1904
29534,1904
29535,1904
29536,1904
29536,1906
29537,1906
29538,1907
29539,1907
29539,1908
29540,1908
29541,1909
29542,1909
29543,1909
29544,1909
29545,1909
29546,1909
29546,1910
29547,1910
29548,1910
29549,1910
29549,1911
29550,1911
29551,1912
29552,1912
29553,1912
29554,1912
29555,1912
29556,1912
29557,1912
29558,1912
29559,1912
29560,1912
29561,1913
29562,1913
29562,1914
29563,1916
29564,1916
29565,1916
29566,1916
29567,1916
29568,1916
29568,1917
29569,1917
29569,1918
29570,1918
29571,1918
29572,1918
29572,1919
29573,1919
29574,1919
29575,1919
29576,1919
29577,1919
29577,1920
29578,1920
29579,1920
29580,1920
29580,1921
29581,1921
29582,1921
29582,1922
29583,1923
29584,1923
29584,1924
29585,1924
29585,1925
29586,1926
29587,1926
29588,1927
29589,1927
29590,1927
29591,1928
29592,1929
29593,1929
29593,1930
29594,1930
29595,1930
29595,1931
29596,1931
29596,1932
29597,1932
29597,1933
29598,1933
29599,1933
29600,1933
29601,1933
29602,1933
29602,1934
29603,1934
29604,1934
29605,1935
29606,1935
29606,1936
29607,1938
29607,1940
29608,1940
29609,1940
29610,1940
29611,1940
29611,1941
29612,1942
29613,1942
29614,1942
29614,1944
29615,1944
29615,1945
29616,1945
29617,1945
29617,1946
29618,1946
29619,1946
29620,1946
29621,1946
29622,1947
29623,1947
29624,1947
29625,1947
29626,1947
29626,1948
29627,1950
29628,1950
29629,1950
29630,1950
29631,1951
29631,1952
29632,1954
29633,1955
29633,1956
29634,1956
29635,1957
29636,1957
29637,1958
29638,1958
29638,1959
29639,1959
29640,1959
29641,1959
29642,1959
29643,1959
29644,1959
29644,1960
29645,1960
29646,1960
29647,1960
29647,1961
29648,1961
29649,1961
29650,1961
29651,1962
29652,1962
29653,1962
29654,1962
29655,1963
29655,1964
29656,1964
29657,1964
29658,1965
29659,1965
29660,1966
29661,1966
29661,1967
29662,1969
29662,1970
29663,1970
29664,1971
29665,1971
29665,1972
29666,1973
29666,1975
29667,1976
29668,1976
29669,1976
29669,1977
29670,1978
29671,1978
29672,1978
29673,1978
29674,1978
29675,1979
29676,1981
29677,1981
29677,1982
29678,1983
29679,1983
29679,1984
29680,1984
29681,1984
29682,1984
29683,1984
29684,1984
29684,1985
29685,1985
29686,1985
29687,1985
29688,1985
29689,1985
29690,1985
29690,1986
29691,1986
29692,1986
29693,1986
29694,1986
29695,1986
29696,1986
29697,1986
29698,1986
29698,1987
29699,1987
29700,1987
29701,1987
29702,1987
29703,1987
29707,1283199
29708,1283205
29709,1283219
29710,1283233
29711,1283248
29712,1283262
29713,1283276
29714,1283290
29715,1283304
29716,1283318
29716,1283319
29717,1283333
29718,1283348
29719,1283362
29720,1283376
29721,1283390
29722,1283404
29723,1283418
29724,1283432
29725,1283446
29726,1283460
29727,1283474
29728,1283488
29729,1283502
29731,1283517
29732,1283530
29733,1283544
29734,1283558
29735,1283571
29736,1283585
29737,1283598
29738,1283611
29739,1283624
29740,1283637
29741,1283651
29742,1283664
29743,1283678
29744,1283691
29745,1283704
29746,1283718
29747,1283731
29748,1283746
29749,1283760
29750,1283774
29751,1283789
29752,1283803
29753,1283817
29754,1283831
29755,1283846
29756,1283860
29757,1283875
29758,1283889
29759,1283904
29760,1283918
29760,1283919
29761,1283934
29762,1283948
29763,1283962
29764,1283976
29764,1283977
29765,1283991
29766,1284005
29767,1284019
29767,1284020
29768,1284034
29784,6333205
29785,6333211
29785,6333212
29786,6333227
29787,6333241
29788,6333255
29789,6333269
29790,6333284
29790,6333298
29791,6333313
29792,6333327
29793,6333341
29794,6333355
29795,6333370
29796,6333385
29797,6333399
29798,6333413
29799,6333413
29800,6333413
29801,6333413
29802,6333413
29803,6333413
29804,6333413
29804,6333415
29805,6333415
29806,6333415
29806,6333416
29807,6333416
29808,6333416
29809,6333416
29810,6333416
29810,6333417
29811,6333417
29812,6333417
29813,6333417
29814,6333417
29815,6333417
29816,6333417
29816,6333418
29817,6333418
29817,6333419
29818,6333419
29819,6333419
29820,6333419
29821,6333419
29821,6333420
29822,6333421
29822,6333422
29823,6333422
29824,6333422
29825,6333423
29826,6333423
29827,6333423
29828,6333423
29829,6333423
29830,6333423
29831,6333423
29832,6333423
29833,6333423
29834,6333423
29835,6333423
29836,6333423
29836,6333425
29837,6333425
29838,6333426
29839,6333426
29839,6333427
29840,6333427
29841,6333427
29841,6333429
29842,6333430
29843,6333432
29844,6333433
29845,6333433
29846,6333434
29846,6333435
29847,6333436
29848,6333436
29849,6333436
29850,6333436
29850,6333437
29851,6333437
29851,6333438
29852,6333438
29853,6333438
29854,6333438
29855,6333438
29856,6333438
29857,6333438
29858,6333438
29858,6333439
29859,6333439
29860,6333439
29861,6333439
29861,6333440
29862,6333440
29863,6333440
29864,6333442
29864,6333443
29865,6333443
29865,6333444
29866,6333444
29867,6333444
29868,6333444
29869,6333444
29870,6333444
29871,6333444
29872,6333444
29873,6333444
29874,6333444
29874,6333445
29875,6333445
29876,6333445
29877,6333445
29878,6333445
29879,6333445
29880,6333445
29881,6333445
29882,6333445
29883,6333445
29884,6333445
29885,6333445
29886,6333445
29887,6333445
29888,6333445
29889,6333445
29890,6333445
29891,6333445
29892,6333446
29892,6333447
29893,6333447
29894,6333447
29895,6333447
29896,6333448
29897,6333448
29898,6333449
29899,6333449
29900,6333449
29901,6333449
29901,6333450
29902,6333450
29903,6333450
29903,6333451
29904,6333451
29904,6333452
29905,6333452
29905,6333453
29906,6333453
29906,6333454
29907,6333454
29908,6333454
29909,6333454
29910,6333454
29911,6333455
29911,6333456
29912,6333456
29913,6333456
29914,6333457
29915,6333457
29915,6333458
29916,6333458
29917,6333458
29918,6333458
29918,6333459
29919,6333459
29920,6333459
29920,6333460
29921,6333460
29921,6333461
29922,6333461
29923,6333462
29924,6333462
29925,6333462
29926,6333463
29926,6333464
29927,6333464
29928,6333464
29929,6333466
29929,6333467
29930,6333467
29931,6333467
29931,6333468
29932,6333468
29933,6333468
29934,6333468
29934,6333469
29935,6333469
29935,6333470
29936,6333471
29937,6333471
29938,6333471
29938,6333472
29939,6333472
29940,6333472
29941,6333472
29942,6333472
29943,6333472
29944,6333472
29945,6333473
29946,6333473
29947,6333474
29948,6333475
29949,6333476
29950,6333476
29951,6333476
29952,6333476
29953,6333476
29954,6333476
29955,6333477
29956,6333478
29957,6333478
29958,6333478
29959,6333478
29960,6333478
29961,6333478
29962,6333479
29963,6333479
29964,6333479
29965,6333479
29966,6333479
29967,6333479
29968,6333479
29969,6333479
29970,6333479
29971,6333479
29972,6333479
29973,6333479
29973,6333480
29974,6333481
29974,6333482
29975,6333482
29976,6333483
29977,6333483
29978,6333484
29979,6333484
29980,6333484
29981,6333485
29982,6333485
29983,6333486
29984,6333486
29985,6333486
29986,6333487
29987,6333487
29988,6333488
29989,6333488
29990,6333488
29991,6333489
29992,6333490
29993,6333490
29994,6333491
29995,6333491
29995,6333492
29996,6333492
29997,6333492
29997,6333493
29998,6333493
29999,6333493
30000,6333493
30000,6333494
30001,6333495
30002,6333495
30002,6333496
30003,6333496
30004,6333496
30004,6333497
30005,6333497
30005,6333498
30006,6333498
30007,6333498
30008,6333498
30009,6333498
30010,6333498
30011,6333498
30012,6333498
30012,6333499
30013,6333499
30014,6333499
30015,6333499
30016,6333499
30016,6333501
30017,6333501
30018,6333502
30019,6333502
30020,6333502
30020,6333503
30021,6333503
30022,6333504
30023,6333504
30023,6333505
30024,6333506
30025,6333506
30026,6333506
30026,6333507
30027,6333508
30028,6333508
30029,6333508
30030,6333508
30030,6333509
30031,6333509
30032,6333509
30033,6333509
30034,6333509
30035,6333509
30035,6333510
30036,6333510
30037,6333511
30038,6333511
30039,6333512
30040,6333513
30041,6333513
30042,6333513
30043,6333513
30044,6333513
30045,6333513
30046,6333514
30047,6333514
30048,6333515
30049,6333516
30050,6333516
30051,6333516
30052,6333516
30053,6333516
30054,6333516
30055,6333516
30056,6333517
30057,6333517
30057,6333518
30058,6333518
30059,6333519
30060,6333519
30061,6333519
30061,6333520
30062,6333520
30063,6333521
30064,6333521
30065,6333521
30066,6333521
30067,6333521
30068,6333522
30069,6333522
30070,6333522
30071,6333523
30072,6333523
30073,6333523
30073,6333524
30074,6333524
30075,6333524
30076,6333524
30076,6333525
30077,6333525
30078,6333525
30079,6333525
30079,6333526
30080,6333526
30081,6333526
30082,6333526
30083,6333526
30083,6333527
30084,6333527
30085,6333528
30086,6333528
30087,6333528
30088,6333528
30089,6333528
30090,6333528
30091,6333528
30092,6333528
30092,6333529
30093,6333529
30094,6333529
30095,6333529
30096,6333529
30097,6333529
30098,6333529
30099,6333529
30100,6333529
30101,6333530
30102,6333530
30103,6333530
30104,6333530
30105,6333531
30106,6333531
30107,6333531
30108,6333531
30109,6333531
30109,6333532
30110,6333532
30111,6333533
30111,6333534
30112,6333534
30113,6333534
30114,6333534
30115,6333534
30116,6333534
30117,6333535
30118,6333535
30119,6333535
30120,6333535
30121,6333535
30122,6333535
30123,6333535
30124,6333535
30125,6333535
30126,6333535
30127,6333535
30128,6333535
30129,6333536
30130,6333536
30131,6333536
30132,6333536
30133,6333536
30134,6333536
30135,6333536
30136,6333536
30137,6333537
30138,6333537
30139,6333538
30140,6333538
30141,6333538
30142,6333538
30143,6333538
30144,6333538
30145,6333538
30146,6333538
30147,6333538
30148,6333538
30149,6333538
30150,6333538
30151,6333538
30152,6333538
30153,6333538
30154,6333538
30154,6333539
30155,6333539
30156,6333539
30157,6333539
30158,6333539
30159,6333539
30160,6333539
30161,6333539
30162,6333539
30163,6333539
30164,6333539
30165,6333539
30166,6333539
30167,6333539
30168,6333539
30169,6333539
30170,6333539
30171,6333539
30172,6333539
30173,6333539
30174,6333539
30175,6333539
30176,6333539
30177,6333539
30178,6333539
30179,6333540
30180,6333540
30181,6333541
30182,6333541
30183,6333541
30183,6333542
30184,6333542
30185,6333544
30186,6333544
30187,6333544
30188,6333544
30189,6333544
30189,6333545
30190,6333545
30191,6333545
30192,6333545
30192,6333546
30193,6333546
30194,6333546
30195,6333546
30196,6333546
30197,6333546
30198,6333546
30199,6333546
30200,6333546
30201,6333546
30202,6333546
30203,6333546
30203,6333547
30204,6333547
30205,6333547
30206,6333547
30207,6333547
30208,6333547
30209,6333547
30210,6333547
30211,6333547
30212,6333547
30213,6333547
30214,6333547
30214,6333548
30215,6333548
30216,6333548
30217,6333548
30218,6333549
30219,6333549
30220,6333549
30221,6333549
30222,6333550
30223,6333550
30224,6333550
30225,6333550
30226,6333550
30227,6333550
30228,6333550
30229,6333550
30229,6333551
30230,6333551
30231,6333552
30231,6333553
30232,6333553
30233,6333554
30234,6333554
30235,6333554
30235,6333555
30236,6333555
30236,6333556
30237,6333556
30238,6333556
30239,6333556
30240,6333556
30240,6333557
30241,6333557
30242,6333557
30243,6333557
30244,6333557
30245,6333557
30246,6333557
30247,6333557
30247,6333558
30248,6333558
30249,6333558
30250,6333558
30251,6333558
30252,6333558
30253,6333558
30254,6333558
30255,6333558
30255,6333559
30256,6333561
30256,6333562
30257,6333562
30257,6333563
30258,6333563
30259,6333563
30260,6333563
30261,6333563
30262,6333563
30263,6333563
30264,6333563
30265,6333563
30265,6333564
30266,6333564
30266,6333565
30267,6333565
30268,6333565
30269,6333565
30269,6333566
30270,6333567
30271,6333567
30272,6333567
30273,6333567
30273,6333568
30274,6333568
30275,6333568
30276,6333568
30277,6333568
30278,6333568
30279,6333568
30279,6333569
30280,6333569
30281,6333569
30282,6333569
30283,6333569
30284,6333569
30285,6333569
30285,6333571
30286,6333571
30286,6333572
30287,6333572
30287,6333573
30288,6333573
30288,6333574
30289,6333574
30290,6333574
30291,6333574
30292,6333575
30292,6333576
30293,6333576
30294,6333576
30295,6333576
30295,6333577
30296,6333577
30296,6333578
30297,6333578
30298,6333578
30299,6333578
30300,6333578
30301,6333578
30302,6333578
30303,6333578
30304,6333578
30305,6333579
30305,6333580
30306,6333580
30307,6333580
30308,6333580
30309,6333580
30310,6333580
30311,6333580
30311,6333581
30312,6333581
30313,6333581
30314,6333581
30315,6333582
30316,6333583
30316,6333584
30317,6333584
30318,6333584
30319,6333584
30320,6333584
30321,6333584
30321,6333586
30322,6333586
30323,6333586
30324,6333586
30324,6333588
30325,6333588
30326,6333588
30327,6333588
30328,6333590
30329,6333590
30330,6333591
30331,6333591
30332,6333591
30333,6333591
30333,6333592
30334,6333593
30335,6333593
30336,6333593
30337,6333593
30338,6333593
30339,6333594
30340,6333594
30341,6333594
30342,6333594
30343,6333594
30344,6333596
30344,6333597
30345,6333598
30346,6333598
30347,6333598
30348,6333598
30349,6333598
30350,6333598
30351,6333598
30352,6333598
30353,6333598
30354,6333598
30355,6333598
30356,6333598
30357,6333598
30357,6333599
30358,6333599
30358,6333600
30359,6333600
30360,6333600
30361,6333600
30362,6333600
30363,6333600
30364,6333600
30365,6333600
30366,6333600
30367,6333600
30368,6333601
30368,6333602
30369,6333602
30370,6333602
30371,6333603
30372,6333603
30373,6333603
30374,6333603
30375,6333603
30376,6333603
30377,6333603
30378,6333603
30379,6333603
30380,6333603
30381,6333603
30382,6333603
30383,6333603
30384,6333604
30385,6333604
30385,6333605
30386,6333605
30387,6333605
30388,6333605
30389,6333605
30390,6333605
30391,6333605
30392,6333605
30393,6333605
30394,6333606
30395,6333607
30396,6333607
30396,6333608
30397,6333608
30398,6333608
30399,6333608
30399,6333609
30400,6333609
30401,6333609
30402,6333609
30403,6333609
30404,6333609
30405,6333609
30406,6333609
30407,6333609
30408,6333609
30409,6333609
30410,6333609
30411,6333610
30411,6333611
30412,6333611
30413,6333612
30414,6333614
30415,6333614
30416,6333614
30417,6333614
30418,6333614
30419,6333614
30420,6333614
30421,6333614
30422,6333614
30423,6333614
30424,6333614
30425,6333615
30426,6333615
30427,6333615
30428,6333615
30429,6333616
30430,6333617
30431,6333617
30432,6333618
30433,6333618
30434,6333618
30435,6333618
30436,6333618
30436,6333619
30437,6333619
30438,6333619
30439,6333620
30439,6333621
30440,6333621
30441,6333621
30441,6333622
30442,6333622
30443,6333623
30444,6333623
30445,6333623
30446,6333623
30446,6333624
30447,6333624
30448,6333624
30449,6333624
30450,6333624
30451,6333625
30452,6333625
30453,6333625
30453,6333626
30454,6333627
30454,6333628
30455,6333628
30456,6333628
30457,6333628
30458,6333629
30459,6333629
30460,6333629
30461,6333629
30462,6333630
30462,6333631
30463,6333631
30464,6333631
30465,6333632
30466,6333632
30467,6333632
30468,6333632
30469,6333632
30470,6333634
30471,6333634
30472,6333634
30473,6333634
30474,6333634
30475,6333634
30476,6333634
30477,6333635
30477,6333636
30478,6333636
30479,6333636
30480,6333636
30481,6333636
30482,6333637
30483,6333637
30484,6333637
30485,6333637
30486,6333637
30487,6333637
30488,6333639
30489,6333640
30490,6333640
30491,6333640
30492,6333640
30493,6333640
30494,6333640
30495,6333640
30496,6333640
30496,6333641
30497,6333641
30497,6333642
30498,6333642
30499,6333642
30500,6333642
30501,6333643
30502,6333643
30503,6333643
30504,6333643
30504,6333644
30505,6333644
30506,6333644
30507,6333644
30508,6333644
30509,6333644
30509,6333645
30510,6333645
30511,6333645
30512,6333646
30513,6333646
30513,6333648
30514,6333648
30515,6333648
30516,6333648
30517,6333648
30518,6333648
30519,6333648
30520,6333648
30521,6333648
30521,6333649
30522,6333649
30523,6333649
30524,6333649
30524,6333650
30525,6333650
30525,6333651
30526,6333651
30527,6333651
30528,6333651
30529,6333651
30529,6333652
30530,6333653
30531,6333653
30531,6333654
30532,6333654
30533,6333654
30533,6333655
30534,6333655
30534,6333656
30535,6333656
30536,6333656
30537,6333656
30538,6333656
30539,6333657
30539,6333658
30540,6333658
30540,6333659
30541,6333660
30542,6333661
30543,6333661
30544,6333661
30545,6333661
30546,6333661
30547,6333662
30548,6333662
30548,6333664
30549,6333665
30549,6333666
30550,6333666
30551,6333666
30552,6333666
30553,6333666
30554,6333667
30554,6333668
30555,6333668
30556,6333668
30557,6333668
30558,6333668
30558,6333669
30559,6333669
30559,6333670
30560,6333670
30561,6333670
30562,6333670
30563,6333670
30563,6333671
30564,6333671
30564,6333672
30565,6333672
30565,6333674
30566,6333674
30567,6333675
30568,6333675
30569,6333676
30571,6333676
30572,6333676
30573,6333677
30574,6333677
30575,6333677
30576,6333677
30577,6333677
30578,6333678
30578,6333679
30579,6333680
30580,6333680
30581,6333680
30582,6333680
30583,6333680
30584,6333680
30585,6333680
30586,6333680
30587,6333682
30588,6333683
30589,6333683
30590,6333683
30591,6333683
30591,6333684
30592,6333684
30593,6333684
30593,6333685
30594,6333685
30594,6333686
30595,6333686
30596,6333687
30597,6333687
30598,6333687
30599,6333687
30600,6333687
30601,6333687
30602,6333688
30603,6333688
30604,6333690
30605,6333690
30606,6333690
30607,6333690
30608,6333690
30609,6333690
30609,6333691
30610,6333691
30611,6333691
30612,6333691
30612,6333692
30613,6333692
30613,6333693
30614,6333693
30614,6333694
30615,6333695
30616,6333696
30617,6333696
30618,6333696
30619,6333696
30620,6333696
30620,6333697
30621,6333698
30622,6333698
30623,6333698
30623,6333699
30624,6333700
30625,6333701
30626,6333701
30627,6333701
30628,6333702
30629,6333702
30630,6333702
30630,6333703
30631,6333703
30632,6333703
30633,6333703
30633,6333704
30634,6333704
30634,6333706
30635,6333706
30636,6333706
30637,6333706
30638,6333706
30639,6333706
30640,6333706
30641,6333706
30642,6333707
30643,6333707
30644,6333707
30645,6333707
30646,6333707
30646,6333708
30647,6333708
30648,6333708
30649,6333708
30649,6333710
30650,6333710
30651,6333710
30652,6333710
30652,6333711
30653,6333711
30654,6333711
30655,6333711
30656,6333711
30657,6333711
30658,6333711
30659,6333711
30660,6333711
30660,6333712
30661,6333712
30662,6333712
30663,6333713
30664,6333713
30664,6333714
30665,6333714
30666,6333714
30666,6333715
30667,6333715
30668,6333715
30668,6333716
30669,6333716
30669,6333717
30670,6333718
30671,6333718
30672,6333718
30673,6333718
30674,6333719
30675,6333719
30675,6333720
30676,6333720
30677,6333720
30678,6333721
30679,6333721
30680,6333722
30680,6333723
30681,6333723
30681,6333724
30682,6333724
30683,6333725
30684,6333725
30685,6333725
30686,6333725
30687,6333725
30688,6333725
30688,6333726
30689,6333726
30689,6333727
30690,6333727
30690,6333728
30691,6333728
30692,6333728
30693,6333729
30694,6333729
30695,6333729
30696,6333730
30697,6333730
30698,6333731
30698,6333732
30699,6333732
30700,6333732
30701,6333734
30702,6333734
30703,6333735
30703,6333736
30704,6333737
30704,6333738
30705,6333739
30706,6333740
30707,6333740
30707,6333741
30708,6333741
30709,6333743
30710,6333743
30711,6333743
30712,6333743
30713,6333743
30714,6333743
30715,6333743
30716,6333743
30716,6333744
30717,6333744
30718,6333744
30719,6333744
30719,6333745
30720,6333745
30720,6333746
30721,6333747
30721,6333748
30722,6333748
30723,6333748
30723,6333749
30724,6333750
30725,6333750
30726,6333750
30727,6333750
30727,6333753
30728,6333753
30728,6333754
30729,6333755
30729,6333756
30730,6333756
30730,6333758
30731,6333758
30732,6333758
30733,6333758
30733,6333759
30734,6333759
30735,6333759
30735,6333760
30736,6333760
30737,6333760
30737,6333761
30738,6333761
30739,6333762
30740,6333763
30740,6333764
30741,6333764
30742,6333764
30742,6333765
30743,6333765
30744,6333765
30745,6333765
30746,6333765
30747,6333766
30748,6333766
30749,6333766
30749,6333767
30750,6333768
30751,6333768
30752,6333769
30752,6333770
30753,6333770
30753,6333771
30754,6333771
30755,6333772
30756,6333772
30757,6333772
30757,6333773
30758,6333773
30759,6333773
30760,6333773
30761,6333773
30762,6333773
30763,6333773
30764,6333773
30765,6333773
30766,6333773
30767,6333773
30768,6333774
30768,6333775
30769,6333775
30770,6333775
30771,6333776
30771,6333777
30772,6333777
30773,6333777
30774,6333777
30775,6333777
30776,6333777
30777,6333778
30778,6333778
30779,6333778
30780,6333778
30780,6333779
30781,6333780
30782,6333781
30783,6333781
30784,6333782
30785,6333782
30786,6333782
30787,6333782
30787,6333783
30788,6333783
30789,6333784
30789,6333785
30790,6333786
30791,6333786
30792,6333786
30793,6333786
30794,6333786
30794,6333788
30795,6333788
30796,6333788
30796,6333789
30797,6333789
30797,6333790
30798,6333790
30799,6333790
30800,6333790
30801,6333790
30801,6333792
30802,6333792
30803,6333792
30804,6333792
30805,6333792
30806,6333792
30807,6333792
30808,6333794
30809,6333794
30809,6333795
30810,6333796
30810,6333797
30811,6333797
30811,6333798
30812,6333798
30812,6333799
30813,6333799
30814,6333799
30814,6333800
30815,6333800
30816,6333800
30816,6333801
30817,6333801
30818,6333801
30819,6333801
30820,6333801
30821,6333801
30822,6333801
30823,6333801
30824,6333801
30825,6333801
30825,6333802
30826,6333803
30827,6333803
30828,6333803
30829,6333803
30830,6333803
30831,6333805
30831,6333807
30832,6333807
30833,6333809
30834,6333809
30835,6333810
30836,6333811
30836,6333812
30837,6333813
30838,6333813
30839,6333813
30840,6333814
30841,6333814
30842,6333814
30843,6333815
30843,6333816
30844,6333816
30845,6333816
30846,6333817
30847,6333817
30848,6333817
30849,6333817
30849,6333818
30850,6333818
30851,6333818
30852,6333819
30852,6333820
30853,6333820
30854,6333820
30854,6333821
30855,6333821
30855,6333822
30856,6333822
30857,6333823
30858,6333823
30858,6333824
30859,6333824
30860,6333824
30861,6333824
30862,6333824
30863,6333824
30864,6333825
30865,6333825
30866,6333826
30867,6333826
30868,6333828
30868,6333829
30869,6333829
30870,6333829
30871,6333830
30872,6333831
30873,6333831
30874,6333831
30875,6333831
30876,6333831
30877,6333831
30878,6333832
30878,6333833
30879,6333833
30880,6333833
30881,6333833
30882,6333833
30883,6333835
30883,6333836
30884,6333836
30885,6333836
30885,6333837
30886,6333838
30886,6333839
30887,6333839
30888,6333839
30889,6333839
30889,6333840
30890,6333840
30891,6333841
30892,6333841
30893,6333841
30894,6333841
30895,6333841
30896,6333842
30897,6333842
30897,6333844
30898,6333844
30899,6333844
30900,6333844
30901,6333844
30901,6333845
30902,6333845
30903,6333845
30904,6333845
30905,6333846
30905,6333848
30906,6333849
30906,6333850
30907,6333851
30907,6333852
30908,6333852
30909,6333852
30909,6333853
30910,6333853
30911,6333853
30912,6333853
30912,6333854
30913,6333855
30914,6333855
30914,6333856
30915,6333857
30916,6333858
30917,6333858
30918,6333859
30918,6333861
30919,6333862
30920,6333863
30921,6333863
30922,6333863
30922,6333864
30923,6333864
30924,6333865
30924,6333866
30925,6333866
30925,6333867
30926,6333867
30927,6333867
30927,6333868
30928,6333870
30929,6333871
30930,6333871
30931,6333871
30931,6333872
30932,6333872
30933,6333872
30933,6333873
30934,6333873
30935,6333873
30936,6333874
30936,6333875
30937,6333875
30938,6333876
30939,6333876
30939,6333877
30940,6333877
30941,6333877
30941,6333878
30942,6333878
30943,6333878
30944,6333879
30944,6333880
30945,6333880
30946,6333881
30947,6333881
30947,6333882
30948,6333882
30949,6333882
30949,6333883
30950,6333883
30951,6333883
30952,6333883
30953,6333883
30954,6333883
30955,6333883
30956,6333884
30957,6333884
30958,6333885
30959,6333886
30960,6333886
30961,6333888
30961,6333889
30962,6333890
30962,6333891
30963,6333891
30964,6333891
30965,6333892
30966,6333893
30966,6333894
30967,6333894
30968,6333894
30969,6333895
30970,6333896
30970,6333897
30971,6333897
30972,6333897
30973,6333897
30973,6333898
30974,6333899
30975,6333899
30976,6333899
30977,6333899
30978,6333899
30979,6333899
30979,6333900
30980,6333901
30980,6333902
30981,6333902
30982,6333902
30982,6333904
30983,6333905
30984,6333905
30985,6333906
30986,6333906
30987,6333907
30987,6333908
30988,6333909
30989,6333910
30990,6333910
30991,6333910
30991,6333911
30992,6333914
30992,6333915
30993,6333916
30994,6333917
30995,6333917
30996,6333917
30997,6333917
30998,6333917
30999,6333919
30999,6333921
31000,6333921
31000,6333922
31001,6333922
31002,6333923
31003,6333923
31004,6333923
31004,6333924
31005,6333924
31005,6333925
31006,6333925
31007,6333926
31008,6333926
31009,6333927
31009,6333928
31010,6333929
31011,6333931
31012,6333931
31013,6333932
31013,6333933
31014,6333933
31014,6333934
31015,6333934
31015,6333935
31016,6333935
31016,6333937
31017,6333938
31018,6333938
31018,6333939
31019,6333940
31019,6333941
31020,6333941
31020,6333942
31021,6333942
31022,6333942
31023,6333943
31024,6333945
31025,6333945
31026,6333945
31027,6333946
31028,6333946
31029,6333946
31029,6333947
31030,6333947
31030,6333949
31031,6333950
31032,6333950
31033,6333950
31034,6333951
31034,6333953
31035,6333954
31035,6333955
31036,6333956
31037,6333956
31038,6333956
31039,6333956
31039,6333957
31040,6333958
31040,6333959
31041,6333959
31041,6333960
31042,6333960
31043,6333960
31043,6333961
31044,6333961
31045,6333961
31046,6333961
31046,6333963
31047,6333963
31047,6333964
31048,6333965
31049,6333966
31049,6333967
31050,6333969
31050,6333971
31051,6333971
31052,6333972
31052,6333973
31053,6333973
31053,6333974
31054,6333974
31055,6333974
31056,6333974
31056,6333976
31057,6333977
31058,6333977
31058,6333978
31059,6333979
31060,6333979
31060,6333980
31061,6333980
31062,6333980
31063,6333981
31064,6333981
31065,6333983
31066,6333984
31067,6333984
31068,6333986
31069,6333987
31069,6333988
31070,6333988
31070,6333990
31071,6333990
31072,6333990
31073,6333991
31074,6333991
31075,6333991
31076,6333993
31076,6333994
31077,6333994
31077,6333996
31078,6333996
31078,6333998
31079,6333998
31080,6333998
31081,6333998
31082,6333999
31083,6333999
31083,6334000
31084,6334000
31085,6334000
31085,6334003
31086,6334004
31086,6334005
31087,6334006
31088,6334006
31088,6334007
31089,6334009
31090,6334010
31091,6334012
31092,6334014
31093,6334015
31094,6334015
31095,6334016
31096,6334016
31096,6334017
31097,6334018
31098,6334018
31098,6334019
31099,6334021
31099,6334022
31100,6334023
31100,6334026
31101,6334027
31102,6334028
31103,6334028
31104,6334028
31104,6334030
31105,6334030
31105,6334031
31106,6334032
31107,6334032
31108,6334033
31108,6334035
31109,6334036
31109,6334037
31110,6334037
31110,6334039
31111,6334039
31111,6334040
31112,6334040
31113,6334041
31114,6334042
31114,6334043
31115,6334043
31116,6334044
31117,6334044
31118,6334044
31119,6334044
31119,6334045
31120,6334045
31120,6334046
31121,6334046
31122,6334047
31122,6334048
31123,6334050
31124,6334051
31125,6334051
31125,6334052
31126,6334052
31127,6334053
31128,6334053
31128,6334054
31129,6334055
31129,6334057
31130,6334057
31131,6334057
31131,6334059
31132,6334059
31133,6334059
31134,6334059
31135,6334059
31136,6334059
31136,6334060
31137,6334060
31138,6334061
31139,6334062
31140,6334063
31141,6334063
31142,6334063
31143,6334065
31143,6334067
31144,6334068
31144,6334070
31145,6334072
31145,6334074
31146,6334074
31147,6334074
31147,6334075
31148,6334075
31149,6334075
31150,6334075
31151,6334076
31152,6334076
31153,6334076
31154,6334077
31154,6334079
31155,6334080
31155,6334081
31156,6334081
31157,6334082
31157,6334083
31158,6334084
31158,6334085
31159,6334085
31160,6334086
31161,6334087
31162,6334087
31163,6334087
31163,6334088
31164,6334088
31164,6334089
31165,6334090
31166,6334090
31166,6334091
31167,6334091
31168,6334091
31169,6334092
31169,6334094
31170,6334094
31170,6334095
31171,6334096
31172,6334096
31173,6334096
31173,6334097
31174,6334097
31175,6334097
31176,6334097
31177,6334098
31178,6334099
31179,6334102
31179,6334103
31180,6334104
31181,6334106
31181,6334107
31182,6334108
31182,6334110
31183,6334110
31183,6334111
31184,6334112
31184,6334113
31185,6334115
31185,6334116
31186,6334116
31186,6334117
31187,6334117
31188,6334117
31188,6334118
31189,6334118
31189,6334120
31190,6334121
31191,6334121
31192,6334121
31192,6334122
31193,6334122
31193,6334123
31194,6334123
31194,6334125
31195,6334125
31195,6334126
31196,6334126
31196,6334127
31197,6334127
31198,6334127
31198,6334128
31199,6334129
31200,6334129
31200,6334130
31201,6334131
31201,6334132
31202,6334132
31202,6334136
31203,6334137
31203,6334141
31204,6334142
31205,6334143
31206,6334143
31207,6334144
31207,6334147
31208,6334147
31208,6334149
31209,6334149
31210,6334149
31211,6334150
31212,6334151
31212,6334152
31213,6334152
31214,6334152
31215,6334152
31216,6334153
31217,6334153
31217,6334154
31218,6334154
31219,6334154
31220,6334154
31221,6334154
31222,6334155
31222,6334156
31223,6334156
31224,6334156
31224,6334159
31225,6334160
31226,6334161
31226,6334162
31227,6334162
31227,6334163
31228,6334163
31229,6334163
31229,6334164
31230,6334165
31230,6334166
31231,6334166
31231,6334168
31232,6334168
31233,6334168
31234,6334169
31235,6334170
31236,6334170
31237,6334170
31238,6334171
31238,6334172
31239,6334173
31239,6334174
31240,6334174
31240,6334175
31241,6334175
31242,6334175
31243,6334175
31244,6334176
31244,6334177
31245,6334177
31245,6334178
31246,6334178
31246,6334179
31247,6334179
31248,6334183
31248,6334185
31249,6334185
31249,6334186
31250,6334186
31251,6334187
31252,6334187
31252,6334188
31253,6334188
31253,6334190
31254,6334190
31255,6334191
31256,6334191
31257,6334192
31258,6334193
31259,6334193
31260,6334196
31261,6334196
31262,6334198
31262,6334200
31263,6334200
31264,6334200
31265,6334200
31266,6334200
31267,6334204
31268,6334204
31269,6334206
31270,6334206
31270,6334207
31271,6334207
31271,6334208
31272,6334209
31272,6334210
31273,6334212
31273,6334213
31274,6334214
31275,6334215
31276,6334215
31277,6334216
31277,6334217
31278,6334218
31279,6334218
31280,6334220
31280,6334221
31281,6334221
31282,6334221
31282,6334222
31283,6334223
31284,6334223
31285,6334224
31285,6334225
31286,6334227
31286,6334228
31287,6334228
31288,6334229
31288,6334230
31289,6334230
31290,6334230
31291,6334231
31292,6334231
31293,6334232
31294,6334233
31294,6334234
31295,6334235
31295,6334236
31296,6334237
31296,6334238
31297,6334238
31298,6334239
31298,6334240
31299,6334240
31300,6334240
31300,6334241
31301,6334241
31302,6334242
31302,6334243
31303,6334243
31304,6334244
31305,6334245
31305,6334246
31306,6334248
31306,6334249
31307,6334250
31307,6334253
31308,6334254
31309,6334255
31310,6334256
31310,6334259
31311,6334261
31312,6334261
31313,6334261
31314,6334261
31314,6334263
31315,6334263
31316,6334264
31316,6334266
31317,6334268
31318,6334269
31318,6334270
31319,6334270
31319,6334271
31320,6334271
31320,6334273
31321,6334274
31322,6334275
31322,6334276
31323,6334277
31323,6334279
31324,6334279
31325,6334279
31326,6334279
31326,6334280
31327,6334282
31328,6334282
31329,6334283
31330,6334284
31330,6334285
31331,6334285
31331,6334286
31332,6334287
31332,6334288
31333,6334288
31334,6334288
31335,6334289
31336,6334291
31336,6334292
31337,6334293
31338,6334294
31338,6334295
31339,6334295
31339,6334296
31340,6334299
31340,6334300
31341,6334300
31342,6334303
31342,6334305
31343,6334305
31343,6334306
31344,6334306
31344,6334307
31345,6334308
31345,6334309
31346,6334309
31346,6334310
31347,6334311
31348,6334312
31348,6334314
31349,6334314
31350,6334314
31350,6334315
31351,6334316
31352,6334316
31352,6334317
31353,6334319
31354,6334319
31355,6334321
31356,6334321
31356,6334322
31357,6334323
31357,6334324
31358,6334324
31358,6334325
31359,6334325
31360,6334326
31361,6334326
31362,6334327
31363,6334327
31363,6334329
31364,6334329
31364,6334331
31365,6334331
31365,6334332
31366,6334333
31367,6334333
31368,6334333
31368,6334334
31369,6334334
31369,6334336
31370,6334336
31370,6334337
31371,6334338
31371,6334339
31372,6334341
31372,6334343
31373,6334343
31373,6334344
31374,6334345
31374,6334346
31375,6334347
31376,6334349
31377,6334349
31378,6334349
31379,6334351
31380,6334351
31380,6334353
31381,6334353
31381,6334354
31382,6334355
31382,6334357
31383,6334357
31383,6334358
31384,6334358
31384,6334361
31385,6334362
31386,6334363
31387,6334363
31387,6334364
31388,6334365
31389,6334365
31389,6334366
31390,6334367
31390,6334368
31391,6334368
31391,6334370
31392,6334370
31393,6334370
31393,6334371
31394,6334372
31395,6334372
31396,6334373
31396,6334374
31397,6334377
31397,6334379
31398,6334380
31399,6334380
31399,6334381
31400,6334382
31400,6334383
31401,6334385
31402,6334385
31402,6334386
31403,6334387
31403,6334388
31404,6334389
31404,6334390
31405,6334390
31405,6334391
31406,6334392
31406,6334393
31407,6334393
31408,6334394
31408,6334395
31409,6334397
31409,6334398
31410,6334398
31411,6334398
31411,6334399
31412,6334399
31412,6334401
31413,6334403
31414,6334403
31414,6334404
31415,6334404
31416,6334406
31416,6334407
31417,6334407
31417,6334409
31418,6334409
31418,6334410
31419,6334411
31419,6334413
31420,6334413
31421,6334414
31422,6334416
31422,6334418
31423,6334419
31424,6334419
31424,6334420
31425,6334423
31426,6334425
31426,6334427
31427,6334427
31427,6334429
31428,6334429
31428,6334430
31429,6334433
31429,6334435
31430,6334436
31430,6334437
31431,6334439
31431,6334441
31432,6334442
31432,6334443
31433,6334445
31433,6334447
31434,6334448
31435,6334448
31435,6334451
31436,6334451
31437,6334452
31437,6334453
31438,6334454
31439,6334454
31440,6334455
31441,6334455
31441,6334456
31442,6334458
31442,6334460
31443,6334460
31444,6334461
31445,6334461
31445,6334463
31446,6334463
31446,6334464
31447,6334464
31447,6334466
31448,6334467
31449,6334467
31450,6334467
31450,6334469
31451,6334471
31452,6334471
31453,6334471
31454,6334473
31454,6334475
31455,6334475
31455,6334477
31456,6334478
31457,6334478
31457,6334479
31458,6334480
31458,6334482
31459,6334482
31460,6334482
31461,6334483
31461,6334484
31462,6334484
31463,6334486
31463,6334487
31464,6334487
31464,6334490
31465,6334492
31465,6334493
31466,6334493
31466,6334494
31467,6334494
31467,6334495
31468,6334496
31468,6334497
31469,6334497
31469,6334498
31470,6334500
31470,6334502
31471,6334503
31471,6334504
31472,6334504
31473,6334508
31474,6334509
31474,6334512
31475,6334512
31476,6334512
31476,6334515
31477,6334515
31477,6334516
31478,6334516
31479,6334516
31479,6334517
31480,6334517
31480,6334519
31481,6334519
31481,6334521
31482,6334521
31483,6334521
31483,6334522
31484,6334522
31484,6334524
31485,6334525
31486,6334526
31487,6334526
31487,6334528
31488,6334529
31488,6334530
31489,6334530
31489,6334532
31490,6334532
31490,6334533
31491,6334534
31491,6334537
31492,6334538
31492,6334541
31493,6334544
31494,6334545
31495,6334546
31495,6334547
31496,6334547
31496,6334551
31497,6334553
31498,6334554
31498,6334556
31499,6334557
31499,6334559
31500,6334559
31500,6334560
31501,6334562
31502,6334564
31502,6334566
31503,6334566
31504,6334567
31505,6334567
31506,6334567
31506,6334569
31507,6334571
31507,6334572
31508,6334572
31509,6334574
31509,6334575
31510,6334576
31510,6334578
31511,6334578
31512,6334579
31512,6334580
31513,6334580
31514,6334581
31515,6334581
31515,6334582
31516,6334583
31516,6334585
31517,6334586
31517,6334589
31518,6334589
31518,6334591
31519,6334591
31519,6334593
31520,6334593
31521,6334594
31522,6334594
31522,6334595
31523,6334596
31524,6334597
31524,6334598
31525,6334600
31525,6334601
31526,6334601
31526,6334603
31527,6334604
31528,6334604
31528,6334605
31529,6334605
31529,6334606
31530,6334606
31531,6334607
31532,6334609
31532,6334611
31533,6334612
31534,6334612
31534,6334613
31535,6334613
31536,6334614
31536,6334615
31537,6334618
31538,6334619
31538,6334621
31539,6334621
31539,6334623
31540,6334624
31540,6334625
31541,6334627
31542,6334629
31542,6334630
31543,6334632
31543,6334633
31544,6334634
31544,6334635
31545,6334636
31546,6334638
31546,6334641
31547,6334644
31547,6334646
31548,6334646
31549,6334648
31549,6334649
31550,6334650
31551,6334650
31552,6334653
31552,6334655
31553,6334657
31554,6334659
31555,6334661
31556,6334661
31556,6334664
31557,6334665
31557,6334666
31558,6334668
31558,6334669
31559,6334670
31559,6334672
31560,6334674
31561,6334674
31561,6334676
31562,6334676
31562,6334678
31563,6334679
31564,6334680
31564,6334681
31565,6334683
31565,6334686
31566,6334686
31566,6334688
31567,6334689
31567,6334690
31568,6334692
31568,6334696
31569,6334697
31569,6334698
31570,6334700
31570,6334701
31571,6334702
31572,6334702
31572,6334704
31573,6334707
31573,6334709
31574,6334710
31575,6334710
31575,6334711
31576,6334712
31577,6334715
31577,6334717
31578,6334718
31578,6334720
31579,6334721
31579,6334724
31580,6334725
31580,6334726
31581,6334726
31581,6334727
31582,6334727
31582,6334730
31583,6334730
31583,6334731
31584,6334732
31584,6334734
31585,6334737
31586,6334739
31586,6334740
31587,6334741
31587,6334745
31588,6334745
31588,6334747
31589,6334748
31589,6334750
31590,6334750
31590,6334752
31591,6334753
31591,6334754
31592,6334754
31592,6334755
31593,6334756
31594,6334756
31594,6334759
31595,6334759
31596,6334759
31596,6334760
31597,6334761
31597,6334762
31598,6334762
31599,6334762
31600,6334764
31601,6334765
31602,6334767
31602,6334768
31603,6334772
31604,6334772
31604,6334774
31605,6334775
31605,6334776
31606,6334780
31607,6334781
31608,6334782
31608,6334783
31609,6334783
31610,6334783
31610,6334785
31611,6334785
31611,6334786
31612,6334786
31612,6334787
31613,6334787
31614,6334788
31614,6334790
31615,6334792
31615,6334794
31616,6334795
31617,6334795
31617,6334798
31618,6334799
31618,6334801
31619,6334802
31619,6334803
31620,6334804
31621,6334804
31621,6334805
31622,6334808
31623,6334808
31623,6334810
31624,6334811
31624,6334812
31625,6334812
31625,6334814
31626,6334817
31626,6334818
31627,6334818
31627,6334819
31628,6334819
31629,6334821
31629,6334822
31630,6334823
31631,6334823
31632,6334823
31632,6334824
31633,6334824
31633,6334826
31634,6334827
31634,6334829
31635,6334831
31635,6334832
31636,6334834
31636,6334836
31637,6334836
31637,6334837
31638,6334838
31639,6334838
31639,6334839
31640,6334840
31640,6334841
31641,6334841
31641,6334843
31642,6334845
31642,6334846
31643,6334850
31644,6334850
31644,6334851
31645,6334851
31645,6334854
31646,6334854
31647,6334857
31648,6334857
31648,6334858
31649,6334861
31650,6334862
31651,6334863
31651,6334864
31652,6334865
31653,6334867
31654,6334868
31654,6334869
31655,6334869
31656,6334869
31656,6334871
31657,6334871
31657,6334872
31658,6334873
31658,6334875
31659,6334875
31660,6334878
31661,6334879
31662,6334880
31663,6334880
31663,6334881
31664,6334883
31665,6334885
31665,6334887
31666,6334888
31666,6334891
31667,6334891
31667,6334893
31668,6334893
31668,6334896
31669,6334896
31669,6334898
31670,6334899
31671,6334899
31671,6334900
31672,6334904
31673,6334904
31673,6334905
31674,6334906
31675,6334908
31675,6334910
31676,6334912
31676,6334913
31677,6334914
31677,6334915
31678,6334917
31678,6334918
31679,6334919
31679,6334921
31680,6334922
31680,6334924
31681,6334924
31682,6334926
31682,6334927
31683,6334927
31683,6334930
31684,6334930
31684,6334932
31685,6334932
31685,6334934
31686,6334934
31686,6334935
31687,6334935
31687,6334936
31688,6334937
31689,6334940
31689,6334941
31690,6334941
31691,6334942
31691,6334943
31692,6334943
31692,6334944
31693,6334944
31694,6334947
31694,6334951
31695,6334952
31695,6334954
31696,6334954
31696,6334956
31697,6334956
31697,6334957
31698,6334958
31698,6334960
31699,6334963
31699,6334965
31700,6334966
31700,6334967
31701,6334968
31701,6334969
31702,6334970
31702,6334973
31703,6334974
31703,6334978
31704,6334981
31704,6334982
31705,6334982
31705,6334984
31706,6334985
31706,6334988
31707,6334988
31707,6334991
31708,6334992
31708,6334993
31709,6334994
31709,6334996
31710,6334997
31711,6335000
31711,6335004
31712,6335006
31712,6335008
31713,6335009
31713,6335010
31714,6335014
31715,6335015
31715,6335016
31716,6335016
31716,6335017
31717,6335018
31718,6335018
31718,6335019
31719,6335020
31720,6335021
31720,6335022
31721,6335024
31721,6335025
31722,6335026
31722,6335029
31723,6335029
31723,6335030
31724,6335030
31725,6335031
31726,6335032
31727,6335035
31727,6335036
31728,6335038
31728,6335039
31729,6335040
31730,6335041
31730,6335044
31731,6335046
31731,6335048
31732,6335051
31732,6335053
31733,6335055
31733,6335057
31734,6335058
31735,6335059
31735,6335060
31736,6335060
31736,6335061
31737,6335062
31738,6335062
31738,6335064
31739,6335065
31740,6335066
31741,6335068
31741,6335069
31742,6335070
31743,6335072
31743,6335073
31744,6335073
31744,6335074
31745,6335075
31745,6335077
31746,6335077
31746,6335078
31747,6335080
31747,6335081
31748,6335081
31748,6335082
31749,6335082
31749,6335084
31750,6335088
31750,6335091
31751,6335097
31751,6335098
31752,6335100
31752,6335102
31753,6335104
31753,6335106
31754,6335106
31754,6335107
31755,6335107
31755,6335108
31756,6335109
31757,6335110
31757,6335113
31758,6335113
31758,6335114
31759,6335116
31759,6335117
31760,6335119
31760,6335120
31761,6335122
31761,6335124
31762,6335124
31762,6335126
31763,6335126
31763,6335127
31764,6335128
31764,6335129
31765,6335131
31765,6335133
31766,6335133
31766,6335137
31767,6335138
31768,6335141
31768,6335143
31769,6335143
31769,6335147
31770,6335147
31770,6335148
31771,6335151
31771,6335156
31772,6335157
31772,6335158
31773,6335160
31774,6335163
31774,6335168
31775,6335168
31775,6335169
31776,6335171
31776,6335173
31777,6335175
31777,6335176
31778,6335176
31778,6335177
31779,6335178
31779,6335180
31780,6335182
31780,6335184
31781,6335185
31781,6335186
31782,6335188
31782,6335190
31783,6335191
31783,6335195
31784,6335197
31784,6335199
31785,6335201
31785,6335202
31786,6335202
31786,6335205
31787,6335206
31787,6335208
31788,6335209
31788,6335210
31789,6335211
31789,6335212
31790,6335213
31790,6335217
31791,6335220
31791,6335222
31792,6335224
31792,6335227
31793,6335227
31794,6335228
31794,6335230
31795,6335232
31795,6335234
31796,6335235
31796,6335237
31797,6335238
31797,6335239
31798,6335243
31798,6335244
31799,6335245
31800,6335246
31801,6335249
31802,6335250
31802,6335252
31803,6335253
31803,6335255
31804,6335256
31805,6335256
31805,6335257
31806,6335259
31806,6335260
31807,6335260
31807,6335261
31808,6335262
31809,6335263
31809,6335267
31810,6335272
31811,6335272
31811,6335275
31812,6335275
31813,6335276
31813,6335279
31814,6335280
31814,6335282
31815,6335283
31816,6335284
31816,6335286
31817,6335286
31817,6335287
31818,6335289
31818,6335291
31819,6335291
31819,6335293
31820,6335293
31820,6335295
31821,6335296
31821,6335299
31822,6335303
31822,6335306
31823,6335307
31824,6335307
31824,6335309
31825,6335311
31825,6335312
31826,6335314
31826,6335315
31827,6335315
31827,6335316
31828,6335319
31828,6335321
31829,6335324
31830,6335324
31831,6335328
31831,6335329
31832,6335331
31832,6335333
31833,6335333
31833,6335335
31834,6335335
31834,6335337
31835,6335341
31835,6335344
31836,6335344
31836,6335345
31837,6335347
31837,6335350
31838,6335350
31838,6335352
31839,6335356
31840,6335358
31840,6335359
31841,6335362
31842,6335364
31842,6335366
31843,6335367
31843,6335372
31844,6335373
31844,6335375
31845,6335375
31845,6335379
31846,6335380
31846,6335381
31847,6335382
31848,6335383
31848,6335384
31849,6335387
31849,6335390
31850,6335390
31851,6335391
31851,6335392
31852,6335393
31852,6335394
31853,6335397
31854,6335397
31854,6335398
31855,6335398
31855,6335400
31856,6335402
31857,6335403
31857,6335404
31858,6335407
31858,6335411
31859,6335412
31860,6335412
31860,6335414
31861,6335415
31861,6335417
31862,6335419
31862,6335422
31863,6335422
31863,6335423
31864,6335426
31864,6335428
31865,6335429
31865,6335430
31866,6335431
31867,6335432
31867,6335435
31868,6335436
31868,6335439
31869,6335441
31869,6335443
31870,6335445
31871,6335445
31872,6335447
31872,6335448
31873,6335450
31873,6335452
31874,6335452
31875,6335453
31875,6335455
31876,6335457
31876,6335458
31877,6335460
31877,6335462
31878,6335464
31878,6335466
31879,6335466
31879,6335469
31880,6335470
31881,6335470
31881,6335471
31882,6335472
31882,6335475
31883,6335477
31883,6335479
31884,6335484
31884,6335486
31885,6335487
31886,6335488
31887,6335491
31888,6335493
31889,6335494
31890,6335495
31890,6335496
31891,6335499
31892,6335500
31893,6335501
31893,6335503
31894,6335505
31894,6335507
31895,6335508
31895,6335515
31896,6335518
31897,6335518
31897,6335522
31898,6335524
31898,6335526
31899,6335526
31900,6335527
31901,6335530
31901,6335531
31902,6335532
31903,6335533
31903,6335534
31904,6335537
31904,6335541
31905,6335543
31905,6335544
31906,6335546
31906,6335547
31907,6335548
31908,6335548
31908,6335549
31909,6335551
31909,6335553
31910,6335554
31910,6335555
31911,6335556
31911,6335558
31912,6335558
31912,6335563
31913,6335563
31913,6335565
31914,6335567
31914,6335569
31915,6335571
31916,6335571
31916,6335572
31917,6335572
31918,6335573
31918,6335574
31919,6335577
31919,6335579
31920,6335579
31920,6335582
31921,6335584
31921,6335586
31922,6335587
31922,6335589
31923,6335591
31923,6335593
31924,6335594
31925,6335595
31925,6335597
31926,6335597
31926,6335599
31927,6335600
31927,6335604
31928,6335606
31928,6335610
31929,6335613
31929,6335615
31930,6335616
31930,6335620
31931,6335625
31931,6335630
31932,6335630
31932,6335631
31933,6335633
31934,6335634
31935,6335639
31935,6335641
31936,6335641
31936,6335642
31937,6335644
31937,6335646
31938,6335646
31938,6335649
31939,6335650
31939,6335651
31940,6335653
31940,6335654
31941,6335655
31941,6335656
31942,6335659
31942,6335660
31943,6335662
31943,6335663
31944,6335664
31944,6335665
31945,6335666
31945,6335667
31946,6335671
31947,6335672
31947,6335673
31948,6335676
31948,6335677
31949,6335677
31949,6335678
31950,6335679
31950,6335681
31951,6335683
31951,6335685
31952,6335688
31953,6335690
31953,6335691
31954,6335694
31954,6335697
31955,6335698
31955,6335699
31956,6335700
31957,6335701
31957,6335702
31958,6335706
31958,6335708
31959,6335712
31959,6335715
31960,6335716
31960,6335720
31961,6335721
31961,6335724
31962,6335725
31962,6335727
31963,6335728
31963,6335731
31964,6335736
31965,6335740
31965,6335742
31966,6335746
31966,6335747
31967,6335747
31967,6335748
31968,6335750
31968,6335751
31969,6335752
31969,6335753
31970,6335753
31970,6335757
31971,6335760
31971,6335761
31972,6335761
31973,6335765
31973,6335766
31974,6335769
31975,6335772
31975,6335773
31976,6335777
31976,6335781
31977,6335781
31978,6335781
31979,6335782
31979,6335786
31980,6335789
31980,6335794
31981,6335798
31981,6335799
31982,6335802
31982,6335806
31983,6335807
31983,6335809
31984,6335814
31984,6335815
31985,6335815
31986,6335815
31986,6335816
31987,6335819
31987,6335820
31988,6335821
31988,6335822
31989,6335823
31989,6335827
31990,6335829
31990,6335832
31991,6335832
31991,6335833
31992,6335834
31992,6335835
31993,6335835
31993,6335838
31994,6335841
31995,6335844
31995,6335847
31996,6335848
31996,6335853
31997,6335855
31997,6335856
31998,6335857
31998,6335858
31999,6335859
31999,6335860
32000,6335861
32000,6335862
32001,6335865
32001,6335868
32002,6335868
32002,6335871
32003,6335873
32003,6335877
32004,6335878
32004,6335879
32005,6335880
32005,6335884
32006,6335887
32007,6335889
32007,6335891
32008,6335894
32008,6335896
32009,6335899
32009,6335902
32010,6335906
32010,6335907
32011,6335910
32011,6335912
32012,6335913
32012,6335914
32013,6335916
32013,6335917
32014,6335917
32015,6335920
32015,6335923
32016,6335925
32016,6335928
32017,6335929
32018,6335931
32018,6335933
32019,6335938
32020,6335938
32020,6335940
32021,6335942
32021,6335948
32022,6335950
32022,6335953
32023,6335956
32023,6335957
32024,6335959
32024,6335962
32025,6335965
32026,6335966
32026,6335967
32027,6335969
32027,6335970
32028,6335972
32028,6335974
32029,6335977
32029,6335980
32030,6335981
32031,6335982
32031,6335983
32032,6335984
32032,6335985
32033,6335987
32033,6335989
32034,6335993
32034,6335994
32035,6335995
32035,6335997
32036,6335997
32037,6335999
32037,6336001
32038,6336003
32038,6336005
32039,6336006
32039,6336008
32040,6336010
32040,6336012
32041,6336015
32041,6336016
32042,6336018
32042,6336022
32043,6336023
32043,6336028
32044,6336030
32045,6336031
32046,6336031
32046,6336032
32047,6336033
32047,6336034
32048,6336036
32048,6336038
32049,6336041
32049,6336044
32050,6336047
32050,6336051
32051,6336053
32051,6336054
32052,6336054
32052,6336060
32053,6336061
32053,6336063
32054,6336064
32055,6336065
32055,6336067
32056,6336069
32056,6336073
32057,6336077
32057,6336078
32058,6336078
32058,6336081
32059,6336083
32059,6336084
32060,6336085
32060,6336087
32061,6336090
32061,6336092
32062,6336093
32062,6336095
32063,6336096
32063,6336099
32064,6336099
32064,6336100
32065,6336102
32065,6336104
32066,6336107
32067,6336110
32068,6336111
32068,6336113
32069,6336115
32069,6336119
32070,6336123
32071,6336124
32071,6336127
32072,6336128
32072,6336132
32073,6336132
32073,6336136
32074,6336137
32074,6336143
32075,6336143
32075,6336147
32076,6336148
32076,6336150
32077,6336152
32077,6336154
32078,6336155
32079,6336159
32079,6336161
32080,6336162
32080,6336163
32081,6336166
32081,6336170
32082,6336170
32083,6336172
32083,6336175
32084,6336180
32084,6336182
32085,6336184
32085,6336185
32086,6336187
32087,6336190
32087,6336192
32088,6336194
32088,6336196
32089,6336199
32089,6336200
32090,6336200
32090,6336201
32091,6336204
32091,6336207
32092,6336209
32092,6336210
32093,6336212
32093,6336216
32094,6336218
32094,6336220
32095,6336220
32095,6336222
32096,6336225
32096,6336226
32097,6336227
32097,6336228
32098,6336231
32098,6336233
32099,6336235
32099,6336237
32100,6336239
32100,6336241
32101,6336244
32101,6336246
32102,6336248
32102,6336250
32103,6336251
32103,6336254
32104,6336256
32104,6336257
32105,6336259
32105,6336261
32106,6336265
32106,6336267
32107,6336270
32108,6336271
32108,6336272
32109,6336276
32109,6336280
32110,6336282
32110,6336285
32111,6336287
32112,6336289
32113,6336291
32113,6336293
32114,6336296
32115,6336297
32115,6336300
32116,6336303
32116,6336304
32117,6336305
32118,6336305
32118,6336307
32119,6336309
32119,6336313
32120,6336316
32121,6336317
32121,6336319
32122,6336320
32122,6336321
32123,6336323
32123,6336325
32124,6336325
32124,6336327
32125,6336328
32125,6336329
32126,6336330
32126,6336333
32127,6336335
32127,6336336
32128,6336338
32128,6336339
32129,6336341
32129,6336343
32130,6336343
32130,6336345
32131,6336346
32132,6336347
32132,6336349
32133,6336351
32133,6336353
32134,6336356
32134,6336358
32135,6336359
32135,6336363
32136,6336370
32137,6336372
32137,6336374
32138,6336376
32138,6336377
32139,6336382
32139,6336385
32140,6336387
32141,6336388
32141,6336390
32142,6336391
32142,6336392
32143,6336394
32143,6336395
32144,6336397
32144,6336398
32145,6336399
32145,6336400
32146,6336401
32146,6336402
32147,6336403
32147,6336404
32148,6336405
32149,6336405
32149,6336407
32150,6336410
32150,6336411
32151,6336414
32151,6336416
32152,6336419
32152,6336420
32153,6336422
32153,6336424
32154,6336425
32154,6336428
32155,6336430
32155,6336434
32156,6336434
32156,6336435
32157,6336439
32157,6336440
32158,6336442
32158,6336444
32159,6336447
32160,6336452
32160,6336455
32161,6336455
32161,6336457
32162,6336458
32162,6336459
32163,6336461
32163,6336463
32164,6336465
32165,6336466
32165,6336470
32166,6336472
32166,6336473
32167,6336473
32167,6336476
32168,6336476
32168,6336480
32169,6336482
32169,6336484
32170,6336486
32170,6336487
32171,6336490
32172,6336491
32172,6336493
32173,6336493
32173,6336496
32174,6336498
32174,6336501
32175,6336501
32176,6336505
32176,6336506
32177,6336508
32177,6336510
32178,6336513
32178,6336514
32179,6336516
32179,6336519
32180,6336523
32181,6336525
32181,6336526
32182,6336526
32182,6336528
32183,6336530
32184,6336532
32184,6336533
32185,6336537
32185,6336540
32186,6336540
32186,6336545
32187,6336548
32187,6336550
32188,6336551
32188,6336554
32189,6336556
32190,6336560
32190,6336565
32191,6336567
32191,6336571
32192,6336573
32192,6336577
32193,6336580
32193,6336582
32194,6336582
32195,6336588
32195,6336589
32196,6336592
32197,6336596
32197,6336597
32198,6336597
32198,6336598
32199,6336600
32199,6336601
32200,6336602
32200,6336605
32201,6336605
32201,6336608
32202,6336610
32202,6336616
32203,6336618
32203,6336621
32204,6336623
32204,6336625
32205,6336627
32205,6336631
32206,6336633
32206,6336635
32207,6336637
32207,6336638
32208,6336638
32208,6336639
32209,6336641
32209,6336646
32210,6336646
32210,6336649
32211,6336650
32211,6336653
32212,6336655
32212,6336658
32213,6336658
32213,6336660
32214,6336661
32214,6336663
32215,6336666
32215,6336667
32216,6336670
32216,6336672
32217,6336673
32217,6336675
32218,6336676
32218,6336677
32219,6336681
32219,6336685
32220,6336687
32220,6336689
32221,6336692
32221,6336694
32222,6336695
32222,6336697
32223,6336699
32223,6336702
32224,6336702
32224,6336705
32225,6336706
32225,6336710
32226,6336713
32227,6336714
32228,6336719
32229,6336722
32229,6336724
32230,6336726
32230,6336727
32231,6336729
32231,6336732
32232,6336735
32232,6336740
32233,6336743
32233,6336744
32234,6336747
32234,6336748
32235,6336749
32235,6336751
32236,6336751
32236,6336753
32237,6336754
32237,6336755
32238,6336756
32238,6336757
32239,6336761
32239,6336763
32240,6336765
32241,6336766
32242,6336769
32242,6336772
32243,6336777
32243,6336780
32244,6336780
32244,6336781
32245,6336784
32246,6336785
32246,6336789
32247,6336792
32247,6336794
32248,6336796
32248,6336797
32249,6336797
32249,6336798
32250,6336800
32250,6336801
32251,6336803
32251,6336804
32252,6336806
32252,6336808
32253,6336810
32253,6336816
32254,6336817
32254,6336818
32255,6336822
32255,6336825
32256,6336826
32256,6336830
32257,6336834
32257,6336838
32258,6336839
32258,6336841
32259,6336842
32259,6336844
32260,6336846
32260,6336849
32261,6336851
32261,6336852
32262,6336853
32262,6336856
32263,6336857
32263,6336860
32264,6336860
32265,6336862
32265,6336864
32266,6336869
32266,6336870
32267,6336873
32267,6336878
32268,6336883
32268,6336886
32269,6336889
32269,6336893
32270,6336896
32270,6336898
32271,6336901
32271,6336903
32272,6336906
32272,6336908
32273,6336911
32273,6336914
32274,6336915
32274,6336918
32275,6336921
32275,6336922
32276,6336923
32276,6336924
32277,6336929
32277,6336933
32278,6336939
32278,6336941
32279,6336944
32279,6336946
32280,6336947
32280,6336949
32281,6336951
32281,6336953
32282,6336957
32282,6336960
32283,6336964
32283,6336967
32284,6336971
32284,6336974
32285,6336977
32285,6336980
32286,6336985
32286,6336986
32287,6336986
32287,6336988
32288,6336989
32289,6336989
32289,6336991
32290,6336996
32290,6336999
32291,6337000
32291,6337001
32292,6337001
32292,6337003
32293,6337004
32293,6337007
32294,6337009
32294,6337014
32295,6337019
32295,6337021
32296,6337024
32296,6337029
32297,6337033
32297,6337036
32298,6337036
32298,6337040
32299,6337042
32299,6337043
32300,6337047
32300,6337050
32301,6337050
32301,6337055
32302,6337056
32302,6337059
32303,6337060
32303,6337061
32304,6337064
32304,6337066
32305,6337068
32305,6337070
32306,6337073
32306,6337076
32307,6337078
32307,6337080
32308,6337080
32308,6337084
32309,6337089
32309,6337091
32310,6337093
32310,6337095
32311,6337097
32311,6337098
32312,6337100
32312,6337104
32313,6337109
32313,6337112
32314,6337114
32314,6337117
32315,6337118
32315,6337121
32316,6337122
32316,6337123
32317,6337125
32317,6337126
32318,6337130
32318,6337131
32319,6337134
32319,6337139
32320,6337143
32320,6337147
32321,6337153
32321,6337154
32322,6337156
32323,6337157
32323,6337159
32324,6337162
32324,6337163
32325,6337167
32325,6337168
32326,6337171
32326,6337176
32327,6337176
32328,6337178
32328,6337184
32329,6337187
32329,6337190
32330,6337192
32330,6337196
32331,6337200
32332,6337202
32332,6337203
32333,6337206
32333,6337208
32334,6337210
32334,6337212
32335,6337217
32335,6337219
32336,6337220
32337,6337223
32337,6337225
32338,6337227
32338,6337230
32339,6337235
32339,6337239
32340,6337243
32340,6337246
32341,6337248
32341,6337250
32342,6337253
32343,6337258
32343,6337260
32344,6337265
32344,6337268
32345,6337270
32345,6337273
32346,6337276
32346,6337277
32347,6337279
32347,6337281
32348,6337284
32348,6337286
32349,6337288
32349,6337291
32350,6337292
32350,6337296
32351,6337297
32351,6337304
32352,6337307
32352,6337309
32353,6337311
32353,6337312
32354,6337314
32355,6337316
32356,6337318
32356,6337320
32357,6337323
32357,6337326
32358,6337328
32358,6337329
32359,6337336
32359,6337340
32360,6337342
32360,6337346
32361,6337347
32362,6337348
32362,6337351
32363,6337355
32363,6337357
32364,6337358
32364,6337361
32365,6337363
32365,6337364
32366,6337369
32366,6337373
32367,6337375
32367,6337377
32368,6337379
32368,6337385
32369,6337388
32369,6337390
32370,6337393
32370,6337394
32371,6337396
32371,6337399
32372,6337403
32372,6337406
32373,6337413
32373,6337414
32374,6337416
32374,6337418
32375,6337420
32375,6337422
32376,6337426
32376,6337427
32377,6337430
32378,6337435
32378,6337436
32379,6337438
32380,6337438
32380,6337444
32381,6337445
32381,6337448
32382,6337450
32382,6337454
32383,6337454
32383,6337456
32384,6337458
32384,6337461
32385,6337462
32385,6337466
32386,6337469
32386,6337470
32387,6337471
32387,6337476
32388,6337478
32388,6337482
32389,6337486
32389,6337489
32390,6337489
32390,6337494
32391,6337498
32391,6337505
32392,6337506
32392,6337508
32393,6337509
32393,6337510
32394,6337511
32394,6337512
32395,6337514
32395,6337517
32396,6337519
32396,6337522
32397,6337526
32397,6337527
32398,6337530
32398,6337534
32399,6337538
32399,6337544
32400,6337550
32400,6337552
32401,6337555
32402,6337556
32402,6337559
32403,6337563
32403,6337568
32404,6337571
32404,6337576
32405,6337577
32405,6337579
32406,6337580
32406,6337582
32407,6337584
32407,6337590
32408,6337591
32408,6337593
32409,6337596
32409,6337597
32410,6337599
32410,6337601
32411,6337603
32411,6337606
32412,6337610
32412,6337612
32413,6337614
32413,6337615
32414,6337619
32414,6337623
32415,6337626
32415,6337630
32416,6337633
32416,6337634
32417,6337640
32417,6337643
32418,6337644
32418,6337645
32419,6337645
32419,6337651
32420,6337654
32420,6337655
32421,6337655
32421,6337658
32422,6337662
32422,6337668
32423,6337671
32423,6337674
32424,6337675
32424,6337679
32425,6337682
32425,6337685
32426,6337685
32426,6337686
32427,6337687
32428,6337692
32428,6337694
32429,6337697
32429,6337702
32430,6337705
32430,6337708
32431,6337711
32431,6337714
32432,6337719
32432,6337722
32433,6337726
32433,6337728
32434,6337733
32434,6337734
32435,6337740
32435,6337742
32436,6337748
32436,6337749
32437,6337753
32437,6337755
32438,6337756
32439,6337760
32439,6337763
32440,6337767
32440,6337768
32441,6337770
32441,6337772
32442,6337775
32442,6337777
32443,6337779
32443,6337780
32444,6337782
32444,6337788
32445,6337790
32445,6337792
32446,6337797
32447,6337802
32447,6337809
32448,6337810
32448,6337812
32449,6337816
32449,6337820
32450,6337824
32450,6337826
32451,6337827
32451,6337828
32452,6337831
32452,6337834
32453,6337837
32453,6337842
32454,6337845
32454,6337847
32455,6337848
32455,6337849
32456,6337852
32457,6337854
32457,6337857
32458,6337862
32458,6337864
32459,6337865
32459,6337868
32460,6337870
32460,6337872
32461,6337875
32461,6337880
32462,6337881
32462,6337882
32463,6337886
32463,6337888
32464,6337892
32464,6337894
32465,6337899
32465,6337903
32466,6337905
32466,6337907
32467,6337912
32467,6337913
32468,6337917
32468,6337919
32469,6337920
32470,6337923
32470,6337925
32471,6337928
32471,6337929
32472,6337931
32472,6337933
32473,6337937
32473,6337940
32474,6337941
32474,6337943
32475,6337946
32475,6337950
32476,6337952
32476,6337953
32477,6337957
32477,6337961
32478,6337962
32478,6337965
32479,6337968
32479,6337971
32480,6337972
32480,6337975
32481,6337979
32481,6337984
32482,6337991
32482,6337995
32483,6337996
32484,6338000
32484,6338001
32485,6338003
32485,6338007
32486,6338010
32486,6338012
32487,6338017
32487,6338019
32488,6338022
32488,6338025
32489,6338027
32489,6338029
32490,6338031
32490,6338036
32491,6338038
32492,6338040
32492,6338042
32493,6338046
32493,6338049
32494,6338052
32494,6338053
32495,6338057
32495,6338061
32496,6338061
32496,6338063
32497,6338064
32497,6338067
32498,6338069
32498,6338073
32499,6338077
32499,6338079
32500,6338083
32500,6338088
32501,6338092
32501,6338095
32502,6338096
32502,6338097
32503,6338100
32503,6338101
32504,6338105
32504,6338106
32505,6338108
32505,6338112
32506,6338114
32506,6338116
32507,6338119
32507,6338120
32508,6338121
32508,6338124
32509,6338126
32509,6338131
32510,6338132
32510,6338133
32511,6338137
32511,6338140
32512,6338143
32512,6338146
32513,6338147
32513,6338150
32514,6338157
32514,6338160
32515,6338162
32515,6338167
32516,6338173
32517,6338174
32517,6338176
32518,6338177
32518,6338180
32519,6338184
32520,6338187
32520,6338191
32521,6338195
32521,6338200
32522,6338206
32522,6338207
32523,6338212
32523,6338216
32524,6338218
32524,6338223
32525,6338223
32525,6338225
32526,6338228
32527,6338232
32527,6338233
32528,6338237
32528,6338238
32529,6338239
32529,6338242
32530,6338244
32530,6338249
32531,6338251
32531,6338255
32532,6338257
32532,6338262
32533,6338264
32533,6338267
32534,6338268
32534,6338270
32535,6338271
32535,6338274
32536,6338275
32536,6338278
32537,6338280
32537,6338285
32538,6338287
32538,6338289
32539,6338291
32539,6338293
32540,6338295
32540,6338296
32541,6338297
32541,6338300
32542,6338306
32542,6338308
32543,6338309
32543,6338311
32544,6338311
32544,6338315
32545,6338317
32545,6338320
32546,6338320
32546,6338324
32547,6338326
32547,6338328
32548,6338329
32548,6338334
32549,6338336
32549,6338339
32550,6338342
32550,6338343
32551,6338345
32551,6338349
32552,6338349
32552,6338354
32553,6338355
32553,6338358
32554,6338361
32554,6338367
32555,6338368
32555,6338375
32556,6338378
32556,6338381
32557,6338387
32557,6338390
32558,6338392
32558,6338394
32559,6338395
32559,6338399
32560,6338404
32560,6338406
32561,6338406
32561,6338407
32562,6338411
32562,6338415
32563,6338416
32563,6338417
32564,6338420
32564,6338422
32565,6338425
32565,6338426
32566,6338430
32566,6338431
32567,6338436
32567,6338440
32568,6338443
32568,6338444
32569,6338446
32569,6338450
32570,6338457
32570,6338460
32571,6338462
32572,6338463
32572,6338466
32573,6338470
32573,6338472
32574,6338472
32574,6338473
32575,6338476
32575,6338480
32576,6338484
32576,6338489
32577,6338490
32577,6338493
32578,6338495
32578,6338499
32579,6338501
32579,6338503
32580,6338506
32580,6338507
32581,6338511
32581,6338514
32582,6338516
32582,6338520
32583,6338525
32583,6338529
32584,6338531
32584,6338534
32585,6338537
32585,6338540
32586,6338546
32586,6338551
32587,6338552
32587,6338554
32588,6338560
32588,6338561
32589,6338565
32589,6338574
32590,6338578
32590,6338580
32591,6338585
32591,6338586
32592,6338593
32592,6338596
32593,6338602
32593,6338606
32594,6338610
32594,6338611
32595,6338613
32595,6338615
32596,6338616
32596,6338617
32597,6338620
32597,6338622
32598,6338625
32599,6338632
32599,6338637
32600,6338641
32601,6338645
32601,6338646
32602,6338647
32602,6338651
32603,6338654
32603,6338658
32604,6338658
32604,6338662
32605,6338663
32605,6338666
32606,6338671
32606,6338673
32607,6338678
32607,6338681
32608,6338684
32608,6338685
32609,6338690
32609,6338692
32610,6338695
32610,6338698
32611,6338702
32611,6338703
32612,6338706
32612,6338708
32613,6338710
32613,6338715
32614,6338717
32614,6338721
32615,6338722
32615,6338727
32616,6338727
32616,6338729
32617,6338732
32617,6338734
32618,6338738
32618,6338740
32619,6338742
32619,6338748
32620,6338753
32620,6338757
32621,6338760
32621,6338768
32622,6338774
32622,6338780
32623,6338785
32623,6338787
32624,6338787
32625,6338788
32625,6338791
32626,6338792
32626,6338795
32627,6338797
32627,6338798
32628,6338799
32628,6338802
32629,6338805
32629,6338808
32630,6338810
32630,6338811
32631,6338812
32631,6338815
32632,6338816
32632,6338821
32633,6338822
32633,6338825
32634,6338827
32634,6338828
32635,6338830
32635,6338838
32636,6338844
32636,6338846
32637,6338848
32637,6338854
32638,6338857
32638,6338864
32639,6338867
32639,6338873
32640,6338873
32640,6338877
32641,6338881
32641,6338884
32642,6338887
32643,6338889
32643,6338893
32644,6338897
32644,6338901
32645,6338903
32645,6338906
32646,6338907
32646,6338910
32647,6338910
32647,6338915
32648,6338918
32648,6338925
32649,6338931
32649,6338938
32650,6338942
32650,6338944
32651,6338945
32651,6338950
32652,6338954
32652,6338958
32653,6338960
32653,6338961
32654,6338964
32654,6338969
32655,6338969
32655,6338975
32656,6338978
32656,6338979
32657,6338985
32657,6338987
32658,6338989
32658,6338994
32659,6339000
32659,6339002
32660,6339004
32660,6339007
32661,6339010
32661,6339016
32662,6339023
32662,6339028
32663,6339030
32663,6339032
32664,6339033
32664,6339035
32665,6339041
32665,6339044
32666,6339050
32666,6339051
32667,6339054
32667,6339057
32668,6339061
32668,6339064
32669,6339066
32669,6339068
32670,6339071
32671,6339072
32671,6339076
32672,6339079
32672,6339081
32673,6339084
32673,6339086
32674,6339089
32674,6339094
32675,6339097
32675,6339104
32676,6339107
32677,6339111
32677,6339112
32678,6339113
32678,6339117
32679,6339122
32679,6339126
32680,6339128
32680,6339130
32681,6339130
32681,6339134
32682,6339138
32682,6339143
32683,6339146
32683,6339149
32684,6339151
32684,6339154
32685,6339158
32685,6339163
32686,6339170
32686,6339171
32687,6339174
32687,6339177
32688,6339183
32688,6339186
32689,6339188
32689,6339194
32690,6339197
32690,6339198
32691,6339206
32691,6339207
32692,6339207
32692,6339208
32693,6339210
32693,6339216
32694,6339220
32694,6339222
32695,6339226
32695,6339230
32696,6339232
32696,6339234
32697,6339234
32697,6339235
32698,6339239
32698,6339243
32699,6339246
32699,6339248
32700,6339250
32700,6339252
32701,6339258
32701,6339261
32702,6339264
32702,6339267
32703,6339267
32703,6339269
32704,6339274
32705,6339277
32705,6339281
32706,6339285
32706,6339289
32707,6339293
32707,6339296
32708,6339302
32708,6339304
32709,6339307
32709,6339308
32710,6339314
32710,6339317
32711,6339318
32711,6339323
32712,6339329
32712,6339331
32713,6339338
32713,6339341
32714,6339347
32714,6339352
32715,6339356
32715,6339357
32716,6339359
32716,6339363
32717,6339368
32717,6339371
32718,6339381
32718,6339386
32719,6339391
32719,6339399
32720,6339403
32720,6339407
32721,6339409
32721,6339410
32722,6339410
32722,6339412
32723,6339417
32723,6339419
32724,6339419
32724,6339423
32725,6339424
32725,6339428
32726,6339431
32726,6339434
32727,6339437
32727,6339440
32728,6339443
32728,6339444
32729,6339449
32729,6339454
32730,6339458
32730,6339461
32731,6339464
32731,6339467
32732,6339471
32732,6339474
32733,6339479
32733,6339482
32734,6339484
32734,6339487
32735,6339488
32735,6339494
32736,6339496
32736,6339501
32737,6339506
32737,6339509
32738,6339513
32738,6339515
32739,6339517
32739,6339520
32740,6339523
32740,6339527
32741,6339530
32741,6339534
32742,6339540
32742,6339543
32743,6339545
32743,6339550
32744,6339555
32744,6339559
32745,6339564
32745,6339569
32746,6339573
32746,6339580
32747,6339584
32747,6339592
32748,6339593
32748,6339601
32749,6339602
32749,6339603
32750,6339608
32750,6339611
32751,6339612
32751,6339613
32752,6339615
32752,6339618
32753,6339620
32753,6339624
32754,6339628
32754,6339631
32755,6339631
32755,6339632
32756,6339635
32756,6339638
32757,6339641
32757,6339643
32758,6339648
32758,6339651
32759,6339656
32759,6339659
32760,6339664
32760,6339668
32761,6339675
32761,6339677
32762,6339682
32762,6339685
32763,6339686
32763,6339690
32764,6339692
32764,6339695
32765,6339698
32765,6339703
32766,6339707
32766,6339715
32767,6339719
32767,6339722
32768,6339725
32769,6339727
32769,6339730
32770,6339732
32770,6339737
32771,6339739
32771,6339741
32772,6339742
32772,6339746
32773,6339747
32773,6339749
32774,6339752
32774,6339756
32775,6339761
32775,6339765
32776,6339767
32776,6339773
32777,6339778
32777,6339781
32778,6339786
32778,6339787
32779,6339789
32779,6339796
32780,6339799
32780,6339803
32781,6339805
32781,6339809
32782,6339812
32782,6339817
32783,6339819
32783,6339823
32784,6339828
32784,6339830
32785,6339833
32785,6339836
32786,6339842
32786,6339843
32787,6339845
32787,6339849
32788,6339853
32788,6339854
32789,6339855
32789,6339859
32790,6339859
32790,6339861
32791,6339865
32791,6339870
32792,6339873
32792,6339874
32793,6339875
32794,6339878
32794,6339885
32795,6339891
32795,6339894
32796,6339894
32796,6339897
32797,6339899
32797,6339902
32798,6339908
32798,6339914
32799,6339917
32799,6339919
32800,6339926
32800,6339928
32801,6339931
32801,6339936
32802,6339943
32802,6339946
32803,6339948
32803,6339953
32804,6339957
32804,6339959
32805,6339962
32805,6339964
32806,6339968
32806,6339969
32807,6339971
32807,6339976
32808,6339978
32808,6339980
32809,6339984
32809,6339987
32810,6339989
32810,6339993
32811,6339996
32811,6339997
32812,6340001
32812,6340009
32813,6340013
32813,6340019
32814,6340023
32814,6340026
32815,6340028
32815,6340031
32816,6340036
32816,6340042
32817,6340045
32817,6340054
32818,6340057
32818,6340060
32819,6340063
32819,6340067
32820,6340071
32820,6340075
32821,6340082
32821,6340088
32822,6340091
32822,6340095
32823,6340100
32823,6340102
32824,6340105
32825,6340109
32825,6340113
32826,6340117
32826,6340123
32827,6340125
32827,6340131
32828,6340136
32828,6340137
32829,6340140
32830,6340144
32830,6340150
32831,6340154
32831,6340155
32832,6340156
32832,6340162
32833,6340169
32833,6340172
32834,6340174
32834,6340178
32835,6340186
32835,6340191
32836,6340194
32836,6340196
32837,6340200
32837,6340202
32838,6340206
32838,6340208
32839,6340213
32839,6340215
32840,6340217
32840,6340222
32841,6340224
32841,6340228
32842,6340235
32842,6340237
32843,6340240
32843,6340243
32844,6340245
32844,6340247
32845,6340252
32845,6340257
32846,6340262
32846,6340266
32847,6340270
32847,6340276
32848,6340279
32848,6340284
32849,6340286
32849,6340287
32850,6340289
32850,6340294
32851,6340296
32851,6340297
32852,6340303
32852,6340307
32853,6340311
32853,6340313
32854,6340313
32854,6340316
32855,6340320
32855,6340321
32856,6340323
32856,6340327
32857,6340331
32857,6340335
32858,6340338
32858,6340339
32859,6340341
32860,6340345
32860,6340348
32861,6340353
32861,6340356
32862,6340359
32863,6340363
32863,6340367
32864,6340371
32864,6340375
32865,6340380
32865,6340383
32866,6340385
32866,6340387
32867,6340390
32868,6340391
32868,6340394
32869,6340396
32869,6340397
32870,6340399
32870,6340402
32871,6340404
32871,6340407
32872,6340412
32872,6340416
32873,6340418
32873,6340420
32874,6340423
32874,6340427
32875,6340429
32875,6340432
32876,6340437
32876,6340441
32877,6340444
32877,6340447
32878,6340448
32878,6340450
32879,6340456
32879,6340460
32880,6340461
32880,6340463
32881,6340469
32881,6340472
32882,6340473
32882,6340480
32883,6340486
32883,6340488
32884,6340489
32884,6340492
32885,6340496
32885,6340500
32886,6340505
32886,6340511
32887,6340515
32887,6340518
32888,6340522
32888,6340527
32889,6340533
32889,6340538
32890,6340540
32890,6340543
32891,6340548
32891,6340552
32892,6340558
32892,6340559
32893,6340564
32893,6340567
32894,6340572
32894,6340578
32895,6340582
32895,6340585
32896,6340588
32896,6340593
32897,6340598
32897,6340603
32898,6340607
32898,6340608
32899,6340611
32899,6340614
32900,6340617
32900,6340619
32901,6340623
32901,6340625
32902,6340628
32902,6340630
32903,6340630
32903,6340636
32904,6340642
32904,6340644
32905,6340645
32905,6340648
32906,6340653
32906,6340658
32907,6340662
32907,6340667
32908,6340676
32908,6340680
32909,6340681
32909,6340687
32910,6340688
32910,6340694
32911,6340695
32911,6340698
32912,6340704
32912,6340710
32913,6340712
32913,6340716
32914,6340719
32914,6340725
32915,6340726
32915,6340731
32916,6340736
32916,6340741
32917,6340745
32917,6340747
32918,6340752
32918,6340756
32919,6340760
32919,6340763
32920,6340765
32920,6340766
32921,6340768
32921,6340772
32922,6340778
32922,6340779
32923,6340786
32923,6340792
32924,6340794
32924,6340798
32925,6340802
32925,6340804
32926,6340813
32926,6340817
32927,6340819
32927,6340823
32928,6340826
32928,6340829
32929,6340831
32929,6340835
32930,6340840
32930,6340843
32931,6340847
32931,6340850
32932,6340856
32932,6340859
32933,6340864
32933,6340868
32934,6340873
32934,6340877
32935,6340880
32935,6340883
32936,6340886
32936,6340888
32937,6340894
32937,6340899
32938,6340905
32938,6340906
32939,6340912
32940,6340917
32940,6340918
32941,6340921
32941,6340926
32942,6340927
32942,6340928
32943,6340932
32943,6340936
32944,6340941
32944,6340952
32945,6340956
32945,6340963
32946,6340969
32946,6340975
32947,6340978
32947,6340983
32948,6340984
32948,6340993
32949,6340996
32949,6341002
32950,6341005
32950,6341011
32951,6341013
32951,6341017
32952,6341022
32952,6341028
32953,6341032
32953,6341037
32954,6341040
32954,6341044
32955,6341044
32955,6341049
32956,6341051
32956,6341057
32957,6341061
32957,6341065
32958,6341069
32958,6341073
32959,6341074
32959,6341078
32960,6341082
32960,6341086
32961,6341089
32961,6341094
32962,6341102
32962,6341106
32963,6341108
32963,6341110
32964,6341113
32964,6341115
32965,6341118
32965,6341123
32966,6341132
32966,6341138
32967,6341140
32967,6341145
32968,6341146
32968,6341148
32969,6341153
32969,6341155
32970,6341156
32970,6341164
32971,6341172
32971,6341176
32972,6341178
32972,6341182
32973,6341185
32973,6341193
32974,6341198
32974,6341201
32975,6341207
32975,6341208
32976,6341211
32976,6341214
32977,6341218
32977,6341221
32978,6341222
32978,6341230
32979,6341234
32979,6341238
32980,6341244
32980,6341247
32981,6341252
32981,6341256
32982,6341260
32982,6341261
32983,6341270
32983,6341273
32984,6341278
32984,6341282
32985,6341285
32985,6341291
32986,6341297
32986,6341298
32987,6341300
32987,6341306
32988,6341313
32988,6341316
32989,6341320
32989,6341324
32990,6341324
32990,6341328
32991,6341332
32991,6341337
32992,6341342
32992,6341346
32993,6341346
32993,6341347
32994,6341347
32994,6341351
32995,6341354
32995,6341356
32996,6341360
32996,6341365
32997,6341368
32997,6341375
32998,6341380
32998,6341384
32999,6341390
32999,6341391
33000,6341391
33000,6341396
33001,6341400
33001,6341404
33002,6341407
33002,6341411
33003,6341413
33003,6341420
33004,6341427
33004,6341432
33005,6341436
33005,6341438
33006,6341443
33006,6341446
33007,6341448
33007,6341450
33008,6341453
33008,6341456
33009,6341456
33009,6341460
33010,6341467
33010,6341471
33011,6341475
33011,6341482
33012,6341484
33012,6341489
33013,6341494
33013,6341500
33014,6341506
33014,6341507
33015,6341510
33015,6341512
33016,6341515
33016,6341519
33017,6341523
33017,6341528
33018,6341535
33018,6341538
33019,6341545
33019,6341548
33020,6341552
33020,6341553
33021,6341557
33021,6341560
33022,6341562
33022,6341569
33023,6341570
33023,6341572
33024,6341578
33024,6341581
33025,6341581
33025,6341585
33026,6341588
33026,6341593
33027,6341596
33027,6341598
33028,6341606
33028,6341612
33029,6341615
33029,6341619
33030,6341624
33030,6341626
33031,6341628
33031,6341632
33032,6341637
33032,6341639
33033,6341641
33033,6341643
33034,6341647
33034,6341651
33035,6341655
33035,6341658
33036,6341660
33036,6341663
33037,6341665
33037,6341670
33038,6341676
33038,6341683
33039,6341687
33039,6341688
33040,6341690
33040,6341693
33041,6341698
33041,6341703
33042,6341708
33042,6341712
33043,6341714
33043,6341718
33044,6341719
33044,6341724
33045,6341727
33045,6341730
33046,6341736
33046,6341740
33047,6341748
33047,6341751
33048,6341760
33048,6341766
33049,6341770
33049,6341773
33050,6341777
33050,6341780
33051,6341784
33051,6341789
33052,6341793
33052,6341796
33053,6341801
33054,6341805
33054,6341808
33055,6341810
33055,6341816
33056,6341819
33056,6341824
33057,6341829
33057,6341836
33058,6341839
33058,6341841
33059,6341848
33059,6341854
33060,6341855
33060,6341860
33061,6341864
33061,6341868
33062,6341871
33062,6341876
33063,6341878
33063,6341879
33064,6341883
33064,6341891
33065,6341893
33065,6341898
33066,6341900
33066,6341905
33067,6341910
33067,6341912
33068,6341914
33068,6341917
33069,6341920
33069,6341924
33070,6341927
33070,6341932
33071,6341934
33071,6341939
33072,6341943
33072,6341946
33073,6341950
33073,6341954
33074,6341959
33074,6341960
33075,6341963
33075,6341966
33076,6341971
33076,6341974
33077,6341976
33077,6341981
33078,6341985
33078,6341987
33079,6341991
33079,6341993
33080,6341994
33080,6341995
33081,6341997
33081,6342002
33082,6342005
33082,6342012
33083,6342014
33083,6342020
33084,6342023
33084,6342028
33085,6342030
33085,6342035
33086,6342039
33086,6342043
33087,6342049
33087,6342051
33088,6342056
33088,6342060
33089,6342066
33089,6342070
33090,6342073
33090,6342078
33091,6342082
33091,6342085
33092,6342092
33092,6342096
33093,6342099
33093,6342101
33094,6342106
33094,6342111
33095,6342114
33095,6342117
33096,6342120
33096,6342122
33097,6342126
33097,6342128
33098,6342131
33098,6342136
33099,6342139
33099,6342141
33100,6342144
33100,6342147
33101,6342148
33101,6342152
33102,6342154
33102,6342156
33103,6342160
33104,6342161
33104,6342168
33105,6342171
33105,6342175
33106,6342177
33106,6342181
33107,6342189
33107,6342193
33108,6342195
33108,6342197
33109,6342201
33109,6342205
33110,6342211
33110,6342212
33111,6342215
33111,6342221
33112,6342227
33112,6342231
33113,6342234
33113,6342237
33114,6342239
33114,6342243
33115,6342247
33115,6342250
33116,6342255
33116,6342261
33117,6342266
33117,6342268
33118,6342271
33118,6342278
33119,6342285
33119,6342289
33120,6342293
33120,6342295
33121,6342298
33121,6342301
33122,6342310
33122,6342317
33123,6342321
33123,6342327
33124,6342330
33124,6342335
33125,6342339
33125,6342344
33126,6342347
33126,6342350
33127,6342358
33127,6342360
33128,6342366
33128,6342370
33129,6342376
33129,6342380
33130,6342382
33130,6342384
33131,6342386
33131,6342390
33132,6342393
33132,6342398
33133,6342404
33133,6342408
33134,6342414
33134,6342418
33135,6342422
33135,6342426
33136,6342429
33136,6342433
33137,6342437
33137,6342440
33138,6342443
33138,6342445
33139,6342449
33139,6342450
33140,6342452
33140,6342455
33141,6342459
33141,6342465
33142,6342465
33142,6342467
33143,6342473
33143,6342478
33144,6342483
33144,6342488
33145,6342494
33145,6342496
33146,6342499
33146,6342502
33147,6342509
33147,6342513
33148,6342516
33148,6342522
33149,6342525
33149,6342528
33150,6342530
33150,6342534
33151,6342540
33151,6342549
33152,6342554
33152,6342558
33153,6342564
33153,6342566
33154,6342571
33154,6342577
33155,6342578
33155,6342579
33156,6342584
33156,6342590
33157,6342591
33157,6342593
33158,6342595
33158,6342598
33159,6342601
33159,6342609
33160,6342611
33160,6342614
33161,6342618
33161,6342622
33162,6342624
33162,6342629
33163,6342635
33163,6342639
33164,6342641
33164,6342646
33165,6342649
33165,6342655
33166,6342659
33166,6342661
33167,6342663
33167,6342667
33168,6342669
33168,6342672
33169,6342677
33169,6342680
33170,6342682
33170,6342683
33171,6342686
33171,6342691
33172,6342694
33172,6342698
33173,6342700
33173,6342704
33174,6342710
33174,6342713
33175,6342718
33175,6342719
33176,6342724
33176,6342729
33177,6342734
33177,6342740
33178,6342743
33178,6342745
33179,6342747
33179,6342751
33180,6342759
33180,6342762
33181,6342764
33181,6342766
33182,6342768
33182,6342773
33183,6342785
33183,6342792
33184,6342795
33184,6342802
33185,6342806
33185,6342812
33186,6342816
33186,6342819
33187,6342825
33187,6342830
33188,6342832
33188,6342838
33189,6342846
33189,6342852
33190,6342859
33190,6342860
33191,6342863
33191,6342865
33192,6342868
33192,6342871
33193,6342874
33194,6342878
33194,6342883
33195,6342889
33195,6342898
33196,6342903
33196,6342908
33197,6342910
33197,6342918
33198,6342923
33198,6342924
33199,6342929
33199,6342932
33200,6342935
33200,6342939
33201,6342944
33201,6342951
33202,6342957
33202,6342962
33203,6342969
33203,6342973
33204,6342981
33204,6342985
33205,6342988
33205,6342993
33206,6342996
33206,6343002
33207,6343007
33207,6343014
33208,6343016
33208,6343020
33209,6343022
33209,6343028
33210,6343028
33210,6343032
33211,6343034
33211,6343036
33212,6343040
33212,6343041
33213,6343050
33213,6343055
33214,6343060
33214,6343063
33215,6343068
33215,6343071
33216,6343077
33216,6343080
33217,6343089
33217,6343094
33218,6343100
33218,6343103
33219,6343106
33219,6343110
33220,6343114
33220,6343119
33221,6343124
33221,6343127
33222,6343132
33222,6343135
33223,6343139
33223,6343147
33224,6343148
33224,6343149
33225,6343155
33225,6343160
33226,6343161
33226,6343165
33227,6343168
33227,6343172
33228,6343177
33228,6343182
33229,6343182
33229,6343184
33230,6343188
33230,6343195
33231,6343198
33231,6343203
33232,6343209
33232,6343210
33233,6343212
33233,6343216
33234,6343223
33234,6343227
33235,6343232
33235,6343234
33236,6343240
33236,6343246
33237,6343252
33237,6343257
33238,6343259
33238,6343263
33239,6343265
33239,6343268
33240,6343270
33240,6343274
33241,6343281
33241,6343286
33242,6343287
33242,6343288
33243,6343295
33243,6343296
33244,6343302
33244,6343304
33245,6343308
33245,6343317
33246,6343320
33246,6343328
33247,6343331
33247,6343337
33248,6343342
33248,6343353
33249,6343358
33249,6343361
33250,6343363
33250,6343368
33251,6343372
33251,6343381
33252,6343386
33252,6343394
33253,6343398
33253,6343400
33254,6343405
33254,6343408
33255,6343411
33255,6343414
33256,6343419
33256,6343429
33257,6343434
33257,6343441
33258,6343443
33258,6343451
33259,6343460
33259,6343466
33260,6343470
33260,6343473
33261,6343475
33261,6343478
33262,6343480
33262,6343481
33263,6343483
33263,6343484
33264,6343490
33264,6343499
33265,6343504
33265,6343507
33266,6343516
33266,6343520
33267,6343524
33267,6343528
33268,6343534
33268,6343539
33269,6343541
33269,6343544
33270,6343549
33270,6343551
33271,6343555
33271,6343557
33272,6343560
33272,6343566
33273,6343571
33273,6343580
33274,6343585
33274,6343591
33275,6343594
33275,6343600
33276,6343602
33276,6343610
33277,6343612
33277,6343617
33278,6343623
33278,6343629
33279,6343633
33279,6343639
33280,6343646
33280,6343652
33281,6343657
33281,6343659
33282,6343662
33282,6343669
33283,6343673
33283,6343675
33284,6343679
33284,6343683
33285,6343687
33285,6343691
33286,6343696
33286,6343700
33287,6343704
33287,6343710
33288,6343713
33288,6343716
33289,6343722
33289,6343725
33290,6343727
33290,6343730
33291,6343735
33291,6343744
33292,6343748
33292,6343750
33293,6343755
33293,6343757
33294,6343758
33294,6343761
33295,6343764
33295,6343768
33296,6343771
33296,6343775
33297,6343781
33297,6343786
33298,6343789
33298,6343793
33299,6343793
33299,6343799
33300,6343810
33300,6343813
33301,6343821
33301,6343829
33302,6343837
33302,6343844
33303,6343851
33303,6343858
33304,6343861
33304,6343865
33305,6343871
33305,6343876
33306,6343879
33306,6343883
33307,6343892
33307,6343895
33308,6343903
33308,6343909
33309,6343910
33309,6343919
33310,6343924
33310,6343931
33311,6343938
33311,6343941
33312,6343942
33312,6343944
33313,6343946
33313,6343951
33314,6343955
33314,6343962
33315,6343967
33315,6343970
33316,6343973
33316,6343978
33317,6343986
33317,6343987
33318,6343996
33318,6343997
33319,6343999
33319,6344007
33320,6344014
33320,6344019
33321,6344025
33321,6344031
33322,6344037
33322,6344043
33323,6344050
33323,6344058
33324,6344062
33324,6344065
33325,6344069
33325,6344077
33326,6344087
33326,6344088
33327,6344096
33327,6344100
33328,6344101
33328,6344103
33329,6344106
33329,6344111
33330,6344120
33330,6344127
33331,6344132
33331,6344139
33332,6344145
33332,6344148
33333,6344148
33333,6344154
33334,6344155
33334,6344157
33335,6344160
33335,6344164
33336,6344171
33336,6344176
33337,6344180
33337,6344185
33338,6344191
33338,6344195
33339,6344195
33339,6344198
33340,6344203
33340,6344207
33341,6344212
33341,6344217
33342,6344223
33342,6344224
33343,6344228
33343,6344232
33344,6344237
33344,6344240
33345,6344242
33345,6344248
33346,6344253
33346,6344258
33347,6344262
33347,6344268
33348,6344273
33348,6344277
33349,6344283
33349,6344291
33350,6344296
33350,6344302
33351,6344305
33351,6344309
33352,6344310
33352,6344314
33353,6344321
33353,6344325
33354,6344331
33354,6344336
33355,6344345
33355,6344347
33356,6344351
33356,6344357
33357,6344360
33357,6344362
33358,6344366
33358,6344368
33359,6344373
33359,6344376
33360,6344382
33360,6344387
33361,6344393
33361,6344397
33362,6344399
33362,6344402
33363,6344409
33363,6344410
33364,6344412
33364,6344418
33365,6344421
33365,6344424
33366,6344429
33366,6344435
33367,6344441
33367,6344449
33368,6344455
33368,6344459
33369,6344460
33369,6344467
33370,6344474
33370,6344478
33371,6344483
33371,6344489
33372,6344492
33372,6344497
33373,6344501
33373,6344502
33374,6344506
33374,6344510
33375,6344512
33375,6344514
33376,6344518
33376,6344521
33377,6344526
33377,6344530
33378,6344536
33378,6344541
33379,6344549
33380,6344555
33380,6344559
33381,6344565
33381,6344570
33382,6344581
33382,6344588
33383,6344590
33383,6344595
33384,6344604
33384,6344608
33385,6344613
33385,6344617
33386,6344623
33386,6344626
33387,6344630
33387,6344634
33388,6344637
33388,6344642
33389,6344647
33389,6344650
33390,6344656
33390,6344662
33391,6344667
33391,6344674
33392,6344677
33392,6344680
33393,6344683
33393,6344693
33394,6344693
33394,6344697
33395,6344700
33395,6344707
33396,6344711
33396,6344716
33397,6344720
33397,6344725
33398,6344728
33398,6344730
33399,6344736
33399,6344742
33400,6344744
33400,6344749
33401,6344750
33401,6344753
33402,6344755
33402,6344763
33403,6344767
33404,6344772
33404,6344779
33405,6344789
33405,6344795
33406,6344797
33406,6344802
33407,6344805
33407,6344808
33408,6344813
33408,6344818
33409,6344822
33409,6344826
33410,6344833
33410,6344837
33411,6344841
33411,6344849
33412,6344854
33412,6344860
33413,6344862
33413,6344868
33414,6344873
33414,6344880
33415,6344885
33415,6344892
33416,6344895
33416,6344906
33417,6344912
33417,6344918
33418,6344921
33418,6344926
33419,6344929
33419,6344935
33420,6344938
33420,6344945
33421,6344950
33421,6344954
33422,6344955
33422,6344957
33423,6344963
33423,6344966
33424,6344973
33424,6344977
33425,6344977
33425,6344982
33426,6344991
33426,6344994
33427,6345002
33427,6345007
33428,6345016
33428,6345021
33429,6345027
33429,6345028
33430,6345034
33430,6345039
33431,6345041
33431,6345047
33432,6345053
33432,6345057
33433,6345059
33433,6345063
33434,6345066
33434,6345070
33435,6345078
33435,6345080
33436,6345087
33436,6345096
33437,6345103
33437,6345106
33438,6345110
33438,6345112
33439,6345118
33439,6345122
33440,6345129
33440,6345134
33441,6345141
33441,6345145
33442,6345148
33442,6345149
33443,6345154
33443,6345159
33444,6345163
33444,6345170
33445,6345180
33445,6345187
33446,6345190
33446,6345197
33447,6345205
33447,6345208
33448,6345220
33448,6345224
33449,6345229
33449,6345236
33450,6345243
33450,6345245
33451,6345250
33451,6345254
33452,6345258
33452,6345266
33453,6345273
33453,6345281
33454,6345290
33454,6345295
33455,6345299
33455,6345302
33456,6345306
33456,6345309
33457,6345315
33457,6345318
33458,6345319
33458,6345320
33459,6345324
33459,6345328
33460,6345331
33460,6345334
33461,6345340
33461,6345347
33462,6345351
33462,6345354
33463,6345356
33463,6345360
33464,6345364
33464,6345367
33465,6345371
33465,6345378
33466,6345382
33466,6345387
33467,6345393
33468,6345399
33468,6345400
33469,6345407
33469,6345416
33470,6345422
33470,6345425
33471,6345430
33471,6345433
33472,6345440
33472,6345444
33473,6345448
33473,6345455
33474,6345462
33474,6345463
33475,6345469
33475,6345473
33476,6345474
33477,6345479
33477,6345488
33478,6345497
33478,6345501
33479,6345506
33479,6345509
33480,6345510
33480,6345514
33481,6345519
33481,6345523
33482,6345528
33482,6345535
33483,6345536
33483,6345543
33484,6345547
33484,6345548
33485,6345551
33485,6345554
33486,6345558
33486,6345561
33487,6345568
33487,6345573
33488,6345581
33488,6345585
33489,6345588
33489,6345590
33490,6345596
33490,6345602
33491,6345604
33491,6345609
33492,6345611
33492,6345613
33493,6345616
33493,6345623
33494,6345627
33494,6345629
33495,6345633
33495,6345640
33496,6345643
33496,6345645
33497,6345650
33497,6345658
33498,6345663
33498,6345666
33499,6345668
33499,6345675
33500,6345679
33500,6345684
33501,6345687
33501,6345694
33502,6345700
33502,6345703
33503,6345706
33503,6345709
33504,6345714
33504,6345718
33505,6345724
33506,6345731
33506,6345733
33507,6345739
33507,6345743
33508,6345747
33508,6345753
33509,6345759
33509,6345763
33510,6345767
33510,6345770
33511,6345772
33511,6345774
33512,6345776
33512,6345785
33513,6345790
33513,6345795
33514,6345800
33514,6345803
33515,6345811
33515,6345812
33516,6345815
33516,6345821
33517,6345822
33517,6345826
33518,6345829
33518,6345835
33519,6345837
33519,6345840
33520,6345844
33520,6345847
33521,6345852
33521,6345856
33522,6345862
33522,6345867
33523,6345869
33523,6345872
33524,6345883
33524,6345889
33525,6345892
33525,6345898
33526,6345901
33526,6345902
33527,6345904
33527,6345912
33528,6345918
33528,6345921
33529,6345929
33529,6345933
33530,6345938
33530,6345940
33531,6345945
33531,6345949
33532,6345951
33532,6345958
33533,6345967
33533,6345973
33534,6345979
33534,6345985
33535,6345991
33535,6345998
33536,6345999
33536,6346001
33537,6346005
33537,6346008
33538,6346012
33538,6346015
33539,6346022
33539,6346027
33540,6346029
33540,6346035
33541,6346042
33541,6346044
33542,6346050
33542,6346052
33543,6346055
33543,6346057
33544,6346062
33544,6346065
33545,6346066
33545,6346073
33546,6346079
33546,6346084
33547,6346090
33547,6346095
33548,6346103
33548,6346107
33549,6346110
33549,6346116
33550,6346120
33550,6346123
33551,6346126
33551,6346133
33552,6346136
33552,6346140
33553,6346145
33553,6346150
33554,6346153
33554,6346157
33555,6346159
33555,6346163
33556,6346164
33556,6346166
33557,6346171
33557,6346173
33558,6346180
33558,6346186
33559,6346192
33559,6346197
33560,6346200
33560,6346206
33561,6346208
33561,6346209
33562,6346210
33562,6346216
33563,6346218
33563,6346222
33564,6346225
33564,6346229
33565,6346231
33565,6346234
33566,6346236
33566,6346240
33567,6346243
33567,6346252
33568,6346256
33568,6346259
33569,6346263
33569,6346270
33570,6346274
33570,6346283
33571,6346283
33571,6346288
33572,6346294
33572,6346301
33573,6346307
33573,6346313
33574,6346317
33574,6346322
33575,6346325
33575,6346328
33576,6346330
33576,6346332
33577,6346337
33577,6346340
33578,6346344
33578,6346345
33579,6346351
33579,6346354
33580,6346359
33580,6346367
33581,6346372
33581,6346378
33582,6346385
33582,6346390
33583,6346396
33583,6346400
33584,6346405
33584,6346412
33585,6346423
33585,6346426
33586,6346428
33586,6346434
33587,6346438
33587,6346442
33588,6346450
33588,6346454
33589,6346467
33589,6346470
33590,6346473
33590,6346478
33591,6346483
33591,6346488
33592,6346491
33592,6346500
33593,6346501
33593,6346505
33594,6346511
33594,6346520
33595,6346524
33595,6346527
33596,6346530
33596,6346534
33597,6346538
33598,6346541
33598,6346545
33599,6346548
33599,6346551
33600,6346554
33600,6346561
33601,6346565
33601,6346570
33602,6346574
33602,6346577
33603,6346583
33603,6346586
33604,6346590
33604,6346592
33605,6346598
33605,6346600
33606,6346607
33606,6346612
33607,6346616
33607,6346621
33608,6346628
33608,6346631
33609,6346635
33609,6346638
33610,6346645
33610,6346648
33611,6346652
33611,6346655
33612,6346657
33612,6346663
33613,6346667
33613,6346673
33614,6346676
33614,6346683
33615,6346687
33615,6346692
33616,6346696
33616,6346701
33617,6346707
33617,6346713
33618,6346719
33618,6346721
33619,6346724
33619,6346728
33620,6346731
33620,6346736
33621,6346742
33621,6346748
33622,6346753
33622,6346756
33623,6346764
33623,6346769
33624,6346772
33624,6346779
33625,6346784
33625,6346792
33626,6346796
33626,6346798
33627,6346804
33627,6346812
33628,6346814
33628,6346820
33629,6346824
33629,6346826
33630,6346828
33630,6346837
33631,6346846
33631,6346849
33632,6346855
33632,6346860
33633,6346867
33633,6346868
33634,6346872
33634,6346875
33635,6346879
33635,6346883
33636,6346888
33636,6346891
33637,6346896
33637,6346901
33638,6346904
33638,6346910
33639,6346917
33639,6346922
33640,6346928
33640,6346934
33641,6346942
33641,6346948
33642,6346955
33642,6346960
33643,6346966
33643,6346969
33644,6346973
33644,6346979
33645,6346983
33645,6346989
33646,6346994
33646,6346996
33647,6347001
33647,6347006
33648,6347011
33648,6347019
33649,6347027
33649,6347034
33650,6347038
33650,6347041
33651,6347048
33651,6347052
33652,6347055
33652,6347059
33653,6347062
33653,6347067
33654,6347068
33654,6347074
33655,6347078
33655,6347084
33656,6347089
33656,6347093
33657,6347097
33657,6347099
33658,6347103
33658,6347109
33659,6347114
33659,6347122
33660,6347125
33660,6347135
33661,6347138
33661,6347141
33662,6347144
33662,6347151
33663,6347157
33663,6347159
33664,6347163
33664,6347169
33665,6347175
33665,6347180
33666,6347185
33666,6347191
33667,6347194
33667,6347201
33668,6347203
33668,6347207
33669,6347209
33669,6347212
33670,6347214
33670,6347217
33671,6347220
33671,6347225
33672,6347232
33672,6347236
33673,6347243
33673,6347246
33674,6347252
33674,6347259
33675,6347268
33675,6347275
33676,6347285
33676,6347290
33677,6347294
33677,6347300
33678,6347304
33678,6347306
33679,6347310
33679,6347317
33680,6347319
33680,6347325
33681,6347330
33681,6347337
33682,6347341
33682,6347350
33683,6347355
33683,6347359
33684,6347363
33684,6347370
33685,6347375
33685,6347380
33686,6347385
33686,6347390
33687,6347395
33687,6347401
33688,6347404
33688,6347410
33689,6347412
33689,6347415
33690,6347418
33690,6347419
33691,6347422
33691,6347428
33692,6347435
33692,6347438
33693,6347442
33693,6347446
33694,6347453
33694,6347458
33695,6347463
33695,6347466
33696,6347470
33696,6347473
33697,6347479
33697,6347484
33698,6347491
33698,6347495
33699,6347497
33699,6347505
33700,6347508
33700,6347517
33701,6347520
33701,6347524
33702,6347528
33702,6347537
33703,6347539
33703,6347545
33704,6347550
33704,6347554
33705,6347558
33705,6347564
33706,6347568
33706,6347571
33707,6347573
33707,6347579
33708,6347584
33708,6347589
33709,6347596
33709,6347604
33710,6347609
33710,6347613
33711,6347614
33711,6347616
33712,6347622
33712,6347627
33713,6347635
33713,6347641
33714,6347644
33714,6347649
33715,6347651
33715,6347655
33716,6347661
33716,6347667
33717,6347673
33717,6347679
33718,6347680
33718,6347686
33719,6347689
33719,6347692
33720,6347695
33720,6347701
33721,6347703
33721,6347708
33722,6347714
33722,6347716
33723,6347722
33723,6347725
33724,6347733
33724,6347737
33725,6347746
33725,6347751
33726,6347756
33726,6347758
33727,6347764
33727,6347768
33728,6347776
33728,6347781
33729,6347785
33729,6347790
33730,6347794
33730,6347795
33731,6347800
33731,6347808
33732,6347812
33732,6347818
33733,6347823
33733,6347830
33734,6347835
33734,6347839
33735,6347843
33735,6347844
33736,6347849
33736,6347853
33737,6347862
33737,6347869
33738,6347879
33738,6347888
33739,6347892
33739,6347896
33740,6347905
33740,6347907
33741,6347910
33741,6347914
33742,6347919
33742,6347927
33743,6347933
33743,6347943
33744,6347951
33744,6347953
33745,6347961
33745,6347964
33746,6347965
33746,6347970
33747,6347976
33747,6347984
33748,6347991
33748,6347995
33749,6347999
33749,6348006
33750,6348013
33750,6348021
33751,6348026
33751,6348032
33752,6348039
33752,6348043
33753,6348052
33753,6348057
33754,6348059
33754,6348062
33755,6348069
33755,6348076
33756,6348081
33756,6348086
33757,6348091
33757,6348097
33758,6348106
33758,6348110
33759,6348115
33759,6348119
33760,6348127
33760,6348132
33761,6348135
33761,6348138
33762,6348141
33762,6348145
33763,6348150
33763,6348153
33764,6348156
33764,6348160
33765,6348164
33765,6348168
33766,6348178
33766,6348184
33767,6348189
33767,6348193
33768,6348203
33768,6348207
33769,6348210
33769,6348213
33770,6348218
33770,6348226
33771,6348230
33771,6348233
33772,6348239
33772,6348245
33773,6348247
33773,6348252
33774,6348258
33774,6348261
33775,6348267
33775,6348270
33776,6348274
33776,6348285
33777,6348290
33777,6348291
33778,6348295
33778,6348301
33779,6348303
33779,6348309
33780,6348317
33780,6348323
33781,6348329
33781,6348333
33782,6348338
33782,6348341
33783,6348346
33783,6348349
33784,6348352
33784,6348356
33785,6348360
33785,6348363
33786,6348367
33786,6348374
33787,6348380
33787,6348382
33788,6348386
33788,6348391
33789,6348397
33789,6348398
33790,6348402
33790,6348404
33791,6348409
33791,6348413
33792,6348420
33792,6348423
33793,6348429
33793,6348434
33794,6348439
33794,6348444
33795,6348452
33795,6348459
33796,6348466
33796,6348473
33797,6348475
33797,6348481
33798,6348484
33798,6348488
33799,6348493
33799,6348500
33800,6348508
33800,6348518
33801,6348519
33801,6348526
33802,6348531
33803,6348532
33803,6348540
33804,6348546
33804,6348548
33805,6348555
33805,6348559
33806,6348565
33806,6348572
33807,6348575
33807,6348579
33808,6348587
33808,6348593
33809,6348602
33809,6348606
33810,6348609
33810,6348612
33811,6348616
33811,6348621
33812,6348626
33812,6348629
33813,6348634
33813,6348635
33814,6348640
33814,6348643
33815,6348647
33815,6348654
33816,6348658
33816,6348665
33817,6348668
33817,6348673
33818,6348678
33818,6348681
33819,6348687
33819,6348691
33820,6348693
33820,6348694
33821,6348700
33821,6348704
33822,6348706
33822,6348710
33823,6348720
33823,6348724
33824,6348728
33824,6348731
33825,6348735
33825,6348741
33826,6348745
33826,6348747
33827,6348752
33827,6348755
33828,6348760
33828,6348765
33829,6348771
33829,6348775
33830,6348780
33830,6348783
33831,6348788
33831,6348794
33832,6348800
33832,6348803
33833,6348803
33833,6348808
33834,6348812
33834,6348815
33835,6348818
33835,6348823
33836,6348832
33836,6348837
33837,6348839
33837,6348842
33838,6348848
33838,6348853
33839,6348858
33839,6348869
33840,6348873
33840,6348876
33841,6348881
33841,6348887
33842,6348892
33842,6348896
33843,6348906
33843,6348911
33844,6348911
33844,6348917
33845,6348920
33845,6348925
33846,6348932
33846,6348937
33847,6348942
33847,6348949
33848,6348956
33848,6348959
33849,6348965
33849,6348967
33850,6348971
33850,6348977
33851,6348979
33851,6348986
33852,6348989
33852,6348991
33853,6348992
33853,6348997
33854,6349001
33854,6349006
33855,6349014
33855,6349015
33856,6349024
33856,6349030
33857,6349034
33857,6349038
33858,6349042
33858,6349048
33859,6349056
33859,6349063
33860,6349067
33860,6349074
33861,6349081
33861,6349085
33862,6349088
33862,6349093
33863,6349100
33863,6349104
33864,6349106
33864,6349112
33865,6349113
33865,6349117
33866,6349119
33866,6349124
33867,6349130
33867,6349135
33868,6349138
33868,6349145
33869,6349149
33869,6349155
33870,6349157
33870,6349162
33871,6349166
33871,6349170
33872,6349176
33872,6349179
33873,6349183
33873,6349187
33874,6349195
33874,6349201
33875,6349204
33875,6349207
33876,6349211
33876,6349215
33877,6349219
33877,6349225
33878,6349230
33878,6349241
33879,6349247
33879,6349252
33880,6349255
33880,6349261
33881,6349268
33881,6349271
33882,6349277
33882,6349280
33883,6349282
33883,6349289
33884,6349293
33884,6349299
33885,6349306
33885,6349310
33886,6349313
33886,6349317
33887,6349320
33887,6349327
33888,6349336
33888,6349341
33889,6349347
33889,6349355
33890,6349357
33890,6349360
33891,6349361
33891,6349365
33892,6349369
33892,6349373
33893,6349376
33893,6349385
33894,6349386
33894,6349389
33895,6349395
33895,6349401
33896,6349406
33896,6349410
33897,6349415
33897,6349423
33898,6349430
33898,6349432
33899,6349437
33899,6349440
33900,6349442
33900,6349448
33901,6349452
33901,6349458
33902,6349461
33902,6349466
33903,6349471
33903,6349477
33904,6349481
33904,6349483
33905,6349489
33905,6349490
33906,6349494
33906,6349499
33907,6349506
33907,6349512
33908,6349515
33908,6349518
33909,6349525
33909,6349530
33910,6349533
33910,6349536
33911,6349547
33911,6349553
33912,6349560
33912,6349567
33913,6349573
33913,6349577
33914,6349582
33914,6349587
33915,6349588
33916,6349591
33916,6349597
33917,6349605
33917,6349613
33918,6349618
33918,6349625
33919,6349633
33919,6349638
33920,6349644
33920,6349649
33921,6349651
33921,6349655
33922,6349658
33922,6349664
33923,6349667
33923,6349675
33924,6349680
33924,6349687
33925,6349691
33925,6349697
33926,6349702
33926,6349707
33927,6349708
33927,6349712
33928,6349716
33928,6349724
33929,6349730
33929,6349735
33930,6349740
33930,6349747
33931,6349751
33931,6349756
33932,6349761
33932,6349768
33933,6349770
33933,6349773
33934,6349779
33934,6349786
33935,6349791
33935,6349795
33936,6349799
33936,6349808
33937,6349815
33937,6349816
33938,6349822
33938,6349826
33939,6349831
33939,6349837
33940,6349841
33940,6349847
33941,6349850
33941,6349852
33942,6349855
33942,6349861
33943,6349864
33943,6349873
33944,6349878
33944,6349888
33945,6349897
33945,6349902
33946,6349907
33946,6349914
33947,6349919
33947,6349924
33948,6349933
33948,6349937
33949,6349941
33949,6349946
33950,6349950
33950,6349955
33951,6349962
33951,6349970
33952,6349976
33952,6349981
33953,6349984
33953,6349988
33954,6349999
33954,6350004
33955,6350008
33955,6350011
33956,6350020
33956,6350023
33957,6350028
33957,6350034
33958,6350035
33958,6350038
33959,6350045
33959,6350048
33960,6350056
33960,6350066
33961,6350069
33961,6350073
33962,6350078
33962,6350083
33963,6350084
33963,6350088
33964,6350093
33964,6350096
33965,6350102
33965,6350112
33966,6350115
33966,6350125
33967,6350131
33967,6350135
33968,6350141
33968,6350146
33969,6350156
33969,6350165
33970,6350169
33970,6350171
33971,6350174
33971,6350180
33972,6350184
33972,6350187
33973,6350191
33973,6350198
33974,6350202
33974,6350209
33975,6350212
33975,6350218
33976,6350222
33976,6350231
33977,6350235
33977,6350242
33978,6350249
33978,6350251
33979,6350256
33979,6350262
33980,6350273
33980,6350279
33981,6350282
33981,6350287
33982,6350291
33982,6350297
33983,6350304
33983,6350309
33984,6350314
33984,6350324
33985,6350326
33985,6350327
33986,6350330
33986,6350333
33987,6350338
33987,6350342
33988,6350351
33988,6350356
33989,6350361
33989,6350365
33990,6350367
33990,6350372
33991,6350374
33991,6350378
33992,6350386
33992,6350387
33993,6350396
33993,6350398
33994,6350406
33994,6350418
33995,6350422
33995,6350431
33996,6350435
33996,6350442
33997,6350450
33997,6350456
33998,6350461
33998,6350469
33999,6350473
33999,6350476
34000,6350481
34000,6350484
34001,6350486
34001,6350492
34002,6350496
34002,6350507
34003,6350514
34003,6350518
34004,6350524
34004,6350530
34005,6350533
34005,6350538
34006,6350542
34006,6350544
34007,6350549
34007,6350550
34008,6350553
34008,6350556
34009,6350558
34009,6350562
34010,6350567
34010,6350569
34011,6350574
34011,6350575
34012,6350581
34012,6350587
34013,6350593
34013,6350596
34014,6350596
34014,6350597
34015,6350604
34015,6350605
34016,6350610
34016,6350616
34017,6350624
34017,6350630
34018,6350635
34018,6350638
34019,6350646
34019,6350651
34020,6350657
34020,6350661
34021,6350663
34021,6350668
34022,6350669
34022,6350674
34023,6350679
34023,6350683
34024,6350684
34024,6350689
34025,6350692
34025,6350698
34026,6350703
34026,6350711
34027,6350718
34027,6350728
34028,6350730
34028,6350732
34029,6350740
34029,6350749
34030,6350751
34030,6350753
34031,6350756
34031,6350765
34032,6350770
34032,6350773
34033,6350775
34033,6350780
34034,6350784
34034,6350788
34035,6350790
34035,6350796
34036,6350802
34036,6350807
34037,6350813
34038,6350816
34038,6350822
34039,6350831
34039,6350835
34040,6350837
34040,6350843
34041,6350848
34041,6350852
34042,6350857
34042,6350858
34043,6350864
34043,6350869
34044,6350871
34044,6350876
34045,6350883
34045,6350885
34046,6350892
34046,6350895
34047,6350895
34047,6350899
34048,6350902
34048,6350913
34049,6350922
34049,6350929
34050,6350937
34050,6350940
34051,6350941
34051,6350948
34052,6350954
34052,6350960
34053,6350967
34053,6350974
34054,6350983
34054,6350988
34055,6350994
34055,6350999
34056,6351005
34056,6351012
34057,6351014
34057,6351022
34058,6351030
34058,6351035
34059,6351037
34059,6351045
34060,6351049
34060,6351055
34061,6351059
34061,6351064
34062,6351070
34062,6351073
34063,6351075
34063,6351078
34064,6351080
34064,6351086
34065,6351091
34065,6351095
34066,6351101
34066,6351106
34067,6351115
34067,6351125
34068,6351129
34068,6351131
34069,6351135
34069,6351143
34070,6351147
34070,6351151
34071,6351155
34071,6351157
34072,6351162
34072,6351169
34073,6351174
34073,6351178
34074,6351183
34074,6351191
34075,6351198
34075,6351201
34076,6351210
34076,6351217
34077,6351228
34077,6351230
34078,6351236
34078,6351238
34079,6351240
34079,6351247
34080,6351252
34080,6351256
34081,6351262
34081,6351265
34082,6351270
34082,6351278
34083,6351281
34083,6351285
34084,6351292
34084,6351296
34085,6351303
34085,6351308
34086,6351320
34086,6351325
34087,6351329
34087,6351335
34088,6351338
34088,6351341
34089,6351347
34089,6351353
34090,6351354
34090,6351360
34091,6351366
34091,6351369
34092,6351372
34092,6351373
34093,6351377
34093,6351383
34094,6351387
34094,6351392
34095,6351397
34095,6351401
34096,6351403
34096,6351407
34097,6351410
34097,6351413
34098,6351417
34098,6351422
34099,6351426
34099,6351432
34100,6351434
34100,6351442
34101,6351445
34101,6351448
34102,6351453
34102,6351457
34103,6351459
34103,6351465
34104,6351470
34104,6351474
34105,6351483
34105,6351488
34106,6351491
34106,6351495
34107,6351498
34107,6351505
34108,6351509
34108,6351519
34109,6351520
34109,6351522
34110,6351526
34110,6351528
34111,6351534
34111,6351537
34112,6351539
34112,6351547
34113,6351549
34113,6351556
34114,6351559
34114,6351563
34115,6351570
34115,6351574
34116,6351586
34116,6351591
34117,6351597
34117,6351603
34118,6351607
34118,6351613
34119,6351614
34119,6351618
34120,6351619
34120,6351625
34121,6351629
34121,6351636
34122,6351644
34122,6351650
34123,6351652
34123,6351660
34124,6351664
34124,6351670
34125,6351672
34125,6351676
34126,6351682
34126,6351691
34127,6351694
34127,6351700
34128,6351705
34128,6351708
34129,6351714
34129,6351721
34130,6351728
34130,6351732
34131,6351737
34131,6351743
34132,6351747
34132,6351752
34133,6351756
34133,6351761
34134,6351769
34134,6351770
34135,6351776
34135,6351779
34136,6351785
34136,6351790
34137,6351796
34137,6351800
34138,6351804
34138,6351809
34139,6351812
34139,6351817
34140,6351821
34140,6351828
34141,6351831
34141,6351834
34142,6351839
34142,6351845
34143,6351852
34143,6351857
34144,6351863
34144,6351866
34145,6351871
34145,6351874
34146,6351878
34146,6351880
34147,6351884
34147,6351888
34148,6351893
34148,6351897
34149,6351904
34149,6351910
34150,6351915
34150,6351916
34151,6351924
34151,6351928
34152,6351934
34152,6351941
34153,6351948
34153,6351953
34154,6351958
34154,6351960
34155,6351962
34155,6351969
34156,6351981
34156,6351988
34157,6351993
34157,6351999
34158,6352008
34158,6352014
34159,6352019
34159,6352025
34160,6352031
34160,6352043
34161,6352046
34161,6352054
34162,6352063
34162,6352068
34163,6352072
34163,6352077
34164,6352083
34164,6352090
34165,6352092
34165,6352098
34166,6352099
34166,6352102
34167,6352105
34167,6352112
34168,6352117
34168,6352121
34169,6352128
34169,6352131
34171,6352136
34171,6352139
34172,6352144
34172,6352148
34173,6352154
34173,6352158
34174,6352163
34174,6352166
34175,6352173
34175,6352177
34176,6352180
34176,6352184
34177,6352189
34177,6352192
34178,6352198
34178,6352204
34179,6352208
34179,6352211
34180,6352214
34180,6352217
34181,6352219
34181,6352226
34182,6352231
34182,6352236
34183,6352242
34183,6352248
34184,6352250
34184,6352254
34185,6352262
34185,6352269
34186,6352274
34186,6352282
34187,6352287
34187,6352294
34188,6352301
34188,6352304
34189,6352307
34189,6352310
34190,6352311
34190,6352314
34191,6352318
34191,6352324
34192,6352329
34192,6352341
34193,6352343
34193,6352349
34194,6352356
34194,6352365
34195,6352368
34195,6352372
34196,6352374
34196,6352383
34197,6352386
34197,6352389
34198,6352394
34198,6352398
34199,6352403
34199,6352407
34200,6352414
34200,6352417
34201,6352420
34201,6352425
34202,6352427
34202,6352435
34203,6352442
34203,6352444
34204,6352449
34204,6352458
34205,6352460
34205,6352468
34206,6352471
34206,6352477
34207,6352478
34207,6352486
34208,6352496
34208,6352499
34209,6352503
34209,6352513
34210,6352517
34210,6352525
34211,6352532
34211,6352537
34212,6352546
34212,6352549
34213,6352553
34213,6352559
34214,6352562
34214,6352565
34215,6352572
34215,6352586
34216,6352594
34216,6352601
34217,6352612
34217,6352617
34218,6352622
34218,6352624
34219,6352632
34219,6352637
34220,6352645
34220,6352650
34221,6352654
34221,6352663
34222,6352665
34222,6352666
34223,6352671
34223,6352679
34224,6352683
34224,6352687
34225,6352693
34225,6352698
34226,6352706
34226,6352713
34227,6352718
34227,6352726
34228,6352729
34228,6352733
34229,6352737
34229,6352742
34230,6352748
34230,6352753
34231,6352759
34231,6352765
34232,6352771
34232,6352777
34233,6352779
34233,6352781
34234,6352789
34234,6352792
34235,6352796
34235,6352798
34236,6352806
34236,6352811
34237,6352817
34237,6352824
34238,6352828
34238,6352835
34239,6352838
34239,6352844
34240,6352848
34240,6352854
34241,6352861
34241,6352863
34242,6352865
34242,6352872
34243,6352877
34243,6352883
34244,6352887
34244,6352892
34245,6352897
34245,6352904
34246,6352907
34246,6352912
34247,6352916
34247,6352918
34248,6352925
34248,6352930
34249,6352933
34249,6352938
34250,6352942
34250,6352947
34251,6352954
34251,6352957
34252,6352959
34252,6352964
34253,6352970
34253,6352974
34254,6352978
34254,6352988
34255,6352996
34255,6353000
34256,6353002
34256,6353005
34257,6353009
34257,6353013
34258,6353019
34258,6353024
34259,6353027
34259,6353031
34260,6353036
34260,6353042
34261,6353047
34261,6353052
34262,6353055
34262,6353058
34263,6353060
34263,6353066
34264,6353069
34264,6353074
34265,6353082
34265,6353089
34266,6353095
34266,6353100
34267,6353109
34267,6353111
34268,6353121
34268,6353125
34269,6353129
34269,6353135
34270,6353140
34270,6353143
34271,6353149
34271,6353157
34272,6353161
34272,6353165
34273,6353169
34273,6353175
34274,6353177
34274,6353183
34275,6353191
34275,6353193
34276,6353198
34276,6353205
34277,6353209
34277,6353218
34278,6353224
34278,6353231
34279,6353237
34279,6353238
34280,6353244
34280,6353252
34281,6353255
34281,6353260
34282,6353265
34282,6353269
34283,6353273
34283,6353277
34284,6353282
34284,6353285
34285,6353288
34285,6353292
34286,6353299
34287,6353300
34287,6353304
34288,6353307
34288,6353314
34289,6353321
34289,6353322
34290,6353326
34290,6353332
34290,6353340
34290,6353346
34291,6353352
34291,6353356
34292,6353361
34292,6353366
34293,6353370
34293,6353375
34294,6353378
34294,6353384
34295,6353392
34295,6353399
34296,6353400
34296,6353403
34297,6353411
34297,6353413
34298,6353415
34298,6353420
34299,6353426
34299,6353428
34300,6353433
34300,6353436
34301,6353443
34301,6353453
34302,6353464
34302,6353469
34303,6353471
34303,6353475
34304,6353482
34304,6353496
34305,6353499
34305,6353507
34306,6353511
34306,6353517
34307,6353525
34307,6353533
34308,6353539
34308,6353544
34309,6353550
34309,6353556
34310,6353561
34310,6353566
34311,6353570
34311,6353574
34312,6353578
34312,6353582
34313,6353583
34313,6353586
34314,6353593
34314,6353600
34315,6353603
34315,6353605
34316,6353609
34316,6353617
34317,6353623
34317,6353628
34318,6353632
34318,6353634
34319,6353638
34319,6353646
34320,6353650
34320,6353653
34321,6353658
34321,6353664
34322,6353672
34322,6353679
34323,6353683
34323,6353694
34324,6353702
34324,6353707
34325,6353709
34325,6353719
34326,6353728
34326,6353734
34327,6353741
34327,6353745
34328,6353752
34328,6353758
34329,6353762
34329,6353766
34330,6353771
34330,6353777
34331,6353781
34331,6353783
34332,6353786
34332,6353790
34333,6353795
34333,6353800
34334,6353803
34334,6353808
34335,6353813
34335,6353818
34336,6353825
34336,6353829
34337,6353835
34337,6353837
34338,6353839
34338,6353845
34339,6353848
34339,6353853
34340,6353858
34340,6353863
34341,6353870
34341,6353873
34342,6353876
34342,6353882
34343,6353887
34343,6353891
34344,6353895
34344,6353901
34345,6353903
34345,6353907
34346,6353917
34346,6353921
34347,6353925
34347,6353928
34348,6353933
34348,6353939
34349,6353945
34349,6353952
34350,6353959
34350,6353965
34351,6353969
34351,6353973
34352,6353979
34352,6353980
34353,6353982
34353,6353983
34354,6353991
34354,6353999
34355,6354005
34355,6354009
34356,6354010
34356,6354014
34357,6354020
34357,6354028
34358,6354033
34358,6354034
34359,6354038
34359,6354041
34360,6354045
34360,6354050
34361,6354058
34361,6354064
34362,6354071
34362,6354074
34363,6354079
34363,6354083
34364,6354091
34364,6354095
34365,6354103
34365,6354110
34366,6354116
34366,6354119
34367,6354124
34367,6354128
34368,6354134
34368,6354138
34369,6354141
34369,6354145
34370,6354149
34370,6354158
34371,6354164
34371,6354170
34372,6354175
34372,6354179
34373,6354184
34373,6354186
34374,6354189
34374,6354191
34375,6354198
34375,6354202
34376,6354215
34376,6354222
34377,6354228
34377,6354239
34378,6354243
34378,6354249
34379,6354252
34379,6354257
34380,6354263
34380,6354266
34381,6354271
34381,6354274
34382,6354280
34382,6354289
34383,6354295
34383,6354301
34384,6354309
34384,6354313
34385,6354318
34385,6354320
34386,6354328
34386,6354332
34387,6354337
34387,6354342
34388,6354348
34388,6354355
34389,6354356
34389,6354358
34390,6354363
34390,6354367
34391,6354372
34391,6354376
34392,6354385
34392,6354387
34393,6354389
34393,6354391
34394,6354400
34394,6354405
34395,6354411
34395,6354412
34396,6354420
34396,6354428
34397,6354436
34397,6354444
34398,6354447
34398,6354454
34399,6354462
34399,6354467
34400,6354473
34400,6354482
34401,6354485
34401,6354488
34402,6354495
34402,6354499
34403,6354505
34403,6354508
34404,6354513
34404,6354517
34405,6354525
34405,6354530
34406,6354540
34406,6354544
34407,6354546
34407,6354556
34408,6354560
34408,6354565
34409,6354572
34409,6354578
34410,6354587
34410,6354590
34411,6354596
34411,6354598
34412,6354601
34412,6354605
34413,6354612
34413,6354618
34414,6354622
34414,6354626
34415,6354633
34415,6354639
34416,6354648
34416,6354656
34417,6354662
34417,6354669
34418,6354676
34418,6354681
34419,6354684
34419,6354689
34420,6354692
34420,6354696
34421,6354699
34421,6354704
34422,6354708
34422,6354710
34423,6354716
34423,6354722
34424,6354726
34424,6354731
34425,6354737
34425,6354743
34426,6354746
34426,6354748
34427,6354754
34427,6354762
34428,6354765
34428,6354771
34429,6354775
34429,6354783
34430,6354791
34430,6354798
34431,6354803
34431,6354808
34432,6354816
34432,6354820
34433,6354827
34433,6354833
34434,6354835
34434,6354838
34435,6354843
34435,6354850
34436,6354854
34436,6354859
34437,6354868
34437,6354873
34438,6354877
34438,6354884
34439,6354891
34439,6354897
34440,6354900
34440,6354907
34441,6354914
34441,6354918
34442,6354924
34442,6354928
34443,6354937
34443,6354945
34444,6354951
34444,6354956
34445,6354959
34445,6354960
34446,6354964
34446,6354969
34447,6354972
34447,6354981
34448,6354985
34448,6354990
34449,6354994
34449,6355000
34450,6355006
34450,6355012
34451,6355017
34451,6355027
34452,6355035
34452,6355039
34453,6355042
34453,6355046
34454,6355050
34454,6355055
34455,6355060
34455,6355063
34456,6355067
34456,6355069
34457,6355073
34457,6355075
34458,6355078
34458,6355081
34459,6355088
34459,6355092
34460,6355101
34460,6355106
34461,6355114
34461,6355117
34462,6355125
34462,6355130
34463,6355134
34463,6355141
34464,6355145
34464,6355148
34465,6355151
34465,6355155
34466,6355160
34466,6355163
34467,6355167
34467,6355174
34468,6355182
34468,6355185
34469,6355189
34469,6355193
34470,6355197
34470,6355204
34471,6355208
34471,6355211
34472,6355214
34472,6355217
34473,6355219
34473,6355226
34474,6355232
34474,6355233
34475,6355239
34475,6355243
34476,6355246
34476,6355251
34477,6355258
34477,6355261
34478,6355264
34478,6355272
34479,6355281
34479,6355283
34480,6355290
34480,6355294
34481,6355297
34481,6355303
34482,6355307
34482,6355314
34483,6355316
34483,6355321
34484,6355325
34484,6355333
34485,6355340
34485,6355341
34486,6355342
34486,6355348
34487,6355352
34487,6355355
34488,6355359
34488,6355363
34489,6355369
34489,6355376
34490,6355382
34490,6355385
34491,6355392
34491,6355396
34492,6355398
34492,6355404
34493,6355410
34493,6355417
34494,6355421
34494,6355428
34495,6355435
34495,6355442
34496,6355447
34496,6355450
34497,6355456
34497,6355465
34498,6355472
34498,6355476
34499,6355482
34499,6355485
34500,6355491
34500,6355493
34501,6355495
34501,6355501
34502,6355503
34502,6355511
34503,6355514
34503,6355519
34504,6355522
34504,6355530
34505,6355539
34505,6355546
34506,6355552
34506,6355561
34507,6355564
34507,6355574
34508,6355581
34508,6355591
34509,6355599
34509,6355602
34510,6355608
34510,6355614
34511,6355618
34511,6355623
34512,6355630
34512,6355636
34513,6355640
34513,6355645
34514,6355653
34514,6355658
34515,6355665
34515,6355670
34516,6355680
34516,6355688
34517,6355692
34517,6355701
34518,6355706
34518,6355712
34519,6355715
34519,6355720
34520,6355722
34520,6355729
34521,6355739
34521,6355743
34522,6355753
34522,6355755
34523,6355758
34523,6355765
34524,6355771
34524,6355779
34525,6355786
34525,6355791
34526,6355793
34526,6355805
34527,6355812
34527,6355819
34528,6355824
34528,6355827
34529,6355833
34529,6355842
34530,6355843
34530,6355853
34531,6355859
34531,6355862
34532,6355865
34532,6355869
34533,6355873
34533,6355875
34534,6355879
34534,6355886
34535,6355892
34535,6355896
34536,6355901
34536,6355908
34537,6355911
34537,6355916
34538,6355922
34538,6355927
34539,6355932
34539,6355936
34540,6355943
34540,6355949
34541,6355954
34541,6355958
34542,6355965
34542,6355968
34543,6355971
34543,6355978
34544,6355984
34544,6355989
34545,6355997
34545,6355999
34546,6356005
34547,6356010
34547,6356012
34548,6356021
34548,6356035
34549,6356039
34549,6356046
34550,6356058
34550,6356059
34551,6356066
34551,6356073
34552,6356077
34552,6356082
34553,6356088
34553,6356090
34554,6356093
34554,6356097
34555,6356105
34555,6356112
34556,6356116
34556,6356122
34557,6356124
34557,6356134
34558,6356137
34558,6356138
34559,6356142
34559,6356149
34560,6356154
34560,6356160
34561,6356168
34561,6356176
34562,6356182
34562,6356186
34563,6356194
34564,6356203
34564,6356206
34565,6356213
34565,6356217
34566,6356223
34566,6356224
34567,6356226
34567,6356231
34568,6356233
34568,6356240
34569,6356245
34569,6356251
34570,6356259
34570,6356265
34571,6356267
34571,6356275
34572,6356277
34572,6356280
34573,6356283
34573,6356292
34574,6356293
34574,6356296
34575,6356299
34575,6356303
34576,6356310
34576,6356321
34577,6356325
34577,6356331
34578,6356335
34578,6356340
34579,6356345
34579,6356351
34580,6356351
34580,6356359
34581,6356365
34581,6356368
34582,6356375
34582,6356378
34583,6356383
34583,6356388
34584,6356393
34584,6356395
34585,6356400
34585,6356405
34586,6356409
34586,6356414
34587,6356417
34587,6356424
34588,6356427
34588,6356435
34589,6356440
34589,6356445
34590,6356448
34590,6356451
34591,6356461
34591,6356467
34592,6356473
34592,6356480
34593,6356489
34593,6356494
34594,6356500
34594,6356504
34595,6356508
34595,6356511
34596,6356517
34596,6356522
34597,6356530
34597,6356538
34598,6356546
34598,6356552
34599,6356556
34599,6356561
34600,6356571
34600,6356575
34601,6356581
34601,6356587
34602,6356591
34602,6356598
34603,6356605
34603,6356613
34604,6356613
34604,6356621
34605,6356630
34605,6356632
34606,6356638
34606,6356642
34607,6356646
34607,6356652
34608,6356656
34608,6356660
34609,6356663
34609,6356668
34610,6356679
34610,6356682
34611,6356688
34611,6356695
34612,6356697
34612,6356700
34613,6356705
34613,6356712
34614,6356717
34614,6356721
34615,6356729
34615,6356732
34616,6356741
34616,6356742
34617,6356746
34617,6356751
34618,6356754
34618,6356761
34619,6356766
34619,6356768
34620,6356772
34620,6356775
34621,6356781
34621,6356787
34622,6356795
34622,6356799
34623,6356802
34623,6356808
34624,6356812
34624,6356818
34625,6356820
34625,6356823
34626,6356828
34626,6356839
34627,6356846
34627,6356848
34628,6356856
34628,6356859
34629,6356863
34629,6356866
34630,6356874
34630,6356881
34631,6356882
34631,6356883
34632,6356894
34633,6356898
34633,6356901
34634,6356904
34634,6356907
34635,6356909
34635,6356912
34636,6356919
34636,6356923
34637,6356930
34637,6356932
34638,6356937
34638,6356941
34639,6356947
34639,6356952
34640,6356960
34640,6356963
34641,6356969
34641,6356975
34642,6356978
34642,6356986
34643,6356995
34643,6356999
34644,6357009
34644,6357013
34645,6357023
34645,6357027
34646,6357032
34646,6357048
34647,6357052
34647,6357060
34648,6357067
34648,6357076
34649,6357082
34649,6357089
34650,6357093
34650,6357098
34651,6357101
34651,6357102
34652,6357107
34652,6357114
34653,6357119
34653,6357123
34654,6357124
34654,6357126
34655,6357130
34655,6357137
34656,6357141
34656,6357148
34657,6357153
34657,6357158
34658,6357161
34658,6357164
34659,6357175
34659,6357182
34660,6357189
34660,6357196
34661,6357198
34661,6357206
34662,6357214
34662,6357223
34663,6357231
34663,6357238
34664,6357244
34664,6357250
34665,6357251
34665,6357257
34666,6357263
34666,6357266
34667,6357275
34667,6357276
34668,6357286
34668,6357289
34669,6357293
34669,6357299
34670,6357308
34670,6357316
34671,6357322
34671,6357327
34672,6357333
34672,6357344
34673,6357350
34673,6357354
34674,6357361
34674,6357364
34675,6357367
34675,6357369
34676,6357378
34676,6357384
34677,6357394
34677,6357397
34678,6357400
34678,6357404
34679,6357411
34679,6357419
34680,6357425
34680,6357432
34681,6357439
34681,6357445
34682,6357452
34682,6357459
34683,6357461
34683,6357466
34684,6357471
34684,6357474
34685,6357479
34685,6357487
34686,6357493
34686,6357495
34687,6357498
34687,6357503
34688,6357510
34688,6357513
34689,6357520
34689,6357527
34690,6357532
34690,6357540
34691,6357547
34691,6357553
34692,6357562
34692,6357570
34693,6357576
34693,6357583
34694,6357589
34694,6357591
34695,6357596
34695,6357598
34696,6357604
34696,6357609
34697,6357615
34697,6357620
34698,6357625
34698,6357632
34699,6357641
34699,6357645
34700,6357656
34700,6357664
34701,6357672
34701,6357676
34702,6357683
34702,6357690
34703,6357693
34703,6357701
34704,6357703
34704,6357706
34705,6357715
34705,6357716
34706,6357722
34706,6357726
34707,6357736
34707,6357741
34708,6357748
34708,6357756
34709,6357762
34709,6357767
34710,6357774
34710,6357780
34711,6357784
34711,6357791
34712,6357798
34712,6357802
34713,6357809
34713,6357814
34714,6357823
34714,6357826
34715,6357831
34715,6357838
34716,6357846
34716,6357853
34717,6357861
34717,6357870
34718,6357873
34718,6357877
34719,6357881
34719,6357887
34720,6357890
34720,6357893
34721,6357899
34721,6357905
34722,6357910
34722,6357912
34723,6357915
34723,6357920
34724,6357924
34724,6357925
34725,6357934
34725,6357938
34726,6357946
34726,6357952
34727,6357957
34727,6357963
34728,6357973
34728,6357976
34729,6357983
34729,6357986
34730,6357991
34730,6357999
34731,6358004
34731,6358007
34732,6358013
34732,6358019
34733,6358026
34733,6358028
34734,6358034
34734,6358038
34735,6358044
34735,6358050
34736,6358055
34736,6358062
34737,6358068
34737,6358070
34738,6358074
34738,6358081
34739,6358093
34739,6358098
34740,6358103
34740,6358109
34741,6358114
34741,6358119
34742,6358122
34742,6358130
34743,6358137
34743,6358142
34744,6358150
34744,6358156
34745,6358166
34745,6358171
34746,6358173
34746,6358178
34747,6358184
34747,6358186
34748,6358190
34748,6358195
34749,6358203
34749,6358205
34750,6358212
34750,6358217
34751,6358221
34751,6358229
34752,6358235
34752,6358242
34753,6358244
34753,6358247
34754,6358255
34754,6358262
34755,6358268
34756,6358272
34756,6358276
34757,6358285
34757,6358290
34758,6358295
34758,6358304
34759,6358314
34759,6358323
34760,6358329
34760,6358334
34761,6358341
34761,6358345
34762,6358351
34762,6358359
34763,6358364
34763,6358372
34764,6358378
34764,6358384
34765,6358391
34765,6358396
34766,6358398
34766,6358401
34767,6358405
34767,6358412
34768,6358412
34768,6358417
34769,6358421
34769,6358426
34770,6358431
34770,6358433
34771,6358435
34771,6358444
34772,6358449
34772,6358457
34773,6358462
34773,6358466
34774,6358475
34774,6358483
34775,6358488
34775,6358501
34776,6358505
34776,6358509
34777,6358513
34777,6358522
34778,6358528
34778,6358530
34779,6358534
34779,6358540
34780,6358547
34780,6358554
34781,6358558
34781,6358565
34782,6358569
34782,6358572
34783,6358577
34783,6358581
34784,6358588
34784,6358591
34785,6358597
34785,6358603
34786,6358605
34786,6358609
34787,6358617
34787,6358622
34788,6358625
34788,6358628
34789,6358633
34789,6358636
34790,6358644
34790,6358647
34791,6358653
34791,6358656
34792,6358668
34792,6358670
34793,6358670
34793,6358673
34794,6358678
34794,6358686
34795,6358691
34795,6358694
34796,6358699
34796,6358703
34797,6358708
34797,6358717
34798,6358721
34798,6358724
34799,6358731
34799,6358733
34800,6358739
34800,6358742
34801,6358749
34801,6358757
34802,6358763
34802,6358764
34803,6358773
34803,6358778
34804,6358782
34804,6358786
34805,6358789
34805,6358793
34806,6358799
34806,6358804
34807,6358807
34807,6358814
34808,6358818
34808,6358821
34809,6358824
34809,6358833
34810,6358839
34810,6358841
34811,6358849
34811,6358858
34812,6358861
34812,6358863
34813,6358869
34813,6358876
34814,6358880
34814,6358887
34815,6358892
34815,6358896
34816,6358898
34816,6358902
34817,6358907
34817,6358911
34818,6358917
34818,6358924
34819,6358930
34819,6358937
34820,6358946
34820,6358949
34821,6358955
34821,6358957
34822,6358963
34822,6358967
34823,6358977
34823,6358981
34824,6358986
34824,6358991
34825,6358999
34825,6359004
34826,6359008
34826,6359012
34827,6359016
34827,6359019
34828,6359028
34828,6359033
34829,6359038
34829,6359041
34830,6359045
34830,6359053
34831,6359060
34831,6359068
34832,6359074
34832,6359078
34833,6359082
34833,6359087
34834,6359093
34834,6359099
34835,6359104
34835,6359109
34836,6359112
34836,6359118
34837,6359123
34837,6359128
34838,6359132
34838,6359133
34839,6359139
34839,6359147
34840,6359150
34840,6359155
34841,6359160
34841,6359163
34842,6359170
34842,6359176
34843,6359181
34843,6359186
34844,6359191
34844,6359193
34845,6359196
34845,6359200
34846,6359204
34846,6359211
34847,6359214
34847,6359220
34848,6359226
34848,6359231
34849,6359234
34849,6359239
34850,6359248
34850,6359255
34851,6359260
34851,6359265
34852,6359271
34852,6359275
34853,6359285
34853,6359291
34854,6359296
34854,6359301
34855,6359302
34855,6359306
34856,6359313
34856,6359321
34857,6359330
34857,6359337
34858,6359339
34858,6359343
34859,6359345
34859,6359350
34860,6359354
34860,6359363
34861,6359371
34861,6359376
34862,6359379
34862,6359387
34863,6359400
34863,6359411
34864,6359421
34864,6359426
34865,6359428
34865,6359435
34866,6359439
34866,6359444
34867,6359451
34867,6359458
34868,6359464
34868,6359469
34869,6359470
34869,6359477
34870,6359489
34870,6359497
34871,6359501
34871,6359504
34872,6359510
34872,6359514
34873,6359518
34873,6359524
34874,6359527
34874,6359532
34875,6359541
34875,6359545
34876,6359554
34876,6359558
34877,6359565
34877,6359569
34878,6359572
34878,6359576
34879,6359578
34879,6359586
34880,6359589
34880,6359592
34881,6359596
34881,6359607
34882,6359613
34882,6359618
34883,6359624
34883,6359630
34884,6359634
34884,6359639
34885,6359644
34885,6359651
34886,6359657
34886,6359658
34887,6359667
34887,6359670
34888,6359675
34888,6359681
34889,6359686
34889,6359692
34890,6359696
34890,6359699
34891,6359702
34891,6359707
34892,6359711
34892,6359713
34893,6359722
34893,6359724
34894,6359733
34894,6359735
34895,6359742
34895,6359744
34896,6359752
34896,6359756
34897,6359758
34897,6359760
34898,6359763
34898,6359768
34899,6359771
34899,6359775
34900,6359779
34900,6359785
34901,6359790
34901,6359795
34902,6359799
34902,6359807
34903,6359816
34903,6359822
34904,6359827
34904,6359837
34905,6359844
34905,6359849
34906,6359855
34906,6359860
34907,6359865
34907,6359867
34908,6359875
34908,6359879
34909,6359890
34909,6359892
34910,6359898
34910,6359904
34911,6359909
34911,6359913
34912,6359917
34912,6359922
34913,6359926
34913,6359929
34914,6359936
34914,6359942
34915,6359948
34915,6359954
34916,6359962
34916,6359968
34917,6359972
34917,6359975
34918,6359983
34918,6359986
34919,6359991
34919,6359999
34920,6360003
34920,6360009
34921,6360015
34921,6360025
34922,6360028
34922,6360033
34923,6360039
34923,6360041
34924,6360050
34924,6360057
34925,6360064
34925,6360067
34926,6360074
34926,6360080
34927,6360085
34927,6360086
34928,6360090
34928,6360092
34929,6360094
34929,6360100
34930,6360103
34930,6360107
34931,6360116
34931,6360118
34932,6360126
34932,6360133
34933,6360142
34933,6360146
34934,6360150
34934,6360160
34935,6360164
34935,6360169
34936,6360174
34936,6360180
34937,6360183
34937,6360193
34938,6360198
34938,6360204
34939,6360207
34939,6360214
34940,6360218
34940,6360223
34941,6360223
34941,6360231
34942,6360237
34942,6360243
34943,6360256
34943,6360261
34944,6360268
34944,6360274
34945,6360277
34945,6360285
34946,6360291
34946,6360299
34947,6360306
34947,6360311
34948,6360315
34948,6360321
34949,6360325
34949,6360336
34950,6360343
34950,6360348
34951,6360353
34951,6360356
34952,6360361
34952,6360369
34953,6360369
34953,6360375
34954,6360381
34954,6360385
34955,6360391
34955,6360398
34956,6360403
34956,6360410
34957,6360415
34957,6360420
34958,6360427
34958,6360431
34959,6360436
34959,6360441
34960,6360447
34960,6360450
34961,6360458
34961,6360465
34962,6360471
34962,6360475
34963,6360483
34963,6360486
34964,6360490
34964,6360496
34965,6360499
34965,6360505
34966,6360512
34966,6360514
34967,6360523
34967,6360528
34968,6360532
34968,6360546
34969,6360549
34969,6360556
34970,6360569
34970,6360576
34971,6360582
34971,6360587
34972,6360594
34972,6360598
34973,6360607
34973,6360612
34974,6360618
34974,6360623
34975,6360626
34975,6360631
34976,6360638
34976,6360641
34977,6360651
34977,6360657
34978,6360662
34978,6360667
34979,6360669
34979,6360672
34980,6360678
34980,6360680
34981,6360683
34981,6360690
34982,6360695
34982,6360697
34983,6360705
34983,6360710
34984,6360719
34984,6360725
34985,6360727
34985,6360732
34986,6360735
34986,6360740
34987,6360743
34987,6360751
34988,6360753
34988,6360762
34989,6360764
34989,6360766
34990,6360772
34990,6360778
34991,6360784
34991,6360788
34992,6360792
34992,6360794
34993,6360802
34993,6360807
34994,6360811
34994,6360812
34995,6360819
34995,6360821
34996,6360824
34996,6360829
34997,6360835
34997,6360842
34998,6360848
34998,6360853
34999,6360859
34999,6360864
35000,6360867
35000,6360870
35001,6360877
35001,6360882
35002,6360888
35002,6360898
35003,6360901
35003,6360909
35004,6360913
35004,6360919
35005,6360926
35005,6360931
35006,6360934
35006,6360939
35007,6360941
35007,6360949
35008,6360955
35008,6360957
35009,6360963
35009,6360971
35010,6360978
35010,6360984
35011,6360987
35011,6360990
35012,6360998
35012,6361008
35013,6361012
35013,6361017
35014,6361026
35014,6361031
35015,6361034
35015,6361043
35016,6361047
35016,6361050
35017,6361057
35017,6361062
35018,6361065
35018,6361069
35019,6361071
35019,6361082
35020,6361088
35020,6361093
35021,6361101
35021,6361104
35022,6361111
35022,6361117
35023,6361124
35023,6361128
35024,6361133
35024,6361139
35025,6361142
35025,6361145
35026,6361148
35026,6361158
35027,6361163
35027,6361168
35028,6361176
35028,6361179
35029,6361184
35029,6361188
35030,6361195
35030,6361198
35031,6361208
35031,6361215
35032,6361219
35032,6361222
35033,6361227
35033,6361234
35034,6361245
35034,6361250
35035,6361254
35035,6361258
35036,6361265
35036,6361268
35037,6361274
35037,6361280
35038,6361283
35038,6361290
35039,6361296
35039,6361301
35040,6361310
35040,6361312
35041,6361318
35041,6361324
35042,6361332
35042,6361335
35043,6361339
35043,6361345
35044,6361350
35044,6361354
35045,6361364
35045,6361368
35046,6361376
35046,6361378
35047,6361386
35047,6361388
35048,6361392
35048,6361393
35049,6361396
35049,6361399
35050,6361403
35050,6361409
35051,6361415
35051,6361419
35052,6361423
35052,6361425
35053,6361433
35053,6361443
35054,6361446
35054,6361451
35055,6361454
35055,6361464
35056,6361471
35056,6361474
35057,6361478
35057,6361489
35058,6361495
35058,6361500
35059,6361504
35059,6361513
35060,6361519
35060,6361526
35061,6361531
35061,6361537
35062,6361543
35062,6361547
35063,6361555
35063,6361561
35064,6361567
35064,6361573
35065,6361580
35065,6361593
35066,6361599
35066,6361607
35067,6361610
35067,6361618
35068,6361622
35068,6361623
35069,6361626
35069,6361632
35070,6361635
35070,6361642
35071,6361646
35071,6361654
35072,6361656
35072,6361662
35073,6361664
35073,6361671
35074,6361675
35074,6361679
35075,6361683
35075,6361688
35076,6361690
35076,6361693
35077,6361694
35077,6361704
35078,6361711
35078,6361717
35079,6361722
35079,6361731
35080,6361735
35080,6361740
35081,6361748
35081,6361754
35082,6361763
35082,6361768
35083,6361771
35083,6361775
35084,6361781
35084,6361785
35085,6361788
35085,6361794
35086,6361801
35086,6361808
35087,6361811
35087,6361813
35088,6361820
35088,6361828
35089,6361833
35089,6361836
35090,6361840
35090,6361844
35091,6361848
35091,6361853
35092,6361853
35092,6361865
35093,6361871
35093,6361878
35094,6361883
35094,6361890
35095,6361898
35095,6361906
35096,6361915
35096,6361918
35097,6361927
35097,6361931
35098,6361943
35098,6361947
35099,6361951
35099,6361956
35100,6361963
35100,6361967
35101,6361976
35101,6361979
35102,6361982
35102,6361985
35103,6361989
35103,6361991
35104,6361998
35104,6362002
35105,6362007
35105,6362012
35106,6362016
35106,6362018
35107,6362020
35107,6362025
35108,6362026
35108,6362028
35109,6362033
35109,6362038
35110,6362044
35110,6362049
35111,6362051
35111,6362055
35112,6362064
35112,6362068
35113,6362073
35113,6362080
35114,6362085
35114,6362093
35115,6362097
35115,6362103
35116,6362107
35116,6362112
35117,6362116
35117,6362123
35118,6362129
35118,6362137
35119,6362146
35119,6362151
35120,6362159
35120,6362163
35121,6362164
35121,6362168
35122,6362170
35122,6362174
35123,6362177
35123,6362184
35124,6362189
35124,6362194
35125,6362196
35125,6362202
35126,6362209
35127,6362215
35127,6362218
35128,6362220
35128,6362224
35129,6362227
35129,6362230
35130,6362238
35130,6362243
35131,6362248
35131,6362253
35132,6362259
35132,6362265
35133,6362270
35133,6362276
35134,6362281
35134,6362282
35135,6362288
35135,6362294
35136,6362298
35136,6362300
35137,6362302
35137,6362303
35138,6362306
35138,6362310
35139,6362316
35139,6362320
35140,6362327
35140,6362336
35141,6362341
35141,6362346
35142,6362353
35142,6362356
35143,6362364
35143,6362369
35144,6362373
35144,6362381
35145,6362385
35145,6362394
35146,6362400
35146,6362405
35147,6362414
35147,6362420
35148,6362423
35148,6362432
35149,6362439
35149,6362445
35150,6362452
35150,6362458
35151,6362466
35151,6362467
35152,6362472
35152,6362475
35153,6362483
35153,6362488
35154,6362496
35154,6362503
35155,6362508
35155,6362515
35156,6362521
35156,6362525
35157,6362529
35157,6362539
35158,6362542
35158,6362545
35159,6362552
35159,6362556
35160,6362564
35160,6362570
35161,6362576
35161,6362577
35162,6362581
35162,6362588
35163,6362597
35163,6362604
35164,6362607
35164,6362612
35165,6362618
35165,6362627
35166,6362632
35166,6362634
35167,6362640
35167,6362646
35168,6362655
35168,6362664
35169,6362668
35169,6362677
35170,6362684
35170,6362695
35171,6362699
35171,6362703
35172,6362706
35172,6362715
35173,6362721
35173,6362727
35174,6362733
35174,6362739
35175,6362745
35175,6362750
35176,6362756
35176,6362760
35177,6362764
35177,6362772
35178,6362777
35178,6362781
35179,6362785
35179,6362789
35180,6362795
35180,6362801
35181,6362810
35181,6362813
35182,6362821
35182,6362826
35183,6362830
35183,6362836
35184,6362842
35184,6362846
35185,6362851
35185,6362855
35186,6362859
35186,6362862
35187,6362866
35187,6362872
35188,6362875
35188,6362880
35189,6362886
35189,6362890
35190,6362895
35190,6362902
35191,6362906
35191,6362913
35192,6362919
35192,6362925
35193,6362934
35193,6362940
35194,6362943
35194,6362946
35195,6362953
35195,6362958
35196,6362965
35196,6362968
35197,6362974
35197,6362980
35198,6362984
35198,6362990
35199,6362997
35199,6363002
35200,6363011
35200,6363016
35201,6363022
35201,6363029
35202,6363032
35202,6363038
35203,6363043
35203,6363046
35204,6363052
35204,6363057
35205,6363058
35205,6363063
35206,6363067
35206,6363072
35207,6363077
35207,6363081
35208,6363092
35208,6363093
35209,6363100
35209,6363104
35210,6363111
35210,6363115
35211,6363120
35211,6363128
35212,6363135
35212,6363141
35213,6363146
35213,6363151
35214,6363154
35214,6363157
35215,6363163
35215,6363165
35216,6363166
35216,6363168
35217,6363175
35217,6363180
35218,6363187
35218,6363190
35219,6363193
35219,6363198
35220,6363208
35220,6363212
35221,6363219
35221,6363228
35222,6363237
35222,6363246
35223,6363248
35223,6363251
35224,6363257
35224,6363260
35225,6363263
35225,6363269
35226,6363274
35226,6363277
35227,6363280
35227,6363284
35228,6363291
35228,6363297
35229,6363303
35229,6363305
35230,6363306
35230,6363313
35231,6363319
35231,6363325
35232,6363331
35232,6363340
35233,6363345
35233,6363352
35234,6363358
35234,6363361
35235,6363365
35235,6363367
35236,6363373
35236,6363379
35237,6363384
35237,6363387
35238,6363392
35238,6363396
35239,6363397
35239,6363399
35240,6363401
35240,6363410
35241,6363415
35241,6363419
35242,6363423
35242,6363430
35243,6363436
35243,6363439
35244,6363442
35244,6363445
35245,6363448
35245,6363450
35246,6363451
35246,6363458
35247,6363463
35247,6363468
35248,6363473
35248,6363480
35249,6363485
35249,6363490
35250,6363496
35251,6363501
35251,6363506
35252,6363509
35252,6363520
35253,6363525
35253,6363529
35254,6363533
35254,6363536
35255,6363547
35255,6363551
35256,6363561
35256,6363566
35257,6363570
35257,6363577
35258,6363580
35258,6363584
35259,6363587
35259,6363593
35260,6363596
35260,6363603
35261,6363609
35261,6363615
35262,6363622
35262,6363625
35263,6363628
35263,6363637
35264,6363641
35264,6363647
35265,6363654
35265,6363659
35266,6363660
35266,6363666
35267,6363673
35267,6363676
35268,6363678
35268,6363683
35269,6363688
35269,6363691
35270,6363695
35270,6363703
35271,6363709
35271,6363715
35272,6363720
35272,6363725
35273,6363732
35273,6363741
35274,6363746
35274,6363747
35275,6363750
35275,6363762
35276,6363766
35276,6363771
35277,6363776
35277,6363786
35278,6363792
35278,6363795
35279,6363802
35279,6363808
35280,6363813
35280,6363818
35281,6363820
35281,6363824
35282,6363829
35282,6363836
35283,6363839
35283,6363844
35284,6363851
35284,6363861
35285,6363864
35285,6363868
35286,6363873
35286,6363877
35287,6363880
35287,6363883
35288,6363892
35288,6363896
35289,6363901
35289,6363906
35290,6363916
35290,6363918
35291,6363921
35291,6363925
35292,6363935
35292,6363938
35293,6363946
35293,6363949
35294,6363954
35294,6363963
35295,6363968
35295,6363982
35296,6363987
35296,6363992
35297,6363996
35297,6363999
35298,6363999
35298,6364005
35299,6364011
35299,6364016
35300,6364021
35300,6364023
35301,6364027
35301,6364033
35302,6364034
35302,6364040
35303,6364044
35303,6364050
35304,6364056
35304,6364062
35305,6364067
35305,6364071
35306,6364074
35306,6364078
35307,6364084
35307,6364086
35308,6364092
35308,6364098
35309,6364102
35309,6364107
35310,6364111
35310,6364113
35311,6364117
35311,6364123
35312,6364128
35312,6364131
35313,6364134
35313,6364138
35314,6364142
35314,6364148
35315,6364150
35315,6364161
35316,6364167
35316,6364172
35317,6364174
35317,6364180
35318,6364184
35318,6364189
35319,6364194
35319,6364196
35320,6364202
35320,6364207
35321,6364213
35321,6364217
35322,6364221
35322,6364229
35323,6364234
35324,6364238
35324,6364244
35325,6364249
35325,6364256
35326,6364258
35326,6364261
35327,6364269
35327,6364272
35328,6364276
35328,6364284
35329,6364289
35329,6364293
35330,6364299
35330,6364307
35331,6364312
35331,6364318
35332,6364325
35332,6364333
35333,6364336
35333,6364340
35334,6364347
35334,6364349
35335,6364351
35335,6364359
35336,6364361
35336,6364363
35337,6364370
35337,6364377
35338,6364381
35338,6364386
35339,6364393
35339,6364402
35340,6364410
35340,6364415
35341,6364419
35341,6364423
35342,6364433
35342,6364438
35343,6364447
35343,6364450
35344,6364454
35344,6364456
35345,6364460
35345,6364463
35346,6364464
35346,6364469
35347,6364475
35347,6364477
35348,6364479
35348,6364481
35349,6364489
35349,6364501
35350,6364510
35350,6364511
35351,6364516
35351,6364522
35352,6364527
35352,6364532
35353,6364542
35353,6364548
35354,6364551
35354,6364557
35355,6364560
35355,6364562
35356,6364567
35356,6364570
35357,6364580
35357,6364586
35358,6364590
35358,6364593
35359,6364597
35359,6364606
35360,6364613
35360,6364616
35361,6364622
35361,6364630
35362,6364635
35362,6364638
35363,6364645
35363,6364649
35364,6364651
35364,6364652
35365,6364655
35365,6364663
35366,6364665
35366,6364672
35367,6364678
35367,6364681
35368,6364686
35368,6364688
35369,6364691
35369,6364696
35370,6364703
35370,6364707
35371,6364717
35371,6364721
35372,6364723
35372,6364727
35373,6364729
35373,6364732
35374,6364738
35374,6364745
35375,6364750
35375,6364754
35376,6364757
35376,6364762
35377,6364766
35377,6364770
35378,6364776
35378,6364779
35379,6364780
35379,6364782
35380,6364784
35380,6364790
35381,6364797
35381,6364799
35382,6364804
35382,6364808
35383,6364809
35383,6364814
35384,6364818
35384,6364824
35385,6364829
35385,6364839
35386,6364846
35386,6364852
35387,6364856
35387,6364861
35388,6364865
35388,6364868
35389,6364880
35389,6364886
35390,6364890
35390,6364896
35391,6364898
35391,6364903
35392,6364905
35392,6364906
35393,6364910
35393,6364917
35394,6364923
35394,6364930
35395,6364931
35395,6364934
35396,6364937
35396,6364940
35397,6364944
35397,6364951
35398,6364955
35398,6364961
35399,6364968
35399,6364972
35400,6364979
35400,6364982
35401,6364985
35401,6364991
35402,6364995
35402,6364999
35403,6365006
35403,6365012
35404,6365018
35404,6365021
35405,6365023
35405,6365027
35406,6365030
35406,6365033
35407,6365042
35407,6365050
35408,6365052
35408,6365055
35409,6365057
35409,6365062
35410,6365068
35410,6365071
35411,6365076
35411,6365081
35412,6365087
35412,6365094
35413,6365103
35413,6365112
35414,6365117
35414,6365122
35415,6365129
35415,6365136
35416,6365145
35416,6365154
35417,6365158
35417,6365161
35418,6365165
35418,6365171
35419,6365174
35419,6365180
35420,6365184
35420,6365187
35421,6365191
35421,6365196
35422,6365203
35422,6365211
35423,6365217
35423,6365222
35424,6365227
35424,6365233
35425,6365235
35425,6365243
35426,6365250
35426,6365256
35427,6365259
35427,6365263
35428,6365268
35428,6365274
35429,6365281
35429,6365288
35430,6365295
35430,6365299
35431,6365302
35431,6365309
35432,6365313
35432,6365320
35433,6365323
35433,6365330
35434,6365334
35434,6365341
35435,6365346
35435,6365353
35436,6365356
35436,6365359
35437,6365362
35437,6365367
35438,6365373
35438,6365378
35439,6365383
35439,6365385
35440,6365389
35440,6365393
35441,6365396
35441,6365403
35442,6365403
35442,6365410
35443,6365413
35443,6365419
35444,6365423
35444,6365428
35445,6365433
35445,6365438
35446,6365441
35446,6365446
35447,6365449
35447,6365451
35448,6365464
35448,6365468
35449,6365472
35449,6365477
35450,6365481
35450,6365483
35451,6365485
35451,6365491
35452,6365493
35452,6365497
35453,6365500
35453,6365503
35454,6365508
35454,6365515
35455,6365518
35456,6365521
35456,6365526
35457,6365534
35457,6365540
35458,6365543
35458,6365549
35459,6365551
35459,6365554
35460,6365557
35460,6365565
35461,6365569
35461,6365575
35462,6365579
35462,6365586
35463,6365590
35463,6365591
35464,6365598
35464,6365606
35465,6365609
35465,6365614
35466,6365617
35466,6365624
35467,6365634
35467,6365639
35468,6365646
35468,6365652
35469,6365662
35469,6365669
35470,6365677
35470,6365683
35471,6365690
35471,6365696
35472,6365702
35472,6365706
35473,6365708
35473,6365710
35474,6365719
35474,6365723
35475,6365726
35475,6365730
35476,6365735
35476,6365741
35477,6365746
35477,6365750
35478,6365756
35478,6365762
35479,6365773
35479,6365776
35480,6365784
35480,6365793
35481,6365797
35481,6365801
35482,6365804
35482,6365808
35483,6365810
35483,6365813
35484,6365818
35484,6365824
35485,6365828
35485,6365833
35486,6365840
35486,6365846
35487,6365849
35487,6365853
35488,6365856
35488,6365862
35489,6365866
35489,6365868
35490,6365874
35490,6365880
35491,6365888
35491,6365892
35492,6365896
35492,6365902
35493,6365910
35493,6365915
35494,6365921
35494,6365927
35495,6365929
35495,6365935
35496,6365939
35496,6365945
35497,6365957
35497,6365965
35498,6365970
35498,6365975
35499,6365978
35499,6365985
35500,6365991
35500,6366001
35501,6366010
35501,6366013
35502,6366017
35502,6366022
35503,6366025
35503,6366030
35504,6366039
35504,6366043
35505,6366046
35505,6366051
35506,6366056
35506,6366062
35507,6366064
35507,6366069
35508,6366077
35508,6366082
35509,6366087
35509,6366092
35510,6366099
35510,6366105
35511,6366108
35511,6366112
35512,6366121
35512,6366126
35513,6366129
35513,6366137
35514,6366143
35514,6366146
35515,6366149
35515,6366156
35516,6366159
35516,6366165
35517,6366170
35517,6366175
35518,6366177
35518,6366179
35519,6366182
35519,6366184
35520,6366186
35520,6366192
35521,6366199
35521,6366202
35522,6366209
35522,6366211
35523,6366215
35523,6366216
35524,6366222
35524,6366228
35525,6366231
35525,6366238
35526,6366242
35526,6366245
35527,6366250
35527,6366253
35528,6366257
35528,6366264
35529,6366268
35529,6366273
35530,6366276
35530,6366282
35531,6366289
35531,6366295
35532,6366297
35532,6366303
35533,6366308
35533,6366312
35534,6366316
35534,6366318
35535,6366321
35535,6366328
35536,6366333
35536,6366339
35537,6366342
35537,6366348
35538,6366353
35538,6366356
35539,6366361
35539,6366368
35540,6366373
35540,6366381
35541,6366387
35541,6366392
35542,6366398
35542,6366400
35543,6366401
35543,6366407
35544,6366417
35544,6366426
35545,6366428
35545,6366433
35546,6366435
35546,6366436
35547,6366439
35547,6366444
35548,6366453
35548,6366456
35549,6366459
35549,6366464
35550,6366472
35550,6366478
35551,6366484
35551,6366490
35552,6366494
35552,6366501
35553,6366505
35553,6366511
35554,6366515
35554,6366523
35555,6366527
35555,6366533
35556,6366542
35556,6366543
35557,6366546
35558,6366551
35558,6366553
35559,6366558
35559,6366568
35560,6366572
35560,6366577
35561,6366581
35561,6366587
35562,6366590
35562,6366591
35563,6366599
35564,6366603
35564,6366609
35565,6366616
35565,6366625
35566,6366630
35566,6366637
35567,6366640
35567,6366647
35568,6366653
35568,6366656
35569,6366658
35569,6366664
35570,6366666
35570,6366673
35571,6366675
35571,6366679
35572,6366685
35572,6366690
35573,6366695
35573,6366700
35574,6366703
35574,6366707
35575,6366716
35575,6366724
35576,6366727
35576,6366735
35577,6366738
35577,6366742
35578,6366748
35578,6366756
35579,6366761
35579,6366766
35580,6366774
35580,6366775
35581,6366775
35581,6366783
35582,6366787
35582,6366791
35583,6366794
35583,6366800
35584,6366806
35584,6366813
35585,6366819
35585,6366824
35586,6366833
35586,6366837
35587,6366844
35587,6366851
35588,6366856
35588,6366858
35589,6366863
35589,6366867
35590,6366871
35590,6366879
35591,6366885
35591,6366894
35592,6366899
35592,6366903
35593,6366908
35593,6366912
35594,6366919
35594,6366927
35595,6366930
35595,6366935
35596,6366940
35596,6366942
35597,6366948
35597,6366955
35598,6366957
35598,6366960
35599,6366964
35599,6366968
35600,6366973
35600,6366978
35601,6366983
35601,6366985
35602,6366988
35602,6366992
35603,6366997
35604,6366999
35604,6367005
35605,6367009
35605,6367014
35606,6367024
35606,6367029
35607,6367033
35607,6367036
35608,6367040
35608,6367045
35609,6367054
35609,6367058
35610,6367064
35610,6367069
35611,6367072
35611,6367076
35612,6367081
35612,6367087
35613,6367092
35613,6367098
35614,6367103
35614,6367110
35615,6367112
35615,6367117
35616,6367122
35616,6367123
35617,6367130
35617,6367133
35618,6367142
35618,6367147
35619,6367150
35619,6367153
35620,6367157
35620,6367160
35621,6367160
35621,6367167
35622,6367173
35622,6367179
35623,6367184
35623,6367188
35624,6367191
35624,6367200
35625,6367205
35625,6367208
35626,6367216
35626,6367222
35627,6367225
35627,6367233
35628,6367238
35628,6367240
35629,6367244
35629,6367252
35630,6367253
35630,6367260
35631,6367265
35631,6367270
35632,6367277
35632,6367282
35633,6367288
35633,6367293
35634,6367298
35634,6367305
35635,6367312
35635,6367316
35636,6367324
35636,6367327
35637,6367329
35637,6367332
35638,6367339
35638,6367341
35639,6367348
35639,6367352
35640,6367354
35640,6367360
35641,6367368
35641,6367372
35642,6367377
35642,6367380
35643,6367383
35643,6367385
35644,6367389
35644,6367397
35645,6367407
35645,6367413
35646,6367420
35646,6367422
35647,6367428
35647,6367433
35648,6367441
35648,6367447
35649,6367452
35649,6367453
35650,6367457
35650,6367464
35651,6367470
35652,6367474
35652,6367481
35653,6367491
35653,6367496
35654,6367502
35654,6367506
35655,6367509
35655,6367510
35656,6367515
35656,6367521
35657,6367524
35657,6367530
35658,6367534
35658,6367538
35659,6367546
35659,6367550
35660,6367554
35660,6367562
35661,6367563
35661,6367570
35662,6367575
35662,6367581
35663,6367583
35663,6367589
35664,6367593
35664,6367596
35665,6367600
35665,6367611
35666,6367617
35666,6367625
35667,6367635
35667,6367643
35668,6367650
35668,6367653
35669,6367655
35669,6367660
35670,6367663
35670,6367668
35671,6367679
35671,6367684
35672,6367689
35672,6367696
35673,6367699
35673,6367705
35674,6367713
35674,6367716
35675,6367722
35675,6367730
35676,6367737
35676,6367745
35677,6367751
35677,6367756
35678,6367762
35678,6367768
35679,6367772
35679,6367778
35680,6367784
35680,6367790
35681,6367797
35681,6367805
35682,6367808
35682,6367814
35683,6367820
35683,6367828
35684,6367832
35684,6367835
35685,6367840
35685,6367845
35686,6367849
35686,6367854
35687,6367860
35687,6367864
35688,6367869
35688,6367877
35689,6367879
35689,6367881
35690,6367883
35690,6367884
35691,6367889
35691,6367897
35692,6367904
35692,6367907
35693,6367910
35693,6367913
35694,6367920
35694,6367928
35695,6367933
35695,6367936
35696,6367940
35696,6367946
35697,6367952
35697,6367954
35698,6367958
35698,6367968
35699,6367975
35699,6367980
35700,6367985
35700,6367987
35701,6367992
35701,6367999
35702,6368001
35702,6368007
35703,6368011
35703,6368013
35704,6368019
35704,6368025
35705,6368028
35705,6368036
35706,6368045
35706,6368047
35707,6368050
35707,6368053
35708,6368055
35708,6368063
35709,6368067
35709,6368073
35710,6368079
35710,6368085
35711,6368089
35711,6368094
35712,6368096
35712,6368101
35713,6368105
35713,6368111
35714,6368115
35714,6368122
35715,6368126
35715,6368131
35716,6368136
35716,6368140
35717,6368146
35717,6368152
35718,6368156
35718,6368162
35719,6368165
35719,6368171
35720,6368173
35720,6368184
35721,6368190
35721,6368193
35722,6368195
35722,6368200
35723,6368207
35723,6368210
35724,6368215
35724,6368226
35725,6368230
35725,6368235
35726,6368238
35726,6368241
35727,6368249
35727,6368254
35728,6368260
35728,6368269
35729,6368272
35729,6368279
35730,6368284
35730,6368290
35731,6368295
35731,6368301
35732,6368306
35732,6368308
35733,6368311
35733,6368319
35734,6368322
35734,6368328
35735,6368334
35735,6368340
35736,6368352
35736,6368356
35737,6368361
35737,6368363
35738,6368370
35738,6368379
35739,6368384
35739,6368388
35740,6368394
35740,6368399
35741,6368405
35741,6368412
35742,6368415
35742,6368416
35743,6368417
35743,6368421
35744,6368425
35744,6368430
35745,6368438
35745,6368445
35746,6368453
35746,6368461
35747,6368466
35747,6368471
35748,6368476
35748,6368481
35749,6368485
35749,6368493
35750,6368499
35750,6368501
35751,6368511
35751,6368517
35752,6368522
35752,6368527
35753,6368530
35753,6368535
35754,6368542
35754,6368547
35755,6368554
35755,6368557
35756,6368564
35756,6368568
35757,6368568
35757,6368575
35758,6368583
35758,6368587
35759,6368594
35759,6368598
35760,6368606
35760,6368608
35761,6368616
35761,6368621
35762,6368626
35762,6368628
35763,6368630
35763,6368638
35764,6368645
35764,6368647
35765,6368651
35765,6368658
35766,6368660
35766,6368664
35767,6368670
35767,6368678
35768,6368681
35768,6368686
35769,6368692
35769,6368699
35770,6368705
35770,6368713
35771,6368717
35771,6368722
35772,6368730
35772,6368736
35773,6368738
35773,6368746
35774,6368751
35774,6368757
35775,6368760
35775,6368766
35776,6368770
35776,6368777
35777,6368780
35777,6368785
35778,6368787
35778,6368791
35779,6368799
35779,6368805
35780,6368811
35780,6368817
35781,6368819
35781,6368822
35782,6368830
35782,6368835
35783,6368840
35783,6368845
35784,6368849
35784,6368854
35785,6368860
35785,6368868
35786,6368872
35786,6368875
35787,6368877
35787,6368879
35788,6368886
35788,6368888
35789,6368892
35789,6368898
35790,6368906
35790,6368908
35791,6368917
35791,6368921
35792,6368924
35792,6368931
35793,6368937
35793,6368940
35794,6368943
35794,6368946
35795,6368952
35795,6368956
35796,6368962
35796,6368966
35797,6368974
35797,6368981
35798,6368984
35798,6368990
35799,6368994
35799,6369000
35800,6369003
35800,6369006
35801,6369009
35802,6369011
35802,6369018
35803,6369023
35803,6369027
35804,6369031
35804,6369036
35805,6369038
35805,6369045
35806,6369050
35806,6369052
35807,6369055
35807,6369058
35808,6369060
35808,6369064
35809,6369067
35809,6369074
35810,6369080
35810,6369085
35811,6369091
35811,6369098
35812,6369103
35812,6369105
35813,6369106
35813,6369113
35814,6369121
35814,6369129
35815,6369135
35815,6369136
35816,6369140
35816,6369144
35817,6369148
35817,6369153
35818,6369159
35818,6369160
35819,6369167
35819,6369172
35820,6369180
35820,6369185
35821,6369188
35821,6369190
35822,6369192
35822,6369196
35823,6369203
35824,6369205
35824,6369212
35825,6369215
35825,6369221
35826,6369228
35826,6369231
35827,6369236
35827,6369238
35828,6369245
35828,6369249
35829,6369252
35829,6369254
35830,6369262
35830,6369267
35831,6369275
35831,6369278
35832,6369282
35832,6369286
35833,6369290
35833,6369294
35834,6369301
35834,6369302
35835,6369308
35835,6369310
35836,6369314
35836,6369320
35837,6369325
35837,6369327
35838,6369331
35838,6369337
35839,6369344
35839,6369349
35840,6369355
35840,6369363
35841,6369369
35841,6369374
35842,6369379
35842,6369383
35843,6369386
35843,6369389
35844,6369395
35844,6369402
35845,6369405
35845,6369409
35846,6369415
35846,6369420
35847,6369425
35847,6369430
35848,6369434
35848,6369437
35849,6369440
35849,6369444
35850,6369448
35850,6369453
35851,6369454
35851,6369457
35852,6369460
35852,6369464
35853,6369472
35853,6369474
35854,6369480
35854,6369484
35855,6369491
35855,6369496
35856,6369502
35856,6369507
35857,6369518
35857,6369527
35858,6369533
35858,6369536
35859,6369542
35859,6369546
35860,6369549
35860,6369554
35861,6369557
35861,6369560
35862,6369562
35862,6369568
35863,6369572
35863,6369574
35864,6369579
35864,6369583
35865,6369586
35865,6369590
35866,6369596
35866,6369602
35867,6369607
35867,6369611
35868,6369618
35868,6369626
35869,6369635
35869,6369639
35870,6369644
35870,6369651
35871,6369657
35871,6369667
35872,6369672
35872,6369674
35873,6369676
35873,6369682
35874,6369689
35874,6369693
35875,6369703
35875,6369704
35876,6369709
35876,6369712
35877,6369720
35877,6369726
35878,6369734
35878,6369737
35879,6369742
35879,6369746
35880,6369750
35880,6369756
35881,6369762
35881,6369765
35882,6369769
35882,6369775
35883,6369776
35883,6369779
35884,6369783
35884,6369785
35885,6369787
35885,6369794
35886,6369797
35886,6369801
35887,6369807
35887,6369814
35888,6369821
35888,6369825
35889,6369832
35889,6369837
35890,6369841
35890,6369843
35891,6369848
35891,6369856
35892,6369858
35892,6369862
35893,6369868
35893,6369874
35894,6369877
35894,6369881
35895,6369886
35895,6369890
35896,6369895
35896,6369899
35897,6369906
35897,6369912
35898,6369919
35898,6369923
35899,6369924
35899,6369930
35900,6369937
35900,6369939
35901,6369947
35901,6369954
35902,6369968
35902,6369975
35903,6369984
35903,6369992
35904,6369999
35904,6370004
35905,6370007
35906,6370011
35906,6370015
35907,6370020
35907,6370030
35908,6370035
35908,6370041
35909,6370051
35909,6370053
35910,6370064
35910,6370070
35911,6370080
35911,6370087
35912,6370092
35912,6370094
35913,6370102
35913,6370103
35914,6370105
35914,6370109
35915,6370114
35915,6370119
35916,6370124
35916,6370127
35917,6370139
35917,6370143
35918,6370147
35918,6370155
35919,6370158
35919,6370164
35920,6370167
35920,6370171
35921,6370177
35921,6370185
35922,6370187
35922,6370191
35923,6370197
35923,6370204
35924,6370210
35924,6370213
35925,6370215
35925,6370218
35926,6370228
35926,6370235
35927,6370240
35927,6370243
35928,6370244
35928,6370247
35929,6370254
35929,6370258
35930,6370264
35930,6370269
35931,6370274
35931,6370276
35932,6370284
35932,6370290
35933,6370291
35933,6370292
35934,6370295
35934,6370297
35935,6370305
35935,6370309
35936,6370314
35936,6370320
35937,6370326
35937,6370332
35938,6370333
35938,6370338
35939,6370345
35939,6370353
35940,6370355
35940,6370359
35941,6370364
35941,6370372
35942,6370376
35942,6370382
35943,6370389
35943,6370399
35944,6370401
35944,6370407
35945,6370409
35945,6370412
35946,6370422
35946,6370432
35947,6370439
35947,6370447
35948,6370451
35948,6370454
35949,6370461
35949,6370464
35950,6370469
35950,6370472
35951,6370475
35951,6370483
35952,6370489
35952,6370491
35953,6370497
35953,6370502
35954,6370507
35954,6370510
35955,6370518
35955,6370524
35956,6370527
35956,6370532
35957,6370536
35957,6370539
35958,6370548
35958,6370552
35959,6370556
35959,6370562
35960,6370568
35960,6370570
35961,6370577
35961,6370581
35962,6370585
35962,6370593
35963,6370600
35963,6370602
35964,6370606
35964,6370610
35965,6370617
35965,6370621
35966,6370628
35966,6370633
35967,6370639
35967,6370642
35968,6370648
35968,6370657
35969,6370662
35969,6370665
35970,6370670
35970,6370680
35971,6370683
35971,6370690
35972,6370692
35972,6370699
35973,6370705
35973,6370709
35974,6370714
35974,6370719
35975,6370724
35975,6370727
35976,6370733
35976,6370742
35977,6370745
35977,6370749
35978,6370754
35978,6370759
35979,6370764
35979,6370772
35980,6370780
35980,6370784
35981,6370788
35981,6370794
35982,6370801
35982,6370807
35983,6370811
35983,6370816
35984,6370823
35984,6370827
35985,6370830
35985,6370836
35986,6370839
35986,6370841
35987,6370849
35987,6370853
35988,6370857
35988,6370860
35989,6370864
35989,6370871
35990,6370875
35990,6370882
35991,6370886
35991,6370891
35992,6370903
35992,6370907
35993,6370911
35993,6370913
35994,6370920
35994,6370922
35995,6370927
35995,6370934
35996,6370937
35996,6370944
35997,6370949
35997,6370952
35998,6370961
35998,6370965
35999,6370972
35999,6370976
36000,6370978
36000,6370981
36001,6370986
36001,6370991
36002,6371000
36002,6371003
36003,6371007
36003,6371012
36004,6371016
36004,6371022
36005,6371027
36005,6371031
36006,6371035
36006,6371036
36007,6371041
36007,6371048
36008,6371049
36008,6371051
36009,6371060
36009,6371065
36010,6371071
36010,6371076
36011,6371080
36011,6371085
36012,6371092
36012,6371098
36013,6371105
36013,6371108
36014,6371113
36014,6371119
36015,6371125
36015,6371132
36016,6371136
36016,6371143
36017,6371147
36017,6371151
36018,6371157
36018,6371160
36019,6371167
36019,6371171
36020,6371176
36020,6371182
36021,6371186
36021,6371190
36022,6371196
36022,6371203
36023,6371209
36023,6371214
36024,6371220
36024,6371227
36025,6371233
36025,6371236
36026,6371242
36026,6371253
36027,6371257
36027,6371260
36028,6371263
36028,6371265
36029,6371271
36029,6371278
36030,6371284
36030,6371291
36031,6371292
36031,6371297
36032,6371302
36032,6371309
36033,6371313
36033,6371319
36034,6371322
36034,6371331
36035,6371333
36035,6371338
36036,6371344
36036,6371349
36037,6371355
36037,6371362
36038,6371364
36038,6371367
36039,6371372
36039,6371381
36040,6371386
36040,6371392
36041,6371396
36041,6371400
36042,6371403
36042,6371409
36043,6371413
36043,6371423
36044,6371428
36044,6371432
36045,6371438
36045,6371442
36046,6371448
36046,6371453
36047,6371453
36047,6371455
36048,6371457
36048,6371463
36049,6371468
36049,6371471
36050,6371476
36050,6371483
36051,6371484
36051,6371487
36052,6371490
36053,6371494
36053,6371498
36054,6371502
36054,6371504
36055,6371507
36055,6371511
36056,6371516
36056,6371522
36057,6371523
36057,6371527
36058,6371531
36058,6371533
36059,6371537
36059,6371542
36060,6371544
36060,6371550
36061,6371553
36061,6371555
36062,6371560
36062,6371562
36063,6371568
36063,6371571
36064,6371575
36064,6371579
36065,6371586
36065,6371588
36066,6371595
36066,6371598
36067,6371602
36067,6371606
36068,6371611
36068,6371614
36069,6371620
36069,6371624
36070,6371628
36070,6371633
36071,6371634
36071,6371637
36072,6371644
36072,6371647
36073,6371654
36073,6371658
36074,6371662
36074,6371669
36075,6371670
36075,6371674
36076,6371679
36076,6371685
36077,6371689
36077,6371693
36078,6371705
36078,6371710
36079,6371715
36079,6371718
36080,6371724
36080,6371730
36081,6371737
36081,6371740
36082,6371744
36082,6371746
36083,6371752
36083,6371758
36084,6371762
36084,6371767
36085,6371769
36085,6371777
36086,6371782
36086,6371785
36087,6371786
36087,6371792
36088,6371799
36088,6371806
36089,6371808
36089,6371812
36090,6371815
36090,6371820
36091,6371828
36091,6371831
36092,6371835
36092,6371837
36093,6371841
36093,6371844
36094,6371846
36094,6371850
36095,6371855
36095,6371857
36096,6371858
36096,6371862
36097,6371868
36097,6371871
36098,6371875
36098,6371877
36099,6371888
36099,6371894
36100,6371898
36100,6371901
36101,6371906
36101,6371909
36102,6371913
36102,6371916
36103,6371918
36103,6371923
36104,6371930
36104,6371934
36105,6371940
36105,6371947
36106,6371949
36106,6371953
36107,6371959
36107,6371966
36108,6371970
36108,6371979
36109,6371984
36110,6371989
36110,6371991
36111,6371998
36111,6372003
36112,6372006
36112,6372013
36113,6372021
36113,6372024
36114,6372029
36114,6372032
36115,6372037
36115,6372039
36116,6372049
36116,6372050
36117,6372054
36117,6372058
36118,6372065
36118,6372067
36119,6372071
36119,6372076
36120,6372082
36120,6372084
36121,6372091
36121,6372097
36122,6372102
36122,6372107
36123,6372109
36123,6372114
36124,6372115
36124,6372121
36125,6372124
36125,6372130
36126,6372132
36126,6372139
36127,6372142
36127,6372147
36128,6372150
36128,6372153
36129,6372155
36129,6372160
36130,6372166
36130,6372169
36131,6372171
36131,6372175
36132,6372176
36132,6372178
36133,6372187
36133,6372190
36134,6372193
36134,6372197
36135,6372201
36135,6372209
36136,6372214
36136,6372221
36137,6372224
36137,6372227
36138,6372232
36138,6372238
36139,6372242
36139,6372247
36140,6372251
36140,6372253
36141,6372258
36141,6372261
36142,6372265
36142,6372266
36143,6372270
36143,6372275
36144,6372282
36144,6372284
36145,6372291
36146,6372293
36146,6372298
36147,6372302
36147,6372304
36148,6372307
36148,6372312
36149,6372317
36149,6372320
36150,6372321
36150,6372325
36151,6372335
36151,6372337
36152,6372340
36152,6372345
36153,6372348
36153,6372352
36154,6372352
36154,6372356
36155,6372362
36155,6372366
36156,6372372
36156,6372376
36157,6372381
36157,6372386
36158,6372389
36158,6372395
36159,6372400
36159,6372408
36160,6372412
36160,6372417
36161,6372422
36161,6372427
36162,6372434
36162,6372439
36163,6372444
36163,6372452
36164,6372459
36164,6372463
36165,6372469
36165,6372472
36166,6372475
36166,6372480
36167,6372485
36167,6372492
36168,6372496
36168,6372501
36169,6372507
36169,6372515
36170,6372521
36170,6372526
36171,6372529
36171,6372533
36172,6372538
36172,6372542
36173,6372544
36173,6372549
36174,6372552
36174,6372554
36175,6372556
36175,6372559
36176,6372564
36176,6372567
36177,6372571
36177,6372575
36178,6372582
36178,6372588
36179,6372591
36179,6372594
36180,6372601
36180,6372604
36181,6372605
36181,6372610
36182,6372615
36182,6372617
36183,6372625
36183,6372626
36184,6372632
36184,6372641
36185,6372646
36185,6372650
36186,6372651
36186,6372655
36187,6372659
36187,6372666
36188,6372672
36188,6372675
36189,6372678
36189,6372683
36190,6372686
36190,6372688
36191,6372695
36191,6372698
36192,6372702
36192,6372704
36193,6372713
36193,6372716
36194,6372722
36194,6372727
36195,6372733
36195,6372736
36196,6372740
36196,6372748
36197,6372750
36197,6372755
36198,6372761
36198,6372765
36199,6372770
36199,6372773
36200,6372776
36200,6372783
36201,6372786
36201,6372789
36202,6372793
36202,6372796
36203,6372801
36203,6372807
36204,6372812
36204,6372817
36205,6372821
36205,6372826
36206,6372833
36206,6372835
36207,6372840
36207,6372848
36208,6372851
36208,6372852
36209,6372855
36209,6372858
36210,6372862
36210,6372864
36211,6372867
36211,6372871
36212,6372877
36212,6372881
36213,6372884
36213,6372888
36214,6372891
36214,6372892
36215,6372895
36215,6372902
36216,6372909
36216,6372914
36217,6372917
36217,6372920
36218,6372923
36218,6372928
36219,6372935
36219,6372937
36220,6372940
36220,6372947
36221,6372952
36221,6372954
36222,6372957
36222,6372965
36223,6372969
36223,6372974
36224,6372976
36224,6372977
36225,6372980
36225,6372983
36226,6372985
36226,6372990
36227,6372992
36227,6372996
36228,6373002
36228,6373006
36229,6373011
36229,6373019
36230,6373022
36230,6373025
36231,6373027
36231,6373039
36232,6373048
36232,6373050
36233,6373053
36233,6373054
36234,6373058
36234,6373062
36235,6373065
36235,6373066
36236,6373074
36236,6373081
36237,6373085
36237,6373088
36238,6373090
36238,6373094
36239,6373099
36239,6373102
36240,6373105
36240,6373115
36241,6373122
36241,6373127
36242,6373129
36242,6373138
36243,6373139
36243,6373145
36244,6373153
36244,6373159
36245,6373163
36245,6373168
36246,6373170
36246,6373176
36247,6373181
36247,6373186
36248,6373189
36248,6373194
36249,6373199
36249,6373201
36250,6373203
36250,6373206
36251,6373209
36251,6373213
36252,6373219
36252,6373224
36253,6373232
36253,6373236
36254,6373242
36254,6373246
36255,6373250
36255,6373256
36256,6373258
36256,6373263
36257,6373266
36257,6373269
36258,6373272
36258,6373278
36259,6373286
36259,6373290
36260,6373292
36260,6373296
36261,6373302
36261,6373307
36262,6373312
36262,6373318
36263,6373321
36263,6373325
36264,6373329
36264,6373335
36265,6373340
36265,6373344
36266,6373349
36266,6373350
36267,6373353
36267,6373356
36268,6373365
36268,6373371
36269,6373378
36269,6373382
36270,6373384
36270,6373388
36271,6373391
36271,6373392
36272,6373396
36272,6373404
36273,6373408
36273,6373410
36274,6373412
36274,6373417
36275,6373419
36275,6373425
36276,6373429
36276,6373436
36277,6373436
36277,6373441
36278,6373444
36278,6373448
36279,6373451
36279,6373457
36280,6373467
36280,6373468
36281,6373472
36281,6373477
36282,6373483
36282,6373492
36283,6373496
36283,6373502
36284,6373508
36284,6373510
36285,6373516
36285,6373525
36286,6373529
36286,6373536
36287,6373541
36287,6373546
36288,6373549
36288,6373558
36289,6373564
36289,6373569
36290,6373575
36290,6373582
36291,6373588
36291,6373589
36292,6373594
36292,6373597
36293,6373599
36293,6373601
36294,6373608
36294,6373615
36295,6373620
36295,6373624
36296,6373629
36296,6373633
36297,6373635
36297,6373645
36298,6373650
36298,6373654
36299,6373661
36299,6373662
36300,6373669
36300,6373672
36301,6373679
36301,6373682
36302,6373684
36302,6373688
36303,6373690
36303,6373696
36304,6373698
36304,6373702
36305,6373709
36305,6373712
36306,6373715
36306,6373718
36307,6373723
36307,6373728
36308,6373735
36308,6373736
36309,6373742
36309,6373746
36310,6373751
36310,6373753
36311,6373757
36311,6373760
36312,6373765
36312,6373767
36313,6373772
36313,6373780
36314,6373788
36314,6373791
36315,6373793
36316,6373796
36316,6373800
36317,6373803
36317,6373807
36318,6373812
36318,6373820
36319,6373824
36319,6373828
36320,6373837
36320,6373840
36321,6373846
36321,6373848
36322,6373855
36322,6373857
36323,6373858
36323,6373866
36324,6373870
36324,6373874
36325,6373877
36325,6373880
36326,6373885
36326,6373889
36327,6373899
36327,6373901
36328,6373904
36328,6373910
36329,6373914
36329,6373916
36330,6373920
36330,6373930
36331,6373934
36331,6373936
36332,6373940
36332,6373942
36333,6373944
36333,6373945
36334,6373949
36334,6373957
36335,6373962
36335,6373965
36336,6373969
36336,6373976
36337,6373979
36337,6373984
36338,6373990
36338,6373997
36339,6374005
36339,6374006
36340,6374009
36340,6374011
36341,6374016
36341,6374019
36342,6374022
36342,6374029
36343,6374030
36343,6374033
36344,6374033
36344,6374036
36345,6374045
36345,6374050
36346,6374054
36346,6374059
36347,6374063
36347,6374066
36348,6374072
36348,6374076
36349,6374079
36349,6374081
36350,6374086
36350,6374087
36351,6374092
36351,6374097
36352,6374103
36352,6374106
36353,6374112
36353,6374118
36354,6374128
36354,6374131
36355,6374138
36355,6374144
36356,6374148
36356,6374153
36357,6374154
36357,6374159
36358,6374165
36358,6374170
36359,6374178
36359,6374183
36360,6374186
36360,6374197
36361,6374200
36361,6374207
36362,6374212
36362,6374216
36363,6374222
36363,6374226
36364,6374230
36364,6374235
36365,6374244
36365,6374252
36366,6374256
36366,6374259
36367,6374264
36367,6374267
36368,6374270
36368,6374273
36369,6374280
36369,6374286
36370,6374288
36370,6374290
36371,6374295
36371,6374298
36372,6374302
36372,6374303
36373,6374307
36373,6374311
36374,6374315
36374,6374320
36375,6374325
36375,6374328
36376,6374332
36376,6374335
36377,6374342
36377,6374347
36378,6374349
36378,6374354
36379,6374356
36379,6374363
36380,6374366
36380,6374369
36381,6374374
36381,6374377
36382,6374382
36382,6374389
36383,6374394
36383,6374401
36384,6374403
36384,6374408
36385,6374412
36385,6374413
36386,6374418
36386,6374419
36387,6374425
36387,6374431
36388,6374434
36388,6374436
36389,6374441
36389,6374446
36390,6374447
36390,6374451
36391,6374456
36391,6374460
36392,6374462
36392,6374466
36393,6374467
36393,6374472
36394,6374479
36394,6374482
36395,6374485
36395,6374487
36396,6374496
36396,6374498
36397,6374503
36397,6374504
36398,6374510
36398,6374518
36399,6374523
36399,6374526
36400,6374536
36400,6374543
36401,6374547
36401,6374554
36402,6374556
36402,6374562
36403,6374564
36403,6374567
36404,6374572
36404,6374578
36405,6374581
36405,6374588
36406,6374592
36406,6374598
36407,6374603
36407,6374606
36408,6374611
36408,6374613
36409,6374614
36409,6374619
36410,6374622
36410,6374625
36411,6374628
36411,6374631
36412,6374639
36412,6374641
36413,6374644
36413,6374648
36414,6374653
36414,6374659
36415,6374661
36415,6374668
36416,6374673
36416,6374684
36417,6374690
36417,6374696
36418,6374699
36418,6374710
36419,6374712
36419,6374719
36420,6374724
36420,6374729
36421,6374733
36421,6374738
36422,6374747
36422,6374752
36423,6374753
36423,6374761
36424,6374762
36424,6374765
36425,6374767
36425,6374772
36426,6374774
36426,6374776
36427,6374782
36427,6374783
36428,6374784
36428,6374788
36429,6374795
36429,6374801
36430,6374805
36430,6374808
36431,6374813
36431,6374819
36432,6374827
36432,6374833
36433,6374837
36433,6374839
36434,6374848
36434,6374852
36435,6374859
36435,6374861
36436,6374870
36436,6374873
36437,6374875
36437,6374878
36438,6374884
36438,6374887
36439,6374891
36439,6374894
36440,6374902
36440,6374907
36441,6374912
36441,6374914
36442,6374916
36442,6374921
36443,6374928
36443,6374932
36444,6374936
36444,6374939
36445,6374942
36445,6374946
36446,6374955
36446,6374957
36447,6374959
36447,6374964
36448,6374967
36448,6374969
36449,6374974
36449,6374980
36450,6374987
36450,6374992
36451,6375001
36451,6375006
36452,6375011
36452,6375019
36453,6375022
36453,6375028
36454,6375033
36454,6375035
36455,6375037
36455,6375045
36456,6375051
36456,6375061
36457,6375065
36457,6375072
36458,6375075
36458,6375080
36459,6375082
36459,6375084
36460,6375085
36460,6375088
36461,6375094
36461,6375103
36462,6375106
36462,6375114
36463,6375118
36463,6375121
36464,6375122
36464,6375128
36465,6375135
36465,6375140
36466,6375144
36466,6375148
36467,6375155
36467,6375163
36468,6375164
36468,6375165
36469,6375167
36469,6375170
36470,6375174
36470,6375177
36471,6375178
36471,6375184
36472,6375189
36473,6375191
36473,6375198
36474,6375203
36474,6375205
36475,6375207
36475,6375215
36476,6375220
36476,6375226
36477,6375231
36477,6375235
36478,6375244
36478,6375246
36479,6375249
36479,6375250
36480,6375253
36480,6375254
36481,6375258
36481,6375261
36482,6375264
36482,6375270
36483,6375273
36483,6375278
36484,6375282
36484,6375289
36485,6375293
36485,6375294
36486,6375300
36486,6375301
36487,6375304
36487,6375308
36488,6375313
36488,6375320
36489,6375325
36489,6375329
36490,6375333
36490,6375341
36491,6375343
36491,6375349
36492,6375352
36492,6375357
36493,6375360
36493,6375366
36494,6375369
36494,6375372
36495,6375376
36495,6375382
36496,6375390
36496,6375393
36497,6375402
36497,6375409
36498,6375415
36498,6375420
36499,6375427
36499,6375433
36500,6375434
36500,6375442
36501,6375447
36501,6375450
36502,6375452
36502,6375457
36503,6375462
36503,6375464
36504,6375468
36504,6375471
36505,6375475
36505,6375476
36506,6375481
36506,6375487
36507,6375492
36507,6375496
36508,6375500
36508,6375505
36509,6375508
36509,6375510
36510,6375517
36510,6375522
36511,6375528
36511,6375529
36512,6375534
36512,6375538
36513,6375542
36513,6375546
36514,6375548
36514,6375555
36515,6375556
36515,6375564
36516,6375568
36516,6375571
36517,6375574
36517,6375580
36518,6375584
36518,6375589
36519,6375595
36519,6375597
36520,6375601
36520,6375603
36521,6375606
36521,6375609
36522,6375611
36522,6375614
36523,6375618
36523,6375621
36524,6375624
36524,6375630
36525,6375636
36525,6375638
36526,6375640
36526,6375643
36527,6375646
36527,6375647
36528,6375650
36528,6375653
36529,6375659
36529,6375664
36530,6375675
36530,6375681
36531,6375687
36531,6375692
36532,6375695
36532,6375699
36533,6375701
36533,6375703
36534,6375707
36534,6375709
36535,6375712
36535,6375716
36536,6375720
36536,6375723
36537,6375727
36537,6375730
36538,6375733
36538,6375736
36539,6375740
36539,6375745
36540,6375749
36540,6375755
36541,6375762
36541,6375767
36542,6375771
36542,6375774
36543,6375778
36543,6375782
36544,6375784
36544,6375789
36545,6375794
36545,6375799
36546,6375804
36546,6375806
36547,6375808
36547,6375812
36548,6375813
36548,6375819
36549,6375820
36549,6375823
36550,6375828
36550,6375831
36551,6375835
36551,6375838
36552,6375839
36552,6375843
36553,6375849
36553,6375856
36554,6375861
36554,6375867
36555,6375873
36555,6375878
36556,6375886
36556,6375892
36557,6375896
36557,6375901
36558,6375908
36558,6375911
36559,6375912
36559,6375915
36560,6375918
36560,6375925
36561,6375929
36561,6375935
36562,6375943
36562,6375948
36563,6375952
36563,6375955
36564,6375959
36564,6375965
36565,6375968
36565,6375972
36566,6375979
36566,6375986
36567,6375996
36567,6375999
36568,6376004
36568,6376005
36569,6376012
36569,6376019
36570,6376024
36570,6376029
36571,6376031
36571,6376039
36572,6376040
36572,6376045
36573,6376048
36573,6376051
36574,6376054
36574,6376056
36575,6376057
36575,6376061
36576,6376065
36576,6376072
36577,6376079
36577,6376084
36578,6376089
36578,6376092
36579,6376092
36579,6376095
36580,6376100
36580,6376106
36581,6376112
36581,6376116
36582,6376120
36582,6376122
36583,6376126
36583,6376132
36584,6376135
36584,6376141
36585,6376144
36585,6376152
36586,6376156
36586,6376158
36587,6376160
36587,6376164
36588,6376167
36588,6376171
36589,6376176
36589,6376180
36590,6376180
36590,6376185
36591,6376185
36592,6376188
36592,6376194
36593,6376202
36593,6376206
36594,6376213
36594,6376218
36595,6376224
36595,6376237
36596,6376243
36597,6376246
36597,6376249
36598,6376252
36598,6376254
36599,6376258
36599,6376260
36600,6376261
36600,6376264
36601,6376265
36601,6376269
36602,6376272
36602,6376273
36603,6376277
36603,6376281
36604,6376286
36604,6376292
36605,6376295
36605,6376299
36606,6376301
36606,6376303
36607,6376305
36607,6376312
36608,6376317
36608,6376322
36609,6376326
36609,6376330
36610,6376332
36610,6376334
36611,6376338
36611,6376342
36612,6376343
36612,6376345
36613,6376348
36613,6376358
36614,6376364
36614,6376367
36615,6376371
36615,6376376
36616,6376382
36616,6376386
36617,6376390
36617,6376397
36618,6376405
36618,6376411
36619,6376416
36619,6376423
36620,6376430
36620,6376435
36621,6376440
36621,6376447
36622,6376449
36622,6376461
36623,6376467
36623,6376473
36624,6376481
36624,6376485
36625,6376486
36625,6376490
36626,6376495
36626,6376497
36627,6376500
36627,6376504
36628,6376507
36628,6376511
36629,6376515
36629,6376517
36630,6376521
36630,6376531
36631,6376533
36631,6376536
36632,6376540
36632,6376542
36633,6376545
36633,6376552
36634,6376556
36634,6376565
36635,6376568
36635,6376572
36636,6376576
36636,6376579
36637,6376581
36637,6376585
36638,6376588
36638,6376594
36639,6376598
36639,6376602
36640,6376606
36640,6376609
36641,6376612
36641,6376615
36642,6376619
36642,6376624
36643,6376626
36643,6376630
36644,6376635
36644,6376644
36645,6376649
36645,6376654
36646,6376663
36646,6376668
36647,6376673
36647,6376677
36648,6376681
36648,6376689
36649,6376690
36649,6376693
36650,6376694
36650,6376701
36651,6376704
36651,6376708
36652,6376714
36652,6376718
36653,6376723
36653,6376728
36654,6376734
36654,6376737
36655,6376743
36655,6376744
36656,6376750
36656,6376752
36657,6376756
36657,6376759
36658,6376764
36658,6376766
36659,6376772
36659,6376778
36660,6376778
36660,6376785
36661,6376790
36661,6376794
36662,6376797
36662,6376803
36663,6376805
36663,6376807
36664,6376807
36664,6376810
36665,6376814
36665,6376820
36666,6376826
36666,6376828
36667,6376834
36667,6376837
36668,6376839
36668,6376845
36669,6376848
36669,6376853
36670,6376856
36670,6376860
36671,6376862
36671,6376868
36672,6376872
36673,6376874
36673,6376875
36674,6376876
36674,6376880
36675,6376884
36675,6376889
36676,6376894
36676,6376898
36677,6376901
36677,6376905
36678,6376912
36678,6376915
36679,6376919
36679,6376923
36680,6376928
36680,6376929
36681,6376934
36681,6376938
36682,6376941
36682,6376944
36683,6376945
36683,6376954
36684,6376959
36684,6376964
36685,6376968
36685,6376970
36686,6376972
36686,6376976
36687,6376978
36687,6376982
36688,6376986
36688,6376990
36689,6376996
36690,6377000
36690,6377009
36691,6377015
36691,6377017
36692,6377020
36692,6377029
36693,6377030
36693,6377036
36694,6377040
36694,6377044
36695,6377048
36695,6377054
36696,6377058
36696,6377060
36697,6377064
36697,6377065
36698,6377067
36698,6377069
36699,6377072
36699,6377080
36700,6377083
36700,6377085
36701,6377089
36701,6377092
36702,6377095
36702,6377096
36703,6377099
36703,6377104
36704,6377108
36704,6377113
36705,6377116
36705,6377121
36706,6377122
36706,6377130
36707,6377132
36707,6377138
36708,6377139
36708,6377146
36709,6377151
36709,6377157
36710,6377160
36710,6377165
36711,6377167
36711,6377172
36712,6377177
36712,6377179
36713,6377184
36713,6377187
36714,6377191
36714,6377194
36715,6377199
36715,6377200
36716,6377208
36716,6377212
36717,6377217
36717,6377222
36718,6377225
36718,6377230
36719,6377236
36719,6377238
36720,6377241
36720,6377243
36721,6377248
36721,6377251
36722,6377254
36722,6377260
36723,6377260
36723,6377264
36724,6377265
36724,6377270
36725,6377274
36725,6377278
36726,6377282
36726,6377288
36727,6377293
36727,6377299
36728,6377302
36728,6377309
36729,6377312
36729,6377316
36730,6377319
36730,6377321
36731,6377326
36731,6377332
36732,6377339
36732,6377344
36733,6377350
36733,6377356
36734,6377360
36734,6377365
36735,6377368
36735,6377370
36736,6377372
36736,6377378
36737,6377384
36737,6377388
36738,6377395
36738,6377399
36739,6377404
36739,6377407
36740,6377410
36740,6377419
36741,6377425
36741,6377429
36742,6377433
36742,6377436
36743,6377439
36743,6377440
36744,6377442
36744,6377451
36745,6377453
36745,6377455
36746,6377458
36746,6377461
36747,6377465
36747,6377469
36748,6377474
36748,6377475
36749,6377479
36749,6377480
36750,6377486
36750,6377491
36751,6377495
36751,6377500
36752,6377503
36752,6377504
36753,6377510
36753,6377512
36754,6377519
36754,6377521
36755,6377523
36755,6377528
36756,6377530
36756,6377534
36757,6377534
36757,6377538
36758,6377543
36758,6377551
36759,6377554
36759,6377558
36760,6377563
36760,6377566
36761,6377570
36761,6377578
36762,6377581
36762,6377587
36763,6377594
36763,6377596
36764,6377599
36764,6377605
36765,6377607
36765,6377610
36766,6377612
36766,6377616
36767,6377620
36767,6377626
36768,6377629
36769,6377632
36769,6377637
36770,6377644
36770,6377649
36771,6377653
36771,6377660
36772,6377665
36772,6377670
36773,6377675
36773,6377676
36774,6377682
36774,6377687
36775,6377691
36775,6377693
36776,6377697
36776,6377701
36777,6377706
36777,6377714
36778,6377723
36778,6377729
36779,6377734
36779,6377739
36780,6377742
36780,6377748
36781,6377752
36781,6377756
36782,6377758
36782,6377760
36783,6377764
36783,6377767
36784,6377772
36784,6377775
36785,6377778
36785,6377783
36786,6377786
36786,6377789
36787,6377794
36787,6377798
36788,6377805
36788,6377810
36789,6377814
36789,6377819
36790,6377823
36790,6377827
36791,6377835
36791,6377844
36792,6377848
36792,6377849
36793,6377855
36793,6377858
36794,6377868
36794,6377872
36795,6377879
36795,6377884
36796,6377895
36796,6377897
36797,6377900
36797,6377904
36798,6377911
36798,6377916
36799,6377918
36799,6377922
36800,6377926
36800,6377929
36801,6377934
36801,6377942
36802,6377948
36802,6377951
36803,6377955
36803,6377959
36804,6377963
36804,6377964
36805,6377971
36805,6377979
36806,6377986
36806,6377988
36807,6377990
36807,6377995
36808,6378004
36808,6378007
36809,6378012
36809,6378015
36810,6378017
36810,6378019
36811,6378021
36811,6378023
36812,6378029
36812,6378032
36813,6378033
36813,6378037
36814,6378040
36814,6378044
36815,6378047
36815,6378050
36816,6378051
36816,6378056
36817,6378058
36817,6378063
36818,6378067
36818,6378074
36819,6378080
36819,6378085
36820,6378086
36820,6378092
36821,6378098
36821,6378100
36822,6378106
36822,6378112
36823,6378114
36823,6378116
36824,6378120
36824,6378125
36825,6378129
36825,6378135
36826,6378138
36826,6378148
36827,6378151
36827,6378154
36828,6378158
36828,6378162
36829,6378167
36829,6378168
36830,6378170
36830,6378175
36831,6378179
36831,6378183
36832,6378188
36832,6378192
36833,6378194
36833,6378201
36834,6378204
36834,6378207
36835,6378210
36835,6378216
36836,6378220
36836,6378224
36837,6378229
36837,6378233
36838,6378235
36838,6378237
36839,6378239
36839,6378243
36840,6378246
36840,6378251
36841,6378253
36841,6378258
36842,6378261
36842,6378264
36843,6378269
36843,6378274
36844,6378277
36844,6378281
36845,6378292
36845,6378296
36846,6378302
36846,6378305
36847,6378310
36847,6378312
36848,6378313
36848,6378317
36849,6378319
36849,6378320
36850,6378322
36850,6378328
36851,6378330
36851,6378335
36852,6378338
36852,6378339
36853,6378343
36853,6378346
36854,6378349
36854,6378353
36855,6378357
36855,6378361
36856,6378367
36856,6378369
36857,6378374
36857,6378381
36858,6378383
36858,6378388
36859,6378393
36859,6378399
36860,6378406
36860,6378409
36861,6378414
36861,6378420
36862,6378421
36863,6378425
36863,6378428
36864,6378430
36864,6378436
36865,6378438
36865,6378439
36866,6378446
36866,6378453
36867,6378458
36867,6378464
36868,6378470
36868,6378474
36869,6378478
36869,6378483
36870,6378487
36870,6378490
36871,6378498
36871,6378499
36872,6378509
36872,6378516
36873,6378523
36873,6378528
36874,6378533
36874,6378539
36875,6378544
36875,6378547
36876,6378554
36876,6378556
36877,6378560
36877,6378563
36878,6378570
36878,6378572
36879,6378579
36879,6378582
36880,6378586
36880,6378590
36881,6378592
36881,6378597
36882,6378599
36882,6378607
36883,6378611
36883,6378615
36884,6378617
36884,6378621
36885,6378625
36885,6378630
36886,6378631
36886,6378633
36887,6378638
36887,6378648
36888,6378652
36888,6378656
36889,6378660
36889,6378665
36890,6378669
36890,6378672
36891,6378677
36891,6378680
36892,6378681
36892,6378684
36893,6378688
36893,6378693
36894,6378696
36894,6378701
36895,6378703
36895,6378706
36896,6378713
36896,6378717
36897,6378720
36897,6378726
36898,6378732
36898,6378736
36899,6378742
36899,6378750
36900,6378755
36900,6378757
36901,6378762
36901,6378766
36902,6378770
36902,6378772
36903,6378777
36903,6378779
36904,6378784
36904,6378785
36905,6378787
36905,6378788
36906,6378796
36906,6378802
36907,6378806
36907,6378807
36908,6378809
36908,6378811
36909,6378812
36909,6378817
36910,6378821
36910,6378829
36911,6378830
36911,6378835
36912,6378842
36912,6378849
36913,6378852
36913,6378856
36914,6378861
36914,6378868
36915,6378871
36915,6378875
36916,6378882
36916,6378885
36917,6378892
36917,6378896
36918,6378899
36918,6378905
36919,6378908
36919,6378909
36920,6378914
36920,6378917
36921,6378924
36921,6378929
36922,6378931
36922,6378935
36923,6378940
36923,6378946
36924,6378948
36924,6378952
36925,6378959
36925,6378961
36926,6378966
36926,6378969
36927,6378976
36927,6378979
36928,6378984
36928,6378988
36929,6378991
36929,6378996
36930,6379000
36930,6379001
36931,6379008
36931,6379011
36932,6379014
36932,6379017
36933,6379021
36933,6379022
36934,6379025
36934,6379028
36935,6379034
36935,6379037
36936,6379043
36936,6379048
36937,6379054
36937,6379061
36938,6379062
36938,6379064
36939,6379069
36939,6379075
36940,6379078
36940,6379083
36941,6379088
36941,6379092
36942,6379095
36942,6379097
36943,6379097
36943,6379099
36944,6379102
36944,6379106
36945,6379111
36945,6379115
36946,6379122
36946,6379125
36947,6379128
36947,6379131
36948,6379134
36948,6379138
36949,6379145
36949,6379153
36950,6379155
36950,6379158
36951,6379161
36951,6379165
36952,6379168
36952,6379174
36953,6379181
36953,6379185
36954,6379190
36954,6379192
36955,6379193
36955,6379195
36956,6379202
36956,6379209
36957,6379213
36957,6379218
36958,6379224
36958,6379232
36959,6379232
36959,6379236
36960,6379237
36960,6379242
36961,6379247
36961,6379249
36962,6379253
36962,6379255
36963,6379262
36963,6379265
36964,6379267
36964,6379271
36965,6379277
36965,6379280
36966,6379286
36966,6379288
36967,6379294
36967,6379295
36968,6379296
36968,6379302
36969,6379306
36969,6379309
36970,6379318
36970,6379321
36971,6379322
36971,6379323
36972,6379327
36972,6379333
36973,6379333
36973,6379335
36974,6379337
36974,6379340
36975,6379344
36975,6379348
36976,6379356
36976,6379365
36977,6379368
36978,6379377
36978,6379378
36979,6379381
36979,6379388
36980,6379394
36980,6379402
36981,6379406
36981,6379412
36982,6379419
36982,6379422
36983,6379427
36983,6379434
36984,6379438
36984,6379442
36985,6379444
36985,6379451
36986,6379456
36986,6379461
36987,6379464
36987,6379467
36988,6379474
36989,6379476
36989,6379483
36990,6379485
36990,6379489
36991,6379493
36992,6379498
36992,6379502
36993,6379508
36993,6379511
36994,6379520
36994,6379524
36995,6379531
36995,6379535
36996,6379536
36996,6379538
36997,6379542
36997,6379547
36998,6379552
36998,6379557
36999,6379561
36999,6379563
37000,6379564
37000,6379570
37001,6379573
37001,6379580
37002,6379585
37002,6379588
37003,6379590
37003,6379591
37004,6379595
37004,6379599
37005,6379602
37005,6379606
37006,6379610
37006,6379616
37007,6379621
37007,6379624
37008,6379626
37008,6379631
37009,6379638
37009,6379647
37010,6379654
37010,6379659
37011,6379665
37011,6379668
37012,6379673
37012,6379675
37013,6379679
37013,6379682
37014,6379682
37014,6379686
37015,6379691
37015,6379699
37016,6379703
37016,6379709
37017,6379717
37017,6379720
37018,6379721
37018,6379722
37019,6379724
37019,6379729
37020,6379731
37020,6379736
37021,6379739
37021,6379741
37022,6379747
37022,6379753
37023,6379760
37023,6379762
37024,6379764
37024,6379769
37025,6379770
37025,6379773
37026,6379774
37026,6379777
37027,6379783
37028,6379787
37028,6379788
37029,6379793
37029,6379796
37030,6379802
37030,6379806
37031,6379811
37031,6379816
37032,6379820
37032,6379827
37033,6379835
37033,6379837
37034,6379844
37034,6379845
37035,6379847
37035,6379850
37036,6379856
37036,6379861
37037,6379863
37037,6379869
37038,6379878
37038,6379884
37039,6379888
37039,6379894
37040,6379899
37040,6379905
37041,6379912
37041,6379914
37042,6379918
37042,6379922
37043,6379927
37043,6379936
37044,6379942
37044,6379945
37045,6379951
37046,6379954
37046,6379958
37047,6379967
37047,6379973
37048,6379978
37048,6379986
37049,6379988
37049,6379995
37050,6379998
37050,6380001
37051,6380004
37051,6380006
37052,6380011
37052,6380014
37053,6380016
37053,6380020
37054,6380028
37054,6380033
37055,6380039
37055,6380044
37056,6380052
37056,6380053
37057,6380053
37057,6380061
37058,6380064
37058,6380070
37059,6380074
37059,6380077
37060,6380079
37060,6380084
37061,6380088
37061,6380095
37062,6380102
37062,6380105
37063,6380110
37063,6380113
37064,6380117
37064,6380122
37065,6380125
37065,6380129
37066,6380131
37066,6380134
37067,6380140
37067,6380144
37068,6380147
37068,6380149
37069,6380154
37069,6380160
37070,6380165
37070,6380171
37071,6380175
37071,6380177
37072,6380182
37072,6380183
37073,6380186
37073,6380187
37074,6380189
37074,6380195
37075,6380201
37075,6380206
37076,6380210
37076,6380213
37077,6380222
37077,6380229
37078,6380232
37078,6380234
37079,6380240
37079,6380245
37080,6380248
37080,6380255
37081,6380262
37081,6380264
37082,6380271
37082,6380274
37083,6380278
37083,6380282
37084,6380282
37084,6380287
37085,6380294
37085,6380299
37086,6380303
37086,6380306
37087,6380312
37087,6380317
37088,6380320
37088,6380323
37089,6380325
37089,6380329
37090,6380333
37090,6380337
37091,6380341
37091,6380348
37092,6380351
37092,6380356
37093,6380360
37093,6380364
37094,6380371
37094,6380374
37095,6380378
37095,6380383
37096,6380388
37096,6380391
37097,6380400
37097,6380404
37098,6380409
37098,6380416
37099,6380420
37099,6380424
37100,6380425
37100,6380430
37101,6380433
37101,6380438
37102,6380443
37102,6380445
37103,6380448
37103,6380450
37104,6380453
37104,6380459
37105,6380467
37105,6380471
37106,6380478
37106,6380483
37107,6380484
37107,6380489
37108,6380490
37108,6380493
37109,6380494
37109,6380497
37110,6380503
37110,6380508
37111,6380510
37111,6380513
37112,6380518
37112,6380522
37113,6380525
37113,6380532
37114,6380536
37114,6380540
37115,6380542
37115,6380549
37116,6380552
37116,6380560
37117,6380566
37117,6380569
37118,6380570
37118,6380575
37119,6380580
37119,6380583
37120,6380584
37120,6380590
37121,6380596
37121,6380598
37122,6380601
37122,6380604
37123,6380607
37123,6380610
37124,6380616
37124,6380620
37125,6380622
37125,6380625
37126,6380627
37126,6380629
37127,6380633
37127,6380638
37128,6380643
37128,6380647
37129,6380654
37129,6380660
37130,6380667
37130,6380670
37131,6380676
37131,6380679
37132,6380682
37132,6380685
37133,6380692
37134,6380696
37134,6380699
37135,6380702
37135,6380708
37136,6380712
37136,6380713
37137,6380718
37137,6380721
37138,6380724
37138,6380727
37139,6380737
37139,6380739
37140,6380747
37140,6380752
37141,6380755
37141,6380757
37142,6380764
37142,6380767
37143,6380773
37143,6380777
37144,6380782
37144,6380788
37145,6380790
37145,6380796
37146,6380803
37146,6380806
37147,6380809
37147,6380812
37148,6380816
37148,6380818
37149,6380822
37149,6380825
37150,6380833
37150,6380840
37151,6380847
37151,6380852
37152,6380853
37152,6380856
37153,6380858
37153,6380864
37154,6380867
37154,6380869
37155,6380870
37155,6380872
37156,6380875
37157,6380881
37157,6380887
37158,6380891
37158,6380895
37159,6380901
37159,6380906
37160,6380912
37160,6380916
37161,6380923
37161,6380929
37162,6380933
37162,6380934
37163,6380937
37163,6380942
37164,6380946
37164,6380947
37165,6380951
37165,6380955
37166,6380960
37166,6380966
37167,6380970
37167,6380973
37168,6380978
37168,6380981
37169,6380984
37169,6380986
37170,6380988
37170,6380992
37171,6380999
37171,6381003
37172,6381011
37172,6381013
37173,6381017
37173,6381019
37174,6381023
37174,6381026
37175,6381031
37175,6381034
37176,6381037
37176,6381044
37177,6381049
37177,6381054
37178,6381062
37178,6381065
37179,6381067
37179,6381069
37180,6381076
37180,6381083
37181,6381088
37181,6381091
37182,6381099
37182,6381105
37183,6381113
37183,6381118
37184,6381120
37184,6381125
37185,6381129
37185,6381134
37186,6381138
37186,6381143
37187,6381146
37187,6381154
37188,6381159
37188,6381164
37189,6381169
37189,6381176
37190,6381181
37190,6381187
37191,6381187
37191,6381192
37192,6381196
37192,6381205
37193,6381206
37193,6381209
37194,6381212
37194,6381213
37195,6381217
37195,6381223
37196,6381230
37196,6381235
37197,6381238
37197,6381242
37198,6381245
37198,6381251
37199,6381252
37199,6381259
37200,6381264
37200,6381266
37201,6381270
37201,6381274
37202,6381278
37202,6381280
37203,6381288
37203,6381294
37204,6381298
37204,6381304
37205,6381306
37205,6381310
37206,6381313
37206,6381319
37207,6381323
37207,6381326
37208,6381331
37208,6381337
37209,6381339
37209,6381343
37210,6381345
37210,6381353
37211,6381359
37211,6381360
37212,6381364
37212,6381368
37213,6381375
37213,6381382
37214,6381386
37214,6381393
37215,6381397
37215,6381400
37216,6381405
37217,6381407
37217,6381411
37218,6381414
37218,6381416
37219,6381418
37219,6381420
37220,6381421
37220,6381423
37221,6381425
37221,6381430
37222,6381436
37222,6381442
37223,6381446
37223,6381449
37224,6381453
37224,6381458
37225,6381462
37225,6381464
37226,6381466
37226,6381471
37227,6381473
37227,6381475
37228,6381478
37228,6381481
37229,6381481
37230,6381483
37230,6381485
37231,6381485
37231,6381491
37232,6381494
37232,6381497
37233,6381502
37233,6381504
37234,6381509
37234,6381510
37235,6381512
37235,6381515
37236,6381516
37236,6381518
37237,6381522
37237,6381528
37238,6381534
37239,6381536
37239,6381539
37240,6381543
37240,6381549
37241,6381553
37241,6381556
37242,6381560
37242,6381564
37243,6381567
37243,6381571
37244,6381574
37244,6381577
37245,6381582
37245,6381587
37246,6381592
37246,6381597
37247,6381600
37247,6381604
37248,6381606
37248,6381611
37249,6381617
37249,6381620
37250,6381622
37250,6381628
37251,6381632
37251,6381638
37252,6381645
37252,6381651
37253,6381658
37253,6381662
37254,6381668
37254,6381673
37255,6381677
37255,6381680
37256,6381682
37256,6381687
37257,6381692
37257,6381696
37258,6381699
37258,6381700
37259,6381704
37260,6381708
37260,6381713
37261,6381715
37261,6381722
37262,6381725
37262,6381728
37263,6381731
37263,6381737
37264,6381739
37264,6381740
37265,6381744
37265,6381747
37266,6381750
37266,6381752
37267,6381755
37267,6381757
37268,6381760
37268,6381765
37269,6381769
37269,6381773
37270,6381776
37270,6381784
37271,6381789
37271,6381793
37272,6381798
37272,6381800
37273,6381804
37273,6381808
37274,6381810
37274,6381812
37275,6381818
37275,6381822
37276,6381824
37276,6381826
37277,6381830
37277,6381836
37278,6381840
37278,6381847
37279,6381848
37279,6381850
37280,6381856
37280,6381857
37281,6381860
37281,6381864
37282,6381869
37282,6381873
37283,6381877
37283,6381880
37284,6381883
37284,6381886
37285,6381889
37285,6381892
37286,6381898
37286,6381902
37287,6381904
37287,6381909
37288,6381912
37288,6381914
37289,6381919
37289,6381923
37290,6381927
37290,6381930
37291,6381934
37291,6381940
37292,6381942
37292,6381950
37293,6381958
37293,6381961
37294,6381965
37294,6381968
37295,6381972
37295,6381977
37296,6381982
37296,6381986
37297,6381992
37297,6381996
37298,6382001
37298,6382005
37299,6382009
37300,6382015
37300,6382022
37301,6382024
37301,6382031
37302,6382032
37302,6382034
37303,6382043
37303,6382049
37304,6382052
37304,6382056
37305,6382060
37305,6382067
37306,6382068
37306,6382073
37307,6382080
37307,6382083
37308,6382084
37308,6382085
37309,6382088
37309,6382091
37310,6382095
37310,6382100
37311,6382103
37311,6382109
37312,6382115
37313,6382118
37313,6382122
37314,6382126
37314,6382133
37315,6382135
37315,6382137
37316,6382141
37316,6382145
37317,6382149
37318,6382155
37318,6382160
37319,6382164
37319,6382169
37320,6382174
37320,6382177
37321,6382183
37321,6382188
37322,6382189
37322,6382191
37323,6382191
37323,6382196
37324,6382201
37324,6382205
37325,6382210
37325,6382215
37326,6382219
37326,6382221
37327,6382224
37327,6382226
37328,6382230
37328,6382231
37329,6382235
37329,6382238
37330,6382242
37330,6382244
37331,6382246
37331,6382251
37332,6382253
37332,6382257
37333,6382259
37333,6382264
37334,6382269
37334,6382272
37335,6382276
37336,6382277
37336,6382281
37337,6382285
37337,6382289
37338,6382291
37338,6382295
37339,6382297
37339,6382302
37340,6382306
37340,6382308
37341,6382311
37341,6382313
37342,6382318
37342,6382323
37343,6382326
37343,6382329
37344,6382332
37344,6382335
37345,6382339
37345,6382344
37346,6382344
37346,6382351
37347,6382353
37347,6382360
37348,6382364
37348,6382367
37349,6382372
37349,6382374
37350,6382375
37350,6382378
37351,6382383
37351,6382387
37352,6382389
37352,6382394
37353,6382400
37353,6382407
37354,6382412
37354,6382414
37355,6382417
37355,6382420
37356,6382427
37356,6382428
37357,6382433
37357,6382436
37358,6382438
37358,6382445
37359,6382448
37359,6382451
37360,6382454
37360,6382456
37361,6382461
37361,6382467
37362,6382470
37362,6382474
37363,6382480
37363,6382481
37364,6382488
37364,6382491
37365,6382492
37365,6382496
37366,6382500
37366,6382502
37367,6382505
37367,6382509
37368,6382511
37368,6382514
37369,6382516
37369,6382517
37370,6382519
37370,6382524
37371,6382527
37371,6382530
37372,6382533
37372,6382538
37373,6382543
37373,6382546
37374,6382549
37374,6382553
37375,6382558
37375,6382566
37376,6382571
37376,6382576
37377,6382582
37377,6382588
37378,6382590
37378,6382594
37379,6382597
37379,6382603
37380,6382608
37380,6382612
37381,6382618
37381,6382620
37382,6382621
37382,6382626
37383,6382630
37383,6382635
37384,6382639
37384,6382649
37385,6382650
37385,6382651
37386,6382658
37386,6382660
37387,6382663
37387,6382667
37388,6382673
37388,6382677
37389,6382682
37389,6382683
37390,6382684
37390,6382686
37391,6382689
37391,6382691
37392,6382695
37392,6382701
37393,6382706
37393,6382709
37394,6382711
37394,6382712
37395,6382714
37395,6382715
37396,6382721
37396,6382726
37397,6382730
37397,6382733
37398,6382739
37398,6382743
37399,6382745
37399,6382747
37400,6382752
37400,6382756
37401,6382759
37401,6382766
37402,6382772
37402,6382775
37403,6382778
37403,6382781
37404,6382782
37404,6382787
37405,6382794
37405,6382797
37406,6382801
37406,6382803
37407,6382805
37407,6382807
37408,6382808
37408,6382810
37409,6382814
37409,6382820
37410,6382825
37410,6382827
37411,6382830
37411,6382832
37412,6382836
37412,6382842
37413,6382845
37413,6382846
37414,6382853
37414,6382856
37415,6382856
37415,6382859
37416,6382864
37416,6382868
37417,6382872
37417,6382877
37418,6382881
37418,6382884
37419,6382889
37419,6382892
37420,6382896
37420,6382902
37421,6382902
37421,6382905
37422,6382907
37422,6382909
37423,6382911
37423,6382913
37424,6382915
37424,6382917
37425,6382920
37425,6382922
37426,6382925
37426,6382929
37427,6382930
37427,6382935
37428,6382939
37428,6382944
37429,6382946
37429,6382950
37430,6382956
37430,6382960
37431,6382963
37431,6382965
37432,6382966
37432,6382972
37433,6382977
37433,6382979
37434,6382983
37434,6382987
37435,6382990
37435,6382994
37436,6382997
37436,6382998
37437,6383004
37437,6383007
37438,6383011
37438,6383013
37439,6383022
37439,6383028
37440,6383030
37440,6383033
37441,6383037
37442,6383039
37442,6383043
37443,6383044
37443,6383045
37444,6383048
37444,6383057
37445,6383059
37445,6383061
37446,6383062
37446,6383068
37447,6383077
37447,6383081
37448,6383088
37448,6383090
37449,6383095
37449,6383096
37450,6383100
37450,6383106
37451,6383109
37451,6383111
37452,6383115
37452,6383120
37453,6383123
37453,6383126
37454,6383132
37454,6383136
37455,6383138
37455,6383140
37456,6383144
37456,6383148
37457,6383151
37457,6383156
37458,6383159
37458,6383162
37459,6383168
37459,6383172
37460,6383174
37460,6383176
37461,6383179
37461,6383182
37462,6383183
37462,6383187
37463,6383191
37463,6383193
37464,6383199
37464,6383204
37465,6383207
37465,6383210
37466,6383212
37466,6383220
37467,6383224
37467,6383231
37468,6383232
37468,6383236
37469,6383244
37469,6383251
37470,6383253
37470,6383256
37471,6383260
37471,6383262
37472,6383268
37472,6383272
37473,6383275
37473,6383282
37474,6383288
37474,6383294
37475,6383295
37475,6383298
37476,6383300
37476,6383303
37477,6383304
37477,6383310
37478,6383313
37478,6383315
37479,6383318
37479,6383324
37480,6383327
37480,6383330
37481,6383335
37481,6383337
37482,6383340
37482,6383344
37483,6383345
37483,6383348
37484,6383352
37484,6383354
37485,6383357
37485,6383358
37486,6383362
37486,6383365
37487,6383369
37488,6383371
37488,6383372
37489,6383378
37489,6383379
37490,6383380
37490,6383384
37491,6383386
37491,6383393
37492,6383398
37492,6383404
37493,6383406
37493,6383410
37494,6383413
37494,6383417
37495,6383421
37495,6383423
37496,6383425
37496,6383435
37497,6383441
37497,6383446
37498,6383447
37499,6383451
37499,6383453
37500,6383458
37500,6383461
37501,6383464
37501,6383466
37502,6383468
37502,6383470
37503,6383473
37503,6383476
37504,6383479
37504,6383482
37505,6383488
37505,6383492
37506,6383492
37506,6383496
37507,6383501
37507,6383504
37508,6383508
37508,6383512
37509,6383518
37509,6383524
37510,6383528
37510,6383533
37511,6383535
37511,6383543
37512,6383545
37512,6383547
37513,6383552
37513,6383555
37514,6383557
37514,6383559
37515,6383562
37515,6383569
37516,6383573
37516,6383577
37517,6383585
37517,6383587
37518,6383591
37518,6383601
37519,6383603
37519,6383605
37520,6383606
37520,6383609
37521,6383611
37522,6383616
37522,6383618
37523,6383626
37523,6383630
37524,6383634
37524,6383637
37525,6383641
37525,6383647
37526,6383651
37526,6383655
37527,6383657
37527,6383659
37528,6383662
37528,6383667
37529,6383674
37529,6383676
37530,6383686
37530,6383691
37531,6383697
37531,6383700
37532,6383705
37532,6383708
37533,6383713
37533,6383718
37534,6383721
37534,6383722
37535,6383728
37535,6383734
37536,6383738
37536,6383745
37537,6383748
37537,6383752
37538,6383753
37538,6383757
37539,6383759
37539,6383764
37540,6383770
37540,6383777
37541,6383779
37542,6383783
37542,6383785
37543,6383793
37543,6383795
37544,6383797
37544,6383800
37545,6383803
37545,6383806
37546,6383808
37546,6383811
37547,6383813
37547,6383819
37548,6383822
37548,6383826
37549,6383830
37549,6383834
37550,6383840
37550,6383842
37551,6383844
37551,6383847
37552,6383853
37552,6383861
37553,6383865
37553,6383871
37554,6383873
37554,6383879
37555,6383889
37555,6383892
37556,6383895
37556,6383896
37557,6383901
37557,6383902
37558,6383903
37558,6383907
37559,6383912
37559,6383919
37560,6383921
37560,6383925
37561,6383930
37561,6383935
37562,6383938
37562,6383942
37563,6383945
37563,6383948
37564,6383951
37564,6383953
37565,6383956
37565,6383963
37566,6383971
37566,6383972
37567,6383980
37567,6383987
37568,6383988
37568,6383991
37569,6383992
37569,6383993
37570,6383999
37570,6384003
37571,6384006
37571,6384012
37572,6384013
37572,6384015
37573,6384020
37574,6384023
37574,6384029
37575,6384032
37575,6384038
37576,6384041
37576,6384045
37577,6384048
37577,6384049
37578,6384054
37578,6384057
37579,6384060
37579,6384063
37580,6384065
37580,6384072
37581,6384074
37581,6384080
37582,6384085
37582,6384091
37583,6384097
37584,6384100
37584,6384102
37585,6384103
37585,6384106
37586,6384109
37586,6384111
37587,6384115
37587,6384117
37588,6384120
37588,6384125
37589,6384127
37589,6384132
37590,6384140
37590,6384147
37591,6384150
37591,6384153
37592,6384156
37592,6384159
37593,6384163
37593,6384167
37594,6384173
37594,6384176
37595,6384177
37595,6384182
37596,6384189
37596,6384191
37597,6384195
37597,6384198
37598,6384201
37598,6384207
37599,6384212
37599,6384217
37600,6384219
37600,6384223
37601,6384225
37601,6384227
37602,6384232
37602,6384233
37603,6384234
37603,6384236
37604,6384240
37604,6384245
37605,6384250
37605,6384256
37606,6384258
37606,6384261
37607,6384267
37607,6384269
37608,6384275
37608,6384276
37609,6384280
37609,6384285
37610,6384291
37610,6384300
37611,6384300
37611,6384301
37612,6384305
37612,6384308
37613,6384311
37613,6384317
37614,6384319
37614,6384322
37615,6384331
37615,6384335
37616,6384336
37616,6384339
37617,6384343
37617,6384344
37618,6384345
37618,6384349
37619,6384350
37619,6384357
37620,6384361
37620,6384364
37621,6384370
37621,6384378
37622,6384381
37622,6384383
37623,6384384
37623,6384388
37624,6384395
37624,6384399
37625,6384408
37625,6384412
37626,6384416
37626,6384417
37627,6384421
37627,6384424
37628,6384429
37628,6384431
37629,6384433
37629,6384437
37630,6384443
37630,6384447
37631,6384453
37632,6384458
37632,6384462
37633,6384464
37633,6384468
37634,6384475
37634,6384482
37635,6384484
37635,6384488
37636,6384492
37636,6384495
37637,6384499
37637,6384503
37638,6384508
37638,6384510
37639,6384511
37639,6384516
37640,6384519
37640,6384528
37641,6384529
37641,6384530
37642,6384533
37642,6384535
37643,6384540
37643,6384542
37644,6384542
37644,6384547
37645,6384550
37645,6384556
37646,6384561
37646,6384566
37647,6384571
37647,6384572
37648,6384582
37648,6384583
37649,6384587
37649,6384592
37650,6384595
37650,6384600
37651,6384601
37651,6384606
37652,6384606
37652,6384609
37653,6384614
37653,6384616
37654,6384617
37654,6384620
37655,6384624
37655,6384633
37656,6384637
37656,6384641
37657,6384641
37657,6384645
37658,6384650
37658,6384652
37659,6384657
37659,6384660
37660,6384662
37660,6384667
37661,6384674
37661,6384677
37662,6384680
37662,6384684
37663,6384686
37664,6384690
37664,6384692
37665,6384696
37665,6384701
37666,6384702
37666,6384705
37667,6384709
37667,6384712
37668,6384715
37668,6384719
37669,6384721
37669,6384727
37670,6384731
37670,6384736
37671,6384740
37671,6384741
37672,6384741
37672,6384744
37673,6384747
37673,6384753
37674,6384755
37674,6384758
37675,6384761
37675,6384764
37676,6384767
37676,6384772
37677,6384774
37677,6384777
37678,6384782
37678,6384785
37679,6384789
37679,6384797
37680,6384803
37680,6384807
37681,6384810
37681,6384812
37682,6384817
37682,6384820
37683,6384826
37683,6384830
37684,6384836
37684,6384842
37685,6384843
37685,6384846
37686,6384849
37686,6384855
37687,6384858
37687,6384864
37688,6384865
37688,6384867
37689,6384867
37689,6384870
37690,6384873
37690,6384875
37691,6384882
37691,6384887
37692,6384891
37692,6384897
37693,6384900
37693,6384902
37694,6384906
37694,6384913
37695,6384918
37695,6384924
37696,6384930
37696,6384933
37697,6384939
37697,6384942
37698,6384945
37698,6384947
37699,6384952
37699,6384954
37700,6384962
37700,6384965
37701,6384971
37701,6384974
37702,6384978
37702,6384982
37703,6384986
37703,6384991
37704,6384994
37704,6384999
37705,6385001
37705,6385006
37706,6385009
37706,6385012
37707,6385015
37707,6385019
37708,6385022
37708,6385024
37709,6385030
37709,6385032
37710,6385036
37710,6385040
37711,6385044
37711,6385045
37712,6385049
37712,6385051
37713,6385057
37713,6385062
37714,6385065
37714,6385067
37715,6385071
37715,6385076
37716,6385081
37716,6385083
37717,6385085
37717,6385090
37718,6385093
37718,6385097
37719,6385101
37719,6385106
37720,6385108
37720,6385109
37721,6385118
37721,6385121
37722,6385124
37722,6385128
37723,6385131
37723,6385137
37724,6385140
37724,6385144
37725,6385147
37725,6385153
37726,6385158
37726,6385162
37727,6385166
37727,6385172
37728,6385177
37728,6385180
37729,6385185
37729,6385190
37730,6385193
37730,6385196
37731,6385200
37731,6385201
37732,6385204
37732,6385207
37733,6385212
37733,6385217
37734,6385220
37734,6385222
37735,6385225
37735,6385229
37736,6385236
37736,6385238
37737,6385241
37737,6385247
37738,6385252
37738,6385258
37739,6385258
37739,6385263
37740,6385268
37740,6385273
37741,6385278
37741,6385282
37742,6385287
37742,6385288
37743,6385289
37743,6385290
37744,6385290
37744,6385293
37745,6385295
37745,6385304
37746,6385307
37746,6385309
37747,6385314
37747,6385316
37748,6385320
37748,6385323
37749,6385326
37749,6385330
37750,6385336
37750,6385339
37751,6385341
37751,6385347
37752,6385353
37752,6385358
37753,6385361
37753,6385364
37754,6385369
37754,6385375
37755,6385377
37755,6385378
37756,6385385
37756,6385386
37757,6385389
37757,6385395
37758,6385399
37758,6385403
37759,6385410
37759,6385414
37760,6385421
37760,6385426
37761,6385430
37761,6385431
37762,6385434
37762,6385436
37763,6385438
37763,6385439
37764,6385445
37764,6385446
37765,6385449
37765,6385453
37766,6385458
37766,6385461
37767,6385462
37767,6385471
37768,6385475
37768,6385482
37769,6385485
37769,6385489
37770,6385495
37770,6385501
37771,6385503
37771,6385507
37772,6385510
37772,6385512
37773,6385515
37773,6385518
37774,6385523
37774,6385533
37775,6385535
37775,6385540
37776,6385543
37776,6385548
37777,6385550
37777,6385554
37778,6385558
37778,6385562
37779,6385565
37779,6385568
37780,6385572
37780,6385573
37781,6385576
37781,6385582
37782,6385585
37782,6385589
37783,6385594
37783,6385598
37784,6385601
37784,6385604
37785,6385609
37785,6385611
37786,6385613
37786,6385614
37787,6385618
37787,6385625
37788,6385625
37788,6385627
37789,6385632
37789,6385636
37790,6385640
37790,6385642
37791,6385644
37791,6385648
37792,6385655
37792,6385657
37793,6385661
37793,6385666
37794,6385673
37794,6385676
37795,6385678
37795,6385682
37796,6385684
37796,6385687
37797,6385689
37797,6385692
37798,6385696
37798,6385700
37799,6385704
37799,6385705
37800,6385710
37800,6385718
37801,6385721
37801,6385722
37802,6385725
37802,6385732
37803,6385737
37803,6385740
37804,6385745
37804,6385749
37805,6385750
37805,6385760
37806,6385763
37806,6385768
37807,6385770
37807,6385773
37808,6385774
37808,6385778
37809,6385784
37809,6385791
37810,6385801
37810,6385805
37811,6385810
37811,6385815
37812,6385818
37812,6385821
37813,6385827
37813,6385831
37814,6385833
37814,6385835
37815,6385836
37815,6385840
37816,6385848
37816,6385852
37817,6385856
37817,6385864
37818,6385866
37818,6385871
37819,6385876
37819,6385877
37820,6385881
37821,6385883
37821,6385885
37822,6385888
37822,6385891
37823,6385893
37823,6385897
37824,6385899
37824,6385902
37825,6385903
37825,6385911
37826,6385916
37826,6385920
37827,6385922
37827,6385928
37828,6385929
37828,6385935
37829,6385938
37829,6385945
37830,6385945
37830,6385954
37831,6385957
37831,6385960
37832,6385964
37832,6385969
37833,6385971
37833,6385974
37834,6385978
37834,6385982
37835,6385985
37835,6385988
37836,6385991
37836,6385993
37837,6385995
37837,6385998
37838,6385998
37838,6386000
37839,6386002
37839,6386007
37840,6386010
37840,6386017
37841,6386023
37841,6386025
37842,6386029
37842,6386033
37843,6386043
37843,6386046
37844,6386053
37844,6386057
37845,6386059
37845,6386065
37846,6386071
37846,6386073
37847,6386077
37847,6386080
37848,6386086
37848,6386090
37849,6386094
37849,6386098
37850,6386105
37850,6386107
37851,6386111
37851,6386116
37852,6386117
37852,6386122
37853,6386124
37853,6386128
37854,6386128
37854,6386129
37855,6386131
37855,6386132
37856,6386134
37856,6386139
37857,6386140
37857,6386147
37858,6386151
37858,6386153
37859,6386157
37859,6386162
37860,6386165
37860,6386171
37861,6386173
37861,6386178
37862,6386184
37862,6386186
37863,6386189
37863,6386191
37864,6386193
37864,6386196
37865,6386197
37865,6386203
37866,6386207
37866,6386211
37867,6386213
37867,6386217
37868,6386220
37868,6386225
37869,6386227
37869,6386230
37870,6386234
37870,6386236
37871,6386241
37871,6386244
37872,6386245
37872,6386248
37873,6386251
37873,6386257
37874,6386259
37874,6386262
37875,6386267
37875,6386269
37876,6386270
37876,6386273
37877,6386274
37877,6386281
37878,6386290
37878,6386293
37879,6386295
37879,6386298
37880,6386303
37880,6386305
37881,6386312
37881,6386319
37882,6386320
37882,6386321
37883,6386324
37883,6386326
37884,6386327
37884,6386332
37885,6386335
37885,6386340
37886,6386344
37886,6386345
37887,6386352
37887,6386355
37888,6386357
37888,6386361
37889,6386362
37889,6386367
37890,6386370
37890,6386372
37891,6386373
37891,6386375
37892,6386376
37892,6386377
37893,6386383
37893,6386386
37894,6386389
37894,6386392
37895,6386393
37895,6386394
37896,6386398
37896,6386402
37897,6386403
37897,6386406
37898,6386407
37898,6386409
37899,6386414
37899,6386419
37900,6386420
37900,6386423
37901,6386424
37901,6386429
37902,6386437
37902,6386443
37903,6386451
37903,6386454
37904,6386458
37904,6386459
37905,6386463
37905,6386470
37906,6386476
37906,6386484
37907,6386488
37907,6386493
37908,6386497
37908,6386498
37909,6386500
37909,6386505
37910,6386508
37910,6386509
37911,6386512
37911,6386514
37912,6386520
37912,6386521
37913,6386521
37913,6386528
37914,6386530
37914,6386533
37915,6386536
37916,6386542
37916,6386547
37917,6386550
37917,6386555
37918,6386556
37918,6386561
37919,6386563
37919,6386568
37920,6386572
37920,6386576
37921,6386580
37921,6386581
37922,6386583
37922,6386587
37923,6386592
37923,6386599
37924,6386601
37924,6386606
37925,6386610
37925,6386612
37926,6386617
37926,6386618
37927,6386618
37927,6386619
37928,6386624
37928,6386627
37929,6386630
37929,6386634
37930,6386636
37930,6386637
37931,6386637
37931,6386639
37932,6386647
37932,6386653
37933,6386659
37933,6386665
37934,6386671
37934,6386674
37935,6386680
37935,6386684
37936,6386686
37936,6386689
37937,6386693
37937,6386697
37938,6386705
37938,6386708
37939,6386710
37939,6386715
37940,6386719
37940,6386721
37941,6386721
37941,6386724
37942,6386726
37942,6386731
37943,6386733
37943,6386736
37944,6386736
37944,6386744
37945,6386746
37945,6386752
37946,6386758
37946,6386760
37947,6386762
37947,6386766
37948,6386768
37948,6386770
37949,6386774
37949,6386778
37950,6386785
37950,6386786
37951,6386789
37951,6386791
37952,6386800
37952,6386803
37953,6386804
37953,6386807
37954,6386811
37954,6386816
37955,6386821
37955,6386825
37956,6386828
37956,6386830
37957,6386832
37957,6386838
37958,6386840
37958,6386842
37959,6386846
37959,6386849
37960,6386851
37960,6386852
37961,6386856
37961,6386858
37962,6386859
37962,6386868
37963,6386869
37963,6386873
37964,6386877
37964,6386881
37965,6386882
37965,6386887
37966,6386895
37966,6386899
37967,6386905
37967,6386910
37968,6386914
37968,6386916
37969,6386920
37969,6386925
37970,6386928
37970,6386930
37971,6386932
37971,6386936
37972,6386939
37972,6386942
37973,6386944
37973,6386946
37974,6386947
37974,6386950
37975,6386954
37975,6386958
37976,6386961
37976,6386964
37977,6386967
37977,6386970
37978,6386973
37978,6386978
37979,6386981
37979,6386987
37980,6386988
37980,6386990
37981,6386992
37981,6386996
37982,6386998
37982,6387002
37983,6387005
37983,6387010
37984,6387015
37984,6387018
37985,6387019
37985,6387024
37986,6387032
37986,6387035
37987,6387040
37987,6387044
37988,6387047
37988,6387052
37989,6387057
37989,6387061
37990,6387063
37990,6387065
37991,6387068
37991,6387072
37992,6387077
37992,6387081
37993,6387086
37993,6387090
37994,6387095
37994,6387096
37995,6387100
37996,6387107
37996,6387112
37997,6387112
37997,6387115
37998,6387121
37998,6387124
37999,6387130
37999,6387136
38000,6387142
38000,6387148
38001,6387151
38001,6387155
38002,6387156
38002,6387160
38003,6387163
38003,6387164
38004,6387169
38004,6387173
38005,6387174
38005,6387177
38006,6387181
38006,6387183
38007,6387187
38007,6387191
38008,6387195
38008,6387198
38009,6387204
38010,6387206
38010,6387211
38011,6387214
38011,6387219
38012,6387220
38012,6387224
38013,6387227
38013,6387231
38014,6387236
38014,6387237
38015,6387238
38015,6387239
38016,6387243
38016,6387244
38017,6387247
38017,6387252
38018,6387254
38018,6387261
38019,6387269
38019,6387276
38020,6387280
38020,6387285
38021,6387293
38021,6387297
38022,6387301
38022,6387303
38023,6387304
38023,6387306
38024,6387310
38024,6387313
38025,6387317
38025,6387320
38026,6387326
38026,6387330
38027,6387333
38027,6387335
38028,6387340
38028,6387343
38029,6387346
38029,6387352
38030,6387353
38030,6387357
38031,6387361
38031,6387366
38032,6387369
38032,6387371
38033,6387375
38033,6387379
38034,6387380
38034,6387382
38035,6387387
38035,6387391
38036,6387395
38036,6387399
38037,6387404
38037,6387407
38038,6387413
38038,6387417
38039,6387419
38039,6387422
38040,6387425
38040,6387429
38041,6387434
38041,6387438
38042,6387440
38042,6387442
38043,6387444
38043,6387445
38044,6387448
38044,6387450
38045,6387453
38045,6387456
38046,6387460
38046,6387463
38047,6387468
38047,6387472
38048,6387477
38048,6387481
38049,6387486
38049,6387491
38050,6387495
38050,6387497
38051,6387503
38051,6387510
38052,6387513
38052,6387519
38053,6387522
38053,6387528
38054,6387532
38054,6387537
38055,6387541
38055,6387545
38056,6387552
38056,6387556
38057,6387558
38057,6387563
38058,6387566
38058,6387569
38059,6387573
38059,6387577
38060,6387578
38060,6387581
38061,6387582
38061,6387585
38062,6387590
38062,6387596
38063,6387599
38064,6387605
38064,6387606
38065,6387608
38065,6387610
38066,6387617
38066,6387621
38067,6387624
38067,6387626
38068,6387631
38068,6387633
38069,6387639
38069,6387640
38070,6387644
38070,6387650
38071,6387654
38071,6387656
38072,6387659
38072,6387663
38073,6387667
38073,6387672
38074,6387678
38074,6387683
38075,6387688
38075,6387696
38076,6387700
38076,6387703
38077,6387707
38077,6387710
38078,6387714
38078,6387716
38079,6387717
38079,6387723
38080,6387726
38080,6387730
38081,6387733
38081,6387736
38082,6387739
38082,6387740
38083,6387742
38083,6387746
38084,6387748
38084,6387752
38085,6387752
38085,6387757
38086,6387762
38086,6387767
38087,6387774
38088,6387779
38088,6387780
38089,6387782
38089,6387785
38090,6387787
38090,6387796
38091,6387802
38091,6387804
38092,6387805
38092,6387809
38093,6387811
38093,6387813
38094,6387817
38094,6387819
38095,6387824
38095,6387828
38096,6387837
38096,6387839
38097,6387844
38097,6387846
38098,6387849
38098,6387854
38099,6387860
38099,6387866
38100,6387870
38100,6387871
38101,6387871
38101,6387874
38102,6387879
38102,6387882
38103,6387885
38103,6387890
38104,6387894
38104,6387898
38105,6387900
38105,6387902
38106,6387905
38106,6387906
38107,6387910
38107,6387911
38108,6387913
38108,6387915
38109,6387917
38109,6387919
38110,6387922
38110,6387931
38111,6387933
38111,6387935
38112,6387937
38112,6387942
38113,6387946
38113,6387950
38114,6387954
38114,6387956
38115,6387959
38115,6387963
38116,6387965
38116,6387967
38117,6387970
38117,6387971
38118,6387974
38118,6387977
38119,6387983
38119,6387984
38120,6387989
38120,6387998
38121,6388001
38121,6388004
38122,6388008
38122,6388012
38123,6388014
38123,6388016
38124,6388021
38124,6388023
38125,6388029
38125,6388034
38126,6388035
38126,6388038
38127,6388041
38127,6388047
38128,6388050
38128,6388053
38129,6388053
38129,6388056
38130,6388061
38130,6388063
38131,6388064
38131,6388068
38132,6388072
38132,6388075
38133,6388077
38133,6388079
38134,6388082
38134,6388085
38135,6388086
38135,6388087
38136,6388089
38136,6388092
38137,6388094
38137,6388095
38138,6388096
38138,6388100
38139,6388106
38139,6388109
38140,6388111
38140,6388119
38141,6388123
38141,6388124
38142,6388124
38142,6388128
38143,6388132
38143,6388135
38144,6388136
38144,6388143
38145,6388148
38145,6388149
38146,6388152
38146,6388155
38147,6388158
38147,6388162
38148,6388168
38148,6388170
38149,6388173
38149,6388178
38150,6388182
38150,6388186
38151,6388188
38151,6388192
38152,6388198
38152,6388200
38153,6388208
38153,6388210
38154,6388213
38154,6388217
38155,6388221
38155,6388223
38156,6388224
38156,6388226
38157,6388229
38157,6388232
38158,6388235
38158,6388238
38159,6388242
38159,6388251
38160,6388253
38160,6388255
38161,6388262
38161,6388266
38162,6388274
38162,6388276
38163,6388281
38163,6388284
38164,6388286
38164,6388294
38165,6388297
38165,6388301
38166,6388306
38166,6388309
38167,6388311
38167,6388313
38168,6388319
38168,6388321
38169,6388327
38169,6388330
38170,6388332
38170,6388336
38171,6388338
38171,6388339
38172,6388341
38172,6388342
38173,6388343
38173,6388350
38174,6388352
38174,6388357
38175,6388359
38175,6388364
38176,6388365
38176,6388374
38177,6388377
38177,6388380
38178,6388384
38178,6388388
38179,6388391
38179,6388396
38180,6388404
38180,6388410
38181,6388414
38181,6388417
38182,6388420
38182,6388424
38183,6388427
38183,6388429
38184,6388438
38184,6388441
38185,6388443
38185,6388446
38186,6388448
38186,6388450
38187,6388451
38187,6388457
38188,6388463
38188,6388467
38189,6388469
38189,6388472
38190,6388473
38190,6388477
38191,6388479
38191,6388487
38192,6388489
38192,6388493
38193,6388496
38193,6388501
38194,6388507
38194,6388509
38195,6388511
38195,6388512
38196,6388517
38196,6388522
38197,6388526
38197,6388528
38198,6388528
38198,6388534
38199,6388536
38199,6388539
38200,6388541
38200,6388544
38201,6388546
38201,6388549
38202,6388553
38202,6388555
38203,6388557
38203,6388559
38204,6388561
38204,6388566
38205,6388570
38205,6388573
38206,6388576
38206,6388583
38207,6388588
38207,6388592
38208,6388595
38208,6388601
38209,6388604
38209,6388607
38210,6388610
38210,6388618
38211,6388622
38211,6388625
38212,6388629
38212,6388633
38213,6388635
38213,6388637
38214,6388641
38214,6388645
38215,6388650
38215,6388652
38216,6388658
38217,6388661
38217,6388665
38218,6388669
38219,6388674
38219,6388678
38220,6388680
38220,6388682
38221,6388686
38221,6388687
38222,6388690
38222,6388695
38223,6388698
38223,6388702
38224,6388706
38224,6388710
38225,6388716
38225,6388720
38226,6388723
38226,6388725
38227,6388726
38227,6388730
38228,6388733
38228,6388734
38229,6388736
38229,6388737
38230,6388741
38230,6388747
38231,6388752
38231,6388757
38232,6388759
38232,6388761
38233,6388764
38233,6388769
38234,6388770
38234,6388777
38235,6388779
38235,6388782
38236,6388786
38236,6388787
38237,6388790
38237,6388795
38238,6388801
38238,6388805
38239,6388809
38239,6388812
38240,6388813
38240,6388819
38241,6388820
38241,6388821
38242,6388823
38242,6388825
38243,6388827
38243,6388832
38244,6388834
38244,6388839
38245,6388842
38245,6388847
38246,6388848
38246,6388852
38247,6388853
38247,6388857
38248,6388862
38248,6388864
38249,6388867
38249,6388872
38250,6388874
38250,6388877
38251,6388878
38251,6388879
38252,6388882
38252,6388887
38253,6388893
38253,6388897
38254,6388903
38254,6388908
38255,6388909
38255,6388915
38256,6388919
38256,6388923
38257,6388928
38257,6388934
38258,6388937
38259,6388941
38259,6388946
38260,6388948
38260,6388951
38261,6388951
38261,6388952
38262,6388955
38262,6388959
38263,6388960
38263,6388964
38264,6388968
38264,6388970
38265,6388973
38265,6388976
38266,6388979
38266,6388985
38267,6388990
38267,6388991
38268,6388994
38268,6388997
38269,6389000
38269,6389005
38270,6389008
38270,6389009
38271,6389009
38271,6389011
38272,6389015
38272,6389017
38273,6389024
38273,6389025
38274,6389027
38274,6389034
38275,6389035
38275,6389036
38276,6389040
38276,6389041
38277,6389046
38277,6389048
38278,6389051
38278,6389057
38279,6389061
38279,6389066
38280,6389070
38280,6389074
38281,6389077
38281,6389082
38282,6389087
38282,6389088
38283,6389091
38283,6389092
38284,6389096
38284,6389101
38285,6389104
38285,6389109
38286,6389114
38286,6389118
38287,6389120
38287,6389125
38288,6389127
38288,6389133
38289,6389138
38289,6389142
38290,6389144
38290,6389146
38291,6389148
38291,6389152
38292,6389155
38292,6389160
38293,6389163
38293,6389164
38294,6389167
38294,6389173
38295,6389177
38295,6389178
38296,6389182
38296,6389187
38297,6389189
38297,6389196
38298,6389199
38298,6389203
38299,6389205
38299,6389207
38300,6389208
38300,6389212
38301,6389214
38301,6389216
38302,6389222
38302,6389226
38303,6389233
38303,6389236
38304,6389238
38304,6389242
38305,6389244
38305,6389249
38306,6389251
38306,6389254
38307,6389257
38307,6389261
38308,6389264
38308,6389267
38309,6389272
38309,6389274
38310,6389275
38310,6389279
38311,6389285
38311,6389290
38312,6389294
38312,6389297
38313,6389299
38313,6389304
38314,6389308
38314,6389312
38315,6389315
38315,6389317
38316,6389320
38316,6389323
38317,6389327
38317,6389329
38318,6389335
38318,6389339
38319,6389342
38319,6389346
38320,6389352
38320,6389354
38321,6389357
38321,6389361
38322,6389363
38322,6389367
38323,6389371
38323,6389374
38324,6389375
38324,6389379
38325,6389380
38325,6389385
38326,6389388
38326,6389394
38327,6389399
38327,6389404
38328,6389407
38328,6389412
38329,6389418
38329,6389420
38330,6389424
38330,6389430
38331,6389433
38331,6389437
38332,6389440
38332,6389443
38333,6389446
38333,6389451
38334,6389454
38334,6389456
38335,6389459
38335,6389465
38336,6389469
38336,6389470
38337,6389479
38337,6389485
38338,6389491
38338,6389493
38339,6389496
38339,6389499
38340,6389502
38340,6389506
38341,6389510
38341,6389514
38342,6389515
38342,6389521
38343,6389525
38343,6389529
38344,6389532
38344,6389535
38345,6389536
38345,6389538
38346,6389539
38346,6389541
38347,6389542
38347,6389544
38348,6389546
38348,6389549
38349,6389552
38349,6389554
38350,6389557
38350,6389563
38351,6389564
38351,6389565
38352,6389566
38352,6389570
38353,6389575
38353,6389576
38354,6389578
38354,6389582
38355,6389585
38355,6389591
38356,6389596
38356,6389598
38357,6389601
38357,6389607
38358,6389610
38358,6389611
38359,6389612
38359,6389617
38360,6389622
38360,6389626
38361,6389630
38361,6389635
38362,6389641
38362,6389643
38363,6389644
38363,6389648
38364,6389654
38364,6389657
38365,6389664
38365,6389667
38366,6389670
38366,6389673
38367,6389675
38367,6389676
38368,6389677
38368,6389680
38369,6389685
38369,6389687
38370,6389688
38370,6389694
38371,6389695
38371,6389696
38372,6389702
38372,6389703
38373,6389709
38373,6389714
38374,6389716
38374,6389718
38375,6389723
38375,6389726
38376,6389729
38376,6389731
38377,6389732
38377,6389735
38378,6389739
38378,6389741
38379,6389747
38379,6389749
38380,6389752
38380,6389756
38381,6389757
38381,6389764
38382,6389766
38382,6389768
38383,6389772
38383,6389775
38384,6389776
38384,6389779
38385,6389780
38385,6389784
38386,6389788
38386,6389797
38387,6389801
38387,6389803
38388,6389806
38388,6389808
38389,6389812
38389,6389815
38390,6389819
38390,6389823
38391,6389826
38391,6389829
38392,6389834
38392,6389835
38393,6389842
38393,6389844
38394,6389849
38394,6389857
38395,6389859
38395,6389860
38396,6389869
38396,6389870
38397,6389873
38397,6389879
38398,6389880
38398,6389883
38399,6389889
38399,6389893
38400,6389896
38400,6389899
38401,6389900
38401,6389902
38402,6389905
38402,6389911
38403,6389914
38403,6389919
38404,6389927
38404,6389932
38405,6389933
38405,6389938
38406,6389941
38406,6389946
38407,6389949
38407,6389950
38408,6389955
38408,6389961
38409,6389964
38409,6389967
38410,6389970
38410,6389974
38411,6389977
38411,6389982
38412,6389987
38412,6389992
38413,6389995
38413,6389999
38414,6390003
38414,6390008
38415,6390009
38415,6390016
38416,6390019
38416,6390021
38417,6390024
38417,6390025
38418,6390032
38418,6390036
38419,6390040
38419,6390046
38420,6390049
38420,6390052
38421,6390054
38421,6390059
38422,6390064
38422,6390069
38423,6390072
38423,6390076
38424,6390077
38424,6390078
38425,6390079
38425,6390082
38426,6390083
38426,6390086
38427,6390088
38427,6390093
38428,6390096
38428,6390097
38429,6390102
38429,6390108
38430,6390115
38430,6390118
38431,6390120
38431,6390126
38432,6390129
38432,6390132
38433,6390132
38433,6390133
38434,6390138
38434,6390141
38435,6390145
38435,6390151
38436,6390154
38436,6390159
38437,6390164
38437,6390169
38438,6390177
38438,6390181
38439,6390186
38439,6390188
38440,6390194
38440,6390200
38441,6390204
38441,6390207
38442,6390210
38442,6390211
38443,6390217
38443,6390218
38444,6390223
38444,6390226
38445,6390228
38445,6390232
38446,6390237
38446,6390243
38447,6390246
38447,6390250
38448,6390250
38448,6390253
38449,6390255
38449,6390258
38450,6390264
38450,6390271
38451,6390275
38451,6390277
38452,6390283
38452,6390287
38453,6390291
38453,6390294
38454,6390300
38454,6390302
38455,6390305
38455,6390311
38456,6390312
38456,6390313
38457,6390316
38457,6390318
38458,6390320
38458,6390324
38459,6390327
38459,6390329
38460,6390334
38460,6390340
38461,6390342
38461,6390344
38462,6390348
38462,6390351
38463,6390357
38463,6390360
38464,6390364
38464,6390368
38465,6390372
38465,6390377
38466,6390378
38466,6390381
38467,6390383
38467,6390390
38468,6390395
38468,6390398
38469,6390401
38469,6390405
38470,6390410
38471,6390412
38472,6390418
38472,6390422
38473,6390424
38473,6390426
38474,6390427
38474,6390431
38475,6390435
38475,6390438
38476,6390443
38476,6390446
38477,6390447
38477,6390452
38478,6390453
38478,6390454
38479,6390459
38479,6390464
38480,6390466
38481,6390470
38481,6390472
38482,6390475
38482,6390477
38483,6390482
38483,6390484
38484,6390487
38484,6390489
38485,6390493
38485,6390497
38486,6390497
38486,6390500
38487,6390507
38487,6390509
38488,6390511
38488,6390513
38489,6390520
38489,6390524
38490,6390526
38490,6390531
38491,6390534
38491,6390536
38492,6390542
38492,6390547
38493,6390552
38493,6390556
38494,6390562
38494,6390565
38495,6390566
38495,6390568
38496,6390574
38496,6390578
38497,6390581
38497,6390585
38498,6390588
38499,6390593
38499,6390595
38500,6390600
38500,6390606
38501,6390607
38501,6390610
38502,6390612
38502,6390615
38503,6390618
38503,6390620
38504,6390622
38504,6390625
38505,6390630
38505,6390636
38506,6390638
38506,6390640
38507,6390642
38507,6390647
38508,6390653
38508,6390658
38509,6390663
38509,6390669
38510,6390670
38510,6390671
38511,6390674
38511,6390675
38512,6390677
38513,6390681
38513,6390685
38514,6390685
38514,6390687
38515,6390691
38515,6390695
38516,6390699
38516,6390703
38517,6390706
38517,6390708
38518,6390713
38518,6390717
38519,6390721
38519,6390725
38520,6390726
38520,6390728
38521,6390730
38521,6390732
38522,6390735
38522,6390742
38523,6390749
38523,6390754
38524,6390759
38524,6390761
38525,6390764
38525,6390766
38526,6390768
38526,6390775
38527,6390776
38527,6390782
38528,6390784
38528,6390787
38529,6390787
38529,6390790
38530,6390791
38530,6390792
38531,6390798
38531,6390801
38532,6390808
38532,6390812
38533,6390817
38533,6390820
38534,6390822
38534,6390829
38535,6390831
38535,6390835
38536,6390840
38536,6390846
38537,6390854
38537,6390855
38538,6390859
38538,6390860
38539,6390863
38539,6390868
38540,6390871
38540,6390873
38541,6390875
38541,6390879
38542,6390882
38542,6390888
38543,6390891
38543,6390895
38544,6390897
38544,6390898
38545,6390902
38545,6390904
38546,6390906
38546,6390910
38547,6390915
38547,6390919
38548,6390921
38548,6390924
38549,6390926
38549,6390928
38550,6390931
38550,6390934
38551,6390938
38551,6390944
38552,6390945
38552,6390954
38553,6390956
38553,6390961
38554,6390964
38554,6390965
38555,6390970
38555,6390973
38556,6390974
38556,6390975
38557,6390976
38557,6390981
38558,6390985
38558,6390986
38559,6390988
38559,6390993
38560,6390995
38560,6390996
38561,6391000
38561,6391001
38562,6391003
38562,6391006
38563,6391009
38563,6391012
38564,6391019
38564,6391024
38565,6391028
38565,6391032
38566,6391037
38566,6391041
38567,6391043
38567,6391046
38568,6391050
38568,6391055
38569,6391055
38569,6391056
38570,6391059
38570,6391060
38571,6391063
38571,6391067
38572,6391069
38572,6391071
38573,6391071
38573,6391073
38574,6391078
38574,6391082
38575,6391086
38575,6391090
38576,6391095
38576,6391098
38577,6391100
38578,6391101
38578,6391103
38579,6391107
38579,6391111
38580,6391116
38580,6391118
38581,6391119
38581,6391121
38582,6391126
38582,6391130
38583,6391131
38583,6391133
38584,6391139
38584,6391142
38585,6391144
38585,6391150
38586,6391157
38586,6391159
38587,6391161
38587,6391166
38588,6391171
38588,6391173
38589,6391178
38589,6391180
38590,6391182
38590,6391184
38591,6391187
38591,6391190
38592,6391193
38592,6391198
38593,6391205
38593,6391210
38594,6391214
38594,6391215
38595,6391216
38595,6391220
38596,6391222
38596,6391223
38597,6391231
38597,6391233
38598,6391237
38598,6391242
38599,6391247
38599,6391250
38600,6391251
38600,6391255
38601,6391258
38601,6391261
38602,6391265
38602,6391268
38603,6391270
38603,6391271
38604,6391273
38604,6391275
38605,6391278
38605,6391279
38606,6391281
38606,6391282
38607,6391284
38607,6391287
38608,6391291
38608,6391292
38609,6391295
38609,6391298
38610,6391300
38610,6391305
38611,6391311
38611,6391313
38612,6391315
38612,6391316
38613,6391323
38613,6391327
38614,6391330
38614,6391335
38615,6391337
38615,6391340
38616,6391343
38616,6391346
38617,6391352
38617,6391355
38618,6391357
38618,6391362
38619,6391366
38619,6391369
38620,6391372
38620,6391375
38621,6391379
38621,6391384
38622,6391386
38622,6391389
38623,6391395
38623,6391399
38624,6391402
38624,6391403
38625,6391407
38625,6391409
38626,6391414
38626,6391415
38627,6391417
38627,6391420
38628,6391424
38628,6391428
38629,6391429
38629,6391433
38630,6391439
38630,6391444
38631,6391446
38631,6391450
38632,6391452
38632,6391457
38633,6391460
38633,6391462
38634,6391471
38634,6391472
38635,6391474
38635,6391477
38636,6391481
38636,6391484
38637,6391489
38637,6391491
38638,6391495
38638,6391499
38639,6391501
38639,6391504
38640,6391506
38640,6391512
38641,6391515
38641,6391519
38642,6391520
38642,6391527
38643,6391531
38643,6391537
38644,6391539
38644,6391541
38645,6391544
38645,6391546
38646,6391550
38646,6391554
38647,6391558
38647,6391561
38648,6391564
38648,6391568
38649,6391570
38649,6391573
38650,6391574
38650,6391575
38651,6391580
38651,6391581
38652,6391586
38652,6391590
38653,6391591
38653,6391593
38654,6391597
38654,6391601
38655,6391604
38655,6391610
38656,6391611
38656,6391614
38657,6391618
38657,6391621
38658,6391624
38658,6391625
38659,6391630
38659,6391631
38660,6391634
38660,6391639
38661,6391641
38661,6391644
38662,6391647
38662,6391650
38663,6391652
38663,6391655
38664,6391657
38664,6391661
38665,6391663
38665,6391666
38666,6391672
38666,6391676
38667,6391680
38667,6391684
38668,6391688
38668,6391689
38669,6391691
38669,6391696
38670,6391701
38670,6391704
38671,6391707
38671,6391708
38672,6391711
38673,6391715
38673,6391723
38674,6391724
38674,6391729
38675,6391731
38675,6391734
38676,6391739
38676,6391744
38677,6391745
38677,6391748
38678,6391752
38678,6391754
38679,6391755
38679,6391756
38680,6391760
38681,6391763
38682,6391766
38682,6391768
38683,6391773
38683,6391779
38684,6391781
38684,6391784
38685,6391789
38685,6391791
38686,6391793
38687,6391798
38687,6391803
38688,6391808
38688,6391811
38689,6391818
38689,6391819
38690,6391821
38690,6391823
38691,6391828
38691,6391831
38692,6391833
38692,6391837
38693,6391839
38693,6391843
38694,6391845
38695,6391850
38695,6391852
38696,6391852
38696,6391857
38697,6391861
38697,6391867
38698,6391870
38698,6391873
38699,6391877
38699,6391880
38700,6391887
38700,6391891
38701,6391896
38701,6391898
38702,6391902
38703,6391905
38703,6391911
38704,6391917
38704,6391922
38705,6391924
38705,6391926
38706,6391930
38707,6391933
38707,6391934
38708,6391934
38708,6391941
38709,6391943
38709,6391946
38710,6391949
38710,6391951
38711,6391955
38711,6391962
38712,6391965
38712,6391969
38713,6391971
38713,6391972
38714,6391976
38714,6391978
38715,6391981
38715,6391989
38716,6391991
38716,6391994
38717,6391998
38717,6392003
38718,6392005
38718,6392009
38719,6392011
38719,6392021
38720,6392022
38720,6392027
38721,6392031
38721,6392036
38722,6392040
38722,6392041
38723,6392046
38723,6392051
38724,6392058
38724,6392064
38725,6392067
38726,6392069
38726,6392070
38727,6392074
38727,6392075
38728,6392076
38728,6392077
38729,6392079
38729,6392083
38730,6392086
38730,6392090
38731,6392091
38731,6392094
38732,6392096
38732,6392099
38733,6392102
38733,6392107
38734,6392110
38734,6392112
38735,6392113
38735,6392118
38736,6392122
38736,6392127
38737,6392132
38737,6392135
38738,6392140
38738,6392146
38739,6392149
38739,6392151
38740,6392151
38740,6392157
38741,6392159
38741,6392162
38742,6392165
38742,6392169
38743,6392175
38743,6392177
38744,6392178
38744,6392182
38745,6392187
38745,6392192
38746,6392193
38746,6392194
38747,6392198
38747,6392205
38748,6392207
38748,6392211
38749,6392214
38749,6392217
38750,6392221
38750,6392224
38751,6392224
38751,6392229
38752,6392232
38752,6392238
38753,6392241
38753,6392244
38754,6392248
38754,6392250
38755,6392253
38755,6392258
38756,6392265
38756,6392266
38757,6392271
38757,6392273
38758,6392278
38758,6392280
38759,6392282
38759,6392284
38760,6392285
38760,6392290
38761,6392294
38761,6392295
38762,6392302
38762,6392305
38763,6392308
38763,6392312
38764,6392318
38764,6392321
38765,6392327
38765,6392332
38766,6392338
38766,6392341
38767,6392343
38767,6392345
38768,6392347
38768,6392351
38769,6392354
38769,6392360
38770,6392365
38770,6392369
38771,6392371
38771,6392373
38772,6392377
38772,6392382
38773,6392384
38773,6392385
38774,6392389
38774,6392391
38775,6392397
38775,6392399
38776,6392402
38776,6392405
38777,6392408
38777,6392411
38778,6392415
38778,6392419
38779,6392421
38779,6392427
38780,6392431
38780,6392436
38781,6392439
38781,6392442
38782,6392444
38782,6392446
38783,6392449
38783,6392451
38784,6392451
38784,6392454
38785,6392458
38785,6392460
38786,6392461
38786,6392463
38787,6392467
38787,6392470
38788,6392472
38788,6392476
38789,6392479
38789,6392481
38790,6392483
38790,6392486
38791,6392489
38791,6392494
38792,6392497
38792,6392499
38793,6392501
38793,6392505
38794,6392509
38794,6392511
38795,6392519
38795,6392521
38796,6392522
38796,6392526
38797,6392529
38797,6392532
38798,6392533
38798,6392539
38799,6392544
38799,6392547
38800,6392550
38800,6392552
38801,6392557
38801,6392560
38802,6392561
38802,6392563
38803,6392565
38803,6392568
38804,6392569
38804,6392570
38805,6392575
38806,6392577
38806,6392582
38807,6392584
38807,6392587
38808,6392591
38809,6392594
38810,6392596
38810,6392598
38811,6392602
38811,6392606
38812,6392610
38812,6392611
38813,6392616
38813,6392619
38814,6392622
38814,6392624
38815,6392628
38815,6392632
38816,6392634
38816,6392637
38817,6392643
38817,6392648
38818,6392651
38818,6392654
38819,6392658
38820,6392661
38820,6392668
38821,6392669
38821,6392672
38822,6392675
38822,6392678
38823,6392678
38823,6392681
38824,6392685
38824,6392688
38825,6392692
38825,6392693
38826,6392695
38826,6392697
38827,6392699
38827,6392702
38828,6392707
38828,6392709
38829,6392714
38829,6392715
38830,6392717
38830,6392719
38831,6392723
38831,6392728
38832,6392733
38832,6392739
38833,6392746
38833,6392750
38834,6392752
38834,6392757
38835,6392760
38835,6392768
38836,6392772
38836,6392775
38837,6392777
38838,6392781
38838,6392784
38839,6392786
38839,6392791
38840,6392793
38840,6392796
38841,6392800
38841,6392804
38842,6392810
38842,6392812
38843,6392815
38843,6392816
38844,6392820
38844,6392823
38845,6392826
38845,6392831
38846,6392836
38846,6392840
38847,6392847
38847,6392849
38848,6392849
38848,6392850
38849,6392853
38849,6392856
38850,6392861
38850,6392864
38851,6392869
38851,6392870
38852,6392877
38852,6392883
38853,6392884
38853,6392889
38854,6392892
38854,6392895
38855,6392897
38855,6392903
38856,6392904
38856,6392906
38857,6392910
38857,6392914
38858,6392916
38858,6392920
38859,6392920
38859,6392922
38860,6392929
38860,6392932
38861,6392937
38861,6392940
38862,6392948
38862,6392952
38863,6392955
38863,6392958
38864,6392959
38864,6392962
38865,6392966
38865,6392969
38866,6392972
38866,6392973
38867,6392977
38867,6392981
38868,6392983
38868,6392986
38869,6392994
38869,6392995
38870,6393003
38870,6393005
38871,6393010
38871,6393014
38872,6393019
38872,6393024
38873,6393024
38873,6393027
38874,6393029
38874,6393034
38875,6393038
38875,6393040
38876,6393044
38876,6393046
38877,6393051
38877,6393052
38878,6393055
38878,6393060
38879,6393063
38879,6393069
38880,6393071
38880,6393075
38881,6393078
38881,6393080
38882,6393084
38882,6393087
38883,6393092
38883,6393094
38884,6393098
38885,6393102
38885,6393105
38886,6393108
38886,6393112
38887,6393115
38887,6393117
38888,6393122
38888,6393124
38889,6393126
38890,6393128
38890,6393133
38891,6393134
38892,6393137
38892,6393142
38893,6393145
38893,6393149
38894,6393154
38894,6393157
38895,6393161
38895,6393164
38896,6393170
38896,6393171
38897,6393175
38897,6393178
38898,6393182
38898,6393188
38899,6393192
38899,6393194
38900,6393198
38900,6393205
38901,6393207
38901,6393210
38902,6393213
38903,6393217
38903,6393222
38904,6393223
38904,6393227
38905,6393228
38905,6393232
38906,6393233
38906,6393237
38907,6393240
38907,6393243
38908,6393247
38908,6393252
38909,6393255
38909,6393258
38910,6393262
38910,6393267
38911,6393269
38911,6393270
38912,6393271
38912,6393272
38913,6393274
38913,6393276
38914,6393282
38914,6393285
38915,6393289
38915,6393298
38916,6393299
38916,6393303
38917,6393308
38917,6393310
38918,6393312
38918,6393315
38919,6393319
38919,6393321
38920,6393322
38920,6393328
38921,6393333
38921,6393334
38922,6393337
38922,6393339
38923,6393339
38923,6393345
38924,6393348
38924,6393349
38925,6393351
38925,6393354
38926,6393354
38926,6393356
38927,6393359
38927,6393362
38928,6393363
38928,6393366
38929,6393370
38929,6393374
38930,6393380
38930,6393383
38931,6393389
38931,6393394
38932,6393398
38932,6393401
38933,6393402
38933,6393406
38934,6393407
38934,6393411
38935,6393412
38935,6393414
38936,6393416
38936,6393420
38937,6393422
38937,6393423
38938,6393428
38938,6393431
38939,6393436
38939,6393440
38940,6393445
38940,6393447
38941,6393449
38941,6393454
38942,6393455
38942,6393462
38943,6393466
38943,6393468
38944,6393470
38944,6393474
38945,6393477
38945,6393482
38946,6393484
38946,6393487
38947,6393490
38947,6393492
38948,6393493
38948,6393495
38949,6393497
38949,6393500
38950,6393502
38950,6393508
38951,6393514
38951,6393517
38952,6393522
38953,6393524
38953,6393527
38954,6393529
38954,6393532
38955,6393538
38955,6393543
38956,6393547
38956,6393549
38957,6393554
38957,6393557
38958,6393557
38958,6393560
38959,6393562
38959,6393567
38960,6393568
38960,6393571
38961,6393572
38961,6393574
38962,6393578
38962,6393581
38963,6393583
38963,6393585
38964,6393586
38964,6393593
38965,6393596
38965,6393599
38966,6393603
38966,6393609
38967,6393612
38967,6393617
38968,6393620
38968,6393623
38969,6393625
38969,6393631
38970,6393633
38970,6393635
38971,6393638
38971,6393644
38972,6393646
38972,6393648
38973,6393650
38973,6393652
38974,6393654
38974,6393660
38975,6393663
38975,6393667
38976,6393674
38976,6393676
38977,6393680
38977,6393682
38978,6393685
38978,6393689
38979,6393690
38979,6393696
38980,6393698
38980,6393700
38981,6393702
38981,6393706
38982,6393706
38982,6393711
38983,6393713
38983,6393716
38984,6393720
38984,6393724
38985,6393725
38985,6393728
38986,6393732
38986,6393733
38987,6393735
38987,6393736
38988,6393741
38988,6393745
38989,6393748
38989,6393751
38990,6393755
38990,6393756
38991,6393763
38991,6393766
38992,6393770
38992,6393773
38993,6393781
38993,6393783
38994,6393786
38994,6393788
38995,6393792
38995,6393793
38996,6393796
38996,6393797
38997,6393802
38997,6393805
38998,6393809
38998,6393810
38999,6393812
38999,6393817
39000,6393823
39000,6393827
39001,6393831
39001,6393836
39002,6393840
39002,6393844
39003,6393845
39003,6393849
39004,6393856
39004,6393858
39005,6393863
39005,6393868
39006,6393871
39006,6393872
39007,6393877
39007,6393879
39008,6393880
39008,6393883
39009,6393883
39009,6393885
39010,6393886
39010,6393889
39011,6393892
39011,6393894
39012,6393896
39012,6393897
39013,6393900
39014,6393902
39014,6393906
39015,6393910
39015,6393913
39016,6393918
39016,6393922
39017,6393930
39017,6393934
39018,6393936
39018,6393939
39019,6393941
39019,6393946
39020,6393951
39020,6393956
39021,6393959
39021,6393961
39022,6393962
39022,6393965
39023,6393968
39023,6393971
39024,6393972
39024,6393978
39025,6393984
39025,6393986
39026,6393989
39026,6393991
39027,6393992
39027,6393996
39028,6393996
39028,6394001
39029,6394002
39029,6394006
39030,6394009
39030,6394013
39031,6394015
39031,6394018
39032,6394020
39032,6394026
39033,6394029
39033,6394032
39034,6394036
39034,6394039
39035,6394041
39035,6394044
39036,6394048
39036,6394050
39037,6394052
39037,6394054
39038,6394056
39038,6394058
39039,6394060
39040,6394063
39040,6394070
39041,6394072
39041,6394078
39042,6394084
39042,6394087
39043,6394090
39043,6394092
39044,6394097
39044,6394100
39045,6394103
39045,6394104
39046,6394109
39046,6394112
39047,6394115
39047,6394116
39048,6394117
39048,6394121
39049,6394122
39049,6394129
39050,6394130
39050,6394133
39051,6394137
39051,6394141
39052,6394142
39052,6394147
39053,6394150
39053,6394153
39054,6394160
39054,6394163
39055,6394165
39055,6394167
39056,6394170
39056,6394176
39057,6394178
39057,6394181
39058,6394185
39058,6394188
39059,6394191
39059,6394194
39060,6394194
39060,6394198
39061,6394199
39061,6394204
39062,6394211
39062,6394215
39063,6394218
39063,6394221
39064,6394224
39064,6394229
39065,6394231
39065,6394232
39066,6394235
39066,6394239
39067,6394241
39067,6394245
39068,6394247
39068,6394249
39069,6394249
39069,6394254
39070,6394256
39071,6394259
39071,6394261
39072,6394263
39072,6394266
39073,6394270
39073,6394273
39074,6394276
39074,6394280
39075,6394283
39075,6394288
39076,6394291
39076,6394293
39077,6394297
39077,6394299
39078,6394300
39078,6394304
39079,6394307
39079,6394309
39080,6394315
39080,6394318
39081,6394324
39081,6394327
39082,6394330
39082,6394332
39083,6394336
39083,6394340
39084,6394344
39084,6394346
39085,6394354
39085,6394355
39086,6394360
39086,6394363
39087,6394368
39087,6394372
39088,6394375
39088,6394378
39089,6394381
39089,6394384
39090,6394388
39090,6394390
39091,6394395
39091,6394397
39092,6394399
39092,6394403
39093,6394406
39093,6394407
39094,6394407
39094,6394410
39095,6394416
39095,6394418
39096,6394421
39096,6394424
39097,6394424
39097,6394426
39098,6394429
39098,6394430
39099,6394436
39099,6394439
39100,6394441
39100,6394442
39101,6394445
39101,6394446
39102,6394455
39102,6394459
39103,6394463
39103,6394464
39104,6394469
39104,6394472
39105,6394474
39105,6394478
39106,6394479
39106,6394480
39107,6394485
39107,6394486
39108,6394490
39108,6394496
39109,6394501
39109,6394504
39110,6394507
39110,6394512
39111,6394516
39112,6394519
39112,6394525
39113,6394527
39113,6394532
39114,6394534
39114,6394537
39115,6394538
39115,6394541
39116,6394545
39116,6394546
39117,6394551
39117,6394557
39118,6394561
39118,6394563
39119,6394566
39119,6394568
39120,6394571
39120,6394573
39121,6394574
39121,6394577
39122,6394579
39122,6394580
39123,6394580
39123,6394584
39124,6394587
39124,6394590
39125,6394593
39125,6394598
39126,6394599
39126,6394602
39127,6394607
39127,6394610
39128,6394614
39128,6394616
39129,6394622
39129,6394625
39130,6394632
39130,6394633
39131,6394634
39131,6394637
39132,6394639
39133,6394644
39133,6394647
39134,6394649
39134,6394651
39135,6394652
39135,6394659
39136,6394661
39136,6394666
39137,6394669
39137,6394671
39138,6394676
39138,6394686
39139,6394693
39139,6394696
39140,6394700
39140,6394706
39141,6394711
39141,6394715
39142,6394718
39142,6394721
39143,6394723
39143,6394724
39144,6394725
39144,6394731
39145,6394733
39145,6394736
39146,6394741
39146,6394743
39147,6394746
39147,6394751
39148,6394758
39148,6394762
39149,6394764
39149,6394768
39150,6394772
39150,6394775
39151,6394776
39151,6394779
39152,6394781
39152,6394782
39153,6394785
39153,6394788
39154,6394793
39154,6394797
39155,6394801
39155,6394802
39156,6394804
39156,6394807
39157,6394809
39157,6394810
39158,6394813
39158,6394818
39159,6394822
39159,6394828
39160,6394833
39160,6394837
39161,6394839
39161,6394844
39162,6394851
39162,6394854
39163,6394858
39163,6394862
39164,6394866
39164,6394870
39165,6394874
39166,6394877
39166,6394879
39167,6394883
39167,6394888
39168,6394888
39168,6394893
39169,6394897
39169,6394898
39170,6394901
39170,6394904
39171,6394905
39171,6394915
39172,6394918
39172,6394920
39173,6394925
39173,6394931
39174,6394933
39174,6394936
39175,6394938
39175,6394939
39176,6394946
39176,6394950
39177,6394953
39177,6394955
39178,6394959
39178,6394963
39179,6394969
39179,6394971
39180,6394972
39180,6394975
39181,6394980
39181,6394984
39182,6394986
39182,6394991
39183,6394995
39183,6394998
39184,6395002
39184,6395006
39185,6395008
39185,6395009
39186,6395011
39186,6395013
39187,6395015
39187,6395017
39188,6395020
39188,6395024
39189,6395026
39189,6395028
39190,6395033
39190,6395036
39191,6395040
39191,6395042
39192,6395045
39192,6395050
39193,6395051
39193,6395053
39194,6395059
39194,6395060
39195,6395066
39195,6395070
39196,6395073
39196,6395078
39197,6395083
39197,6395084
39198,6395085
39198,6395086
39199,6395089
39199,6395097
39200,6395100
39200,6395101
39201,6395104
39201,6395105
39202,6395105
39202,6395107
39203,6395109
39203,6395112
39204,6395116
39204,6395120
39205,6395124
39205,6395130
39206,6395134
39206,6395136
39207,6395141
39207,6395144
39208,6395146
39208,6395154
39209,6395154
39209,6395155
39210,6395159
39210,6395164
39211,6395168
39211,6395171
39212,6395176
39212,6395178
39213,6395182
39213,6395183
39214,6395188
39214,6395190
39215,6395193
39215,6395198
39216,6395201
39216,6395204
39217,6395208
39217,6395210
39218,6395213
39218,6395216
39219,6395217
39219,6395221
39220,6395228
39220,6395231
39221,6395232
39221,6395234
39222,6395238
39222,6395239
39223,6395241
39224,6395242
39224,6395246
39225,6395249
39225,6395251
39226,6395258
39226,6395259
39227,6395263
39227,6395266
39228,6395270
39228,6395275
39229,6395279
39229,6395282
39230,6395283
39230,6395286
39231,6395288
39231,6395290
39232,6395293
39232,6395298
39233,6395299
39233,6395301
39234,6395302
39234,6395308
39235,6395313
39235,6395318
39236,6395322
39236,6395329
39237,6395331
39237,6395335
39238,6395340
39238,6395343
39239,6395345
39239,6395349
39240,6395353
39240,6395354
39241,6395356
39241,6395357
39242,6395363
39242,6395368
39243,6395370
39243,6395373
39244,6395376
39244,6395383
39245,6395388
39245,6395389
39246,6395392
39246,6395394
39247,6395395
39247,6395397
39248,6395402
39248,6395404
39249,6395408
39249,6395411
39250,6395416
39250,6395418
39251,6395423
39251,6395429
39252,6395432
39252,6395436
39253,6395440
39253,6395442
39254,6395443
39254,6395448
39255,6395452
39255,6395455
39256,6395458
39256,6395459
39257,6395460
39257,6395463
39258,6395468
39258,6395470
39259,6395474
39259,6395480
39260,6395483
39260,6395485
39261,6395490
39261,6395495
39262,6395498
39262,6395499
39263,6395503
39263,6395505
39264,6395507
39264,6395510
39265,6395511
39265,6395514
39266,6395517
39266,6395518
39267,6395520
39267,6395524
39268,6395527
39268,6395532
39269,6395533
39269,6395535
39270,6395537
39270,6395540
39271,6395547
39271,6395549
39272,6395550
39272,6395554
39273,6395557
39273,6395558
39274,6395564
39274,6395565
39275,6395571
39276,6395575
39276,6395579
39277,6395584
39277,6395590
39278,6395593
39278,6395599
39279,6395603
39279,6395608
39280,6395612
39280,6395613
39281,6395616
39281,6395621
39282,6395624
39282,6395626
39283,6395628
39283,6395629
39284,6395632
39284,6395638
39285,6395641
39285,6395645
39286,6395649
39286,6395650
39287,6395652
39287,6395655
39288,6395658
39288,6395659
39289,6395665
39290,6395665
39290,6395668
39291,6395671
39291,6395672
39292,6395674
39292,6395679
39293,6395682
39293,6395685
39294,6395689
39294,6395691
39295,6395694
39295,6395696
39296,6395699
39296,6395701
39297,6395707
39298,6395711
39298,6395712
39299,6395714
39299,6395716
39300,6395722
39300,6395728
39301,6395733
39301,6395742
39302,6395747
39303,6395750
39303,6395753
39304,6395755
39304,6395763
39305,6395766
39305,6395769
39306,6395772
39306,6395773
39307,6395777
39307,6395781
39308,6395783
39308,6395788
39309,6395792
39309,6395794
39310,6395796
39310,6395799
39311,6395802
39311,6395806
39312,6395809
39312,6395811
39313,6395814
39313,6395819
39314,6395822
39315,6395824
39315,6395828
39316,6395828
39316,6395832
39317,6395835
39317,6395840
39318,6395843
39318,6395851
39319,6395854
39319,6395856
39320,6395859
39320,6395860
39321,6395860
39321,6395864
39322,6395867
39322,6395873
39323,6395878
39323,6395885
39324,6395891
39324,6395898
39325,6395902
39325,6395904
39326,6395907
39326,6395911
39327,6395917
39327,6395919
39328,6395919
39328,6395920
39329,6395926
39329,6395930
39330,6395933
39330,6395936
39331,6395940
39331,6395945
39332,6395953
39332,6395955
39333,6395958
39333,6395960
39334,6395961
39335,6395964
39335,6395968
39336,6395970
39336,6395972
39337,6395977
39337,6395982
39338,6395984
39338,6395987
39339,6395987
39339,6395989
39340,6395992
39340,6395996
39341,6396002
39341,6396006
39342,6396011
39342,6396017
39343,6396020
39343,6396025
39344,6396029
39344,6396034
39345,6396037
39345,6396040
39346,6396046
39346,6396049
39347,6396054
39347,6396056
39348,6396059
39348,6396065
39349,6396067
39349,6396069
39350,6396073
39350,6396077
39351,6396081
39351,6396086
39352,6396088
39352,6396092
39353,6396098
39353,6396100
39354,6396103
39354,6396107
39355,6396110
39355,6396112
39356,6396114
39356,6396116
39357,6396120
39357,6396126
39358,6396130
39358,6396133
39359,6396135
39359,6396139
39360,6396142
39360,6396145
39361,6396148
39361,6396154
39362,6396157
39362,6396159
39363,6396162
39363,6396165
39364,6396172
39364,6396175
39365,6396182
39365,6396183
39366,6396187
39366,6396190
39367,6396196
39367,6396198
39368,6396200
39368,6396202
39369,6396206
39369,6396209
39370,6396210
39370,6396213
39371,6396214
39371,6396217
39372,6396220
39372,6396223
39373,6396227
39373,6396230
39374,6396234
39375,6396241
39375,6396247
39376,6396250
39376,6396253
39377,6396253
39377,6396256
39378,6396261
39378,6396267
39379,6396272
39379,6396275
39380,6396276
39380,6396278
39381,6396280
39381,6396288
39382,6396293
39382,6396298
39383,6396302
39383,6396307
39384,6396311
39384,6396313
39385,6396316
39385,6396317
39386,6396320
39386,6396322
39387,6396326
39387,6396333
39388,6396335
39388,6396342
39389,6396347
39389,6396351
39390,6396356
39390,6396359
39391,6396362
39391,6396368
39392,6396371
39392,6396378
39393,6396383
39393,6396384
39394,6396386
39394,6396393
39395,6396395
39395,6396398
39396,6396401
39396,6396404
39397,6396406
39397,6396407
39398,6396408
39398,6396411
39399,6396413
39399,6396415
39400,6396417
39400,6396422
39401,6396428
39401,6396434
39402,6396436
39402,6396440
39403,6396445
39403,6396449
39404,6396449
39404,6396451
39405,6396454
39405,6396459
39406,6396460
39406,6396461
39407,6396464
39407,6396467
39408,6396471
39408,6396473
39409,6396479
39409,6396482
39410,6396484
39410,6396486
39411,6396490
39411,6396497
39412,6396501
39412,6396503
39413,6396510
39413,6396511
39414,6396515
39414,6396517
39415,6396520
39415,6396522
39416,6396525
39416,6396528
39417,6396531
39417,6396534
39418,6396536
39418,6396539
39419,6396543
39419,6396547
39420,6396550
39420,6396557
39421,6396558
39421,6396562
39422,6396570
39422,6396573
39423,6396574
39423,6396578
39424,6396582
39424,6396588
39425,6396594
39425,6396597
39426,6396597
39426,6396604
39427,6396610
39427,6396614
39428,6396617
39428,6396618
39429,6396621
39429,6396623
39430,6396625
39430,6396626
39431,6396628
39431,6396632
39432,6396637
39432,6396642
39433,6396644
39434,6396646
39434,6396649
39435,6396655
39435,6396659
39436,6396664
39436,6396665
39437,6396669
39437,6396675
39438,6396680
39438,6396684
39439,6396688
39439,6396694
39440,6396696
39440,6396698
39441,6396699
39441,6396700
39442,6396705
39442,6396706
39443,6396711
39443,6396715
39444,6396716
39444,6396719
39445,6396723
39445,6396725
39446,6396726
39446,6396729
39447,6396732
39447,6396734
39448,6396736
39448,6396742
39449,6396745
39449,6396746
39450,6396750
39450,6396756
39451,6396760
39451,6396762
39452,6396763
39452,6396767
39453,6396771
39453,6396775
39454,6396778
39454,6396781
39455,6396782
39455,6396786
39456,6396793
39456,6396795
39457,6396796
39457,6396799
39458,6396804
39458,6396809
39459,6396812
39459,6396815
39460,6396818
39460,6396821
39461,6396825
39461,6396829
39462,6396831
39462,6396833
39463,6396836
39463,6396839
39464,6396843
39464,6396845
39465,6396847
39465,6396848
39466,6396849
39466,6396855
39467,6396857
39467,6396860
39468,6396861
39468,6396862
39469,6396867
39469,6396874
39470,6396877
39470,6396878
39471,6396883
39472,6396884
39473,6396890
39473,6396892
39474,6396894
39474,6396896
39475,6396897
39475,6396901
39476,6396904
39476,6396908
39477,6396911
39477,6396918
39478,6396921
39478,6396923
39479,6396927
39479,6396931
39480,6396934
39480,6396938
39481,6396943
39481,6396948
39482,6396955
39482,6396959
39483,6396960
39483,6396965
39484,6396971
39484,6396975
39485,6396981
39485,6396986
39486,6396988
39486,6396991
39487,6396995
39487,6396997
39488,6397002
39489,6397002
39489,6397003
39490,6397006
39490,6397010
39491,6397011
39491,6397015
39492,6397017
39492,6397021
39493,6397021
39493,6397023
39494,6397028
39494,6397033
39495,6397036
39495,6397038
39496,6397043
39496,6397047
39497,6397049
39497,6397052
39498,6397058
39498,6397063
39499,6397065
39499,6397068
39500,6397072
39500,6397078
39501,6397080
39501,6397083
39502,6397089
39502,6397091
39503,6397096
39503,6397100
39504,6397102
39504,6397103
39505,6397105
39505,6397106
39506,6397110
39506,6397114
39507,6397114
39507,6397120
39508,6397124
39508,6397126
39509,6397129
39509,6397134
39510,6397141
39510,6397143
39511,6397145
39511,6397148
39512,6397151
39512,6397154
39513,6397156
39513,6397159
39514,6397162
39514,6397166
39515,6397168
39515,6397172
39516,6397177
39516,6397182
39517,6397186
39517,6397188
39518,6397191
39518,6397194
39519,6397196
39519,6397197
39520,6397200
39521,6397200
39521,6397203
39522,6397206
39522,6397210
39523,6397210
39523,6397213
39524,6397217
39524,6397219
39525,6397223
39525,6397224
39526,6397227
39526,6397230
39527,6397234
39527,6397237
39528,6397240
39528,6397249
39529,6397254
39530,6397256
39530,6397258
39531,6397260
39531,6397263
39532,6397264
39532,6397265
39533,6397267
39533,6397271
39534,6397273
39534,6397281
39535,6397286
39535,6397288
39536,6397292
39536,6397294
39537,6397297
39537,6397299
39538,6397301
39538,6397309
39539,6397313
39539,6397315
39540,6397319
39540,6397327
39541,6397330
39541,6397332
39542,6397333
39542,6397337
39543,6397339
39543,6397344
39544,6397347
39544,6397352
39545,6397357
39545,6397360
39546,6397363
39546,6397364
39547,6397365
39547,6397367
39548,6397373
39548,6397379
39549,6397381
39549,6397383
39550,6397386
39550,6397389
39551,6397392
39551,6397395
39552,6397400
39552,6397401
39553,6397405
39553,6397408
39554,6397411
39554,6397412
39555,6397415
39555,6397417
39556,6397424
39556,6397426
39557,6397432
39557,6397438
39558,6397442
39558,6397445
39559,6397449
39559,6397451
39560,6397452
39560,6397456
39561,6397460
39561,6397461
39562,6397464
39562,6397467
39563,6397470
39563,6397473
39564,6397475
39564,6397481
39565,6397486
39565,6397491
39566,6397495
39566,6397499
39567,6397502
39567,6397504
39568,6397512
39568,6397517
39569,6397522
39569,6397525
39570,6397527
39570,6397528
39571,6397531
39571,6397532
39572,6397534
39572,6397536
39573,6397537
39573,6397541
39574,6397543
39574,6397544
39575,6397548
39575,6397551
39576,6397553
39576,6397555
39577,6397557
39577,6397560
39578,6397560
39578,6397564
39579,6397566
39579,6397569
39580,6397572
39580,6397573
39581,6397580
39581,6397581
39582,6397587
39582,6397589
39583,6397594
39583,6397596
39584,6397598
39584,6397602
39585,6397604
39585,6397607
39586,6397612
39586,6397616
39587,6397619
39587,6397625
39588,6397629
39588,6397632
39589,6397636
39589,6397645
39590,6397650
39591,6397658
39591,6397663
39592,6397666
39592,6397668
39593,6397669
39593,6397676
39594,6397679
39594,6397683
39595,6397686
39595,6397693
39596,6397695
39596,6397696
39597,6397699
39597,6397702
39598,6397706
39598,6397710
39599,6397714
39599,6397721
39600,6397727
39600,6397729
39601,6397732
39601,6397737
39602,6397738
39602,6397740
39603,6397741
39603,6397742
39604,6397747
39605,6397748
39605,6397752
39606,6397758
39606,6397759
39607,6397763
39607,6397767
39608,6397771
39608,6397773
39609,6397773
39609,6397775
39610,6397777
39610,6397780
39611,6397784
39611,6397786
39612,6397791
39612,6397795
39613,6397799
39613,6397806
39614,6397810
39614,6397812
39615,6397814
39615,6397817
39616,6397821
39616,6397823
39617,6397825
39617,6397826
39618,6397828
39618,6397831
39619,6397833
39619,6397840
39620,6397847
39620,6397850
39621,6397854
39621,6397860
39622,6397864
39622,6397866
39623,6397868
39623,6397870
39624,6397873
39624,6397875
39625,6397877
39625,6397879
39626,6397883
39626,6397887
39627,6397888
39627,6397891
39628,6397895
39628,6397898
39629,6397899
39629,6397901
39630,6397902
39630,6397903
39631,6397904
39631,6397907
39632,6397908
39632,6397911
39633,6397918
39633,6397920
39634,6397922
39634,6397925
39635,6397929
39635,6397932
39636,6397937
39636,6397940
39637,6397945
39637,6397951
39638,6397953
39638,6397956
39639,6397957
39639,6397959
39640,6397961
39640,6397962
39641,6397969
39641,6397971
39642,6397975
39642,6397981
39643,6397987
39643,6397990
39644,6397995
39644,6397999
39645,6397999
39645,6398003
39646,6398007
39646,6398009
39647,6398012
39647,6398015
39648,6398019
39648,6398020
39649,6398023
39649,6398033
39650,6398034
39650,6398036
39651,6398043
39651,6398046
39652,6398047
39652,6398051
39653,6398053
39654,6398056
39654,6398059
39655,6398062
39655,6398066
39656,6398073
39656,6398077
39657,6398079
39657,6398084
39658,6398087
39658,6398088
39659,6398090
39659,6398092
39660,6398094
39660,6398096
39661,6398098
39661,6398101
39662,6398104
39662,6398106
39663,6398109
39664,6398116
39664,6398118
39665,6398122
39665,6398124
39666,6398125
39666,6398129
39667,6398132
39667,6398134
39668,6398141
39668,6398142
39669,6398145
39669,6398147
39670,6398150
39670,6398154
39671,6398156
39671,6398159
39672,6398162
39672,6398165
39673,6398169
39673,6398171
39674,6398173
39674,6398175
39675,6398177
39675,6398179
39676,6398181
39676,6398187
39677,6398190
39677,6398194
39678,6398196
39678,6398200
39679,6398205
39679,6398206
39680,6398208
39680,6398211
39681,6398215
39681,6398220
39682,6398223
39682,6398229
39683,6398229
39683,6398234
39684,6398236
39684,6398238
39685,6398241
39685,6398245
39686,6398250
39686,6398253
39687,6398254
39687,6398257
39688,6398258
39688,6398261
39689,6398263
39689,6398265
39690,6398266
39690,6398269
39691,6398276
39691,6398279
39692,6398285
39692,6398289
39693,6398293
39693,6398302
39694,6398305
39695,6398306
39695,6398307
39696,6398308
39696,6398309
39697,6398312
39697,6398315
39698,6398319
39698,6398321
39699,6398329
39699,6398333
39700,6398335
39700,6398339
39701,6398346
39701,6398349
39702,6398354
39702,6398360
39703,6398362
39703,6398365
39704,6398367
39704,6398369
39705,6398371
39705,6398375
39706,6398377
39706,6398383
39707,6398388
39707,6398390
39708,6398393
39708,6398395
39709,6398397
39709,6398400
39710,6398404
39711,6398412
39711,6398416
39712,6398418
39712,6398420
39713,6398424
39713,6398427
39714,6398428
39714,6398429
39715,6398436
39715,6398438
39716,6398442
39716,6398444
39717,6398444
39717,6398449
39718,6398452
39718,6398455
39719,6398458
39719,6398464
39720,6398471
39720,6398473
39721,6398475
39721,6398477
39722,6398478
39722,6398479
39723,6398485
39723,6398486
39724,6398487
39724,6398490
39725,6398493
39725,6398495
39726,6398498
39726,6398500
39727,6398505
39727,6398508
39728,6398512
39728,6398513
39729,6398519
39729,6398520
39730,6398526
39730,6398531
39731,6398537
39731,6398543
39732,6398545
39732,6398549
39733,6398554
39733,6398555
39734,6398556
39734,6398558
39735,6398559
39736,6398562
39736,6398565
39737,6398567
39737,6398570
39738,6398572
39738,6398574
39739,6398577
39739,6398582
39740,6398586
39740,6398589
39741,6398594
39741,6398598
39742,6398600
39742,6398602
39743,6398605
39743,6398610
39744,6398616
39744,6398619
39745,6398622
39745,6398624
39746,6398628
39746,6398630
39747,6398636
39747,6398639
39748,6398641
39748,6398643
39749,6398645
39749,6398647
39750,6398649
39750,6398658
39751,6398659
39751,6398661
39752,6398662
39753,6398662
39753,6398664
39754,6398666
39754,6398670
39755,6398673
39755,6398675
39756,6398676
39756,6398677
39757,6398682
39757,6398685
39758,6398687
39758,6398692
39759,6398701
39759,6398703
39760,6398707
39760,6398710
39761,6398715
39761,6398717
39762,6398720
39762,6398724
39763,6398729
39763,6398733
39764,6398734
39764,6398737
39765,6398743
39765,6398746
39766,6398747
39766,6398750
39767,6398754
39767,6398757
39768,6398763
39768,6398764
39769,6398764
39769,6398769
39770,6398775
39770,6398777
39771,6398782
39771,6398788
39772,6398790
39772,6398792
39773,6398796
39773,6398798
39774,6398800
39774,6398802
39775,6398803
39775,6398804
39776,6398807
39776,6398811
39777,6398816
39777,6398820
39778,6398825
39778,6398828
39779,6398830
39779,6398836
39780,6398836
39780,6398837
39781,6398839
39781,6398843
39782,6398845
39782,6398850
39783,6398852
39783,6398854
39784,6398859
39784,6398861
39785,6398867
39785,6398872
39786,6398874
39786,6398876
39787,6398880
39788,6398881
39788,6398884
39789,6398886
39789,6398889
39790,6398894
39790,6398897
39791,6398899
39791,6398903
39792,6398906
39792,6398909
39793,6398912
39793,6398917
39794,6398921
39794,6398925
39795,6398931
39795,6398937
39796,6398939
39797,6398943
39797,6398944
39798,6398946
39798,6398948
39799,6398951
39799,6398955
39800,6398959
39800,6398960
39801,6398960
39801,6398967
39802,6398974
39802,6398976
39803,6398979
39803,6398985
39804,6398987
39804,6398990
39805,6398996
39805,6399000
39806,6399002
39806,6399004
39807,6399005
39807,6399011
39808,6399012
39808,6399013
39809,6399017
39809,6399020
39810,6399025
39810,6399030
39811,6399032
39811,6399035
39812,6399039
39812,6399042
39813,6399048
39813,6399049
39814,6399052
39814,6399054
39815,6399056
39815,6399060
39816,6399065
39816,6399067
39817,6399070
39817,6399071
39818,6399075
39819,6399076
39819,6399080
39820,6399083
39820,6399084
39821,6399088
39821,6399094
39822,6399095
39822,6399099
39823,6399105
39823,6399107
39824,6399107
39824,6399112
39825,6399116
39825,6399120
39826,6399122
39827,6399128
39827,6399134
39828,6399139
39828,6399145
39829,6399146
39829,6399149
39830,6399150
39830,6399154
39831,6399158
39831,6399161
39832,6399165
39832,6399168
39833,6399170
39833,6399173
39834,6399177
39834,6399178
39835,6399181
39835,6399186
39836,6399190
39836,6399191
39837,6399196
39837,6399198
39838,6399202
39838,6399208
39839,6399209
39839,6399214
39840,6399221
39840,6399224
39841,6399226
39841,6399227
39842,6399234
39842,6399241
39843,6399243
39843,6399248
39844,6399251
39844,6399253
39845,6399253
39845,6399258
39846,6399262
39846,6399263
39847,6399267
39847,6399271
39848,6399277
39848,6399284
39849,6399289
39849,6399292
39850,6399294
39850,6399297
39851,6399299
39851,6399301
39852,6399302
39852,6399306
39853,6399310
39853,6399312
39854,6399316
39854,6399317
39855,6399324
39855,6399329
39856,6399334
39856,6399335
39857,6399339
39857,6399342
39858,6399346
39858,6399350
39859,6399351
39859,6399355
39860,6399358
39860,6399362
39861,6399366
39861,6399370
39862,6399371
39862,6399376
39863,6399380
39863,6399383
39864,6399386
39864,6399391
39865,6399392
39865,6399393
39866,6399397
39866,6399398
39867,6399400
39867,6399402
39868,6399407
39868,6399408
39869,6399410
39869,6399412
39870,6399414
39870,6399416
39871,6399418
39871,6399426
39872,6399431
39872,6399437
39873,6399439
39873,6399440
39874,6399443
39874,6399448
39875,6399449
39875,6399454
39876,6399455
39876,6399460
39877,6399467
39877,6399469
39878,6399473
39878,6399475
39879,6399481
39879,6399484
39880,6399490
39880,6399500
39881,6399507
39881,6399510
39882,6399512
39882,6399517
39883,6399520
39883,6399523
39884,6399525
39884,6399527
39885,6399530
39885,6399531
39886,6399532
39886,6399536
39887,6399537
39888,6399539
39888,6399541
39889,6399546
39889,6399549
39890,6399550
39890,6399554
39891,6399555
39891,6399558
39892,6399565
39892,6399569
39893,6399570
39893,6399574
39894,6399577
39894,6399582
39895,6399586
39895,6399589
39896,6399594
39896,6399596
39897,6399598
39897,6399602
39898,6399603
39898,6399606
39899,6399609
39899,6399611
39900,6399613
39900,6399617
39901,6399621
39901,6399624
39902,6399630
39902,6399636
39903,6399639
39903,6399645
39904,6399646
39904,6399650
39905,6399652
39905,6399654
39906,6399656
39906,6399660
39907,6399668
39907,6399673
39908,6399676
39908,6399680
39909,6399685
39909,6399686
39910,6399688
39910,6399690
39911,6399694
39911,6399696
39912,6399696
39912,6399697
39913,6399700
39913,6399704
39914,6399712
39914,6399715
39915,6399717
39915,6399719
39916,6399723
39916,6399724
39917,6399725
39917,6399730
39918,6399734
39918,6399738
39919,6399740
39919,6399743
39920,6399747
39920,6399752
39921,6399757
39921,6399764
39922,6399770
39922,6399774
39923,6399777
39923,6399779
39924,6399779
39924,6399781
39925,6399783
39925,6399785
39926,6399786
39926,6399789
39927,6399794
39927,6399795
39928,6399800
39928,6399803
39929,6399809
39929,6399816
39930,6399820
39930,6399822
39931,6399825
39931,6399826
39932,6399829
39932,6399830
39933,6399832
39933,6399835
39934,6399838
39934,6399840
39935,6399843
39935,6399845
39936,6399845
39936,6399852
39937,6399855
39937,6399859
39938,6399862
39938,6399864
39939,6399868
39939,6399873
39940,6399875
39940,6399879
39941,6399882
39941,6399884
39942,6399887
39942,6399890
39943,6399893
39943,6399898
39944,6399898
39944,6399900
39945,6399904
39945,6399907
39946,6399911
39946,6399916
39947,6399919
39947,6399921
39948,6399924
39948,6399928
39949,6399934
39950,6399935
39950,6399938
39951,6399941
39951,6399947
39952,6399949
39952,6399951
39953,6399953
39953,6399957
39954,6399960
39954,6399964
39955,6399964
39955,6399966
39956,6399967
39956,6399970
39957,6399975
39957,6399979
39958,6399983
39958,6399986
39959,6399990
39959,6399996
39960,6400001
39960,6400006
39961,6400011
39961,6400014
39962,6400020
39962,6400022
39963,6400024
39963,6400030
39964,6400037
39964,6400040
39965,6400044
39965,6400048
39966,6400055
39966,6400059
39967,6400066
39967,6400075
39968,6400076
39968,6400081
39969,6400084
39969,6400087
39970,6400091
39970,6400096
39971,6400099
39971,6400100
39972,6400101
39972,6400104
39973,6400108
39973,6400113
39974,6400116
39974,6400117
39975,6400118
39975,6400121
39976,6400126
39976,6400131
39977,6400134
39977,6400136
39978,6400139
39978,6400142
39979,6400146
39979,6400149
39980,6400152
39980,6400154
39981,6400159
39981,6400163
39982,6400165
39982,6400168
39983,6400171
39983,6400177
39984,6400182
39984,6400187
39985,6400190
39986,6400191
39986,6400193
39987,6400198
39987,6400199
39988,6400202
39989,6400206
39989,6400209
39990,6400211
39990,6400213
39991,6400216
39991,6400219
39992,6400226
39992,6400228
39993,6400230
39993,6400232
39994,6400234
39994,6400236
39995,6400239
39995,6400242
39996,6400242
39996,6400247
39997,6400249
39997,6400256
39998,6400260
39998,6400263
39999,6400269
39999,6400273
40000,6400280
40000,6400287
40001,6400292
40001,6400300
40002,6400303
40002,6400309
40003,6400314
40003,6400318
40004,6400319
40004,6400328
40005,6400332
40005,6400334
40006,6400336
40007,6400338
40007,6400342
40008,6400344
40008,6400347
40009,6400351
40009,6400355
40010,6400356
40010,6400359
40011,6400363
40011,6400369
40012,6400372
40012,6400375
40013,6400377
40013,6400380
40014,6400383
40014,6400387
40015,6400389
40015,6400391
40016,6400394
40016,6400395
40017,6400398
40017,6400399
40018,6400402
40018,6400404
40019,6400409
40019,6400411
40020,6400412
40020,6400413
40021,6400419
40021,6400424
40022,6400426
40022,6400430
40023,6400433
40023,6400436
40024,6400439
40024,6400442
40025,6400448
40025,6400455
40026,6400460
40026,6400462
40027,6400466
40027,6400469
40028,6400473
40028,6400476
40029,6400479
40029,6400483
40030,6400485
40030,6400490
40031,6400490
40031,6400492
40032,6400494
40032,6400497
40033,6400499
40033,6400503
40034,6400506
40034,6400509
40035,6400511
40035,6400512
40036,6400517
40036,6400521
40037,6400525
40037,6400526
40038,6400532
40038,6400536
40039,6400539
40039,6400544
40040,6400549
40041,6400553
40041,6400558
40042,6400558
40043,6400562
40043,6400565
40044,6400569
40044,6400575
40045,6400577
40045,6400579
40046,6400582
40046,6400587
40047,6400591
40047,6400594
40048,6400597
40048,6400599
40049,6400605
40049,6400606
40050,6400611
40050,6400613
40051,6400619
40051,6400621
40052,6400626
40052,6400629
40053,6400630
40053,6400631
40054,6400634
40054,6400640
40055,6400644
40055,6400645
40056,6400647
40056,6400650
40057,6400655
40057,6400658
40058,6400664
40058,6400668
40059,6400674
40059,6400679
40060,6400681
40060,6400686
40061,6400690
40061,6400693
40062,6400697
40062,6400699
40063,6400704
40063,6400708
40064,6400709
40064,6400712
40065,6400712
40065,6400715
40066,6400717
40066,6400720
40067,6400722
40067,6400724
40068,6400724
40068,6400725
40069,6400728
40069,6400731
40070,6400737
40070,6400742
40071,6400745
40071,6400747
40072,6400751
40072,6400754
40073,6400757
40073,6400759
40074,6400760
40074,6400762
40075,6400766
40075,6400769
40076,6400773
40076,6400775
40077,6400777
40077,6400782
40078,6400787
40078,6400788
40079,6400792
40079,6400796
40080,6400806
40080,6400807
40081,6400811
40081,6400816
40082,6400823
40082,6400829
40083,6400836
40083,6400838
40084,6400842
40084,6400844
40085,6400846
40085,6400849
40086,6400853
40086,6400858
40087,6400860
40087,6400862
40088,6400866
40088,6400869
40089,6400871
40090,6400875
40090,6400881
40091,6400882
40091,6400885
40092,6400887
40092,6400889
40093,6400891
40094,6400899
40094,6400903
40095,6400905
40095,6400907
40096,6400911
40096,6400915
40097,6400921
40097,6400924
40098,6400926
40098,6400932
40099,6400936
40099,6400937
40100,6400938
40100,6400939
40101,6400942
40101,6400946
40102,6400950
40102,6400957
40103,6400962
40103,6400969
40104,6400974
40104,6400975
40105,6400981
40105,6400985
40106,6400990
40106,6400995
40107,6400997
40107,6400999
40108,6401005
40108,6401007
40109,6401007
40109,6401011
40110,6401012
40110,6401014
40111,6401014
40111,6401015
40112,6401019
40112,6401021
40113,6401022
40113,6401029
40114,6401033
40114,6401040
40115,6401042
40115,6401047
40116,6401048
40116,6401051
40117,6401055
40117,6401060
40118,6401062
40118,6401065
40119,6401073
40119,6401076
40120,6401080
40120,6401083
40121,6401088
40121,6401094
40122,6401096
40122,6401103
40123,6401107
40123,6401108
40124,6401112
40124,6401115
40125,6401119
40125,6401121
40126,6401124
40126,6401130
40127,6401138
40127,6401143
40128,6401145
40128,6401151
40129,6401158
40129,6401159
40130,6401162
40130,6401167
40131,6401172
40131,6401175
40132,6401177
40132,6401180
40133,6401187
40133,6401192
40134,6401193
40134,6401197
40135,6401200
40135,6401202
40136,6401205
40137,6401208
40137,6401213
40138,6401217
40138,6401218
40139,6401220
40139,6401222
40140,6401224
40140,6401226
40141,6401232
40141,6401234
40142,6401238
40142,6401239
40143,6401241
40143,6401243
40144,6401252
40144,6401255
40145,6401260
40145,6401264
40146,6401267
40146,6401269
40147,6401272
40148,6401277
40148,6401279
40149,6401279
40149,6401285
40150,6401287
40150,6401293
40151,6401296
40151,6401299
40152,6401303
40152,6401306
40153,6401310
40153,6401314
40154,6401322
40154,6401325
40155,6401328
40155,6401329
40156,6401332
40156,6401338
40157,6401340
40157,6401341
40158,6401347
40158,6401351
40159,6401353
40159,6401355
40160,6401358
40160,6401363
40161,6401369
40161,6401371
40162,6401373
40162,6401377
40163,6401381
40163,6401385
40164,6401390
40164,6401393
40165,6401396
40165,6401401
40166,6401406
40166,6401409
40167,6401413
40167,6401420
40168,6401423
40168,6401428
40169,6401429
40170,6401431
40170,6401434
40171,6401437
40171,6401441
40172,6401447
40172,6401452
40173,6401457
40173,6401462
40174,6401465
40174,6401468
40175,6401470
40175,6401477
40176,6401480
40176,6401482
40177,6401483
40177,6401485
40178,6401489
40178,6401492
40179,6401497
40179,6401501
40180,6401502
40180,6401504
40181,6401505
40181,6401508
40182,6401511
40182,6401512
40183,6401519
40183,6401525
40184,6401527
40184,6401532
40185,6401535
40185,6401538
40186,6401542
40186,6401545
40187,6401547
40187,6401552
40188,6401556
40188,6401561
40189,6401564
40189,6401565
40190,6401570
40190,6401575
40191,6401578
40191,6401580
40192,6401584
40192,6401590
40193,6401594
40193,6401595
40194,6401597
40194,6401599
40195,6401600
40195,6401602
40196,6401604
40196,6401606
40197,6401609
40197,6401614
40198,6401616
40198,6401619
40199,6401626
40199,6401631
40200,6401636
40200,6401643
40201,6401648
40201,6401650
40202,6401654
40202,6401659
40203,6401665
40203,6401670
40204,6401674
40204,6401678
40205,6401680
40205,6401682
40206,6401691
40206,6401696
40207,6401699
40207,6401702
40208,6401703
40208,6401705
40209,6401711
40209,6401714
40210,6401715
40211,6401717
40211,6401720
40212,6401722
40212,6401726
40213,6401729
40213,6401731
40214,6401734
40214,6401739
40215,6401744
40215,6401748
40216,6401750
40216,6401751
40217,6401754
40217,6401758
40218,6401761
40218,6401766
40219,6401769
40219,6401772
40220,6401774
40220,6401776
40221,6401782
40221,6401788
40222,6401790
40222,6401792
40223,6401796
40223,6401802
40224,6401810
40224,6401812
40225,6401813
40225,6401817
40226,6401821
40226,6401823
40227,6401828
40227,6401834
40228,6401836
40228,6401838
40229,6401840
40229,6401846
40230,6401847
40230,6401853
40231,6401859
40231,6401864
40232,6401871
40232,6401875
40233,6401881
40233,6401885
40234,6401892
40234,6401896
40235,6401901
40235,6401902
40236,6401903
40236,6401906
40237,6401910
40237,6401913
40238,6401918
40238,6401921
40239,6401925
40239,6401931
40240,6401935
40240,6401940
40241,6401944
40241,6401946
40242,6401950
40242,6401955
40243,6401958
40243,6401964
40244,6401970
40244,6401974
40245,6401977
40245,6401980
40246,6401982
40246,6401986
40247,6401991
40247,6401996
40248,6402001
40248,6402003
40249,6402009
40249,6402011
40250,6402015
40250,6402019
40251,6402024
40251,6402025
40252,6402027
40252,6402029
40253,6402031
40253,6402037
40254,6402040
40254,6402045
40255,6402049
40255,6402056
40256,6402060
40256,6402064
40257,6402071
40257,6402073
40258,6402074
40258,6402076
40259,6402077
40259,6402084
40260,6402086
40260,6402090
40261,6402094
40261,6402096
40262,6402100
40262,6402106
40263,6402109
40263,6402111
40264,6402114
40264,6402120
40265,6402127
40265,6402133
40266,6402137
40266,6402140
40267,6402145
40267,6402148
40268,6402151
40268,6402153
40269,6402154
40269,6402159
40270,6402163
40270,6402167
40271,6402170
40271,6402178
40272,6402182
40272,6402184
40273,6402186
40273,6402188
40274,6402194
40274,6402196
40275,6402203
40275,6402207
40276,6402212
40276,6402215
40277,6402219
40277,6402224
40278,6402229
40278,6402232
40279,6402242
40279,6402246
40280,6402251
40280,6402255
40281,6402261
40281,6402264
40282,6402269
40282,6402273
40283,6402278
40283,6402282
40284,6402285
40284,6402287
40285,6402290
40285,6402295
40286,6402304
40286,6402308
40287,6402313
40287,6402316
40288,6402320
40288,6402324
40289,6402332
40289,6402335
40290,6402342
40290,6402346
40291,6402353
40291,6402355
40292,6402359
40292,6402360
40293,6402363
40293,6402365
40294,6402369
40294,6402372
40295,6402377
40295,6402383
40296,6402389
40296,6402392
40297,6402398
40297,6402402
40298,6402410
40298,6402415
40299,6402419
40299,6402423
40300,6402427
40300,6402435
40301,6402440
40301,6402442
40302,6402446
40302,6402449
40303,6402453
40303,6402457
40304,6402463
40304,6402468
40305,6402476
40305,6402481
40306,6402487
40306,6402491
40307,6402493
40307,6402504
40308,6402509
40308,6402513
40309,6402521
40309,6402525
40310,6402527
40310,6402533
40311,6402540
40311,6402544
40312,6402551
40312,6402557
40313,6402562
40313,6402566
40314,6402573
40314,6402575
40315,6402578
40315,6402582
40316,6402589
40316,6402592
40317,6402595
40317,6402599
40318,6402605
40318,6402611
40319,6402617
40319,6402621
40320,6402626
40320,6402631
40321,6402636
40321,6402646
40322,6402650
40322,6402653
40323,6402660
40323,6402661
40324,6402666
40324,6402669
40325,6402670
40325,6402673
40326,6402677
40326,6402681
40327,6402688
40327,6402694
40328,6402697
40328,6402701
40329,6402701
40329,6402705
40330,6402707
40330,6402709
40331,6402716
40331,6402723
40332,6402727
40332,6402732
40333,6402737
40333,6402744
40334,6402749
40334,6402751
40335,6402753
40335,6402758
40336,6402763
40336,6402768
40337,6402769
40337,6402780
40338,6402785
40338,6402788
40339,6402791
40339,6402793
40340,6402794
40340,6402800
40341,6402803
40341,6402806
40342,6402811
40342,6402813
40343,6402820
40343,6402827
40344,6402828
40344,6402832
40345,6402840
40345,6402843
40346,6402849
40346,6402853
40347,6402860
40347,6402861
40348,6402862
40348,6402864
40349,6402870
40349,6402871
40350,6402877
40350,6402880
40351,6402883
40351,6402889
40352,6402894
40352,6402899
40353,6402900
40353,6402906
40354,6402914
40354,6402923
40355,6402927
40355,6402928
40356,6402932
40356,6402938
40357,6402942
40357,6402953
40358,6402957
40358,6402960
40359,6402968
40360,6402973
40360,6402976
40361,6402977
40361,6402979
40362,6402986
40362,6402992
40363,6402993
40363,6402994
40364,6402998
40364,6403003
40365,6403007
40365,6403012
40366,6403018
40366,6403024
40367,6403030
40367,6403034
40368,6403040
40368,6403043
40369,6403048
40369,6403054
40370,6403059
40370,6403064
40371,6403069
40371,6403071
40372,6403075
40372,6403087
40373,6403089
40373,6403101
40374,6403107
40375,6403115
40375,6403117
40376,6403119
40376,6403120
40377,6403122
40377,6403127
40378,6403132
40378,6403142
40379,6403152
40379,6403159
40380,6403165
40380,6403169
40381,6403177
40381,6403180
40382,6403186
40382,6403188
40383,6403197
40383,6403202
40384,6403206
40384,6403210
40385,6403212
40385,6403216
40386,6403221
40386,6403227
40387,6403232
40387,6403237
40388,6403243
40388,6403248
40389,6403253
40389,6403255
40390,6403260
40390,6403266
40391,6403272
40391,6403275
40392,6403279
40392,6403282
40393,6403284
40393,6403288
40394,6403289
40394,6403293
40395,6403296
40395,6403301
40396,6403308
40396,6403312
40397,6403318
40397,6403320
40398,6403328
40398,6403335
40399,6403341
40399,6403347
40400,6403354
40400,6403356
40401,6403359
40401,6403362
40402,6403369
40402,6403373
40403,6403376
40403,6403380
40404,6403388
40404,6403392
40405,6403400
40405,6403407
40406,6403411
40406,6403416
40407,6403418
40407,6403424
40408,6403428
40408,6403432
40409,6403434
40409,6403437
40410,6403439
40410,6403446
40411,6403451
40411,6403456
40412,6403461
40412,6403465
40413,6403471
40413,6403475
40414,6403482
40414,6403489
40415,6403492
40415,6403499
40416,6403502
40416,6403505
40417,6403512
40417,6403521
40418,6403524
40418,6403528
40419,6403534
40419,6403537
40420,6403543
40420,6403550
40421,6403551
40421,6403554
40422,6403558
40422,6403569
40423,6403575
40423,6403580
40424,6403587
40424,6403591
40425,6403595
40425,6403601
40426,6403604
40426,6403609
40427,6403612
40427,6403620
40428,6403624
40428,6403628
40429,6403633
40429,6403635
40430,6403646
40430,6403649
40431,6403654
40431,6403659
40432,6403666
40432,6403669
40433,6403675
40433,6403679
40434,6403682
40434,6403686
40435,6403692
40435,6403696
40436,6403701
40436,6403705
40437,6403711
40437,6403719
40438,6403722
40438,6403728
40439,6403732
40440,6403736
40440,6403741
40441,6403744
40441,6403750
40442,6403759
40442,6403768
40443,6403771
40443,6403778
40444,6403785
40444,6403792
40445,6403801
40445,6403806
40446,6403813
40446,6403818
40447,6403824
40447,6403828
40448,6403829
40448,6403833
40449,6403839
40449,6403842
40450,6403847
40450,6403851
40451,6403860
40451,6403863
40452,6403869
40452,6403874
40453,6403881
40453,6403886
40454,6403890
40454,6403897
40455,6403899
40455,6403905
40456,6403910
40456,6403913
40457,6403916
40457,6403922
40458,6403928
40458,6403932
40459,6403935
40459,6403941
40460,6403944
40460,6403949
40461,6403954
40461,6403958
40462,6403961
40462,6403967
40463,6403970
40463,6403974
40464,6403981
40464,6403989
40465,6403992
40465,6403997
40466,6404001
40466,6404006
40467,6404010
40467,6404015
40468,6404019
40468,6404023
40469,6404029
40469,6404032
40470,6404039
40470,6404045
40471,6404052
40471,6404056
40472,6404060
40472,6404065
40473,6404065
40473,6404074
40474,6404081
40474,6404084
40475,6404088
40475,6404095
40476,6404100
40476,6404108
40477,6404114
40477,6404118
40478,6404120
40478,6404124
40479,6404129
40479,6404133
40480,6404138
40480,6404145
40481,6404152
40481,6404158
40482,6404165
40482,6404170
40483,6404175
40483,6404177
40484,6404185
40484,6404190
40485,6404195
40485,6404202
40486,6404202
40486,6404207
40487,6404215
40487,6404221
40488,6404228
40488,6404231
40489,6404240
40489,6404244
40490,6404248
40490,6404250
40491,6404252
40491,6404258
40492,6404260
40492,6404265
40493,6404272
40493,6404280
40494,6404283
40494,6404294
40495,6404298
40495,6404302
40496,6404304
40496,6404312
40497,6404318
40497,6404321
40498,6404322
40498,6404325
40499,6404330
40499,6404336
40500,6404343
40500,6404351
40501,6404359
40501,6404364
40502,6404372
40502,6404376
40503,6404378
40503,6404386
40504,6404387
40504,6404393
40505,6404397
40505,6404406
40506,6404415
40506,6404421
40507,6404424
40507,6404429
40508,6404432
40508,6404437
40509,6404441
40509,6404445
40510,6404451
40510,6404454
40511,6404459
40511,6404467
40512,6404471
40512,6404477
40513,6404483
40513,6404488
40514,6404491
40514,6404494
40515,6404498
40515,6404500
40516,6404509
40516,6404513
40517,6404520
40517,6404524
40518,6404534
40518,6404538
40519,6404543
40519,6404550
40520,6404559
40520,6404565
40521,6404566
40521,6404572
40522,6404576
40522,6404583
40523,6404586
40523,6404587
40524,6404594
40524,6404600
40525,6404604
40525,6404611
40526,6404616
40526,6404623
40527,6404631
40527,6404637
40528,6404640
40528,6404647
40529,6404651
40529,6404654
40530,6404657
40530,6404661
40531,6404668
40531,6404674
40532,6404686
40532,6404695
40533,6404699
40533,6404700
40534,6404705
40534,6404709
40535,6404715
40535,6404722
40536,6404726
40536,6404733
40537,6404738
40537,6404743
40538,6404745
40538,6404754
40539,6404759
40539,6404762
40540,6404768
40540,6404774
40541,6404777
40541,6404778
40542,6404782
40542,6404789
40543,6404799
40543,6404800
40544,6404806
40544,6404813
40545,6404819
40545,6404823
40546,6404832
40546,6404834
40547,6404841
40547,6404846
40548,6404854
40548,6404864
40549,6404866
40549,6404872
40550,6404876
40550,6404882
40551,6404887
40551,6404890
40552,6404898
40552,6404906
40553,6404907
40553,6404911
40554,6404914
40554,6404917
40555,6404924
40555,6404929
40556,6404933
40556,6404938
40557,6404944
40557,6404947
40558,6404950
40558,6404957
40559,6404961
40559,6404962
40560,6404965
40560,6404968
40561,6404970
40561,6404974
40562,6404985
40562,6404993
40563,6405002
40563,6405006
40564,6405013
40564,6405020
40565,6405023
40565,6405026
40566,6405029
40566,6405035
40567,6405041
40567,6405046
40568,6405049
40568,6405053
40569,6405060
40569,6405069
40570,6405074
40570,6405075
40571,6405082
40571,6405087
40572,6405091
40572,6405095
40573,6405101
40573,6405109
40574,6405113
40574,6405115
40575,6405120
40575,6405123
40576,6405130
40576,6405132
40577,6405140
40577,6405143
40578,6405145
40578,6405148
40579,6405151
40579,6405154
40580,6405163
40580,6405168
40581,6405179
40581,6405183
40582,6405186
40582,6405188
40583,6405192
40583,6405196
40584,6405203
40584,6405209
40585,6405213
40585,6405215
40586,6405221
40586,6405226
40587,6405235
40587,6405239
40588,6405240
40588,6405248
40589,6405250
40589,6405256
40590,6405260
40590,6405264
40591,6405268
40591,6405275
40592,6405282
40592,6405292
40593,6405298
40593,6405302
40594,6405311
40594,6405314
40595,6405323
40595,6405329
40596,6405334
40596,6405341
40597,6405349
40597,6405355
40598,6405357
40598,6405360
40599,6405364
40599,6405369
40600,6405373
40600,6405383
40601,6405389
40601,6405392
40602,6405396
40602,6405400
40603,6405401
40603,6405405
40604,6405409
40604,6405414
40605,6405418
40605,6405423
40606,6405431
40606,6405434
40607,6405440
40607,6405444
40608,6405451
40608,6405455
40609,6405460
40609,6405466
40610,6405470
40610,6405478
40611,6405483
40611,6405492
40612,6405497
40612,6405502
40613,6405511
40613,6405516
40614,6405518
40614,6405523
40615,6405526
40615,6405535
40616,6405541
40616,6405546
40617,6405549
40617,6405557
40618,6405562
40618,6405566
40619,6405571
40619,6405576
40620,6405579
40620,6405586
40621,6405588
40621,6405593
40622,6405601
40622,6405604
40623,6405608
40623,6405617
40624,6405622
40624,6405624
40625,6405626
40625,6405632
40626,6405640
40626,6405643
40627,6405655
40627,6405659
40628,6405663
40628,6405671
40629,6405673
40629,6405682
40630,6405689
40630,6405690
40631,6405696
40631,6405700
40632,6405701
40632,6405708
40633,6405714
40633,6405716
40634,6405723
40634,6405730
40635,6405740
40635,6405743
40636,6405748
40636,6405756
40637,6405760
40637,6405762
40638,6405770
40638,6405779
40639,6405785
40639,6405798
40640,6405802
40640,6405814
40641,6405819
40641,6405824
40642,6405833
40642,6405835
40643,6405840
40643,6405846
40644,6405850
40644,6405861
40645,6405864
40645,6405870
40646,6405874
40646,6405879
40647,6405887
40647,6405892
40648,6405899
40648,6405908
40649,6405911
40649,6405918
40650,6405923
40650,6405929
40651,6405937
40651,6405940
40652,6405944
40652,6405949
40653,6405955
40653,6405958
40654,6405961
40654,6405968
40655,6405974
40655,6405978
40656,6405982
40656,6405991
40657,6405992
40657,6405997
40658,6406003
40658,6406007
40659,6406013
40659,6406018
40660,6406025
40660,6406034
40661,6406039
40661,6406043
40662,6406049
40662,6406058
40663,6406066
40663,6406073
40664,6406079
40664,6406089
40665,6406094
40665,6406099
40666,6406105
40666,6406108
40667,6406111
40667,6406115
40668,6406120
40668,6406128
40669,6406133
40669,6406134
40670,6406137
40670,6406145
40671,6406147
40671,6406150
40672,6406155
40672,6406157
40673,6406163
40673,6406170
40674,6406178
40674,6406189
40675,6406196
40675,6406198
40676,6406205
40676,6406208
40677,6406214
40677,6406223
40678,6406228
40678,6406231
40679,6406234
40679,6406238
40680,6406246
40680,6406252
40681,6406257
40681,6406264
40682,6406268
40682,6406274
40683,6406277
40683,6406281
40684,6406288
40684,6406295
40685,6406299
40685,6406307
40686,6406313
40686,6406316
40687,6406321
40687,6406325
40688,6406333
40688,6406338
40689,6406344
40689,6406350
40690,6406357
40690,6406363
40691,6406368
40691,6406369
40692,6406373
40692,6406377
40693,6406386
40693,6406390
40694,6406397
40694,6406404
40695,6406406
40695,6406410
40696,6406416
40696,6406426
40697,6406428
40697,6406434
40698,6406439
40698,6406446
40699,6406449
40699,6406454
40700,6406459
40700,6406466
40701,6406474
40701,6406479
40702,6406483
40702,6406489
40703,6406496
40703,6406503
40704,6406505
40704,6406513
40705,6406516
40705,6406520
40706,6406522
40706,6406531
40707,6406533
40707,6406542
40708,6406543
40708,6406549
40709,6406553
40709,6406559
40710,6406563
40710,6406572
40711,6406584
40711,6406587
40712,6406590
40712,6406595
40713,6406608
40713,6406613
40714,6406617
40714,6406626
40715,6406630
40715,6406636
40716,6406641
40716,6406646
40717,6406652
40717,6406656
40718,6406664
40718,6406669
40719,6406673
40719,6406677
40720,6406688
40720,6406691
40721,6406694
40721,6406701
40722,6406702
40722,6406705
40723,6406717
40723,6406727
40724,6406731
40724,6406737
40725,6406742
40725,6406750
40726,6406751
40726,6406752
40727,6406758
40727,6406763
40728,6406765
40728,6406767
40729,6406778
40730,6406786
40730,6406792
40731,6406796
40731,6406808
40732,6406812
40732,6406817
40733,6406824
40733,6406829
40734,6406837
40734,6406841
40735,6406845
40735,6406853
40736,6406858
40736,6406861
40737,6406869
40737,6406872
40738,6406878
40738,6406883
40739,6406887
40739,6406892
40740,6406900
40740,6406909
40741,6406919
40741,6406921
40742,6406925
40742,6406932
40743,6406935
40743,6406942
40744,6406948
40744,6406960
40745,6406963
40745,6406966
40746,6406971
40746,6406976
40747,6406986
40748,6406989
40748,6406994
40749,6406999
40749,6407003
40750,6407008
40750,6407016
40751,6407019
40751,6407022
40752,6407027
40752,6407035
40753,6407043
40753,6407045
40754,6407048
40754,6407055
40755,6407056
40755,6407059
40756,6407067
40756,6407071
40757,6407078
40757,6407084
40758,6407086
40758,6407090
40759,6407102
40759,6407111
40760,6407116
40760,6407121
40761,6407123
40761,6407131
40762,6407132
40762,6407139
40763,6407148
40763,6407152
40764,6407155
40764,6407161
40765,6407166
40765,6407169
40766,6407173
40766,6407185
40767,6407188
40767,6407194
40768,6407198
40768,6407202
40769,6407212
40769,6407223
40770,6407229
40770,6407235
40771,6407240
40771,6407247
40772,6407250
40772,6407256
40773,6407262
40773,6407269
40774,6407276
40774,6407281
40775,6407286
40775,6407292
40776,6407297
40776,6407300
40777,6407305
40777,6407310
40778,6407314
40778,6407318
40779,6407325
40779,6407330
40780,6407341
40780,6407345
40781,6407346
40781,6407351
40782,6407356
40782,6407359
40783,6407366
40783,6407373
40784,6407376
40784,6407377
40785,6407379
40785,6407386
40786,6407392
40786,6407395
40787,6407401
40787,6407404
40788,6407409
40788,6407411
40789,6407413
40789,6407418
40790,6407423
40790,6407428
40791,6407435
40791,6407438
40792,6407441
40792,6407448
40793,6407452
40793,6407454
40794,6407461
40794,6407465
40795,6407465
40795,6407471
40796,6407473
40796,6407475
40797,6407478
40797,6407484
40798,6407490
40798,6407495
40799,6407498
40799,6407502
40800,6407508
40800,6407514
40801,6407516
40801,6407522
40802,6407529
40802,6407530
40803,6407532
40803,6407536
40804,6407542
40804,6407544
40805,6407549
40805,6407558
40806,6407567
40806,6407571
40807,6407577
40807,6407578
40808,6407584
40808,6407589
40809,6407595
40809,6407598
40810,6407605
40810,6407607
40811,6407611
40811,6407619
40812,6407622
40812,6407627
40813,6407634
40813,6407639
40814,6407644
40814,6407650
40815,6407654
40815,6407657
40816,6407663
40816,6407669
40817,6407673
40817,6407675
40818,6407682
40818,6407685
40819,6407687
40819,6407691
40820,6407695
40820,6407698
40821,6407704
40821,6407709
40822,6407713
40822,6407717
40823,6407724
40823,6407728
40824,6407730
40824,6407740
40825,6407750
40825,6407755
40826,6407761
40826,6407766
40827,6407772
40827,6407777
40828,6407778
40828,6407784
40829,6407789
40829,6407790
40830,6407794
40830,6407796
40831,6407801
40831,6407807
40832,6407809
40832,6407811
40833,6407815
40833,6407820
40834,6407827
40834,6407832
40835,6407836
40835,6407839
40836,6407845
40836,6407851
40837,6407853
40837,6407857
40838,6407861
40838,6407866
40839,6407869
40839,6407871
40840,6407873
40840,6407880
40841,6407883
40841,6407885
40842,6407888
40842,6407894
40843,6407898
40843,6407903
40844,6407906
40844,6407913
40845,6407914
40845,6407918
40846,6407923
40846,6407930
40847,6407933
40847,6407935
40848,6407943
40848,6407947
40849,6407954
40850,6407959
40850,6407963
40851,6407965
40851,6407966
40852,6407971
40852,6407975
40853,6407978
40853,6407982
40854,6407991
40854,6407996
40855,6408002
40855,6408003
40856,6408007
40856,6408011
40857,6408013
40857,6408016
40858,6408024
40858,6408029
40859,6408032
40859,6408042
40860,6408047
40860,6408053
40861,6408057
40861,6408063
40862,6408065
40862,6408066
40863,6408069
40863,6408073
40864,6408078
40864,6408084
40865,6408089
40865,6408095
40866,6408100
40866,6408107
40867,6408110
40867,6408114
40868,6408118
40868,6408120
40869,6408125
40869,6408130
40870,6408135
40870,6408140
40871,6408143
40871,6408145
40872,6408152
40872,6408158
40873,6408163
40873,6408170
40874,6408178
40874,6408185
40875,6408195
40875,6408200
40876,6408201
40876,6408204
40877,6408211
40877,6408215
40878,6408219
40878,6408221
40879,6408227
40879,6408233
40880,6408239
40880,6408244
40881,6408248
40881,6408255
40882,6408260
40882,6408267
40883,6408273
40883,6408281
40884,6408284
40884,6408291
40885,6408293
40885,6408297
40886,6408302
40886,6408307
40887,6408311
40887,6408316
40888,6408321
40888,6408324
40889,6408328
40889,6408335
40890,6408341
40890,6408345
40891,6408349
40891,6408354
40892,6408355
40892,6408358
40893,6408364
40893,6408366
40894,6408370
40894,6408378
40895,6408383
40895,6408391
40896,6408395
40896,6408402
40897,6408408
40897,6408413
40898,6408416
40898,6408422
40899,6408429
40899,6408431
40900,6408436
40900,6408441
40901,6408445
40901,6408448
40902,6408455
40902,6408459
40903,6408464
40903,6408470
40904,6408471
40904,6408474
40905,6408478
40905,6408480
40906,6408484
40906,6408489
40907,6408493
40907,6408499
40908,6408507
40908,6408512
40909,6408517
40909,6408521
40910,6408525
40910,6408528
40911,6408531
40911,6408541
40912,6408545
40912,6408546
40913,6408550
40913,6408553
40914,6408556
40914,6408562
40915,6408565
40915,6408568
40916,6408572
40916,6408576
40917,6408581
40917,6408584
40918,6408591
40918,6408599
40919,6408603
40919,6408608
40920,6408613
40920,6408619
40921,6408622
40921,6408625
40922,6408630
40922,6408632
40923,6408642
40923,6408647
40924,6408649
40924,6408650
40925,6408655
40925,6408663
40926,6408666
40926,6408669
40927,6408671
40927,6408674
40928,6408682
40928,6408687
40929,6408687
40929,6408690
40930,6408694
40930,6408696
40931,6408701
40931,6408704
40932,6408709
40932,6408712
40933,6408717
40933,6408724
40934,6408728
40934,6408734
40935,6408737
40935,6408744
40936,6408747
40936,6408749
40937,6408755
40937,6408757
40938,6408763
40938,6408767
40939,6408771
40939,6408775
40940,6408779
40940,6408783
40941,6408788
40941,6408796
40942,6408799
40942,6408801
40943,6408810
40943,6408814
40944,6408815
40944,6408820
40945,6408828
40945,6408833
40946,6408838
40946,6408845
40947,6408851
40947,6408858
40948,6408861
40948,6408864
40949,6408867
40949,6408871
40950,6408874
40950,6408876
40951,6408878
40951,6408882
40952,6408885
40952,6408897
40953,6408901
40953,6408906
40954,6408911
40954,6408915
40955,6408921
40955,6408927
40956,6408928
40956,6408931
40957,6408934
40957,6408939
40958,6408943
40958,6408945
40959,6408952
40959,6408955
40960,6408961
40960,6408964
40961,6408969
40961,6408976
40962,6408985
40962,6408989
40963,6408992
40963,6408996
40964,6409002
40964,6409007
40965,6409012
40965,6409016
40966,6409017
40966,6409025
40967,6409026
40967,6409033
40968,6409042
40968,6409046
40969,6409047
40969,6409048
40970,6409052
40970,6409055
40971,6409058
40971,6409061
40972,6409065
40972,6409071
40973,6409073
40973,6409077
40974,6409082
40974,6409085
40975,6409086
40975,6409089
40976,6409096
40976,6409100
40977,6409104
40977,6409109
40978,6409115
40978,6409119
40979,6409125
40979,6409129
40980,6409134
40980,6409138
40981,6409144
40981,6409147
40982,6409152
40982,6409156
40983,6409161
40983,6409165
40984,6409170
40984,6409176
40985,6409176
40985,6409178
40986,6409179
40986,6409182
40987,6409188
40987,6409193
40988,6409196
40988,6409199
40989,6409203
40989,6409206
40990,6409212
40990,6409215
40991,6409217
40991,6409224
40992,6409228
40993,6409234
40993,6409239
40994,6409240
40994,6409242
40995,6409248
40995,6409253
40996,6409262
40996,6409268
40997,6409271
40997,6409273
40998,6409279
40998,6409280
40999,6409281
40999,6409284
41000,6409285
41000,6409292
41001,6409294
41001,6409302
41002,6409307
41002,6409310
41003,6409314
41003,6409318
41004,6409319
41004,6409320
41005,6409324
41005,6409328
41006,6409332
41006,6409337
41007,6409341
41007,6409343
41008,6409347
41008,6409350
41009,6409357
41009,6409361
41010,6409366
41010,6409371
41011,6409376
41011,6409381
41012,6409383
41012,6409387
41013,6409392
41013,6409396
41014,6409399
41014,6409405
41015,6409406
41015,6409408
41016,6409416
41016,6409419
41017,6409422
41017,6409427
41018,6409428
41018,6409433
41019,6409440
41019,6409443
41020,6409448
41020,6409450
41021,6409452
41021,6409461
41022,6409466
41022,6409473
41023,6409476
41023,6409481
41024,6409486
41024,6409489
41025,6409494
41025,6409498
41026,6409500
41027,6409501
41027,6409509
41028,6409511
41028,6409515
41029,6409521
41029,6409523
41030,6409526
41030,6409534
41031,6409540
41031,6409541
41032,6409547
41032,6409550
41033,6409557
41034,6409561
41034,6409568
41035,6409572
41035,6409575
41036,6409579
41036,6409580
41037,6409584
41037,6409586
41038,6409587
41038,6409591
41039,6409593
41039,6409600
41040,6409607
41040,6409609
41041,6409612
41041,6409615
41042,6409618
41042,6409624
41043,6409627
41043,6409628
41044,6409633
41044,6409635
41045,6409640
41045,6409647
41046,6409651
41046,6409653
41047,6409657
41047,6409658
41048,6409664
41048,6409668
41049,6409679
41049,6409680
41050,6409683
41050,6409687
41051,6409689
41051,6409693
41052,6409697
41052,6409701
41053,6409702
41053,6409704
41054,6409707
41054,6409713
41055,6409714
41055,6409719
41056,6409722
41056,6409723
41057,6409728
41057,6409729
41058,6409731
41058,6409736
41059,6409740
41059,6409742
41060,6409747
41060,6409750
41061,6409757
41061,6409765
41062,6409768
41062,6409773
41063,6409776
41063,6409780
41064,6409782
41064,6409786
41065,6409789
41065,6409790
41066,6409795
41066,6409798
41067,6409806
41067,6409810
41068,6409810
41068,6409811
41069,6409811
41070,6409815
41070,6409817
41071,6409822
41071,6409826
41072,6409828
41072,6409832
41073,6409833
41073,6409837
41074,6409843
41074,6409849
41075,6409852
41075,6409855
41076,6409861
41076,6409865
41077,6409871
41077,6409874
41078,6409879
41078,6409882
41079,6409884
41079,6409888
41080,6409895
41080,6409897
41081,6409903
41081,6409910
41082,6409911
41082,6409917
41083,6409922
41083,6409926
41084,6409929
41084,6409931
41085,6409932
41085,6409934
41086,6409937
41086,6409941
41087,6409944
41087,6409951
41088,6409956
41088,6409961
41089,6409961
41089,6409965
41090,6409966
41090,6409968
41091,6409973
41091,6409977
41092,6409980
41092,6409981
41093,6409986
41093,6409989
41094,6409992
41094,6409995
41095,6409998
41095,6410002
41096,6410007
41096,6410009
41097,6410012
41097,6410017
41098,6410018
41098,6410020
41099,6410025
41099,6410026
41100,6410031
41100,6410037
41101,6410039
41101,6410043
41102,6410044
41102,6410047
41103,6410050
41103,6410053
41104,6410058
41104,6410064
41105,6410068
41105,6410071
41106,6410073
41106,6410077
41107,6410079
41107,6410083
41108,6410084
41108,6410093
41109,6410095
41109,6410097
41110,6410101
41110,6410103
41111,6410107
41111,6410109
41112,6410114
41112,6410116
41113,6410122
41113,6410125
41114,6410128
41114,6410129
41115,6410135
41115,6410138
41116,6410141
41116,6410144
41117,6410145
41117,6410146
41118,6410149
41118,6410151
41119,6410154
41119,6410160
41120,6410165
41120,6410167
41121,6410172
41121,6410177
41122,6410182
41122,6410184
41123,6410190
41123,6410192
41124,6410195
41124,6410197
41125,6410202
41125,6410204
41126,6410207
41126,6410209
41127,6410212
41127,6410216
41128,6410218
41128,6410223
41129,6410226
41129,6410229
41130,6410232
41130,6410235
41131,6410237
41131,6410242
41132,6410242
41132,6410247
41133,6410250
41133,6410253
41134,6410257
41134,6410259
41135,6410262
41135,6410265
41136,6410273
41136,6410275
41137,6410278
41137,6410283
41138,6410286
41138,6410289
41139,6410294
41139,6410301
41140,6410302
41140,6410307
41141,6410309
41142,6410312
41142,6410314
41143,6410319
41143,6410322
41144,6410324
41144,6410328
41145,6410335
41145,6410337
41146,6410340
41146,6410343
41147,6410345
41147,6410347
41148,6410348
41148,6410353
41149,6410357
41149,6410361
41150,6410364
41150,6410367
41151,6410369
41151,6410374
41152,6410376
41152,6410379
41153,6410380
41153,6410385
41154,6410386
41154,6410393
41155,6410399
41155,6410407
41156,6410411
41156,6410416
41157,6410422
41157,6410425
41158,6410428
41158,6410431
41159,6410437
41159,6410440
41160,6410443
41160,6410445
41161,6410450
41161,6410455
41162,6410457
41162,6410463
41163,6410466
41163,6410471
41164,6410473
41164,6410475
41165,6410479
41165,6410483
41166,6410484
41166,6410487
41167,6410489
41167,6410491
41168,6410492
41168,6410493
41169,6410497
41169,6410500
41170,6410503
41170,6410504
41171,6410507
41171,6410513
41172,6410515
41172,6410519
41173,6410521
41173,6410522
41174,6410525
41174,6410528
41175,6410530
41175,6410532
41176,6410536
41176,6410537
41177,6410541
41177,6410545
41178,6410547
41178,6410548
41179,6410551
41179,6410554
41180,6410556
41180,6410557
41181,6410561
41181,6410566
41182,6410567
41182,6410568
41183,6410571
41183,6410575
41184,6410577
41185,6410579
41185,6410581
41186,6410585
41186,6410589
41187,6410592
41187,6410596
41188,6410599
41188,6410600
41189,6410606
41189,6410607
41190,6410610
41190,6410613
41191,6410615
41191,6410617
41192,6410624
41192,6410627
41193,6410630
41193,6410633
41194,6410637
41194,6410641
41195,6410644
41195,6410646
41196,6410651
41196,6410656
41197,6410660
41197,6410662
41198,6410663
41198,6410668
41199,6410671
41199,6410674
41200,6410676
41200,6410680
41201,6410684
41201,6410687
41202,6410691
41202,6410693
41203,6410693
41203,6410699
41204,6410700
41204,6410704
41205,6410708
41205,6410714
41206,6410715
41207,6410717
41207,6410719
41208,6410725
41208,6410727
41209,6410729
41209,6410732
41210,6410735
41210,6410738
41211,6410741
41211,6410746
41212,6410750
41212,6410752
41213,6410755
41213,6410761
41214,6410765
41214,6410769
41215,6410772
41215,6410777
41216,6410780
41216,6410782
41217,6410784
41217,6410786
41218,6410791
41218,6410793
41219,6410794
41219,6410798
41220,6410801
41220,6410802
41221,6410806
41221,6410809
41222,6410811
41222,6410815
41223,6410821
41223,6410824
41224,6410826
41224,6410829
41225,6410834
41225,6410836
41226,6410837
41226,6410841
41227,6410842
41228,6410842
41229,6410843
41229,6410844
41230,6410844
41230,6410846
41231,6410846
41231,6410848
41232,6410850
41233,6410851
41233,6410852
41234,6410858
41234,6410864
41235,6410865
41235,6410869
41236,6410869
41236,6410871
41237,6410875
41237,6410878
41238,6410879
41238,6410883
41239,6410889
41239,6410895
41240,6410896
41240,6410900
41241,6410906
41241,6410908
41242,6410910
41242,6410914
41243,6410915
41243,6410918
41244,6410921
41244,6410923
41245,6410927
41246,6410930
41246,6410937
41247,6410942
41247,6410944
41248,6410945
41248,6410947
41249,6410949
41249,6410952
41250,6410955
41250,6410956
41251,6410957
41251,6410959
41252,6410960
41252,6410965
41253,6410967
41254,6410967
41254,6410968
41255,6410972
41255,6410973
41256,6410975
41256,6410978
41257,6410981
41257,6410982
41258,6410984
41258,6410985
41259,6410987
41259,6410989
41260,6410991
41261,6410993
41262,6410994
41262,6410996
41263,6410999
41263,6411001
41264,6411001
41264,6411003
41265,6411005
41265,6411006
41266,6411008
41266,6411012
41267,6411013
41267,6411018
41268,6411020
41268,6411021
41269,6411026
41269,6411030
41270,6411034
41270,6411037
41271,6411039
41271,6411042
41272,6411043
41273,6411045
41273,6411050
41274,6411050
41274,6411055
41275,6411058
41275,6411060
41276,6411063
41276,6411064
41277,6411070
41277,6411074
41278,6411077
41279,6411081
41279,6411083
41280,6411086
41280,6411091
41281,6411093
41281,6411094
41282,6411095
41282,6411097
41283,6411100
41283,6411102
41284,6411103
41285,6411105
41285,6411106
41286,6411110
41286,6411114
41287,6411120
41287,6411123
41288,6411124
41288,6411126
41289,6411131
41289,6411135
41290,6411137
41290,6411138
41291,6411139
41291,6411140
41292,6411143
41293,6411150
41293,6411153
41294,6411154
41294,6411155
41295,6411159
41295,6411161
41296,6411162
41296,6411165
41297,6411167
41297,6411170
41298,6411173
41298,6411177
41299,6411180
41299,6411182
41300,6411184
41300,6411187
41301,6411190
41301,6411192
41302,6411194
41302,6411197
41303,6411199
41304,6411201
41304,6411203
41305,6411203
41305,6411204
41306,6411204
41306,6411205
41307,6411209
41307,6411212
41308,6411214
41309,6411215
41309,6411216
41310,6411217
41310,6411222
41311,6411226
41311,6411230
41312,6411233
41312,6411236
41313,6411239
41313,6411243
41314,6411246
41314,6411249
41315,6411252
41315,6411254
41316,6411256
41316,6411258
41317,6411259
41317,6411265
41318,6411269
41318,6411270
41319,6411273
41319,6411275
41320,6411276
41320,6411279
41321,6411283
41321,6411285
41322,6411288
41322,6411290
41323,6411294
41323,6411295
41324,6411296
41324,6411298
41325,6411298
41325,6411300
41326,6411300
41327,6411304
41327,6411306
41328,6411308
41328,6411310
41329,6411311
41329,6411315
41330,6411316
41330,6411318
41331,6411325
41331,6411326
41332,6411329
41332,6411333
41333,6411335
41333,6411340
41334,6411343
41334,6411344
41335,6411346
41335,6411352
41336,6411354
41336,6411355
41337,6411358
41337,6411359
41338,6411360
41338,6411363
41339,6411366
41339,6411369
41340,6411370
41340,6411371
41341,6411374
41341,6411382
41342,6411383
41342,6411384
41343,6411387
41343,6411391
41344,6411392
41344,6411395
41345,6411397
41345,6411401
41346,6411404
41346,6411405
41347,6411407
41347,6411409
41348,6411411
41348,6411414
41349,6411416
41349,6411419
41350,6411422
41350,6411424
41351,6411424
41351,6411427
41352,6411430
41352,6411431
41353,6411433
41353,6411434
41354,6411435
41354,6411436
41355,6411436
41355,6411439
41356,6411442
41356,6411443
41357,6411443
41357,6411445
41358,6411446
41358,6411448
41359,6411450
41359,6411453
41360,6411454
41360,6411457
41361,6411459
41361,6411465
41362,6411466
41362,6411470
41363,6411475
41363,6411476
41364,6411476
41364,6411480
41365,6411481
41365,6411485
41366,6411488
41366,6411491
41367,6411494
41367,6411498
41368,6411499
41368,6411501
41369,6411503
41369,6411504
41370,6411508
41370,6411509
41371,6411511
41372,6411512
41372,6411514
41373,6411518
41373,6411520
41374,6411522
41374,6411524
41375,6411526
41375,6411528
41376,6411528
41376,6411530
41377,6411534
41377,6411536
41378,6411539
41378,6411541
41379,6411543
41380,6411546
41380,6411550
41381,6411553
41381,6411555
41382,6411556
41382,6411558
41383,6411559
41384,6411560
41384,6411563
41385,6411565
41385,6411566
41386,6411568
41387,6411570
41387,6411574
41388,6411576
41389,6411577
41389,6411580
41390,6411583
41391,6411585
41391,6411586
41392,6411590
41393,6411591
41393,6411593
41394,6411598
41394,6411599
41395,6411600
41395,6411601
41396,6411601
41396,6411602
41397,6411606
41397,6411609
41398,6411612
41398,6411617
41399,6411617
41400,6411619
41400,6411621
41401,6411624
41401,6411626
41402,6411628
41403,6411630
41403,6411632
41404,6411635
41405,6411639
41405,6411643
41406,6411643
41406,6411645
41407,6411650
41407,6411652
41408,6411658
41408,6411661
41409,6411662
41409,6411663
41410,6411664
41410,6411666
41411,6411666
41411,6411667
41412,6411670
41412,6411671
41413,6411673
41413,6411674
41414,6411674
41414,6411676
41415,6411678
41415,6411680
41416,6411680
41416,6411682
41417,6411684
41418,6411684
41418,6411685
41419,6411686
41419,6411689
41420,6411689
41420,6411692
41421,6411692
41421,6411693
41422,6411695
41422,6411696
41423,6411698
41423,6411700
41424,6411702
41424,6411704
41425,6411704
41425,6411707
41426,6411708
41427,6411709
41427,6411710
41428,6411711
41428,6411712
41429,6411714
41429,6411717
41430,6411720
41431,6411723
41431,6411726
41432,6411728
41432,6411731
41433,6411734
41433,6411737
41434,6411741
41434,6411743
41435,6411744
41435,6411745
41436,6411747
41436,6411748
41437,6411750
41438,6411753
41438,6411755
41439,6411758
41439,6411760
41440,6411763
41441,6411766
41441,6411767
41442,6411771
41442,6411772
41443,6411772
41444,6411773
41444,6411774
41445,6411775
41445,6411776
41446,6411779
41446,6411781
41447,6411782
41448,6411784
41448,6411786
41449,6411787
41449,6411788
41450,6411789
41451,6411791
41451,6411793
41452,6411796
41452,6411799
41453,6411802
41453,6411803
41454,6411805
41455,6411807
41456,6411808
41456,6411809
41457,6411811
41457,6411812
41458,6411814
41458,6411815
41459,6411820
41460,6411822
41460,6411823
41461,6411824
41461,6411826
41462,6411827
41462,6411829
41463,6411831
41463,6411834
41464,6411835
41464,6411836
41465,6411838
41465,6411841
41466,6411841
41466,6411843
41467,6411844
41467,6411846
41468,6411847
41468,6411851
41469,6411852
41469,6411855
41470,6411857
41470,6411858
41471,6411861
41472,6411863
41472,6411865
41473,6411866
41473,6411867
41474,6411868
41475,6411869
41475,6411870
41476,6411872
41476,6411873
41477,6411876
41477,6411877
41478,6411877
41479,6411879
41480,6411881
41480,6411884
41481,6411887
41481,6411889
41482,6411890
41482,6411893
41483,6411894
41483,6411897
41484,6411899
41485,6411900
41486,6411902
41486,6411903
41487,6411903
41487,6411905
41488,6411907
41488,6411909
41489,6411910
41489,6411913
41490,6411913
41490,6411914
41491,6411914
41491,6411916
41492,6411917
41492,6411919
41493,6411920
41493,6411923
41494,6411925
41495,6411926
41496,6411926
41497,6411926
41498,6411927
41498,6411928
41499,6411930
41499,6411934
41500,6411934
41500,6411936
41501,6411937
41501,6411938
41502,6411939
41503,6411942
41503,6411943
41504,6411945
41504,6411948
41505,6411950
41505,6411954
41506,6411956
41506,6411960
41507,6411962
41507,6411964
41508,6411966
41508,6411967
41509,6411967
41509,6411969
41510,6411971
41511,6411972
41512,6411974
41512,6411976
41513,6411977
41513,6411978
41514,6411981
41514,6411982
41515,6411983
41515,6411985
41516,6411987
41516,6411989
41517,6411990
41518,6411990
41518,6411992
41519,6411993
41520,6411994
41521,6411995
41521,6411998
41522,6412000
41522,6412001
41523,6412006
41523,6412007
41524,6412007
41524,6412009
41525,6412011
41525,6412015
41526,6412017
41527,6412018
41527,6412019
41528,6412019
41529,6412020
41529,6412022
41530,6412022
41530,6412023
41531,6412024
41531,6412030
41532,6412030
41532,6412031
41533,6412032
41533,6412034
41534,6412034
41534,6412036
41535,6412037
41535,6412038
41536,6412039
41536,6412041
41537,6412042
41537,6412046
41538,6412048
41538,6412051
41539,6412052
41540,6412054
41540,6412055
41541,6412055
41541,6412056
41542,6412059
41542,6412062
41543,6412064
41544,6412064
41545,6412065
41546,6412068
41546,6412069
41547,6412071
41547,6412074
41548,6412076
41548,6412078
41549,6412078
41549,6412079
41550,6412080
41551,6412081
41552,6412083
41552,6412084
41553,6412086
41554,6412088
41554,6412089
41555,6412090
41555,6412091
41556,6412092
41556,6412093
41557,6412095
41558,6412098
41559,6412100
41559,6412103
41560,6412104
41561,6412105
41562,6412105
41563,6412106
41563,6412107
41564,6412112
41564,6412113
41565,6412113
41566,6412114
41566,6412116
41567,6412118
41567,6412119
41568,6412119
41568,6412121
41569,6412121
41569,6412123
41570,6412125
41570,6412126
41571,6412128
41571,6412129
41572,6412130
41572,6412132
41573,6412132
41573,6412133
41574,6412134
41575,6412137
41575,6412138
41576,6412139
41577,6412139
41577,6412142
41578,6412144
41578,6412146
41579,6412146
41580,6412148
41580,6412149
41581,6412151
41581,6412153
41582,6412155
41582,6412158
41583,6412161
41584,6412163
41585,6412164
41585,6412165
41586,6412166
41587,6412166
41587,6412170
41588,6412174
41588,6412176
41589,6412178
41589,6412180
41590,6412183
41590,6412185
41591,6412186
41592,6412187
41593,6412187
41593,6412188
41594,6412188
41594,6412189
41595,6412190
41596,6412192
41596,6412194
41597,6412196
41597,6412198
41598,6412199
41598,6412202
41599,6412204
41599,6412205
41600,6412206
41600,6412207
41601,6412207
41602,6412208
41602,6412209
41603,6412211
41603,6412212
41604,6412213
41604,6412214
41605,6412215
41605,6412216
41606,6412217
41606,6412219
41607,6412220
41607,6412221
41608,6412222
41608,6412223
41609,6412224
41609,6412225
41610,6412225
41611,6412226
41612,6412228
41613,6412229
41614,6412230
41615,6412231
41615,6412232
41616,6412232
41616,6412233
41617,6412234
41617,6412236
41618,6412238
41619,6412238
41619,6412241
41620,6412241
41621,6412244
41621,6412247
41622,6412247
41622,6412248
41623,6412248
41623,6412249
41624,6412250
41624,6412251
41625,6412253
41626,6412254
41626,6412257
41627,6412258
41627,6412260
41628,6412261
41628,6412263
41629,6412263
41629,6412267
41630,6412274
41630,6412280
41631,6412280
41631,6412284
41632,6412285
41633,6412287
41633,6412288
41634,6412291
41634,6412292
41635,6412292
41635,6412293
41636,6412293
41637,6412295
41638,6412295
41639,6412295
41640,6412295
41640,6412296
41641,6412298
41642,6412299
41642,6412303
41643,6412304
41644,6412304
41644,6412306
41645,6412307
41645,6412309
41646,6412309
41647,6412310
41647,6412312
41648,6412313
41648,6412315
41649,6412317
41649,6412318
41650,6412319
41651,6412322
41651,6412323
41652,6412323
41653,6412323
41654,6412325
41655,6412326
41655,6412327
41656,6412329
41656,6412330
41657,6412330
41658,6412331
41658,6412333
41659,6412334
41659,6412335
41660,6412336
41660,6412337
41661,6412339
41662,6412340
41663,6412340
41664,6412341
41665,6412341
41666,6412343
41666,6412344
41667,6412345
41667,6412347
41668,6412348
41668,6412351
41669,6412352
41670,6412352
41670,6412354
41671,6412354
41671,6412356
41672,6412356
41672,6412357
41673,6412357
41673,6412359
41674,6412359
41675,6412360
41676,6412362
41676,6412365
41677,6412366
41678,6412368
41679,6412369
41679,6412371
41680,6412371
41680,6412372
41681,6412372
41681,6412373
41682,6412375
41682,6412376
41683,6412377
41683,6412378
41684,6412380
41684,6412382
41685,6412383
41685,6412384
41686,6412384
41686,6412385
41687,6412386
41687,6412387
41688,6412389
41689,6412389
41690,6412389
41690,6412390
41691,6412391
41691,6412392
41692,6412392
41692,6412393
41693,6412395
41694,6412395
41694,6412396
41695,6412397
41695,6412399
41696,6412400
41696,6412402
41697,6412402
41697,6412403
41698,6412403
41699,6412407
41699,6412408
41700,6412409
41700,6412410
41701,6412412
41702,6412413
41702,6412414
41703,6412415
41704,6412415
41704,6412416
41705,6412416
41705,6412419
41706,6412420
41706,6412422
41707,6412422
41708,6412423
41708,6412424
41709,6412425
41709,6412426
41710,6412426
41710,6412427
41711,6412427
41711,6412428
41712,6412429
41712,6412430
41713,6412431
41713,6412433
41714,6412433
41714,6412435
41715,6412436
41715,6412438
41716,6412441
41716,6412442
41717,6412443
41718,6412446
41718,6412448
41719,6412449
41720,6412451
41721,6412452
41721,6412453
41722,6412453
41722,6412455
41723,6412455
41723,6412456
41724,6412457
41724,6412459
41725,6412459
41725,6412460
41726,6412461
41726,6412462
41727,6412462
41727,6412463
41728,6412464
41728,6412465
41729,6412465
41729,6412466
41730,6412466
41730,6412467
41731,6412468
41732,6412469
41732,6412471
41733,6412472
41734,6412472
41734,6412473
41735,6412475
41736,6412475
41737,6412475
41738,6412475
41739,6412476
41739,6412477
41740,6412478
41741,6412478
41741,6412479
41742,6412481
41742,6412482
41743,6412484
41743,6412485
41744,6412485
41744,6412486
41745,6412487
41745,6412488
41746,6412489
41746,6412490
41747,6412491
41748,6412491
41748,6412492
41749,6412492
41750,6412492
41751,6412492
41751,6412494
41752,6412494
41753,6412494
41753,6412496
41754,6412499
41754,6412501
41755,6412501
41756,6412502
41756,6412503
41757,6412504
41757,6412505
41758,6412506
41758,6412507
41759,6412507
41759,6412508
41760,6412508
41760,6412509
41761,6412509
41762,6412509
41762,6412513
41763,6412514
41763,6412515
41764,6412516
41765,6412517
41766,6412519
41766,6412520
41767,6412521
41767,6412522
41768,6412523
41768,6412525
41769,6412526
41769,6412527
41770,6412528
41771,6412530
41771,6412531
41772,6412534
41773,6412535
41774,6412535
41775,6412535
41776,6412535
41777,6412535
41778,6412536
41779,6412536
41779,6412537
41780,6412539
41780,6412541
41781,6412542
41782,6412543
41783,6412543
41783,6412544
41784,6412548
41784,6412549
41785,6412549
41785,6412552
41786,6412552
41786,6412553
41787,6412553
41788,6412553
41788,6412554
41789,6412554
41790,6412554
41790,6412555
41791,6412555
41791,6412556
41792,6412557
41793,6412559
41794,6412559
41795,6412559
41796,6412560
41797,6412560
41798,6412561
41799,6412562
41799,6412563
41800,6412565
41801,6412565
41802,6412567
41802,6412568
41803,6412568
41804,6412569
41804,6412572
41805,6412574
41806,6412575
41807,6412576
41808,6412577
41808,6412578
41809,6412578
41810,6412578
41811,6412578
41811,6412579
41812,6412581
41813,6412582
41814,6412582
41814,6412583
41815,6412585
41815,6412588
41816,6412588
41816,6412589
41817,6412590
41817,6412591
41818,6412592
41819,6412592
41820,6412592
41821,6412592
41822,6412595
41822,6412596
41823,6412596
41824,6412597
41825,6412597
41826,6412598
41827,6412598
41828,6412598
41829,6412598
41830,6412599
41831,6412601
41831,6412602
41832,6412602
41832,6412603
41833,6412603
41833,6412604
41834,6412606
41834,6412607
41835,6412607
41836,6412608
41837,6412608
41838,6412608
41838,6412609
41839,6412610
41840,6412611
41841,6412612
41842,6412613
41843,6412613
41844,6412613
41845,6412613
41846,6412613
41847,6412614
41848,6412614
41848,6412615
41849,6412615
41849,6412617
41850,6412617
41851,6412617
41851,6412619
41852,6412619
41853,6412619
41854,6412620
41855,6412620
41855,6412621
41856,6412621
41857,6412622
41857,6412623
41858,6412624
41858,6412625
41859,6412626
41860,6412628
41861,6412629
41861,6412631
41862,6412634
41862,6412636
41863,6412636
41864,6412637
41864,6412638
41865,6412639
41866,6412641
41867,6412643
41868,6412644
41868,6412645
41869,6412645
41869,6412646
41870,6412646
41870,6412647
41871,6412648
41872,6412649
41872,6412651
41873,6412651
41873,6412654
41874,6412655
41874,6412657
41875,6412657
41876,6412657
41877,6412657
41878,6412658
41879,6412658
41880,6412658
41881,6412659
41881,6412660
41882,6412661
41882,6412664
41883,6412665
41884,6412665
41885,6412665
41885,6412666
41886,6412668
41886,6412670
41887,6412671
41887,6412672
41888,6412672
41889,6412672
41890,6412672
41890,6412673
41891,6412673
41891,6412674
41892,6412675
41893,6412677
41893,6412678
41894,6412680
41894,6412681
41895,6412683
41896,6412684
41896,6412685
41897,6412686
41897,6412687
41898,6412688
41898,6412689
41899,6412690
41899,6412692
41900,6412692
41900,6412693
41901,6412693
41902,6412695
41903,6412698
41904,6412698
41904,6412700
41905,6412700
41906,6412702
41906,6412704
41907,6412704
41907,6412705
41908,6412706
41908,6412707
41909,6412707
41910,6412707
41911,6412707
41912,6412707
41913,6412707
41913,6412708
41914,6412710
41915,6412710
41915,6412712
41916,6412713
41916,6412716
41917,6412716
41917,6412717
41918,6412717
41919,6412718
41919,6412719
41920,6412721
41921,6412722
41922,6412723
41923,6412723
41924,6412725
41924,6412726
41925,6412726
41925,6412727
41926,6412728
41927,6412728
41928,6412728
41928,6412729
41929,6412730
41930,6412731
41931,6412731
41932,6412731
41932,6412732
41933,6412732
41933,6412733
41934,6412734
41935,6412736
41936,6412737
41936,6412738
41937,6412738
41938,6412739
41938,6412740
41939,6412740
41939,6412741
41940,6412741
41940,6412743
41941,6412743
41941,6412744
41942,6412744
41943,6412745
41943,6412746
41944,6412746
41944,6412747
41945,6412748
41945,6412749
41946,6412749
41946,6412750
41947,6412751
41948,6412752
41948,6412753
41949,6412753
41950,6412754
41951,6412754
41952,6412755
41953,6412756
41953,6412757
41954,6412757
41954,6412758
41955,6412758
41956,6412758
41957,6412758
41958,6412759
41959,6412759
41959,6412760
41960,6412761
41961,6412763
41961,6412764
41962,6412764
41962,6412765
41963,6412765
41964,6412765
41964,6412766
41965,6412766
41966,6412766
41966,6412767
41967,6412767
41968,6412767
41969,6412768
41970,6412768
41971,6412768
41971,6412769
41972,6412769
41973,6412770
41974,6412770
41975,6412770
41976,6412771
41977,6412771
41978,6412771
41979,6412772
41980,6412773
41981,6412774
41982,6412774
41983,6412775
41984,6412776
41985,6412777
41985,6412778
41986,6412779
41987,6412779
41987,6412780
41988,6412780
41989,6412780
41989,6412781
41990,6412782
41990,6412783
41991,6412783
41992,6412784
41993,6412784
41993,6412785
41994,6412785
41995,6412785
41996,6412786
41996,6412787
41997,6412788
41998,6412788
41999,6412788
42000,6412788
42000,6412789
42001,6412790
42001,6412791
42002,6412791
42003,6412792
42003,6412793
42004,6412794
42005,6412794
42006,6412795
42007,6412796
42008,6412796
42008,6412797
42009,6412797
42010,6412798
42011,6412798
42012,6412798
42013,6412798
42014,6412798
42014,6412799
42015,6412799
42016,6412799
42017,6412799
42018,6412800
42019,6412800
42020,6412800
42021,6412800
42022,6412800
42023,6412800
42023,6412801
42024,6412802
42024,6412803
42025,6412803
42025,6412804
42026,6412804
42026,6412805
42027,6412805
42028,6412805
42029,6412805
42030,6412805
42030,6412806
42031,6412806
42032,6412806
42032,6412807
42033,6412809
42034,6412809
42034,6412810
42035,6412810
42036,6412810
42036,6412811
42037,6412811
42038,6412811
42039,6412811
42039,6412812
42040,6412813
42041,6412814
42041,6412815
42042,6412815
42043,6412815
42044,6412815
42045,6412815
42046,6412816
42046,6412817
42047,6412818
42048,6412819
42049,6412819
42049,6412821
42050,6412821
42050,6412822
42051,6412823
42051,6412824
42052,6412824
42052,6412825
42053,6412825
42054,6412825
42054,6412827
42055,6412827
42055,6412828
42056,6412828
42057,6412828
42058,6412828
42058,6412829
42059,6412831
42060,6412832
42060,6412833
42061,6412833
42061,6412834
42062,6412834
42063,6412834
42064,6412835
42064,6412836
42065,6412836
42066,6412836
42067,6412836
42067,6412837
42068,6412837
42068,6412838
42069,6412839
42069,6412840
42070,6412840
42071,6412840
42071,6412841
42072,6412841
42073,6412841
42074,6412841
42075,6412841
42075,6412842
42076,6412843
42077,6412844
42078,6412844
42079,6412845
42080,6412845
42081,6412845
42082,6412845
42083,6412845
42084,6412845
42085,6412845
42086,6412845
42087,6412845
42088,6412846
42088,6412848
42089,6412848
42090,6412848
42090,6412849
42091,6412849
42091,6412850
42092,6412850
42093,6412852
42094,6412852
42094,6412853
42095,6412853
42096,6412853
42097,6412853
42098,6412853
42099,6412853
42100,6412853
42101,6412854
42102,6412854
42103,6412855
42103,6412856
42104,6412856
42105,6412856
42106,6412856
42107,6412856
42107,6412857
42108,6412857
42108,6412858
42109,6412858
42110,6412858
42110,6412859
42111,6412859
42112,6412859
42113,6412859
42114,6412860
42115,6412860
42115,6412862
42116,6412862
42117,6412864
42117,6412865
42118,6412865
42118,6412866
42119,6412866
42120,6412866
42121,6412866
42121,6412867
42122,6412867
42122,6412868
42123,6412868
42124,6412869
42125,6412869
42126,6412869
42126,6412871
42127,6412872
42128,6412872
42129,6412872
42129,6412873
42130,6412873
42131,6412874
42132,6412874
42132,6412875
42133,6412875
42134,6412877
42134,6412878
42135,6412878
42136,6412878
42137,6412878
42138,6412878
42139,6412879
42139,6412880
42140,6412880
42140,6412881
42141,6412881
42142,6412881
42143,6412881
42143,6412882
42144,6412882
42145,6412882
42146,6412882
42147,6412882
42148,6412882
42148,6412883
42149,6412883
42150,6412883
42151,6412883
42151,6412884
42152,6412884
42153,6412886
42154,6412886
42155,6412886
42156,6412886
42157,6412886
42158,6412886
42158,6412887
42159,6412887
42160,6412889
42161,6412889
42161,6412890
42162,6412890
42163,6412891
42164,6412891
42165,6412891
42166,6412891
42166,6412892
42167,6412892
42167,6412894
42168,6412894
42168,6412896
42169,6412896
42170,6412896
42170,6412897
42171,6412897
42171,6412898
42172,6412898
42172,6412899
42173,6412899
42174,6412900
42174,6412901
42175,6412901
42176,6412901
42176,6412902
42177,6412903
42177,6412905
42178,6412905
42178,6412906
42179,6412906
42180,6412907
42181,6412907
42181,6412909
42182,6412909
42183,6412909
42183,6412910
42184,6412910
42185,6412910
42185,6412911
42186,6412911
42187,6412911
42188,6412911
42189,6412911
42190,6412911
42191,6412912
42192,6412912
42193,6412913
42194,6412913
42195,6412913
42196,6412913
42197,6412913
42197,6412914
42198,6412915
42198,6412916
42199,6412916
42200,6412917
42201,6412917
42202,6412917
42203,6412917
42204,6412917
42205,6412917
42206,6412917
42207,6412918
42207,6412919
42208,6412920
42209,6412920
42210,6412921
42210,6412922
42211,6412922
42212,6412923
42213,6412923
42214,6412924
42215,6412924
42216,6412925
42216,6412926
42217,6412926
42218,6412926
42219,6412926
42219,6412927
42220,6412927
42220,6412928
42221,6412928
42222,6412928
42223,6412928
42224,6412928
42225,6412929
42226,6412929
42227,6412930
42228,6412930
42229,6412930
42230,6412930
42231,6412930
42232,6412930
42232,6412931
42233,6412931
42234,6412931
42235,6412932
42236,6412932
42237,6412932
42237,6412933
42238,6412933
42239,6412933
42239,6412934
42240,6412934
42241,6412935
42242,6412935
42243,6412935
42244,6412935
42245,6412935
42246,6412935
42247,6412935
42248,6412935
42248,6412936
42249,6412936
42250,6412936
42251,6412936
42252,6412937
42253,6412937
42254,6412937
42255,6412937
42256,6412937
42256,6412938
42257,6412939
42258,6412941
42259,6412941
42260,6412941
42261,6412941
42262,6412942
42263,6412942
42263,6412943
42264,6412943
42264,6412944
42265,6412944
42266,6412944
42266,6412945
42267,6412945
42268,6412946
42268,6412947
42269,6412947
42270,6412947
42270,6412948
42271,6412948
42272,6412948
42272,6412950
42273,6412950
42274,6412950
42275,6412952
42276,6412952
42277,6412952
42277,6412953
42278,6412953
42278,6412954
42279,6412954
42280,6412955
42281,6412957
42282,6412957
42283,6412957
42284,6412958
42285,6412958
42286,6412958
42287,6412959
42288,6412959
42289,6412959
42290,6412959
42291,6412960
42292,6412961
42293,6412961
42293,6412962
42294,6412962
42295,6412962
42296,6412962
42297,6412962
42298,6412962
42299,6412962
42300,6412962
42301,6412962
42302,6412962
42303,6412962
42304,6412963
42304,6412964
42305,6412964
42306,6412964
42306,6412965
42307,6412965
42308,6412965
42309,6412965
42310,6412965
42311,6412965
42312,6412965
42313,6412965
42313,6412966
42314,6412966
42315,6412966
42315,6412967
42316,6412967
42317,6412968
42318,6412968
42318,6412969
42319,6412969
42320,6412969
42321,6412969
42322,6412970
42323,6412970
42323,6412971
42324,6412971
42325,6412971
42326,6412971
42327,6412971
42328,6412971
42329,6412971
42330,6412971
42331,6412971
42332,6412971
42333,6412971
42334,6412971
42335,6412971
42336,6412971
42337,6412971
42338,6412971
42339,6412971
42339,6412972
42340,6412972
42341,6412972
42342,6412972
42343,6412972
42343,6412973
42344,6412973
42345,6412973
42346,6412974
42346,6412975
42347,6412976
42347,6412977
42348,6412977
42349,6412979
42349,6412980
42350,6412980
42351,6412980
42352,6412981
42352,6412982
42353,6412982
42354,6412982
42354,6412983
42355,6412984
42356,6412985
42357,6412985
42358,6412985
42359,6412985
42360,6412985
42361,6412985
42362,6412985
42363,6412985
42364,6412985
42364,6412986
42365,6412986
42366,6412987
42367,6412987
42368,6412987
42369,6412988
42370,6412990
42370,6412991
42371,6412991
42372,6412994
42373,6412994
42374,6412994
42375,6412994
42376,6412994
42376,6412995
42377,6412995
42377,6412996
42378,6412996
42379,6412996
42380,6412997
42381,6412997
42382,6413000
42383,6413000
42384,6413001
42385,6413001
42386,6413001
42386,6413003
42387,6413003
42388,6413003
42388,6413004
42389,6413004
42390,6413004
42391,6413004
42392,6413005
42393,6413005
42394,6413006
42395,6413006
42396,6413007
42396,6413008
42397,6413008
42397,6413009
42398,6413009
42399,6413009
42400,6413009
42401,6413009
42401,6413010
42402,6413010
42402,6413011
42403,6413011
42404,6413011
42405,6413011
42406,6413011
42407,6413011
42408,6413011
42409,6413011
42410,6413011
42411,6413011
42412,6413011
42413,6413011
42413,6413012
42414,6413012
42415,6413012
42416,6413012
42416,6413013
42417,6413013
42418,6413013
42419,6413013
42419,6413014
42420,6413014
42421,6413014
42422,6413014
42422,6413015
42423,6413015
42423,6413016
42424,6413016
42425,6413017
42426,6413017
42427,6413018
42428,6413018
42429,6413018
42430,6413019
42431,6413019
42432,6413020
42433,6413020
42434,6413020
42435,6413020
42436,6413020
42437,6413020
42438,6413020
42439,6413020
42440,6413021
42441,6413021
42442,6413021
42443,6413021
42444,6413021
42445,6413021
42445,6413022
42446,6413022
42446,6413023
42447,6413023
42448,6413023
42449,6413023
42450,6413023
42451,6413023
42452,6413023
42453,6413024
42454,6413024
42455,6413024
42456,6413024
42457,6413024
42458,6413025
42459,6413026
42459,6413027
42460,6413027
42461,6413027
42461,6413028
42462,6413028
42463,6413029
42464,6413029
42465,6413029
42466,6413030
42467,6413030
42468,6413030
42469,6413031
42469,6413032
42470,6413033
42471,6413033
42472,6413034
42473,6413034
42474,6413034
42475,6413034
42475,6413035
42476,6413035
42477,6413035
42478,6413036
42479,6413036
42480,6413037
42481,6413037
42481,6413039
42482,6413039
42483,6413039
42484,6413039
42485,6413039
42486,6413039
42487,6413039
42487,6413040
42488,6413040
42488,6413041
42489,6413041
42490,6413041
42491,6413043
42492,6413043
42492,6413044
42493,6413044
42494,6413044
42495,6413044
42496,6413044
42497,6413044
42497,6413045
42498,6413045
42499,6413045
42499,6413046
42500,6413046
42501,6413046
42502,6413047
42503,6413048
42504,6413048
42505,6413049
42505,6413050
42506,6413050
42507,6413051
42508,6413051
42509,6413051
42510,6413052
42511,6413052
42512,6413052
42513,6413052
42514,6413052
42515,6413052
42516,6413052
42517,6413053
42518,6413053
42519,6413053
42520,6413053
42521,6413053
42522,6413053
42522,6413054
42523,6413054
42524,6413054
42525,6413054
42526,6413054
42527,6413054
42528,6413054
42529,6413054
42530,6413054
42530,6413055
42531,6413055
42532,6413055
42533,6413055
42534,6413055
42535,6413055
42536,6413055
42537,6413055
42538,6413055
42539,6413056
42540,6413056
42541,6413057
42542,6413057
42543,6413057
42544,6413057
42544,6413058
42545,6413058
42546,6413058
42547,6413058
42548,6413058
42549,6413058
42550,6413058
42551,6413058
42551,6413059
42552,6413059
42553,6413059
42554,6413059
42555,6413059
42556,6413060
42557,6413060
42558,6413061
42559,6413061
42560,6413062
42561,6413062
42562,6413062
42563,6413062
42564,6413062
42565,6413062
42566,6413062
42566,6413064
42567,6413066
42567,6413067
42568,6413067
42569,6413067
42570,6413067
42571,6413067
42572,6413067
42573,6413067
42573,6413068
42574,6413068
42574,6413069
42575,6413070
42575,6413071
42576,6413071
42577,6413072
42578,6413073
42579,6413073
42580,6413073
42581,6413074
42582,6413074
42583,6413074
42584,6413074
42584,6413075
42585,6413075
42586,6413075
42587,6413075
42588,6413075
42589,6413075
42590,6413075
42591,6413075
42592,6413075
42593,6413075
42594,6413075
42595,6413076
42595,6413077
42596,6413077
42597,6413077
42598,6413077
42599,6413077
42599,6413078
42600,6413078
42601,6413078
42602,6413078
42603,6413078
42604,6413078
42605,6413079
42606,6413080
42607,6413080
42608,6413080
42609,6413080
42610,6413080
42611,6413080
42612,6413080
42613,6413080
42614,6413080
42615,6413081
42616,6413081
42617,6413081
42618,6413081
42619,6413081
42620,6413082
42621,6413082
42622,6413082
42622,6413083
42623,6413083
42624,6413083
42625,6413083
42626,6413083
42627,6413083
42627,6413084
42628,6413084
42629,6413084
42630,6413084
42631,6413084
42632,6413084
42633,6413084
42634,6413084
42635,6413084
42636,6413084
42637,6413084
42638,6413084
42639,6413085
42640,6413085
42641,6413085
42642,6413085
42643,6413085
42644,6413085
42645,6413085
42646,6413085
42647,6413085
42648,6413085
42648,6413086
42649,6413087
42650,6413087
42651,6413087
42652,6413087
42653,6413088
42654,6413088
42655,6413088
42656,6413088
42657,6413088
42657,6413089
42658,6413090
42659,6413091
42659,6413092
42660,6413093
42660,6413094
42661,6413094
42662,6413094
42663,6413095
42664,6413095
42665,6413095
42666,6413095
42667,6413095
42667,6413096
42668,6413096
42669,6413096
42670,6413096
42671,6413096
42672,6413096
42673,6413096
42673,6413097
42674,6413097
42675,6413097
42676,6413097
42677,6413097
42678,6413097
42679,6413097
42680,6413097
42681,6413097
42682,6413097
42682,6413099
42683,6413099
42683,6413100
42684,6413101
42685,6413101
42686,6413101
42687,6413101
42687,6413108
42688,6413108
42689,6413108
42690,6413108
42691,6413108
42692,6413108
42693,6413108
42694,6413108
42695,6413108
42696,6413108
42697,6413108
42698,6413108
42699,6413108
42700,6413108
42701,6413108
42702,6413108
42703,6413108
42704,6413108
42705,6413108
42706,6413108
42707,6413108
42708,6413108
42709,6413108
42710,6413108
42711,6413108
42712,6413108
42713,6413108
42714,6413108
42715,6413108
42716,6413108
42717,6413108
42718,6413108
42719,6413108
42720,6413108
42721,6413108
42722,6413108
42723,6413108
42724,6413108
42725,6413108
42726,6413108
42727,6413108
42728,6413108
42729,6413108
42730,6413108
42731,6413108
42732,6413108
42733,6413108
42734,6413108
42735,6413108
42736,6413108
42737,6413108
42738,6413108
42739,6413108
42740,6413108
42741,6413108
42742,6413108
42743,6413108
42744,6413108
42745,6413108
42746,6413108
42747,6413108
42748,6413108
42749,6413108
42750,6413108
42751,6413108
42752,6413108
42753,6413108
42754,6413108
42755,6413108
42756,6413108
42757,6413108
42758,6413108
42759,6413108
42760,6413108
42761,6413108
42762,6413108
42763,6413108
42764,6413108
42765,6413108
42766,6413108
42767,6413108
42768,6413108
42769,6413108
42770,6413108
42771,6413108
42772,6413108
42773,6413108
42774,6413108
42775,6413108
42776,6413108
42777,6413108
42778,6413108
42779,6413108
42780,6413108
42781,6413108
42782,6413108
42783,6413108
42784,6413108
42785,6413108
42786,6413108
42787,6413108
42788,6413108
42789,6413108
42790,6413108
42791,6413108
42792,6413108
42793,6413108
42794,6413108
42795,6413108
42796,6413108
42797,6413108
42798,6413108
42799,6413108
42800,6413108
42801,6413108
42802,6413108
42803,6413108
42804,6413108
42805,6413108
42806,6413108
42807,6413108
42808,6413108
42809,6413108
42810,6413108
42811,6413108
42812,6413108
42813,6413108
42814,6413108
42815,6413108
42816,6413108
42817,6413108
42818,6413108
42819,6413108
42820,6413108
42821,6413108
42822,6413108
42823,6413108
42824,6413108
42825,6413108
42826,6413108
42827,6413108
42828,6413108
42829,6413108
42830,6413108
42831,6413108
42832,6413108
42833,6413108
42834,6413108
42835,6413108
42836,6413108
42837,6413108
42838,6413108
42839,6413108
42840,6413108
42841,6413108
42842,6413108
42843,6413108
42844,6413108
42845,6413108
42846,6413108
42847,6413108
42848,6413108
42849,6413108
42850,6413108
42851,6413108
42852,6413108
42853,6413108
42854,6413108
42855,6413108
42856,6413108
42857,6413108
42858,6413108
42859,6413108
42860,6413108
42861,6413108
42862,6413108
42863,6413108
42864,6413108
42865,6413108
42866,6413108
42867,6413108
42868,6413108
42869,6413108
42870,6413108
42871,6413108
42872,6413108
42873,6413108
42874,6413108
42875,6413108
42876,6413108
42877,6413108
42878,6413108
42879,6413108
42880,6413108
42881,6413108
42882,6413108
42883,6413108
42884,6413108
42885,6413108
42886,6413108
42887,6413108
42888,6413108
42889,6413108
42890,6413108
42891,6413108
42892,6413108
42893,6413108
42894,6413108
42895,6413108
42896,6413108
42897,6413108
42898,6413108
42899,6413108
42900,6413108
42901,6413108
42902,6413108
42903,6413108
42904,6413108
42905,6413108
42906,6413108
42907,6413108
42908,6413108
42909,6413108
42910,6413108
42911,6413108
42912,6413108
42913,6413108
42914,6413108
42915,6413108
42916,6413108
42917,6413108
42918,6413108
42919,6413108
42920,6413108
42921,6413108
42922,6413108
42923,6413108
42924,6413108
42925,6413108
42926,6413108
42927,6413108
42928,6413108
42929,6413108
42930,6413108
42931,6413108
42932,6413108
42933,6413108
42934,6413108
42935,6413108
42936,6413108
42937,6413108
42938,6413108
42939,6413108
42940,6413108
42941,6413108
42942,6413108
42943,6413108
42944,6413108
42945,6413108
42946,6413108
42947,6413108
42948,6413108
42949,6413108
42950,6413108
42951,6413108
42952,6413108
42953,6413108
42954,6413108
42955,6413108
42956,6413108
42957,6413108
42958,6413108
42959,6413108
42960,6413108
42961,6413108
42962,6413108
42963,6413108
42964,6413108
42965,6413108
42966,6413108
42967,6413108
42968,6413108
42969,6413108
42970,6413108
42971,6413108
42972,6413108
42973,6413108
42974,6413108
42975,6413108
42976,6413108
42977,6413108
42978,6413108
42979,6413108
42980,6413108
42981,6413108
42982,6413108
42983,6413108
42984,6413108
42985,6413108
42986,6413108
42987,6413108
42988,6413108
42989,6413108
42990,6413108
42991,6413108
42992,6413108
42993,6413108
42994,6413108
42995,6413108
42996,6413108
42997,6413108
42998,6413108
42999,6413108
43000,6413108
43001,6413108
43002,6413108
43003,6413108
43004,6413108
43005,6413108
43006,6413108
43007,6413108
43008,6413108
43009,6413108
43010,6413108
43011,6413108
43012,6413108
43013,6413108
43014,6413108
43015,6413108
43016,6413108
43017,6413108
43018,6413108
43019,6413108
43020,6413108
43021,6413108
43022,6413108
43023,6413108
43024,6413108
43025,6413108
43026,6413108
43027,6413108
43028,6413108
43029,6413108
43030,6413108
43031,6413108
43032,6413108
43033,6413108
43034,6413108
43035,6413108
43036,6413108
43037,6413108
43038,6413108
43039,6413108
43040,6413108
43041,6413108
43042,6413108
43043,6413108
43044,6413108
43045,6413108
43046,6413108
43047,6413108
43048,6413108
43049,6413108
43050,6413108
43051,6413108
43052,6413108
43053,6413108
43054,6413108
43055,6413108
43056,6413108
43057,6413108
43058,6413108
43059,6413108
43060,6413108
43061,6413108
43062,6413108
43063,6413108
43064,6413108
43065,6413108
43066,6413108
43067,6413108
43068,6413108
43069,6413108
43070,6413108
43071,6413108
43072,6413108
43073,6413108
43074,6413108
43075,6413108
43076,6413108
43077,6413108
43078,6413108
43079,6413108
43080,6413108
43081,6413108
43082,6413108
43083,6413108
43084,6413108
43085,6413108
43086,6413108
43087,6413108
43088,6413108
43089,6413108
43090,6413108
43091,6413108
43092,6413108
43093,6413108
43094,6413108
43095,6413108
43096,6413108
43097,6413108
43098,6413108
43099,6413108
43100,6413108
43101,6413108
43102,6413108
43103,6413108
43104,6413108
43105,6413108
43106,6413108
43107,6413108
43108,6413108
43109,6413108
43110,6413108
43111,6413108
43112,6413108
43113,6413108
43114,6413108
43115,6413108
43116,6413108
43117,6413108
43118,6413108
43119,6413108
43120,6413108
43121,6413108
43122,6413108
43123,6413108
43124,6413108
43125,6413108
43126,6413108
43127,6413108
43128,6413108
43129,6413108
43130,6413108
43131,6413108
43132,6413108
43133,6413108
43134,6413108
43135,6413108
43136,6413108
43137,6413108
43138,6413108
43139,6413108
43140,6413108
43141,6413108
43142,6413108
43143,6413108
43144,6413108
43145,6413108
43146,6413108
43147,6413108
43148,6413108
43149,6413108
43150,6413108
43151,6413108
43152,6413108
43153,6413108
43154,6413108
43155,6413108
43156,6413108
43157,6413108
43158,6413108
43159,6413108
43160,6413108
43161,6413108
43162,6413108
43163,6413108
43164,6413108
43165,6413108
43166,6413108
43167,6413108
43168,6413108
43169,6413108
43170,6413108
43171,6413108
43172,6413108
43173,6413108
43174,6413108
43175,6413108
43176,6413108
43177,6413108
43178,6413108
43179,6413108
43180,6413108
43181,6413108
43182,6413108
43183,6413108
43184,6413108
43185,6413108
43186,6413108
43187,6413108
43188,6413108
43189,6413108
43190,6413108
43191,6413108
43192,6413108
43193,6413108
43194,6413108
43195,6413108
43196,6413108
43197,6413108
43198,6413108
43199,6413108
43200,6413108
43201,6413108
43202,6413108
43203,6413108
43204,6413108
43205,6413108
43206,6413108
43207,6413108
43208,6413108
43209,6413108
43210,6413108
43211,6413108
43212,6413108
43213,6413108
43214,6413108
43215,6413108
43216,6413108
43217,6413108
43218,6413108
43219,6413108
43220,6413108
43221,6413108
43222,6413108
43223,6413108
43224,6413108
43225,6413108
43226,6413108
43227,6413108
43228,6413108
43229,6413108
43230,6413108
43231,6413108
43232,6413108
43233,6413108
43234,6413108
43235,6413108
43236,6413108
43237,6413108
43238,6413108
43239,6413108
43240,6413108
43241,6413108
43242,6413108
43243,6413108
43244,6413108
43245,6413108
43246,6413108
43247,6413108
43248,6413108
43249,6413108
43250,6413108
43251,6413108
43252,6413108
43253,6413108
43254,6413108
43255,6413108
43256,6413108
43257,6413108
43258,6413108
43259,6413108
43260,6413108
43261,6413108
43262,6413108
43263,6413108
43264,6413108
43265,6413108
43266,6413108
43267,6413108
43268,6413108
43269,6413108
43270,6413108
43271,6413108
43272,6413108
43273,6413108
43274,6413108
43275,6413108
43276,6413108
43277,6413108
43278,6413108
43279,6413108
43280,6413108
43281,6413108
43282,6413108
43283,6413108
43284,6413108
43285,6413108
43286,6413108
43287,6413108
43288,6413108
43289,6413108
43290,6413108
43291,6413108
43292,6413108
43293,6413108
43294,6413108
43295,6413108
43296,6413108
43297,6413108
43298,6413108
43299,6413108
43300,6413108
43301,6413108
43302,6413108
43303,6413108
43304,6413108
43305,6413108
43306,6413108
43307,6413108
43308,6413108
43309,6413108
43310,6413108
43311,6413108
43312,6413108
43313,6413108
43314,6413108
43315,6413108
43316,6413108
43317,6413108
43318,6413108
43319,6413108
43320,6413108
43321,6413108
43322,6413108
43323,6413108
43324,6413108
43325,6413108
43326,6413108
43327,6413108
43328,6413108
43329,6413108
43330,6413108
43331,6413108
43332,6413108
43333,6413108
43334,6413108
43335,6413108
43336,6413108
43337,6413108
43338,6413108
43339,6413108
43340,6413108
43341,6413108
43342,6413108
43343,6413108
43344,6413108
43345,6413108
43346,6413108
43347,6413108
43348,6413108
43349,6413108
43350,6413108
43351,6413108
43352,6413108
43353,6413108
43354,6413108
43355,6413108
43356,6413108
43357,6413108
43358,6413108
43359,6413108
43360,6413108
43361,6413108
43362,6413108
43363,6413108
43364,6413108
43365,6413108
43366,6413108
43367,6413108
43368,6413108
43369,6413108
43370,6413108
43371,6413108
43372,6413108
43373,6413108
43374,6413108
43375,6413108
43376,6413108
43377,6413108
43378,6413108
43379,6413108
43380,6413108
43381,6413108
43382,6413108
43383,6413108
43384,6413108
43385,6413108
43386,6413108
43387,6413108
43388,6413108
43389,6413108
43390,6413108
43391,6413108
43392,6413108
43393,6413108
43394,6413108
43395,6413108
43396,6413108
43397,6413108
43398,6413108
43399,6413108
43400,6413108
43401,6413108
43402,6413108
43403,6413108
43404,6413108
43405,6413108
43406,6413108
43407,6413108
43408,6413108
43409,6413108
43410,6413108
43411,6413108
43412,6413108
43413,6413108
43414,6413108
43415,6413108
43416,6413108
43417,6413108
43418,6413108
43419,6413108
43420,6413108
43421,6413108
43422,6413108
43423,6413108
43424,6413108
43425,6413108
43426,6413108
43427,6413108
43428,6413108
43429,6413108
43430,6413108
43431,6413108
43432,6413108
43433,6413108
43434,6413108
43435,6413108
43436,6413108
43437,6413108
43438,6413108
43439,6413108
43440,6413108
43441,6413108
43442,6413108
43443,6413108
43444,6413108
43445,6413108
43446,6413108
43447,6413108
43448,6413108
43449,6413108
43450,6413108
43451,6413108
43452,6413108
43453,6413108
43454,6413108
43455,6413108
43456,6413108
43457,6413108
43458,6413108
43459,6413108
43460,6413108
43461,6413108
43462,6413108
43463,6413108
43464,6413108
43465,6413108
43466,6413108
43467,6413108
43468,6413108
43469,6413108
43470,6413108
43471,6413108
43472,6413108
43473,6413108
43474,6413108
43475,6413108
43476,6413108
43477,6413108
43478,6413108
43479,6413108
43480,6413108
43481,6413108
43482,6413108
43483,6413108
43484,6413108
43485,6413108
43486,6413108
43487,6413108
43488,6413108
43489,6413108
43490,6413108
43491,6413108
43492,6413108
43493,6413108
43494,6413108
43495,6413108
43496,6413108
43497,6413108
43498,6413108
43499,6413108
43500,6413108
43501,6413108
43502,6413108
43503,6413108
43504,6413108
43505,6413108
43506,6413108
43507,6413108
43508,6413108
43509,6413108
43510,6413108
43511,6413108
43512,6413108
43513,6413108
43514,6413108
43515,6413108
43516,6413108
43517,6413108
43518,6413108
43519,6413108
43520,6413108
43521,6413108
43522,6413108
43523,6413108
43524,6413108
43525,6413108
43526,6413108
43527,6413108
43528,6413108
43529,6413108
43530,6413108
43531,6413108
43532,6413108
43533,6413108
43534,6413108
43535,6413108
43536,6413108
43537,6413108
43538,6413108
43539,6413108
43540,6413108
43541,6413108
43542,6413108
43543,6413108
43544,6413108
43545,6413108
43546,6413108
43547,6413108
43548,6413108
43549,6413108
43550,6413108
43551,6413108
43552,6413108
43553,6413108
43554,6413108
43555,6413108
43556,6413108
43557,6413108
43558,6413108
43559,6413108
43560,6413108
43561,6413108
43562,6413108
43563,6413108
43564,6413108
43565,6413108
43566,6413108
43567,6413108
43568,6413108
43569,6413108
43570,6413108
43571,6413108
43572,6413108
43573,6413108
43574,6413108
43575,6413108
43576,6413108
43577,6413108
43578,6413108
43579,6413108
43580,6413108
43581,6413108
43582,6413108
43583,6413108
43584,6413108
43585,6413108
43586,6413108
43587,6413108
43588,6413108
43589,6413108
43590,6413108
43591,6413108
43592,6413108
43593,6413108
43594,6413108
43595,6413108
43596,6413108
43597,6413108
43598,6413108
43599,6413108
43600,6413108
43601,6413108
43602,6413108
43603,6413108
43604,6413108
43605,6413108
43606,6413108
43607,6413108
43608,6413108
43609,6413108
43610,6413108
43611,6413108
43612,6413108
43613,6413108
43614,6413108
43615,6413108
43616,6413108
43617,6413108
43618,6413108
43619,6413108
43620,6413108
43621,6413108
43622,6413108
43623,6413108
43624,6413108
43625,6413108
43626,6413108
43627,6413108
43628,6413108
43629,6413108
43630,6413108
43631,6413108
43632,6413108
43633,6413108
43634,6413108
43635,6413108
43636,6413108
43637,6413108
43638,6413108
43639,6413108
43640,6413108
43641,6413108
43642,6413108
43643,6413108
43644,6413108
43645,6413108
43646,6413108
43647,6413108
43648,6413108
43649,6413108
43650,6413108
43651,6413108
43652,6413108
43653,6413108
43654,6413108
43655,6413108
43656,6413108
43657,6413108
43658,6413108
43659,6413108
43660,6413108
43661,6413108
43662,6413108
43663,6413108
43664,6413108
43665,6413108
43666,6413108
43667,6413108
43668,6413108
43669,6413108
43670,6413108
43671,6413108
43672,6413108
43673,6413108
43674,6413108
43675,6413108
43676,6413108
43677,6413108
43678,6413108
43679,6413108
43680,6413108
43681,6413108
43682,6413108
43683,6413108
43684,6413108
43685,6413108
43686,6413108
43687,6413108
43688,6413108
43689,6413108
43690,6413108
43691,6413108
43692,6413108
43693,6413108
43694,6413108
43695,6413108
43696,6413108
43697,6413108
43698,6413108
43699,6413108
43700,6413108
43701,6413108
43702,6413108
43703,6413108
43704,6413108
43705,6413108
43706,6413108
43707,6413108
43708,6413108
43709,6413108
43710,6413108
43711,6413108
43712,6413108
43713,6413108
43714,6413108
43715,6413108
43716,6413108
43717,6413108
43718,6413108
43719,6413108
43720,6413108
43721,6413108
43722,6413108
43723,6413108
43724,6413108
43725,6413108
43726,6413108
43727,6413108
43728,6413108
43729,6413108
43730,6413108
43731,6413108
43732,6413108
43733,6413108
43734,6413108
43735,6413108
43736,6413108
43737,6413108
43738,6413108
43739,6413108
43740,6413108
43741,6413108
43742,6413108
43743,6413108
43744,6413108
43745,6413108
43746,6413108
43747,6413108
43748,6413108
43749,6413108
43750,6413108
43751,6413108
43752,6413108
43753,6413108
43754,6413108
43755,6413108
43756,6413108
43757,6413108
43758,6413108
43759,6413108
43760,6413108
43761,6413108
43762,6413108
43763,6413108
43764,6413108
43765,6413108
43766,6413108
43767,6413108
43768,6413108
43769,6413108
43770,6413108
43771,6413108
43772,6413108
43773,6413108
43774,6413108
43775,6413108
43776,6413108
43777,6413108
43778,6413108
43779,6413108
43780,6413108
43781,6413108
43782,6413108
43783,6413108
43784,6413108
43785,6413108
43786,6413108
43787,6413108
43788,6413108
43789,6413108
43790,6413108
43791,6413108
43792,6413108
43793,6413108
43794,6413108
43795,6413108
43796,6413108
43797,6413108
43798,6413108
43799,6413108
43800,6413108
43801,6413108
43802,6413108
43803,6413108
43804,6413108
43805,6413108
43806,6413108
43807,6413108
43808,6413108
43809,6413108
43810,6413108
43811,6413108
43812,6413108
43813,6413108
43814,6413108
43815,6413108
43816,6413108
43817,6413108
43818,6413108
43819,6413108
43820,6413108
43821,6413108
43822,6413108
43823,6413108
43824,6413108
43825,6413108
43826,6413108
43827,6413108
43828,6413108
43829,6413108
43830,6413108
43831,6413108
43832,6413108
43833,6413108
43834,6413108
43835,6413108
43836,6413108
43837,6413108
43838,6413108
43839,6413108
43840,6413108
43841,6413108
43842,6413108
43843,6413108
43844,6413108
43845,6413108
43846,6413108
43847,6413108
43848,6413108
43849,6413108
43850,6413108
43851,6413108
43852,6413108
43853,6413108
43854,6413108
43855,6413108
43856,6413108
43857,6413108
43858,6413108
43859,6413108
43860,6413108
43861,6413108
43862,6413108
43863,6413108
43864,6413108
43865,6413108
43866,6413108
43867,6413108
43868,6413108
43869,6413108
43870,6413108
43871,6413108
43872,6413108
43873,6413108
43874,6413108
43875,6413108
43876,6413108
43877,6413108
43878,6413108
43879,6413108
43880,6413108
43881,6413108
43882,6413108
43883,6413108
43884,6413108
43885,6413108
43886,6413108
43887,6413108
43888,6413108
43889,6413108
43890,6413108
43891,6413108
43892,6413108
43893,6413108
43894,6413108
43895,6413108
43896,6413108
43897,6413108
43898,6413108
43899,6413108
43900,6413108
43901,6413108
43902,6413108
43903,6413108
43904,6413108
43905,6413108
43906,6413108
43907,6413108
43908,6413108
43909,6413108
43910,6413108
43911,6413108
43912,6413108
43913,6413108
43914,6413108
43915,6413108
43916,6413108
43917,6413108
43918,6413108
43919,6413108
43920,6413108
43921,6413108
43922,6413108
43923,6413108
43924,6413108
43925,6413108
43926,6413108
43927,6413108
43928,6413108
43929,6413108
43930,6413108
43931,6413108
43932,6413108
43933,6413108
43934,6413108
43935,6413108
43936,6413108
43937,6413108
43938,6413108
43939,6413108
43940,6413108
43941,6413108
43942,6413108
43943,6413108
43944,6413108
43945,6413108
43946,6413108
43947,6413108
43948,6413108
43949,6413108
43950,6413108
43951,6413108
43952,6413108
43953,6413108
43954,6413108
43955,6413108
43956,6413108
43957,6413108
43958,6413108
43959,6413108
43960,6413108
43961,6413108
43962,6413108
43963,6413108
43964,6413108
43965,6413108
43966,6413108
43967,6413108
43968,6413108
43969,6413108
43970,6413108
43971,6413108
43972,6413108
43973,6413108
43974,6413108
43975,6413108
43976,6413108
43977,6413108
43978,6413108
43979,6413108
43980,6413108
43981,6413108
43982,6413108
43983,6413108
43984,6413108
43985,6413108
43986,6413108
43987,6413108
43988,6413108
43989,6413108
43990,6413108
43991,6413108
43992,6413108
43993,6413108
43994,6413108
43995,6413108
43996,6413108
43997,6413108
43998,6413108
43999,6413108
44000,6413108
44001,6413108
44002,6413108
44003,6413108
44004,6413108
44005,6413108
44006,6413108
44007,6413108
44008,6413108
44009,6413108
44010,6413108
44011,6413108
44012,6413108
44013,6413108
44014,6413108
44015,6413108
44016,6413108
44017,6413108
44018,6413108
44019,6413108
44020,6413108
44021,6413108
44022,6413108
44023,6413108
44024,6413108
44025,6413108
44026,6413108
44027,6413108
44028,6413108
44029,6413108
44030,6413108
44031,6413108
44032,6413108
44033,6413108
44034,6413108
44035,6413108
44036,6413108
44037,6413108
44038,6413108
44039,6413108
44040,6413108
44041,6413108
44042,6413108
44043,6413108
44044,6413108
44045,6413108
44046,6413108
44047,6413108
44048,6413108
44049,6413108
44050,6413108
44051,6413108
44052,6413108
44053,6413108
44054,6413108
44055,6413108
44056,6413108
44057,6413108
44058,6413108
44059,6413108
44060,6413108
44061,6413108
44062,6413108
44063,6413108
44064,6413108
44065,6413108
44066,6413108
44067,6413108
44068,6413108
44069,6413108
44070,6413108
44071,6413108
44072,6413108
44073,6413108
44074,6413108
44075,6413108
44076,6413108
44077,6413108
44078,6413108
44079,6413108
44080,6413108
44081,6413108
44082,6413108
44083,6413108
44084,6413108
44085,6413108
44086,6413108
44087,6413108
44088,6413108
44089,6413108
44090,6413108
44091,6413108
44092,6413108
44093,6413108
44094,6413108
44095,6413108
44096,6413108
44097,6413108
44098,6413108
44099,6413108
44100,6413108
44101,6413108
44102,6413108
44103,6413108
44104,6413108
44105,6413108
44106,6413108
44107,6413108
44108,6413108
44109,6413108
44110,6413108
44111,6413108
44112,6413108
44113,6413108
44114,6413108
44115,6413108
44116,6413108
44117,6413108
44118,6413108
44119,6413108
44120,6413108
44121,6413108
44122,6413108
44123,6413108
44124,6413108
44125,6413108
44126,6413108
44127,6413108
44128,6413108
44129,6413108
44130,6413108
44131,6413108
44132,6413108
44133,6413108
44134,6413108
44135,6413108
44136,6413108
44137,6413108
44138,6413108
44139,6413108
44140,6413108
44141,6413108
44142,6413108
44143,6413108
44144,6413108
44145,6413108
44146,6413108
44147,6413108
44148,6413108
44149,6413108
44150,6413108
44151,6413108
44152,6413108
44153,6413108
44154,6413108
44155,6413108
44156,6413108
44157,6413108
44158,6413108
44159,6413108
44160,6413108
44161,6413108
44162,6413108
44163,6413108
44164,6413108
44165,6413108
44166,6413108
44167,6413108
44168,6413108
44169,6413108
44170,6413108
44171,6413108
44172,6413108
44173,6413108
44174,6413108
44175,6413108
44176,6413108
44177,6413108
44178,6413108
44179,6413108
44180,6413108
44181,6413108
44182,6413108
44183,6413108
44184,6413108
44185,6413108
44186,6413108
44187,6413108
44188,6413108
44189,6413108
44190,6413108
44191,6413108
44192,6413108
44193,6413108
44194,6413108
44195,6413108
44196,6413108
44197,6413108
44198,6413108
44199,6413108
44200,6413108
44201,6413108
44202,6413108
44203,6413108
44204,6413108
44205,6413108
44206,6413108
44207,6413108
44208,6413108
44209,6413108
44210,6413108
44211,6413108
44212,6413108
44213,6413108
44214,6413108
44215,6413108
44216,6413108
44217,6413108
44218,6413108
44219,6413108
44220,6413108
44221,6413108
44222,6413108
44223,6413108
44224,6413108
44225,6413108
44226,6413108
44227,6413108
44228,6413108
44229,6413108
44230,6413108
44231,6413108
44232,6413108
44233,6413108
44234,6413108
44235,6413108
44236,6413108
44237,6413108
44238,6413108
44239,6413108
44240,6413108
44241,6413108
44242,6413108
44243,6413108
44244,6413108
44245,6413108
44246,6413108
44247,6413108
44248,6413108
44249,6413108
44250,6413108
44251,6413108
44252,6413108
44253,6413108
44254,6413108
44255,6413108
44256,6413108
44257,6413108
44258,6413108
44259,6413108
44260,6413108
44261,6413108
44262,6413108
44263,6413108
44264,6413108
44265,6413108
44266,6413108
44267,6413108
44268,6413108
44269,6413108
44270,6413108
44271,6413108
44272,6413108
44273,6413108
44274,6413108
44275,6413108
44276,6413108
44277,6413108
44278,6413108
44279,6413108
44280,6413108
44281,6413108
44282,6413108
44283,6413108
44284,6413108
44285,6413108
44286,6413108
44287,6413108
44288,6413108
44289,6413108
44290,6413108
44291,6413108
44292,6413108
44293,6413108
44294,6413108
44295,6413108
44296,6413108
44297,6413108
44298,6413108
44299,6413108
44300,6413108
44301,6413108
44302,6413108
44303,6413108
44304,6413108
44305,6413108
44306,6413108
44307,6413108
44308,6413108
44309,6413108
44310,6413108
44311,6413108
44312,6413108
44313,6413108
44314,6413108
44315,6413108
44316,6413108
44317,6413108
44318,6413108
44319,6413108
44320,6413108
44321,6413108
44322,6413108
44323,6413108
44324,6413108
44325,6413108
44326,6413108
44327,6413108
44328,6413108
44329,6413108
44330,6413108
44331,6413108
44332,6413108
44333,6413108
44334,6413108
44335,6413108
44336,6413108
44337,6413108
44338,6413108
44339,6413108
44340,6413108
44341,6413108
44342,6413108
44343,6413108
44344,6413108
44345,6413108
44346,6413108
44347,6413108
44348,6413108
44349,6413108
44350,6413108
44351,6413108
44352,6413108
44353,6413108
44354,6413108
44355,6413108
44356,6413108
44357,6413108
44358,6413108
44359,6413108
44360,6413108
44361,6413108
44362,6413108
44363,6413108
44364,6413108
44365,6413108
44366,6413108
44367,6413108
44368,6413108
44369,6413108
44370,6413108
44371,6413108
44372,6413108
44373,6413108
44374,6413108
44375,6413108
44376,6413108
44377,6413108
44378,6413108
44379,6413108
44380,6413108
44381,6413108
44382,6413108
44383,6413108
44384,6413108
44385,6413108
44386,6413108
44387,6413108
44388,6413108
44389,6413108
44390,6413108
44391,6413108
44392,6413108
44393,6413108
44394,6413108
44395,6413108
44396,6413108
44397,6413108
44398,6413108
44399,6413108
44400,6413108
44401,6413108
44402,6413108
44403,6413108
44404,6413108
44405,6413108
44406,6413108
44407,6413108
44408,6413108
44409,6413108
44410,6413108
44411,6413108
44412,6413108
44413,6413108
44414,6413108
44415,6413108
44416,6413108
44417,6413108
44418,6413108
44419,6413108
44420,6413108
44421,6413108
44422,6413108
44423,6413108
44424,6413108
44425,6413108
44426,6413108
44427,6413108
44428,6413108
44429,6413108
44430,6413108
44431,6413108
44432,6413108
44433,6413108
44434,6413108
44435,6413108
44436,6413108
44437,6413108
44438,6413108
44439,6413108
44440,6413108
44441,6413108
44442,6413108
44443,6413108
44444,6413108
44445,6413108
44446,6413108
44447,6413108
44448,6413108
44449,6413108
44450,6413108
44451,6413108
44452,6413108
44453,6413108
44454,6413108
44455,6413108
44456,6413108
44457,6413108
44458,6413108
44459,6413108
44460,6413108
44461,6413108
44462,6413108
44463,6413108
44464,6413108
44465,6413108
44466,6413108
44467,6413108
44468,6413108
44469,6413108
44470,6413108
44471,6413108
44472,6413108
44473,6413108
44474,6413108
44475,6413108
44476,6413108
44477,6413108
44478,6413108
44479,6413108
44480,6413108
44481,6413108
44482,6413108
44483,6413108
44484,6413108
44485,6413108
44486,6413108
44487,6413108
44488,6413108
44489,6413108
44490,6413108
44491,6413108
44492,6413108
44493,6413108
44494,6413108
44495,6413108
44496,6413108
44497,6413108
44498,6413108
44499,6413108
44500,6413108
44501,6413108
44502,6413108
44503,6413108
44504,6413108
44505,6413108
44506,6413108
44507,6413108
44508,6413108
44509,6413108
44510,6413108
44511,6413108
44512,6413108
44513,6413108
44514,6413108
44515,6413108
44516,6413108
44517,6413108
44518,6413108
44519,6413108
44520,6413108
44521,6413108
44522,6413108
44523,6413108
44524,6413108
44525,6413108
44526,6413108
44527,6413108
44528,6413108
44529,6413108
44530,6413108
44531,6413108
44532,6413108
44533,6413108
44534,6413108
44535,6413108
44536,6413108
44537,6413108
44538,6413108
44539,6413108
44540,6413108
44541,6413108
44542,6413108
44543,6413108
44544,6413108
44545,6413108
44546,6413108
44547,6413108
44548,6413108
44549,6413108
44550,6413108
44551,6413108
44552,6413108
44553,6413108
44554,6413108
44555,6413108
44556,6413108
44557,6413108
44558,6413108
44559,6413108
44560,6413108
44561,6413108
44562,6413108
44563,6413108
44564,6413108
44565,6413108
44566,6413108
44567,6413108
44568,6413108
44569,6413108
44570,6413108
44571,6413108
44572,6413108
44573,6413108
44574,6413108
44575,6413108
44576,6413108
44577,6413108
44578,6413108
44579,6413108
44580,6413108
44581,6413108
44582,6413108
44583,6413108
44584,6413108
44585,6413108
44586,6413108
44587,6413108
44588,6413108
44589,6413108
44590,6413108
44591,6413108
44592,6413108
44593,6413108
44594,6413108
44595,6413108
44596,6413108
44597,6413108
44598,6413108
44599,6413108
44600,6413108
44601,6413108
44602,6413108
44603,6413108
44604,6413108
44605,6413108
44606,6413108
44607,6413108
44608,6413108
44609,6413108
44610,6413108
44611,6413108
44612,6413108
44613,6413108
44614,6413108
44615,6413108
44616,6413108
44617,6413108
44618,6413108
44619,6413108
44620,6413108
44621,6413108
44622,6413108
44623,6413108
44624,6413108
44625,6413108
44626,6413108
44627,6413108
44628,6413108
44629,6413108
44630,6413108
44631,6413108
44632,6413108
44633,6413108
44634,6413108
44635,6413108
44636,6413108
44637,6413108
44638,6413108
44639,6413108
44640,6413108
44641,6413108
44642,6413108
44643,6413108
44644,6413108
44645,6413108
44646,6413108
44647,6413108
44648,6413108
44649,6413108
44650,6413108
44651,6413108
44652,6413108
44653,6413108
44654,6413108
44655,6413108
44656,6413108
44657,6413108
44658,6413108
44659,6413108
44660,6413108
44661,6413108
44662,6413108
44663,6413108
44664,6413108
44665,6413108
44666,6413108
44667,6413108
44668,6413108
44669,6413108
44670,6413108
44671,6413108
44672,6413108
44673,6413108
44674,6413108
44675,6413108
44676,6413108
44677,6413108
44678,6413108
44679,6413108
44680,6413108
44681,6413108
44682,6413108
44683,6413108
44684,6413108
44685,6413108
44686,6413108
44687,6413108
44688,6413108
44689,6413108
44690,6413108
44691,6413108
44692,6413108
44693,6413108
44694,6413108
44695,6413108
44696,6413108
44697,6413108
44698,6413108
44699,6413108
44700,6413108
44701,6413108
44702,6413108
44703,6413108
44704,6413108
44705,6413108
44706,6413108
44707,6413108
44708,6413108
44709,6413108
44710,6413108
44711,6413108
44712,6413108
44713,6413108
44714,6413108
44715,6413108
44716,6413108
44717,6413108
44718,6413108
44719,6413108
44720,6413108
44721,6413108
44722,6413108
44723,6413108
44724,6413108
44725,6413108
44726,6413108
44727,6413108
44728,6413108
44729,6413108
44730,6413108
44731,6413108
44732,6413108
44733,6413108
44734,6413108
44735,6413108
44736,6413108
44737,6413108
44738,6413108
44739,6413108
44740,6413108
44741,6413108
44742,6413108
44743,6413108
44744,6413108
44745,6413108
44746,6413108
44747,6413108
44748,6413108
44749,6413108
44750,6413108
44751,6413108
44752,6413108
44753,6413108
44754,6413108
44755,6413108
44756,6413108
44757,6413108
44758,6413108
44759,6413108
44760,6413108
44761,6413108
44762,6413108
44763,6413108
44764,6413108
44765,6413108
44766,6413108
44767,6413108
44768,6413108
44769,6413108
44770,6413108
44771,6413108
44772,6413108
44773,6413108
44774,6413108
44775,6413108
44776,6413108
44777,6413108
44778,6413108
44779,6413108
44780,6413108
44781,6413108
44782,6413108
44783,6413108
44784,6413108
44785,6413108
44786,6413108
44787,6413108
44788,6413108
44789,6413108
44790,6413108
44791,6413108
44792,6413108
44793,6413108
44794,6413108
44795,6413108
44796,6413108
44797,6413108
44798,6413108
44799,6413108
44800,6413108
44801,6413108
44802,6413108
44803,6413108
44804,6413108
44805,6413108
44806,6413108
44807,6413108
44808,6413108
44809,6413108
44810,6413108
44811,6413108
44812,6413108
44813,6413108
44814,6413108
44815,6413108
44816,6413108
44817,6413108
44818,6413108
44819,6413108
44820,6413108
44821,6413108
44822,6413108
44823,6413108
44824,6413108
44825,6413108
44826,6413108
44827,6413108
44828,6413108
44829,6413108
44830,6413108
44831,6413108
44832,6413108
44833,6413108
44834,6413108
44835,6413108
44836,6413108
44837,6413108
44838,6413108
44839,6413108
44840,6413108
44841,6413108
44842,6413108
44843,6413108
44844,6413108
44845,6413108
44846,6413108
44847,6413108
44848,6413108
44849,6413108
44850,6413108
44851,6413108
44852,6413108
44853,6413108
44854,6413108
44855,6413108
44856,6413108
44857,6413108
44858,6413108
44859,6413108
44860,6413108
44861,6413108
44862,6413108
44863,6413108
44864,6413108
44865,6413108
44866,6413108
44867,6413108
44868,6413108
44869,6413108
44870,6413108
44871,6413108
44872,6413108
44873,6413108
44874,6413108
44875,6413108
44876,6413108
44877,6413108
44878,6413108
44879,6413108
44880,6413108
44881,6413108
44882,6413108
44883,6413108
44884,6413108
44885,6413108
44886,6413108
44887,6413108
44888,6413108
44889,6413108
44890,6413108
44891,6413108
44892,6413108
44893,6413108
44894,6413108
44895,6413108
44896,6413108
44897,6413108
44898,6413108
44899,6413108
44900,6413108
44901,6413108
44902,6413108
44903,6413108
44904,6413108
44905,6413108
44906,6413108
44907,6413108
44908,6413108
44909,6413108
44910,6413108
44911,6413108
44912,6413108
44913,6413108
44914,6413108
44915,6413108
44916,6413108
44917,6413108
44918,6413108
44919,6413108
44920,6413108
44921,6413108
44922,6413108
44923,6413108
44924,6413108
44925,6413108
44926,6413108
44927,6413108
44928,6413108
44929,6413108
44930,6413108
44931,6413108
44932,6413108
44933,6413108
44934,6413108
44935,6413108
44936,6413108
44937,6413108
44938,6413108
44939,6413108
44940,6413108
44941,6413108
44942,6413108
44943,6413108
44944,6413108
44945,6413108
44946,6413108
44947,6413108
44948,6413108
44949,6413108
44950,6413108
44951,6413108
44952,6413108
44953,6413108
44954,6413108
44955,6413108
44956,6413108
44957,6413108
44958,6413108
44959,6413108
44960,6413108
44961,6413108
44962,6413108
44963,6413108
44964,6413108
44965,6413108
44966,6413108
44967,6413108
44968,6413108
44969,6413108
44970,6413108
44971,6413108
44972,6413108
44973,6413108
44974,6413108
44975,6413108
44976,6413108
44977,6413108
44978,6413108
44979,6413108
44980,6413108
44981,6413108
44982,6413108
44983,6413108
44984,6413108
44985,6413108
44986,6413108
44987,6413108
44988,6413108
44989,6413108
44990,6413108
44991,6413108
44992,6413108
44993,6413108
44994,6413108
44995,6413108
44996,6413108
44997,6413108
44998,6413108
44999,6413108
45000,6413108
45001,6413108
45002,6413108
45003,6413108
45004,6413108
45005,6413108
45006,6413108
45007,6413108
45008,6413108
45009,6413108
45010,6413108
45011,6413108
45012,6413108
45013,6413108
45014,6413108
45015,6413108
45016,6413108
45017,6413108
45018,6413108
45019,6413108
45020,6413108
45021,6413108
45022,6413108
45023,6413108
45024,6413108
45025,6413108
45026,6413108
45027,6413108
45028,6413108
45029,6413108
45030,6413108
45031,6413108
45032,6413108
45033,6413108
45034,6413108
45035,6413108
45036,6413108
45037,6413108
45038,6413108
45039,6413108
45040,6413108
45041,6413108
45042,6413108
45043,6413108
45044,6413108
45045,6413108
45046,6413108
45047,6413108
45048,6413108
45049,6413108
45050,6413108
45051,6413108
45052,6413108
45053,6413108
45054,6413108
45055,6413108
45056,6413108
45057,6413108
45058,6413108
45059,6413108
45060,6413108
45061,6413108
45062,6413108
45063,6413108
45064,6413108
45065,6413108
45066,6413108
45067,6413108
45068,6413108
45069,6413108
45070,6413108
45071,6413108
45072,6413108
45073,6413108
45074,6413108
45075,6413108
45076,6413108
45077,6413108
45078,6413108
45079,6413108
45080,6413108
45081,6413108
45082,6413108
45083,6413108
45084,6413108
45085,6413108
45086,6413108
45087,6413108
45088,6413108
45089,6413108
45090,6413108
45091,6413108
45092,6413108
45093,6413108
45094,6413108
45095,6413108
45096,6413108
45097,6413108
45098,6413108
45099,6413108
45100,6413108
45101,6413108
45102,6413108
45103,6413108
45104,6413108
45105,6413108
45106,6413108
45107,6413108
45108,6413108
45109,6413108
45110,6413108
45111,6413108
45112,6413108
45113,6413108
45114,6413108
45115,6413108
45116,6413108
45117,6413108
45118,6413108
45119,6413108
45120,6413108
45121,6413108
45122,6413108
45123,6413108
45124,6413108
45125,6413108
45126,6413108
45127,6413108
45128,6413108
45129,6413108
45130,6413108
45131,6413108
45132,6413108
45133,6413108
45134,6413108
45135,6413108
45136,6413108
45137,6413108
45138,6413108
45139,6413108
45140,6413108
45141,6413108
45142,6413108
45143,6413108
45144,6413108
45145,6413108
45146,6413108
45147,6413108
45148,6413108
45149,6413108
45150,6413108
45151,6413108
45152,6413108
45153,6413108
45154,6413108
45155,6413108
45156,6413108
45157,6413108
45158,6413108
45159,6413108
45160,6413108
45161,6413108
45162,6413108
45163,6413108
45164,6413108
45165,6413108
45166,6413108
45167,6413108
45168,6413108
45169,6413108
45170,6413108
45171,6413108
45172,6413108
45173,6413108
45174,6413108
45175,6413108
45176,6413108
45177,6413108
45178,6413108
45179,6413108
45180,6413108
45181,6413108
45182,6413108
45183,6413108
45184,6413108
45185,6413108
45186,6413108
45187,6413108
45188,6413108
45189,6413108
45190,6413108
45191,6413108
45192,6413108
45193,6413108
45194,6413108
45195,6413108
45196,6413108
45197,6413108
45198,6413108
45199,6413108
45200,6413108
45201,6413108
45202,6413108
45203,6413108
45204,6413108
45205,6413108
45206,6413108
45207,6413108
45208,6413108
45209,6413108
45210,6413108
45211,6413108
45212,6413108
45213,6413108
45214,6413108
45215,6413108
45216,6413108
45217,6413108
45218,6413108
45219,6413108
45220,6413108
45221,6413108
45222,6413108
45223,6413108
45224,6413108
45225,6413108
45226,6413108
45227,6413108
45228,6413108
45229,6413108
45230,6413108
45231,6413108
45232,6413108
45233,6413108
45234,6413108
45235,6413108
45236,6413108
45237,6413108
45238,6413108
45239,6413108
45240,6413108
45241,6413108
45242,6413108
45243,6413108
45244,6413108
45245,6413108
45246,6413108
45247,6413108
45248,6413108
45249,6413108
45250,6413108
45251,6413108
45252,6413108
45253,6413108
45254,6413108
45255,6413108
45256,6413108
45257,6413108
45258,6413108
45259,6413108
45260,6413108
45261,6413108
45262,6413108
45263,6413108
45264,6413108
45265,6413108
45266,6413108
45267,6413108
45268,6413108
45269,6413108
45270,6413108
45271,6413108
45272,6413108
45273,6413108
45274,6413108
45275,6413108
45276,6413108
45277,6413108
45278,6413108
45279,6413108
45280,6413108
45281,6413108
45282,6413108
45283,6413108
45284,6413108
45285,6413108
45286,6413108
45287,6413108
45288,6413108
45289,6413108
45290,6413108
45291,6413108
45292,6413108
45293,6413108
45294,6413108
45295,6413108
45296,6413108
45297,6413108
45298,6413108
45299,6413108
45300,6413108
45301,6413108
45302,6413108
45303,6413108
45304,6413108
45305,6413108
45306,6413108
45307,6413108
45308,6413108
45309,6413108
45310,6413108
45311,6413108
45312,6413108
45313,6413108
45314,6413108
45315,6413108
45316,6413108
45317,6413108
45318,6413108
45319,6413108
45320,6413108
45321,6413108
45322,6413108
45323,6413108
45324,6413108
45325,6413108
45326,6413108
45327,6413108
45328,6413108
45329,6413108
45330,6413108
45331,6413108
45332,6413108
45333,6413108
45334,6413108
45335,6413108
45336,6413108
45337,6413108
45338,6413108
45339,6413108
45340,6413108
45341,6413108
45342,6413108
45343,6413108
45344,6413108
45345,6413108
45346,6413108
45347,6413108
45348,6413108
45349,6413108
45350,6413108
45351,6413108
45352,6413108
45353,6413108
45354,6413108
45355,6413108
45356,6413108
45357,6413108
45358,6413108
45359,6413108
45360,6413108
45361,6413108
45362,6413108
45363,6413108
45364,6413108
45365,6413108
45366,6413108
45367,6413108
45368,6413108
45369,6413108
45370,6413108
45371,6413108
45372,6413108
45373,6413108
45374,6413108
45375,6413108
45376,6413108
45377,6413108
45378,6413108
45379,6413108
45380,6413108
45381,6413108
45382,6413108
45383,6413108
45384,6413108
45385,6413108
45386,6413108
45387,6413108
45388,6413108
45389,6413108
45390,6413108
45391,6413108
45392,6413108
45393,6413108
45394,6413108
45395,6413108
45396,6413108
45397,6413108
45398,6413108
45399,6413108
45400,6413108
45401,6413108
45402,6413108
45403,6413108
45404,6413108
45405,6413108
45406,6413108
45407,6413108
45408,6413108
45409,6413108
45410,6413108
45411,6413108
45412,6413108
45413,6413108
45414,6413108
45415,6413108
45416,6413108
45417,6413108
45418,6413108
45419,6413108
45420,6413108
45421,6413108
45422,6413108
45423,6413108
45424,6413108
45425,6413108
45426,6413108
45427,6413108
45428,6413108
45429,6413108
45430,6413108
45431,6413108
45432,6413108
45433,6413108
45434,6413108
45435,6413108
45436,6413108
45437,6413108
45438,6413108
45439,6413108
45440,6413108
45441,6413108
45442,6413108
45443,6413108
45444,6413108
45445,6413108
45446,6413108
45447,6413108
45448,6413108
45449,6413108
45450,6413108
45451,6413108
45452,6413108
45453,6413108
45454,6413108
45455,6413108
45456,6413108
45457,6413108
45458,6413108
45459,6413108
45460,6413108
45461,6413108
45462,6413108
45463,6413108
45464,6413108
45465,6413108
45466,6413108
45467,6413108
45468,6413108
45469,6413108
45470,6413108
45471,6413108
45472,6413108
45473,6413108
45474,6413108
45475,6413108
45476,6413108
45477,6413108
45478,6413108
45479,6413108
45480,6413108
45481,6413108
45482,6413108
45483,6413108
45484,6413108
45485,6413108
45486,6413108
45487,6413108
45488,6413108
45489,6413108
45490,6413108
45491,6413108
45492,6413108
45493,6413108
45494,6413108
45495,6413108
45496,6413108
45497,6413108
45498,6413108
45499,6413108
45500,6413108
45501,6413108
45502,6413108
45503,6413108
45504,6413108
45505,6413108
45506,6413108
45507,6413108
45508,6413108
45509,6413108
45510,6413108
45511,6413108
45512,6413108
45513,6413108
45514,6413108
45515,6413108
45516,6413108
45517,6413108
45518,6413108
45519,6413108
45520,6413108
45521,6413108
45522,6413108
45523,6413108
45524,6413108
45525,6413108
45526,6413108
45527,6413108
45528,6413108
45529,6413108
45530,6413108
45531,6413108
45532,6413108
45533,6413108
45534,6413108
45535,6413108
45536,6413108
45537,6413108
45538,6413108
45539,6413108
45540,6413108
45541,6413108
45542,6413108
45543,6413108
45544,6413108
45545,6413108
45546,6413108
45547,6413108
45548,6413108
45549,6413108
45550,6413108
45551,6413108
45552,6413108
45553,6413108
45554,6413108
45555,6413108
45556,6413108
45557,6413108
45558,6413108
45559,6413108
45560,6413108
45561,6413108
45562,6413108
45563,6413108
45564,6413108
45565,6413108
45566,6413108
45567,6413108
45568,6413108
45569,6413108
45570,6413108
45571,6413108
45572,6413108
45573,6413108
45574,6413108
45575,6413108
45576,6413108
45577,6413108
45578,6413108
45579,6413108
45580,6413108
45581,6413108
45582,6413108
45583,6413108
45584,6413108
45585,6413108
45586,6413108
45587,6413108
45588,6413108
45589,6413108
45590,6413108
45591,6413108
45592,6413108
45593,6413108
45594,6413108
45595,6413108
45596,6413108
45597,6413108
45598,6413108
45599,6413108
45600,6413108
45601,6413108
45602,6413108
45603,6413108
45604,6413108
45605,6413108
45606,6413108
45607,6413108
45608,6413108
45609,6413108
45610,6413108
45611,6413108
45612,6413108
45613,6413108
45614,6413108
45615,6413108
45616,6413108
45617,6413108
45618,6413108
45619,6413108
45620,6413108
45621,6413108
45622,6413108
45623,6413108
45624,6413108
45625,6413108
45626,6413108
45627,6413108
45628,6413108
45629,6413108
45630,6413108
45631,6413108
45632,6413108
45633,6413108
45634,6413108
45635,6413108
45636,6413108
45637,6413108
45638,6413108
45639,6413108
45640,6413108
45641,6413108
45642,6413108
45643,6413108
45644,6413108
45645,6413108
45646,6413108
45647,6413108
45648,6413108
45649,6413108
45650,6413108
45651,6413108
45652,6413108
45653,6413108
45654,6413108
45655,6413108
45656,6413108
45657,6413108
45658,6413108
45659,6413108
45660,6413108
45661,6413108
45662,6413108
45663,6413108
45664,6413108
45665,6413108
45666,6413108
45667,6413108
45668,6413108
45669,6413108
45670,6413108
45671,6413108
45672,6413108
45673,6413108
45674,6413108
45675,6413108
45676,6413108
45677,6413108
45678,6413108
45679,6413108
45680,6413108
45681,6413108
45682,6413108
45683,6413108
45684,6413108
45685,6413108
45686,6413108
45687,6413108
45688,6413108
45689,6413108
45690,6413108
45691,6413108
45692,6413108
45693,6413108
45694,6413108
45695,6413108
45696,6413108
45697,6413108
45698,6413108
45699,6413108
45700,6413108
45701,6413108
45702,6413108
45703,6413108
45704,6413108
45705,6413108
45706,6413108
45707,6413108
45708,6413108
45709,6413108
45710,6413108
45711,6413108
45712,6413108
45713,6413108
45714,6413108
45715,6413108
45716,6413108
45717,6413108
45718,6413108
45719,6413108
45720,6413108
45721,6413108
45722,6413108
45723,6413108
45724,6413108
45725,6413108
45726,6413108
45727,6413108
45728,6413108
45729,6413108
45730,6413108
45731,6413108
45732,6413108
45733,6413108
45734,6413108
45735,6413108
45736,6413108
45737,6413108
45738,6413108
45739,6413108
45740,6413108
45741,6413108
45742,6413108
45743,6413108
45744,6413108
45745,6413108
45746,6413108
45747,6413108
45748,6413108
45749,6413108
45750,6413108
45751,6413108
45752,6413108
45753,6413108
45754,6413108
45755,6413108
45756,6413108
45757,6413108
45758,6413108
45759,6413108
45760,6413108
45761,6413108
45762,6413108
45763,6413108
45764,6413108
45765,6413108
45766,6413108
45767,6413108
45768,6413108
45769,6413108
45770,6413108
45771,6413108
45772,6413108
45773,6413108
45774,6413108
45775,6413108
45776,6413108
45777,6413108
45778,6413108
45779,6413108
45780,6413108
45781,6413108
45782,6413108
45783,6413108
45784,6413108
45785,6413108
45786,6413108
45787,6413108
45788,6413108
45789,6413108
45790,6413108
45791,6413108
45792,6413108
45793,6413108
45794,6413108
45795,6413108
45796,6413108
45797,6413108
45798,6413108
45799,6413108
45800,6413108
45801,6413108
45802,6413108
45803,6413108
45804,6413108
45805,6413108
45806,6413108
45807,6413108
45808,6413108
45809,6413108
45810,6413108
45811,6413108
45812,6413108
45813,6413108
45814,6413108
45815,6413108
45816,6413108
45817,6413108
45818,6413108
45819,6413108
45820,6413108
45821,6413108
45822,6413108
45823,6413108
45824,6413108
45825,6413108
45826,6413108
45827,6413108
45828,6413108
45829,6413108
45830,6413108
45831,6413108
45832,6413108
45833,6413108
45834,6413108
45835,6413108
45836,6413108
45837,6413108
45838,6413108
45839,6413108
45840,6413108
45841,6413108
45842,6413108
45843,6413108
45844,6413108
45845,6413108
45846,6413108
45847,6413108
45848,6413108
45849,6413108
45850,6413108
45851,6413108
45852,6413108
45853,6413108
45854,6413108
45855,6413108
45856,6413108
45857,6413108
45858,6413108
45859,6413108
45860,6413108
45861,6413108
45862,6413108
45863,6413108
45864,6413108
45865,6413108
45866,6413108
45867,6413108
45868,6413108
45869,6413108
45870,6413108
45871,6413108
45872,6413108
45873,6413108
45874,6413108
45875,6413108
45876,6413108
45877,6413108
45878,6413108
45879,6413108
45880,6413108
45881,6413108
45882,6413108
45883,6413108
45884,6413108
45885,6413108
45886,6413108
45887,6413108
45888,6413108
45889,6413108
45890,6413108
45891,6413108
45892,6413108
45893,6413108
45894,6413108
45895,6413108
45896,6413108
45897,6413108
45898,6413108
45899,6413108
45900,6413108
45901,6413108
45902,6413108
45903,6413108
45904,6413108
45905,6413108
45906,6413108
45907,6413108
45908,6413108
45909,6413108
45910,6413108
45911,6413108
45912,6413108
45913,6413108
45914,6413108
45915,6413108
45916,6413108
45917,6413108
45918,6413108
45919,6413108
45920,6413108
45921,6413108
45922,6413108
45923,6413108
45924,6413108
45925,6413108
45926,6413108
45927,6413108
45928,6413108
45929,6413108
45930,6413108
45931,6413108
45932,6413108
45933,6413108
45934,6413108
45935,6413108
45936,6413108
45937,6413108
45938,6413108
45939,6413108
45940,6413108
45941,6413108
45942,6413108
45943,6413108
45944,6413108
45945,6413108
45946,6413108
45947,6413108
45948,6413108
45949,6413108
45950,6413108
45951,6413108
45952,6413108
45953,6413108
45954,6413108
45955,6413108
45956,6413108
45957,6413108
45958,6413108
45959,6413108
45960,6413108
45961,6413108
45962,6413108
45963,6413108
45964,6413108
45965,6413108
45966,6413108
45967,6413108
45968,6413108
45969,6413108
45970,6413108
45971,6413108
45972,6413108
45973,6413108
45974,6413108
45975,6413108
45976,6413108
45977,6413108
45978,6413108
45979,6413108
45980,6413108
45981,6413108
45982,6413108
45983,6413108
45984,6413108
45985,6413108
45986,6413108
45987,6413108
45988,6413108
45989,6413108
45990,6413108
45991,6413108
45992,6413108
45993,6413108
45994,6413108
45995,6413108
45996,6413108
45997,6413108
45998,6413108
45999,6413108
46000,6413108
46001,6413108
46002,6413108
46003,6413108
46004,6413108
46005,6413108
46006,6413108
46007,6413108
46008,6413108
46009,6413108
46010,6413108
46011,6413108
46012,6413108
46013,6413108
46014,6413108
46015,6413108
46016,6413108
46017,6413108
46018,6413108
46019,6413108
46020,6413108
46021,6413108
46022,6413108
46023,6413108
46024,6413108
46025,6413108
46026,6413108
46027,6413108
46028,6413108
46029,6413108
46030,6413108
46031,6413108
46032,6413108
46033,6413108
46034,6413108
46035,6413108
46036,6413108
46037,6413108
46038,6413108
46039,6413108
46040,6413108
46041,6413108
46042,6413108
46043,6413108
46044,6413108
46045,6413108
46046,6413108
46047,6413108
46048,6413108
46049,6413108
46050,6413108
46051,6413108
46052,6413108
46053,6413108
46054,6413108
46055,6413108
46056,6413108
46057,6413108
46058,6413108
46059,6413108
46060,6413108
46061,6413108
46062,6413108
46063,6413108
46064,6413108
46065,6413108
46066,6413108
46067,6413108
46068,6413108
46069,6413108
46070,6413108
46071,6413108
46072,6413108
46073,6413108
46074,6413108
46075,6413108
46076,6413108
46077,6413108
46078,6413108
46079,6413108
46080,6413108
46081,6413108
46082,6413108
46083,6413108
46084,6413108
46085,6413108
46086,6413108
46087,6413108
46088,6413108
46089,6413108
46090,6413108
46091,6413108
46092,6413108
46093,6413108
46094,6413108
46095,6413108
46096,6413108
46097,6413108
46098,6413108
46099,6413108
46100,6413108
46101,6413108
46102,6413108
46103,6413108
46104,6413108
46105,6413108
46106,6413108
46107,6413108
46108,6413108
46109,6413108
46110,6413108
46111,6413108
46112,6413108
46113,6413108
46114,6413108
46115,6413108
46116,6413108
46117,6413108
46118,6413108
46119,6413108
46120,6413108
46121,6413108
46122,6413108
46123,6413108
46124,6413108
46125,6413108
46126,6413108
46127,6413108
46128,6413108
46129,6413108
46130,6413108
46131,6413108
46132,6413108
46133,6413108
46134,6413108
46135,6413108
46136,6413108
46137,6413108
46138,6413108
46139,6413108
46140,6413108
46141,6413108
46142,6413108
46143,6413108
46144,6413108
46145,6413108
46146,6413108
46147,6413108
46148,6413108
46149,6413108
46150,6413108
46151,6413108
46152,6413108
46153,6413108
46154,6413108
46155,6413108
46156,6413108
46157,6413108
46158,6413108
46159,6413108
46160,6413108
46161,6413108
46162,6413108
46163,6413108
46164,6413108
46165,6413108
46166,6413108
46167,6413108
46167,6413110
46168,6413110
46169,6413110
46170,6413110
46171,6413110
46172,6413110
46173,6413110
46174,6413110
46175,6413110
46176,6413110
46177,6413110
46178,6413110
46179,6413110
46180,6413110
46181,6413110
46182,6413110
46183,6413110
46184,6413110
46185,6413110
46186,6413110
46187,6413110
46188,6413110
46189,6413110
46190,6413110
46191,6413110
46192,6413110
46193,6413110
46194,6413110
